Jahr,Bundesland,Hochschulart,Faechergruppe,Wert_EUR
2022-01-01T00:00:00.000Z,Sachsen,Universitäten (ohne Medizinische Einrichtungen),"Mathematik, Naturwissenschaften",2.64197E8
2020-01-01T00:00:00.000Z,Saarland,Pädagogische Hochschulen,"Agrar-, Forst- u.Ernährungswiss., Veterinärmedizin",
2021-01-01T00:00:00.000Z,Bayern,Kunsthochschulen,"Agrar-, Forst- u.Ernährungswiss., Veterinärmedizin",
2022-01-01T00:00:00.000Z,Rheinland-Pfalz,Pädagogische Hochschulen,"Rechts-, Wirtschafts- und Sozialwissenschaften",
2020-01-01T00:00:00.000Z,Baden-Württemberg,Fachhochschulen,Sport,
2022-01-01T00:00:00.000Z,Berlin,Universitäten (ohne Medizinische Einrichtungen),Humanmedizin/Gesundheitswissenschaften,
2021-01-01T00:00:00.000Z,Niedersachsen,Fachhochschulen,Geisteswissenschaften,7912000.0
2019-01-01T00:00:00.000Z,Schleswig-Holstein,Pädagogische Hochschulen,Ingenieurwissenschaften,
2019-01-01T00:00:00.000Z,Mecklenburg-Vorpommern,Kunsthochschulen,"Mathematik, Naturwissenschaften",
2022-01-01T00:00:00.000Z,Bremen,Kunsthochschulen,Geisteswissenschaften,
2020-01-01T00:00:00.000Z,Sachsen,Verwaltungsfachhochschulen,Ingenieurwissenschaften,
2019-01-01T00:00:00.000Z,Thüringen,Verwaltungsfachhochschulen,Humanmedizin/Gesundheitswissenschaften,
2020-01-01T00:00:00.000Z,Bremen,Universitäten (ohne Medizinische Einrichtungen),"Kunst, Kunstwissenschaft",4709000.0
2022-01-01T00:00:00.000Z,Bayern,Medizinische Einrichtungen der Universitäten,"Rechts-, Wirtschafts- und Sozialwissenschaften",
2020-01-01T00:00:00.000Z,Schleswig-Holstein,Fachhochschulen,Humanmedizin/Gesundheitswissenschaften,
2020-01-01T00:00:00.000Z,Nordrhein-Westfalen,Kunsthochschulen,"Mathematik, Naturwissenschaften",
2019-01-01T00:00:00.000Z,Rheinland-Pfalz,Medizinische Einrichtungen der Universitäten,Humanmedizin/Gesundheitswissenschaften,8.81489E8
2021-01-01T00:00:00.000Z,Mecklenburg-Vorpommern,Kunsthochschulen,"Rechts-, Wirtschafts- und Sozialwissenschaften",
2021-01-01T00:00:00.000Z,Rheinland-Pfalz,Universitäten (ohne Medizinische Einrichtungen),"Rechts-, Wirtschafts- und Sozialwissenschaften",1.55303E8
2021-01-01T00:00:00.000Z,Bremen,Fachhochschulen,Ingenieurwissenschaften,2.6352E7
2021-01-01T00:00:00.000Z,Niedersachsen,Theologische Hochschulen,Ingenieurwissenschaften,
2021-01-01T00:00:00.000Z,Schleswig-Holstein,Pädagogische Hochschulen,"Mathematik, Naturwissenschaften",
2020-01-01T00:00:00.000Z,Hessen,Verwaltungsfachhochschulen,Geisteswissenschaften,
2021-01-01T00:00:00.000Z,Bayern,Medizinische Einrichtungen der Universitäten,Geisteswissenschaften,
2019-01-01T00:00:00.000Z,Rheinland-Pfalz,Universitäten (ohne Medizinische Einrichtungen),"Agrar-, Forst- u.Ernährungswiss., Veterinärmedizin",
2022-01-01T00:00:00.000Z,Nordrhein-Westfalen,Pädagogische Hochschulen,"Kunst, Kunstwissenschaft",
2021-01-01T00:00:00.000Z,Sachsen-Anhalt,Fachhochschulen,"Mathematik, Naturwissenschaften",
2022-01-01T00:00:00.000Z,Schleswig-Holstein,Universitäten (ohne Medizinische Einrichtungen),"Kunst, Kunstwissenschaft",3882000.0
2022-01-01T00:00:00.000Z,Niedersachsen,Verwaltungsfachhochschulen,"Rechts-, Wirtschafts- und Sozialwissenschaften",1.0004E7
2021-01-01T00:00:00.000Z,Mecklenburg-Vorpommern,Pädagogische Hochschulen,Zentr.Einrichtungen (o. klinikspez. Einrichtungen),
2021-01-01T00:00:00.000Z,Hamburg,Theologische Hochschulen,Sport,
2022-01-01T00:00:00.000Z,Niedersachsen,Universitäten (ohne Medizinische Einrichtungen),Humanmedizin/Gesundheitswissenschaften,
2022-01-01T00:00:00.000Z,Sachsen-Anhalt,Universitäten (ohne Medizinische Einrichtungen),Zentr.Einrichtungen (o. klinikspez. Einrichtungen),2.30064E8
2022-01-01T00:00:00.000Z,Hamburg,Kunsthochschulen,Geisteswissenschaften,
2020-01-01T00:00:00.000Z,Hessen,Kunsthochschulen,"Rechts-, Wirtschafts- und Sozialwissenschaften",
2022-01-01T00:00:00.000Z,Bremen,Fachhochschulen,"Kunst, Kunstwissenschaft",
2019-01-01T00:00:00.000Z,Sachsen,Universitäten (ohne Medizinische Einrichtungen),"Mathematik, Naturwissenschaften",2.42565E8
2022-01-01T00:00:00.000Z,Sachsen,Universitäten (ohne Medizinische Einrichtungen),Zentr.Einrichtungen (o. klinikspez. Einrichtungen),4.33032E8
2019-01-01T00:00:00.000Z,Baden-Württemberg,Kunsthochschulen,Zentr.Einrichtungen (o. klinikspez. Einrichtungen),2.1951E7
2021-01-01T00:00:00.000Z,Hessen,Kunsthochschulen,"Mathematik, Naturwissenschaften",
2022-01-01T00:00:00.000Z,Schleswig-Holstein,Verwaltungsfachhochschulen,Humanmedizin/Gesundheitswissenschaften,
2021-01-01T00:00:00.000Z,Baden-Württemberg,Kunsthochschulen,Sport,
2022-01-01T00:00:00.000Z,Niedersachsen,Fachhochschulen,"Kunst, Kunstwissenschaft",2.7233E7
2020-01-01T00:00:00.000Z,Thüringen,Theologische Hochschulen,Humanmedizin/Gesundheitswissenschaften,
2019-01-01T00:00:00.000Z,Baden-Württemberg,Pädagogische Hochschulen,Geisteswissenschaften,2.4436E7
2021-01-01T00:00:00.000Z,Saarland,Fachhochschulen,Sport,
2022-01-01T00:00:00.000Z,Bayern,Theologische Hochschulen,"Mathematik, Naturwissenschaften",
2019-01-01T00:00:00.000Z,Sachsen-Anhalt,Medizinische Einrichtungen der Universitäten,Humanmedizin/Gesundheitswissenschaften,9.23338E8
2019-01-01T00:00:00.000Z,Bayern,Fachhochschulen,Sport,531000.0
2021-01-01T00:00:00.000Z,Baden-Württemberg,Verwaltungsfachhochschulen,Ingenieurwissenschaften,
2020-01-01T00:00:00.000Z,Schleswig-Holstein,Universitäten (ohne Medizinische Einrichtungen),Zentr.Einrichtungen (o. klinikspez. Einrichtungen),1.78075E8
2022-01-01T00:00:00.000Z,Brandenburg,Kunsthochschulen,Sport,
2020-01-01T00:00:00.000Z,Niedersachsen,Universitäten (ohne Medizinische Einrichtungen),"Rechts-, Wirtschafts- und Sozialwissenschaften",2.11874E8
2019-01-01T00:00:00.000Z,Sachsen,Kunsthochschulen,Geisteswissenschaften,
2022-01-01T00:00:00.000Z,Thüringen,Kunsthochschulen,"Agrar-, Forst- u.Ernährungswiss., Veterinärmedizin",
2020-01-01T00:00:00.000Z,Schleswig-Holstein,Medizinische Einrichtungen der Universitäten,"Rechts-, Wirtschafts- und Sozialwissenschaften",
2019-01-01T00:00:00.000Z,Sachsen,Pädagogische Hochschulen,Sport,
2019-01-01T00:00:00.000Z,Hamburg,Theologische Hochschulen,Humanmedizin/Gesundheitswissenschaften,
2019-01-01T00:00:00.000Z,Bremen,Universitäten (ohne Medizinische Einrichtungen),"Mathematik, Naturwissenschaften",9.1578E7
2021-01-01T00:00:00.000Z,Berlin,Medizinische Einrichtungen der Universitäten,Zentr.Einrichtungen (o. klinikspez. Einrichtungen),
2019-01-01T00:00:00.000Z,Hamburg,Medizinische Einrichtungen der Universitäten,Sport,
2019-01-01T00:00:00.000Z,Berlin,Fachhochschulen,Ingenieurwissenschaften,9.8756E7
2019-01-01T00:00:00.000Z,Saarland,Theologische Hochschulen,Ingenieurwissenschaften,
2020-01-01T00:00:00.000Z,Thüringen,Verwaltungsfachhochschulen,Geisteswissenschaften,
2019-01-01T00:00:00.000Z,Nordrhein-Westfalen,Universitäten (ohne Medizinische Einrichtungen),"Mathematik, Naturwissenschaften",9.23368E8
2019-01-01T00:00:00.000Z,Niedersachsen,Theologische Hochschulen,Humanmedizin/Gesundheitswissenschaften,
2021-01-01T00:00:00.000Z,Hessen,Pädagogische Hochschulen,"Rechts-, Wirtschafts- und Sozialwissenschaften",
2021-01-01T00:00:00.000Z,Rheinland-Pfalz,Kunsthochschulen,"Rechts-, Wirtschafts- und Sozialwissenschaften",
2019-01-01T00:00:00.000Z,Schleswig-Holstein,Universitäten (ohne Medizinische Einrichtungen),"Agrar-, Forst- u.Ernährungswiss., Veterinärmedizin",2.0731E7
2019-01-01T00:00:00.000Z,Sachsen,Verwaltungsfachhochschulen,"Kunst, Kunstwissenschaft",
2021-01-01T00:00:00.000Z,Baden-Württemberg,Fachhochschulen,Ingenieurwissenschaften,3.92474E8
2020-01-01T00:00:00.000Z,Sachsen,Medizinische Einrichtungen der Universitäten,Humanmedizin/Gesundheitswissenschaften,1.543315E9
2020-01-01T00:00:00.000Z,Bayern,Kunsthochschulen,"Kunst, Kunstwissenschaft",5.8424E7
2022-01-01T00:00:00.000Z,Brandenburg,Pädagogische Hochschulen,"Mathematik, Naturwissenschaften",
2021-01-01T00:00:00.000Z,Sachsen-Anhalt,Medizinische Einrichtungen der Universitäten,Geisteswissenschaften,
2020-01-01T00:00:00.000Z,Niedersachsen,Kunsthochschulen,"Kunst, Kunstwissenschaft",2.3306E7
2020-01-01T00:00:00.000Z,Sachsen-Anhalt,Theologische Hochschulen,"Mathematik, Naturwissenschaften",
2019-01-01T00:00:00.000Z,Hessen,Pädagogische Hochschulen,Geisteswissenschaften,
2021-01-01T00:00:00.000Z,Sachsen,Fachhochschulen,"Agrar-, Forst- u.Ernährungswiss., Veterinärmedizin",4248000.0
2021-01-01T00:00:00.000Z,Hamburg,Pädagogische Hochschulen,"Rechts-, Wirtschafts- und Sozialwissenschaften",
2019-01-01T00:00:00.000Z,Hessen,Kunsthochschulen,Ingenieurwissenschaften,539000.0
2021-01-01T00:00:00.000Z,Nordrhein-Westfalen,Medizinische Einrichtungen der Universitäten,"Rechts-, Wirtschafts- und Sozialwissenschaften",
2020-01-01T00:00:00.000Z,Brandenburg,Verwaltungsfachhochschulen,Geisteswissenschaften,
2022-01-01T00:00:00.000Z,Nordrhein-Westfalen,Verwaltungsfachhochschulen,"Agrar-, Forst- u.Ernährungswiss., Veterinärmedizin",
2020-01-01T00:00:00.000Z,Baden-Württemberg,Medizinische Einrichtungen der Universitäten,Geisteswissenschaften,
2020-01-01T00:00:00.000Z,Mecklenburg-Vorpommern,Verwaltungsfachhochschulen,Ingenieurwissenschaften,
2022-01-01T00:00:00.000Z,Saarland,Kunsthochschulen,Sport,
2021-01-01T00:00:00.000Z,Sachsen,Medizinische Einrichtungen der Universitäten,"Rechts-, Wirtschafts- und Sozialwissenschaften",
2019-01-01T00:00:00.000Z,Thüringen,Pädagogische Hochschulen,Sport,
2019-01-01T00:00:00.000Z,Brandenburg,Pädagogische Hochschulen,"Kunst, Kunstwissenschaft",
2020-01-01T00:00:00.000Z,Baden-Württemberg,Fachhochschulen,Humanmedizin/Gesundheitswissenschaften,9669000.0
2020-01-01T00:00:00.000Z,Sachsen-Anhalt,Theologische Hochschulen,Humanmedizin/Gesundheitswissenschaften,
2020-01-01T00:00:00.000Z,Hamburg,Fachhochschulen,Humanmedizin/Gesundheitswissenschaften,2.1578E7
2020-01-01T00:00:00.000Z,Bremen,Verwaltungsfachhochschulen,Ingenieurwissenschaften,
2022-01-01T00:00:00.000Z,Bremen,Theologische Hochschulen,Ingenieurwissenschaften,
2020-01-01T00:00:00.000Z,Bremen,Universitäten (ohne Medizinische Einrichtungen),Sport,259000.0
2021-01-01T00:00:00.000Z,Berlin,Theologische Hochschulen,"Kunst, Kunstwissenschaft",
2021-01-01T00:00:00.000Z,Saarland,Theologische Hochschulen,"Mathematik, Naturwissenschaften",
2021-01-01T00:00:00.000Z,Niedersachsen,Theologische Hochschulen,"Agrar-, Forst- u.Ernährungswiss., Veterinärmedizin",
2022-01-01T00:00:00.000Z,Nordrhein-Westfalen,Theologische Hochschulen,"Mathematik, Naturwissenschaften",
2020-01-01T00:00:00.000Z,Sachsen,Theologische Hochschulen,Ingenieurwissenschaften,
2020-01-01T00:00:00.000Z,Bremen,Fachhochschulen,Zentr.Einrichtungen (o. klinikspez. Einrichtungen),4.4255E7
2020-01-01T00:00:00.000Z,Bremen,Medizinische Einrichtungen der Universitäten,"Agrar-, Forst- u.Ernährungswiss., Veterinärmedizin",
2022-01-01T00:00:00.000Z,Hessen,Theologische Hochschulen,Zentr.Einrichtungen (o. klinikspez. Einrichtungen),1541000.0
2022-01-01T00:00:00.000Z,Brandenburg,Verwaltungsfachhochschulen,"Rechts-, Wirtschafts- und Sozialwissenschaften",5.9171E7
2021-01-01T00:00:00.000Z,Thüringen,Universitäten (ohne Medizinische Einrichtungen),Humanmedizin/Gesundheitswissenschaften,
2020-01-01T00:00:00.000Z,Sachsen-Anhalt,Fachhochschulen,"Kunst, Kunstwissenschaft",3711000.0
2022-01-01T00:00:00.000Z,Baden-Württemberg,Theologische Hochschulen,Ingenieurwissenschaften,
2020-01-01T00:00:00.000Z,Rheinland-Pfalz,Fachhochschulen,"Agrar-, Forst- u.Ernährungswiss., Veterinärmedizin",3057000.0
2022-01-01T00:00:00.000Z,Saarland,Theologische Hochschulen,"Kunst, Kunstwissenschaft",
2022-01-01T00:00:00.000Z,Bremen,Universitäten (ohne Medizinische Einrichtungen),Sport,236000.0
2019-01-01T00:00:00.000Z,Rheinland-Pfalz,Pädagogische Hochschulen,"Rechts-, Wirtschafts- und Sozialwissenschaften",
2021-01-01T00:00:00.000Z,Schleswig-Holstein,Pädagogische Hochschulen,Sport,
2022-01-01T00:00:00.000Z,Nordrhein-Westfalen,Theologische Hochschulen,Humanmedizin/Gesundheitswissenschaften,
2019-01-01T00:00:00.000Z,Schleswig-Holstein,Verwaltungsfachhochschulen,Zentr.Einrichtungen (o. klinikspez. Einrichtungen),
2020-01-01T00:00:00.000Z,Baden-Württemberg,Pädagogische Hochschulen,Zentr.Einrichtungen (o. klinikspez. Einrichtungen),7.2614E7
2020-01-01T00:00:00.000Z,Hamburg,Kunsthochschulen,"Kunst, Kunstwissenschaft",2.4137E7
2019-01-01T00:00:00.000Z,Sachsen,Medizinische Einrichtungen der Universitäten,"Kunst, Kunstwissenschaft",
2022-01-01T00:00:00.000Z,Bremen,Theologische Hochschulen,Humanmedizin/Gesundheitswissenschaften,
2019-01-01T00:00:00.000Z,Sachsen-Anhalt,Universitäten (ohne Medizinische Einrichtungen),"Agrar-, Forst- u.Ernährungswiss., Veterinärmedizin",1.0956E7
2021-01-01T00:00:00.000Z,Bremen,Medizinische Einrichtungen der Universitäten,"Rechts-, Wirtschafts- und Sozialwissenschaften",
2020-01-01T00:00:00.000Z,Bayern,Fachhochschulen,Humanmedizin/Gesundheitswissenschaften,1.8457E7
2019-01-01T00:00:00.000Z,Saarland,Medizinische Einrichtungen der Universitäten,"Rechts-, Wirtschafts- und Sozialwissenschaften",
2020-01-01T00:00:00.000Z,Saarland,Universitäten (ohne Medizinische Einrichtungen),Sport,1719000.0
2021-01-01T00:00:00.000Z,Bayern,Verwaltungsfachhochschulen,"Agrar-, Forst- u.Ernährungswiss., Veterinärmedizin",
2019-01-01T00:00:00.000Z,Sachsen,Kunsthochschulen,"Agrar-, Forst- u.Ernährungswiss., Veterinärmedizin",
2020-01-01T00:00:00.000Z,Hamburg,Kunsthochschulen,"Rechts-, Wirtschafts- und Sozialwissenschaften",
2021-01-01T00:00:00.000Z,Sachsen,Fachhochschulen,Ingenieurwissenschaften,1.23807E8
2021-01-01T00:00:00.000Z,Thüringen,Fachhochschulen,"Rechts-, Wirtschafts- und Sozialwissenschaften",2.97665E8
2020-01-01T00:00:00.000Z,Hessen,Fachhochschulen,"Agrar-, Forst- u.Ernährungswiss., Veterinärmedizin",3.0074E7
2019-01-01T00:00:00.000Z,Sachsen-Anhalt,Fachhochschulen,Geisteswissenschaften,88000.0
2019-01-01T00:00:00.000Z,Schleswig-Holstein,Fachhochschulen,"Mathematik, Naturwissenschaften",5988000.0
2022-01-01T00:00:00.000Z,Nordrhein-Westfalen,Universitäten (ohne Medizinische Einrichtungen),"Mathematik, Naturwissenschaften",1.044763E9
2021-01-01T00:00:00.000Z,Saarland,Verwaltungsfachhochschulen,Humanmedizin/Gesundheitswissenschaften,
2019-01-01T00:00:00.000Z,Hamburg,Medizinische Einrichtungen der Universitäten,"Mathematik, Naturwissenschaften",
2022-01-01T00:00:00.000Z,Hamburg,Verwaltungsfachhochschulen,"Rechts-, Wirtschafts- und Sozialwissenschaften",7448000.0
2022-01-01T00:00:00.000Z,Sachsen-Anhalt,Fachhochschulen,Ingenieurwissenschaften,5.5371E7
2019-01-01T00:00:00.000Z,Thüringen,Medizinische Einrichtungen der Universitäten,Geisteswissenschaften,
2021-01-01T00:00:00.000Z,Bremen,Theologische Hochschulen,"Mathematik, Naturwissenschaften",
2022-01-01T00:00:00.000Z,Hamburg,Kunsthochschulen,"Rechts-, Wirtschafts- und Sozialwissenschaften",
2021-01-01T00:00:00.000Z,Baden-Württemberg,Universitäten (ohne Medizinische Einrichtungen),Zentr.Einrichtungen (o. klinikspez. Einrichtungen),1.081292E9
2021-01-01T00:00:00.000Z,Schleswig-Holstein,Medizinische Einrichtungen der Universitäten,Humanmedizin/Gesundheitswissenschaften,1.785141E9
2020-01-01T00:00:00.000Z,Saarland,Fachhochschulen,"Mathematik, Naturwissenschaften",
2021-01-01T00:00:00.000Z,Rheinland-Pfalz,Fachhochschulen,Humanmedizin/Gesundheitswissenschaften,4805000.0
2022-01-01T00:00:00.000Z,Bremen,Medizinische Einrichtungen der Universitäten,Ingenieurwissenschaften,
2020-01-01T00:00:00.000Z,Baden-Württemberg,Universitäten (ohne Medizinische Einrichtungen),Zentr.Einrichtungen (o. klinikspez. Einrichtungen),1.092115E9
2022-01-01T00:00:00.000Z,Hamburg,Kunsthochschulen,Humanmedizin/Gesundheitswissenschaften,
2020-01-01T00:00:00.000Z,Mecklenburg-Vorpommern,Pädagogische Hochschulen,Sport,
2021-01-01T00:00:00.000Z,Berlin,Fachhochschulen,Sport,2893000.0
2022-01-01T00:00:00.000Z,Berlin,Theologische Hochschulen,"Mathematik, Naturwissenschaften",
2019-01-01T00:00:00.000Z,Nordrhein-Westfalen,Medizinische Einrichtungen der Universitäten,"Agrar-, Forst- u.Ernährungswiss., Veterinärmedizin",
2019-01-01T00:00:00.000Z,Baden-Württemberg,Kunsthochschulen,Humanmedizin/Gesundheitswissenschaften,
2021-01-01T00:00:00.000Z,Bremen,Pädagogische Hochschulen,Zentr.Einrichtungen (o. klinikspez. Einrichtungen),
2021-01-01T00:00:00.000Z,Schleswig-Holstein,Fachhochschulen,"Rechts-, Wirtschafts- und Sozialwissenschaften",3.7436E7
2022-01-01T00:00:00.000Z,Saarland,Theologische Hochschulen,"Agrar-, Forst- u.Ernährungswiss., Veterinärmedizin",
2021-01-01T00:00:00.000Z,Rheinland-Pfalz,Universitäten (ohne Medizinische Einrichtungen),Zentr.Einrichtungen (o. klinikspez. Einrichtungen),2.84919E8
2020-01-01T00:00:00.000Z,Baden-Württemberg,Theologische Hochschulen,Ingenieurwissenschaften,
2020-01-01T00:00:00.000Z,Sachsen,Fachhochschulen,"Kunst, Kunstwissenschaft",7177000.0
2019-01-01T00:00:00.000Z,Saarland,Theologische Hochschulen,Geisteswissenschaften,
2020-01-01T00:00:00.000Z,Brandenburg,Verwaltungsfachhochschulen,"Agrar-, Forst- u.Ernährungswiss., Veterinärmedizin",
2021-01-01T00:00:00.000Z,Thüringen,Kunsthochschulen,Ingenieurwissenschaften,
2020-01-01T00:00:00.000Z,Hessen,Kunsthochschulen,Sport,
2020-01-01T00:00:00.000Z,Baden-Württemberg,Verwaltungsfachhochschulen,"Kunst, Kunstwissenschaft",
2022-01-01T00:00:00.000Z,Hamburg,Pädagogische Hochschulen,Sport,
2020-01-01T00:00:00.000Z,Brandenburg,Pädagogische Hochschulen,Sport,
2022-01-01T00:00:00.000Z,Saarland,Medizinische Einrichtungen der Universitäten,Zentr.Einrichtungen (o. klinikspez. Einrichtungen),
2019-01-01T00:00:00.000Z,Brandenburg,Universitäten (ohne Medizinische Einrichtungen),Humanmedizin/Gesundheitswissenschaften,
2022-01-01T00:00:00.000Z,Berlin,Fachhochschulen,Sport,2557000.0
2022-01-01T00:00:00.000Z,Mecklenburg-Vorpommern,Universitäten (ohne Medizinische Einrichtungen),"Mathematik, Naturwissenschaften",9.6789E7
2019-01-01T00:00:00.000Z,Hamburg,Verwaltungsfachhochschulen,Zentr.Einrichtungen (o. klinikspez. Einrichtungen),2813000.0
2021-01-01T00:00:00.000Z,Mecklenburg-Vorpommern,Universitäten (ohne Medizinische Einrichtungen),Geisteswissenschaften,2.4531E7
2019-01-01T00:00:00.000Z,Thüringen,Kunsthochschulen,Geisteswissenschaften,
2019-01-01T00:00:00.000Z,Thüringen,Theologische Hochschulen,"Agrar-, Forst- u.Ernährungswiss., Veterinärmedizin",
2021-01-01T00:00:00.000Z,Hamburg,Pädagogische Hochschulen,Sport,
2021-01-01T00:00:00.000Z,Brandenburg,Theologische Hochschulen,"Kunst, Kunstwissenschaft",
2019-01-01T00:00:00.000Z,Saarland,Kunsthochschulen,Humanmedizin/Gesundheitswissenschaften,
2020-01-01T00:00:00.000Z,Niedersachsen,Kunsthochschulen,"Agrar-, Forst- u.Ernährungswiss., Veterinärmedizin",
2019-01-01T00:00:00.000Z,Schleswig-Holstein,Theologische Hochschulen,"Rechts-, Wirtschafts- und Sozialwissenschaften",
2022-01-01T00:00:00.000Z,Mecklenburg-Vorpommern,Medizinische Einrichtungen der Universitäten,"Kunst, Kunstwissenschaft",
2019-01-01T00:00:00.000Z,Bayern,Verwaltungsfachhochschulen,Sport,
2019-01-01T00:00:00.000Z,Rheinland-Pfalz,Kunsthochschulen,"Mathematik, Naturwissenschaften",
2022-01-01T00:00:00.000Z,Baden-Württemberg,Medizinische Einrichtungen der Universitäten,"Rechts-, Wirtschafts- und Sozialwissenschaften",
2019-01-01T00:00:00.000Z,Hamburg,Fachhochschulen,"Agrar-, Forst- u.Ernährungswiss., Veterinärmedizin",4188000.0
2021-01-01T00:00:00.000Z,Rheinland-Pfalz,Universitäten (ohne Medizinische Einrichtungen),Geisteswissenschaften,7.9906E7
2021-01-01T00:00:00.000Z,Sachsen-Anhalt,Pädagogische Hochschulen,"Agrar-, Forst- u.Ernährungswiss., Veterinärmedizin",
2022-01-01T00:00:00.000Z,Hessen,Medizinische Einrichtungen der Universitäten,Humanmedizin/Gesundheitswissenschaften,2.056366E9
2021-01-01T00:00:00.000Z,Saarland,Kunsthochschulen,"Kunst, Kunstwissenschaft",2181000.0
2020-01-01T00:00:00.000Z,Sachsen-Anhalt,Kunsthochschulen,Ingenieurwissenschaften,594000.0
2021-01-01T00:00:00.000Z,Schleswig-Holstein,Kunsthochschulen,Geisteswissenschaften,
2020-01-01T00:00:00.000Z,Bayern,Fachhochschulen,"Rechts-, Wirtschafts- und Sozialwissenschaften",1.93388E8
2021-01-01T00:00:00.000Z,Hamburg,Kunsthochschulen,"Agrar-, Forst- u.Ernährungswiss., Veterinärmedizin",
2022-01-01T00:00:00.000Z,Berlin,Theologische Hochschulen,"Agrar-, Forst- u.Ernährungswiss., Veterinärmedizin",
2020-01-01T00:00:00.000Z,Bremen,Verwaltungsfachhochschulen,"Agrar-, Forst- u.Ernährungswiss., Veterinärmedizin",
2020-01-01T00:00:00.000Z,Bremen,Pädagogische Hochschulen,Geisteswissenschaften,
2022-01-01T00:00:00.000Z,Schleswig-Holstein,Pädagogische Hochschulen,Ingenieurwissenschaften,
2022-01-01T00:00:00.000Z,Thüringen,Pädagogische Hochschulen,Humanmedizin/Gesundheitswissenschaften,
2020-01-01T00:00:00.000Z,Brandenburg,Medizinische Einrichtungen der Universitäten,"Agrar-, Forst- u.Ernährungswiss., Veterinärmedizin",
2021-01-01T00:00:00.000Z,Nordrhein-Westfalen,Universitäten (ohne Medizinische Einrichtungen),"Agrar-, Forst- u.Ernährungswiss., Veterinärmedizin",3.9281E7
2019-01-01T00:00:00.000Z,Nordrhein-Westfalen,Verwaltungsfachhochschulen,"Agrar-, Forst- u.Ernährungswiss., Veterinärmedizin",
2019-01-01T00:00:00.000Z,Schleswig-Holstein,Medizinische Einrichtungen der Universitäten,"Rechts-, Wirtschafts- und Sozialwissenschaften",
2019-01-01T00:00:00.000Z,Niedersachsen,Pädagogische Hochschulen,"Rechts-, Wirtschafts- und Sozialwissenschaften",
2020-01-01T00:00:00.000Z,Thüringen,Pädagogische Hochschulen,"Agrar-, Forst- u.Ernährungswiss., Veterinärmedizin",
2022-01-01T00:00:00.000Z,Sachsen-Anhalt,Theologische Hochschulen,Zentr.Einrichtungen (o. klinikspez. Einrichtungen),4410000.0
2022-01-01T00:00:00.000Z,Niedersachsen,Kunsthochschulen,Humanmedizin/Gesundheitswissenschaften,
2019-01-01T00:00:00.000Z,Berlin,Fachhochschulen,"Kunst, Kunstwissenschaft",2.2243E7
2019-01-01T00:00:00.000Z,Schleswig-Holstein,Universitäten (ohne Medizinische Einrichtungen),"Kunst, Kunstwissenschaft",3314000.0
2020-01-01T00:00:00.000Z,Mecklenburg-Vorpommern,Fachhochschulen,Zentr.Einrichtungen (o. klinikspez. Einrichtungen),4.1146E7
2020-01-01T00:00:00.000Z,Bremen,Medizinische Einrichtungen der Universitäten,Zentr.Einrichtungen (o. klinikspez. Einrichtungen),
2020-01-01T00:00:00.000Z,Baden-Württemberg,Medizinische Einrichtungen der Universitäten,"Kunst, Kunstwissenschaft",
2020-01-01T00:00:00.000Z,Niedersachsen,Medizinische Einrichtungen der Universitäten,Zentr.Einrichtungen (o. klinikspez. Einrichtungen),
2019-01-01T00:00:00.000Z,Bremen,Verwaltungsfachhochschulen,Sport,
2022-01-01T00:00:00.000Z,Bayern,Theologische Hochschulen,Geisteswissenschaften,5745000.0
2020-01-01T00:00:00.000Z,Brandenburg,Kunsthochschulen,Geisteswissenschaften,
2021-01-01T00:00:00.000Z,Saarland,Fachhochschulen,Ingenieurwissenschaften,1.8773E7
2020-01-01T00:00:00.000Z,Sachsen,Universitäten (ohne Medizinische Einrichtungen),Sport,1.7781E7
2019-01-01T00:00:00.000Z,Nordrhein-Westfalen,Fachhochschulen,"Mathematik, Naturwissenschaften",3.6424E7
2019-01-01T00:00:00.000Z,Bremen,Theologische Hochschulen,Ingenieurwissenschaften,
2021-01-01T00:00:00.000Z,Saarland,Universitäten (ohne Medizinische Einrichtungen),"Mathematik, Naturwissenschaften",4.1829E7
2020-01-01T00:00:00.000Z,Sachsen,Fachhochschulen,Zentr.Einrichtungen (o. klinikspez. Einrichtungen),1.00456E8
2021-01-01T00:00:00.000Z,Niedersachsen,Theologische Hochschulen,Sport,
2020-01-01T00:00:00.000Z,Rheinland-Pfalz,Fachhochschulen,Sport,
2022-01-01T00:00:00.000Z,Sachsen-Anhalt,Universitäten (ohne Medizinische Einrichtungen),"Agrar-, Forst- u.Ernährungswiss., Veterinärmedizin",9973000.0
2020-01-01T00:00:00.000Z,Hessen,Universitäten (ohne Medizinische Einrichtungen),Humanmedizin/Gesundheitswissenschaften,
2021-01-01T00:00:00.000Z,Schleswig-Holstein,Universitäten (ohne Medizinische Einrichtungen),"Mathematik, Naturwissenschaften",7.704E7
2020-01-01T00:00:00.000Z,Berlin,Pädagogische Hochschulen,Humanmedizin/Gesundheitswissenschaften,
2022-01-01T00:00:00.000Z,Sachsen-Anhalt,Theologische Hochschulen,"Mathematik, Naturwissenschaften",
2019-01-01T00:00:00.000Z,Mecklenburg-Vorpommern,Pädagogische Hochschulen,"Rechts-, Wirtschafts- und Sozialwissenschaften",
2020-01-01T00:00:00.000Z,Brandenburg,Kunsthochschulen,"Rechts-, Wirtschafts- und Sozialwissenschaften",
2021-01-01T00:00:00.000Z,Baden-Württemberg,Fachhochschulen,Humanmedizin/Gesundheitswissenschaften,1.0907E7
2022-01-01T00:00:00.000Z,Bayern,Theologische Hochschulen,"Agrar-, Forst- u.Ernährungswiss., Veterinärmedizin",
2021-01-01T00:00:00.000Z,Schleswig-Holstein,Kunsthochschulen,"Agrar-, Forst- u.Ernährungswiss., Veterinärmedizin",
2020-01-01T00:00:00.000Z,Nordrhein-Westfalen,Fachhochschulen,Zentr.Einrichtungen (o. klinikspez. Einrichtungen),9.09523E8
2022-01-01T00:00:00.000Z,Brandenburg,Universitäten (ohne Medizinische Einrichtungen),"Rechts-, Wirtschafts- und Sozialwissenschaften",7.1977E7
2021-01-01T00:00:00.000Z,Bayern,Kunsthochschulen,Sport,
2020-01-01T00:00:00.000Z,Bayern,Universitäten (ohne Medizinische Einrichtungen),Zentr.Einrichtungen (o. klinikspez. Einrichtungen),1.186816E9
2021-01-01T00:00:00.000Z,Hamburg,Theologische Hochschulen,Zentr.Einrichtungen (o. klinikspez. Einrichtungen),
2019-01-01T00:00:00.000Z,Sachsen-Anhalt,Kunsthochschulen,"Agrar-, Forst- u.Ernährungswiss., Veterinärmedizin",
2019-01-01T00:00:00.000Z,Bayern,Fachhochschulen,"Kunst, Kunstwissenschaft",1.5131E7
2022-01-01T00:00:00.000Z,Thüringen,Kunsthochschulen,"Kunst, Kunstwissenschaft",1.1378E7
2021-01-01T00:00:00.000Z,Nordrhein-Westfalen,Universitäten (ohne Medizinische Einrichtungen),"Kunst, Kunstwissenschaft",4.4572E7
2022-01-01T00:00:00.000Z,Sachsen-Anhalt,Universitäten (ohne Medizinische Einrichtungen),Sport,3784000.0
2019-01-01T00:00:00.000Z,Nordrhein-Westfalen,Theologische Hochschulen,"Mathematik, Naturwissenschaften",
2019-01-01T00:00:00.000Z,Bayern,Kunsthochschulen,Sport,
2022-01-01T00:00:00.000Z,Niedersachsen,Medizinische Einrichtungen der Universitäten,Ingenieurwissenschaften,
2022-01-01T00:00:00.000Z,Baden-Württemberg,Kunsthochschulen,"Agrar-, Forst- u.Ernährungswiss., Veterinärmedizin",
2021-01-01T00:00:00.000Z,Berlin,Pädagogische Hochschulen,Ingenieurwissenschaften,
2022-01-01T00:00:00.000Z,Nordrhein-Westfalen,Pädagogische Hochschulen,Ingenieurwissenschaften,
2020-01-01T00:00:00.000Z,Berlin,Fachhochschulen,"Rechts-, Wirtschafts- und Sozialwissenschaften",1.64357E8
2019-01-01T00:00:00.000Z,Berlin,Theologische Hochschulen,Humanmedizin/Gesundheitswissenschaften,
2019-01-01T00:00:00.000Z,Hamburg,Verwaltungsfachhochschulen,Humanmedizin/Gesundheitswissenschaften,
2020-01-01T00:00:00.000Z,Hessen,Medizinische Einrichtungen der Universitäten,Sport,
2021-01-01T00:00:00.000Z,Berlin,Fachhochschulen,"Rechts-, Wirtschafts- und Sozialwissenschaften",1.80094E8
2021-01-01T00:00:00.000Z,Bayern,Pädagogische Hochschulen,Humanmedizin/Gesundheitswissenschaften,
2019-01-01T00:00:00.000Z,Niedersachsen,Universitäten (ohne Medizinische Einrichtungen),"Rechts-, Wirtschafts- und Sozialwissenschaften",2.11462E8
2019-01-01T00:00:00.000Z,Schleswig-Holstein,Kunsthochschulen,Humanmedizin/Gesundheitswissenschaften,
2022-01-01T00:00:00.000Z,Bremen,Fachhochschulen,Geisteswissenschaften,
2019-01-01T00:00:00.000Z,Niedersachsen,Kunsthochschulen,"Rechts-, Wirtschafts- und Sozialwissenschaften",1526000.0
2022-01-01T00:00:00.000Z,Hessen,Universitäten (ohne Medizinische Einrichtungen),"Agrar-, Forst- u.Ernährungswiss., Veterinärmedizin",9.4602E7
2022-01-01T00:00:00.000Z,Bayern,Universitäten (ohne Medizinische Einrichtungen),Sport,5.8023E7
2021-01-01T00:00:00.000Z,Nordrhein-Westfalen,Pädagogische Hochschulen,Ingenieurwissenschaften,
2019-01-01T00:00:00.000Z,Berlin,Medizinische Einrichtungen der Universitäten,Geisteswissenschaften,
2020-01-01T00:00:00.000Z,Schleswig-Holstein,Fachhochschulen,Geisteswissenschaften,1123000.0
2021-01-01T00:00:00.000Z,Hessen,Medizinische Einrichtungen der Universitäten,Sport,
2019-01-01T00:00:00.000Z,Sachsen-Anhalt,Medizinische Einrichtungen der Universitäten,Zentr.Einrichtungen (o. klinikspez. Einrichtungen),
2022-01-01T00:00:00.000Z,Nordrhein-Westfalen,Medizinische Einrichtungen der Universitäten,"Agrar-, Forst- u.Ernährungswiss., Veterinärmedizin",
2020-01-01T00:00:00.000Z,Brandenburg,Medizinische Einrichtungen der Universitäten,"Kunst, Kunstwissenschaft",
2021-01-01T00:00:00.000Z,Bayern,Fachhochschulen,Zentr.Einrichtungen (o. klinikspez. Einrichtungen),4.58375E8
2019-01-01T00:00:00.000Z,Berlin,Verwaltungsfachhochschulen,"Rechts-, Wirtschafts- und Sozialwissenschaften",1.0182E7
2022-01-01T00:00:00.000Z,Niedersachsen,Verwaltungsfachhochschulen,Zentr.Einrichtungen (o. klinikspez. Einrichtungen),
2019-01-01T00:00:00.000Z,Sachsen-Anhalt,Universitäten (ohne Medizinische Einrichtungen),Ingenieurwissenschaften,6.76E7
2022-01-01T00:00:00.000Z,Berlin,Verwaltungsfachhochschulen,"Rechts-, Wirtschafts- und Sozialwissenschaften",1.6165E7
2019-01-01T00:00:00.000Z,Thüringen,Theologische Hochschulen,Sport,
2020-01-01T00:00:00.000Z,Schleswig-Holstein,Pädagogische Hochschulen,"Agrar-, Forst- u.Ernährungswiss., Veterinärmedizin",
2020-01-01T00:00:00.000Z,Mecklenburg-Vorpommern,Fachhochschulen,Geisteswissenschaften,
2022-01-01T00:00:00.000Z,Hessen,Pädagogische Hochschulen,"Agrar-, Forst- u.Ernährungswiss., Veterinärmedizin",
2019-01-01T00:00:00.000Z,Mecklenburg-Vorpommern,Universitäten (ohne Medizinische Einrichtungen),Zentr.Einrichtungen (o. klinikspez. Einrichtungen),1.01557E8
2021-01-01T00:00:00.000Z,Brandenburg,Medizinische Einrichtungen der Universitäten,Sport,
2021-01-01T00:00:00.000Z,Sachsen,Kunsthochschulen,Geisteswissenschaften,
2019-01-01T00:00:00.000Z,Rheinland-Pfalz,Verwaltungsfachhochschulen,Humanmedizin/Gesundheitswissenschaften,
2022-01-01T00:00:00.000Z,Sachsen,Pädagogische Hochschulen,"Kunst, Kunstwissenschaft",
2021-01-01T00:00:00.000Z,Nordrhein-Westfalen,Kunsthochschulen,Ingenieurwissenschaften,808000.0
2021-01-01T00:00:00.000Z,Hamburg,Universitäten (ohne Medizinische Einrichtungen),Geisteswissenschaften,8.3033E7
2021-01-01T00:00:00.000Z,Hamburg,Medizinische Einrichtungen der Universitäten,Zentr.Einrichtungen (o. klinikspez. Einrichtungen),
2022-01-01T00:00:00.000Z,Baden-Württemberg,Pädagogische Hochschulen,Zentr.Einrichtungen (o. klinikspez. Einrichtungen),8.6556E7
2020-01-01T00:00:00.000Z,Mecklenburg-Vorpommern,Universitäten (ohne Medizinische Einrichtungen),"Kunst, Kunstwissenschaft",2101000.0
2022-01-01T00:00:00.000Z,Thüringen,Theologische Hochschulen,Sport,
2020-01-01T00:00:00.000Z,Hessen,Verwaltungsfachhochschulen,Zentr.Einrichtungen (o. klinikspez. Einrichtungen),4320000.0
2021-01-01T00:00:00.000Z,Berlin,Universitäten (ohne Medizinische Einrichtungen),Ingenieurwissenschaften,2.49969E8
2022-01-01T00:00:00.000Z,Schleswig-Holstein,Medizinische Einrichtungen der Universitäten,"Rechts-, Wirtschafts- und Sozialwissenschaften",
2021-01-01T00:00:00.000Z,Bayern,Fachhochschulen,Sport,1943000.0
2022-01-01T00:00:00.000Z,Berlin,Kunsthochschulen,Humanmedizin/Gesundheitswissenschaften,
2019-01-01T00:00:00.000Z,Berlin,Theologische Hochschulen,"Mathematik, Naturwissenschaften",
2019-01-01T00:00:00.000Z,Nordrhein-Westfalen,Medizinische Einrichtungen der Universitäten,Geisteswissenschaften,
2021-01-01T00:00:00.000Z,Bremen,Medizinische Einrichtungen der Universitäten,"Kunst, Kunstwissenschaft",
2021-01-01T00:00:00.000Z,Berlin,Theologische Hochschulen,"Rechts-, Wirtschafts- und Sozialwissenschaften",
2021-01-01T00:00:00.000Z,Thüringen,Universitäten (ohne Medizinische Einrichtungen),Zentr.Einrichtungen (o. klinikspez. Einrichtungen),2.54778E8
2021-01-01T00:00:00.000Z,Sachsen,Universitäten (ohne Medizinische Einrichtungen),"Agrar-, Forst- u.Ernährungswiss., Veterinärmedizin",4.9654E7
2020-01-01T00:00:00.000Z,Nordrhein-Westfalen,Fachhochschulen,"Rechts-, Wirtschafts- und Sozialwissenschaften",2.76671E8
2020-01-01T00:00:00.000Z,Sachsen,Verwaltungsfachhochschulen,Humanmedizin/Gesundheitswissenschaften,
2019-01-01T00:00:00.000Z,Baden-Württemberg,Theologische Hochschulen,Geisteswissenschaften,
2020-01-01T00:00:00.000Z,Berlin,Kunsthochschulen,Ingenieurwissenschaften,3748000.0
2019-01-01T00:00:00.000Z,Sachsen,Verwaltungsfachhochschulen,"Agrar-, Forst- u.Ernährungswiss., Veterinärmedizin",
2020-01-01T00:00:00.000Z,Bayern,Kunsthochschulen,Ingenieurwissenschaften,726000.0
2019-01-01T00:00:00.000Z,Hamburg,Verwaltungsfachhochschulen,"Rechts-, Wirtschafts- und Sozialwissenschaften",3379000.0
2020-01-01T00:00:00.000Z,Niedersachsen,Verwaltungsfachhochschulen,"Mathematik, Naturwissenschaften",
2019-01-01T00:00:00.000Z,Berlin,Medizinische Einrichtungen der Universitäten,"Mathematik, Naturwissenschaften",
2019-01-01T00:00:00.000Z,Hessen,Universitäten (ohne Medizinische Einrichtungen),Ingenieurwissenschaften,2.71495E8
2022-01-01T00:00:00.000Z,Bremen,Theologische Hochschulen,Sport,
2020-01-01T00:00:00.000Z,Berlin,Kunsthochschulen,"Kunst, Kunstwissenschaft",1.06476E8
2020-01-01T00:00:00.000Z,Niedersachsen,Verwaltungsfachhochschulen,Sport,
2021-01-01T00:00:00.000Z,Saarland,Verwaltungsfachhochschulen,Ingenieurwissenschaften,
2021-01-01T00:00:00.000Z,Bayern,Medizinische Einrichtungen der Universitäten,"Kunst, Kunstwissenschaft",
2022-01-01T00:00:00.000Z,Saarland,Verwaltungsfachhochschulen,Humanmedizin/Gesundheitswissenschaften,
2020-01-01T00:00:00.000Z,Bayern,Medizinische Einrichtungen der Universitäten,"Mathematik, Naturwissenschaften",
2019-01-01T00:00:00.000Z,Hessen,Kunsthochschulen,"Kunst, Kunstwissenschaft",1.8128E7
2022-01-01T00:00:00.000Z,Rheinland-Pfalz,Pädagogische Hochschulen,Geisteswissenschaften,
2019-01-01T00:00:00.000Z,Brandenburg,Theologische Hochschulen,"Rechts-, Wirtschafts- und Sozialwissenschaften",
2019-01-01T00:00:00.000Z,Nordrhein-Westfalen,Theologische Hochschulen,Zentr.Einrichtungen (o. klinikspez. Einrichtungen),5517000.0
2021-01-01T00:00:00.000Z,Mecklenburg-Vorpommern,Medizinische Einrichtungen der Universitäten,"Agrar-, Forst- u.Ernährungswiss., Veterinärmedizin",
2021-01-01T00:00:00.000Z,Mecklenburg-Vorpommern,Medizinische Einrichtungen der Universitäten,"Rechts-, Wirtschafts- und Sozialwissenschaften",
2020-01-01T00:00:00.000Z,Bremen,Fachhochschulen,"Mathematik, Naturwissenschaften",2645000.0
2022-01-01T00:00:00.000Z,Schleswig-Holstein,Theologische Hochschulen,"Rechts-, Wirtschafts- und Sozialwissenschaften",
2021-01-01T00:00:00.000Z,Hessen,Verwaltungsfachhochschulen,Humanmedizin/Gesundheitswissenschaften,
2020-01-01T00:00:00.000Z,Baden-Württemberg,Universitäten (ohne Medizinische Einrichtungen),Sport,2.4844E7
2020-01-01T00:00:00.000Z,Sachsen,Fachhochschulen,Geisteswissenschaften,3930000.0
2020-01-01T00:00:00.000Z,Hamburg,Universitäten (ohne Medizinische Einrichtungen),Geisteswissenschaften,7.7747E7
2019-01-01T00:00:00.000Z,Rheinland-Pfalz,Medizinische Einrichtungen der Universitäten,Sport,
2020-01-01T00:00:00.000Z,Brandenburg,Medizinische Einrichtungen der Universitäten,Ingenieurwissenschaften,
2020-01-01T00:00:00.000Z,Saarland,Fachhochschulen,Humanmedizin/Gesundheitswissenschaften,2.4285E7
2019-01-01T00:00:00.000Z,Baden-Württemberg,Theologische Hochschulen,"Agrar-, Forst- u.Ernährungswiss., Veterinärmedizin",
2019-01-01T00:00:00.000Z,Bremen,Pädagogische Hochschulen,"Kunst, Kunstwissenschaft",
2020-01-01T00:00:00.000Z,Thüringen,Pädagogische Hochschulen,"Kunst, Kunstwissenschaft",
2020-01-01T00:00:00.000Z,Nordrhein-Westfalen,Pädagogische Hochschulen,Geisteswissenschaften,
2021-01-01T00:00:00.000Z,Saarland,Kunsthochschulen,Sport,
2022-01-01T00:00:00.000Z,Thüringen,Fachhochschulen,Geisteswissenschaften,
2019-01-01T00:00:00.000Z,Thüringen,Fachhochschulen,"Mathematik, Naturwissenschaften",1633000.0
2020-01-01T00:00:00.000Z,Bayern,Theologische Hochschulen,"Rechts-, Wirtschafts- und Sozialwissenschaften",
2022-01-01T00:00:00.000Z,Sachsen-Anhalt,Verwaltungsfachhochschulen,Humanmedizin/Gesundheitswissenschaften,
2019-01-01T00:00:00.000Z,Mecklenburg-Vorpommern,Universitäten (ohne Medizinische Einrichtungen),"Mathematik, Naturwissenschaften",8.2275E7
2019-01-01T00:00:00.000Z,Nordrhein-Westfalen,Verwaltungsfachhochschulen,"Kunst, Kunstwissenschaft",
2020-01-01T00:00:00.000Z,Brandenburg,Medizinische Einrichtungen der Universitäten,Sport,
2020-01-01T00:00:00.000Z,Bayern,Verwaltungsfachhochschulen,"Rechts-, Wirtschafts- und Sozialwissenschaften",5.9397E7
2019-01-01T00:00:00.000Z,Hamburg,Kunsthochschulen,"Mathematik, Naturwissenschaften",
2020-01-01T00:00:00.000Z,Sachsen-Anhalt,Pädagogische Hochschulen,Ingenieurwissenschaften,
2019-01-01T00:00:00.000Z,Mecklenburg-Vorpommern,Fachhochschulen,Humanmedizin/Gesundheitswissenschaften,2312000.0
2021-01-01T00:00:00.000Z,Berlin,Kunsthochschulen,Ingenieurwissenschaften,4338000.0
2022-01-01T00:00:00.000Z,Thüringen,Pädagogische Hochschulen,Ingenieurwissenschaften,
2019-01-01T00:00:00.000Z,Niedersachsen,Theologische Hochschulen,Sport,
2022-01-01T00:00:00.000Z,Hessen,Universitäten (ohne Medizinische Einrichtungen),Zentr.Einrichtungen (o. klinikspez. Einrichtungen),9.45896E8
2020-01-01T00:00:00.000Z,Mecklenburg-Vorpommern,Theologische Hochschulen,Sport,
2021-01-01T00:00:00.000Z,Bremen,Kunsthochschulen,Humanmedizin/Gesundheitswissenschaften,
2022-01-01T00:00:00.000Z,Mecklenburg-Vorpommern,Universitäten (ohne Medizinische Einrichtungen),Geisteswissenschaften,2.789E7
2019-01-01T00:00:00.000Z,Sachsen-Anhalt,Verwaltungsfachhochschulen,Sport,
2021-01-01T00:00:00.000Z,Hamburg,Pädagogische Hochschulen,Humanmedizin/Gesundheitswissenschaften,
2022-01-01T00:00:00.000Z,Brandenburg,Fachhochschulen,"Kunst, Kunstwissenschaft",1.2023E7
2021-01-01T00:00:00.000Z,Nordrhein-Westfalen,Fachhochschulen,"Rechts-, Wirtschafts- und Sozialwissenschaften",2.97039E8
2021-01-01T00:00:00.000Z,Schleswig-Holstein,Verwaltungsfachhochschulen,Humanmedizin/Gesundheitswissenschaften,
2021-01-01T00:00:00.000Z,Hamburg,Kunsthochschulen,Geisteswissenschaften,
2020-01-01T00:00:00.000Z,Brandenburg,Universitäten (ohne Medizinische Einrichtungen),"Rechts-, Wirtschafts- und Sozialwissenschaften",6.1388E7
2021-01-01T00:00:00.000Z,Rheinland-Pfalz,Universitäten (ohne Medizinische Einrichtungen),Humanmedizin/Gesundheitswissenschaften,
2019-01-01T00:00:00.000Z,Baden-Württemberg,Medizinische Einrichtungen der Universitäten,"Rechts-, Wirtschafts- und Sozialwissenschaften",
2022-01-01T00:00:00.000Z,Hamburg,Theologische Hochschulen,"Agrar-, Forst- u.Ernährungswiss., Veterinärmedizin",
2019-01-01T00:00:00.000Z,Hamburg,Pädagogische Hochschulen,"Mathematik, Naturwissenschaften",
2022-01-01T00:00:00.000Z,Berlin,Fachhochschulen,"Mathematik, Naturwissenschaften",4085000.0
2022-01-01T00:00:00.000Z,Niedersachsen,Pädagogische Hochschulen,Sport,
2021-01-01T00:00:00.000Z,Bremen,Universitäten (ohne Medizinische Einrichtungen),Sport,696000.0
2019-01-01T00:00:00.000Z,Thüringen,Fachhochschulen,Geisteswissenschaften,
2020-01-01T00:00:00.000Z,Saarland,Theologische Hochschulen,"Mathematik, Naturwissenschaften",
2019-01-01T00:00:00.000Z,Brandenburg,Kunsthochschulen,Ingenieurwissenschaften,
2021-01-01T00:00:00.000Z,Baden-Württemberg,Theologische Hochschulen,Ingenieurwissenschaften,
2019-01-01T00:00:00.000Z,Baden-Württemberg,Pädagogische Hochschulen,Zentr.Einrichtungen (o. klinikspez. Einrichtungen),7.1238E7
2021-01-01T00:00:00.000Z,Thüringen,Fachhochschulen,Humanmedizin/Gesundheitswissenschaften,5377000.0
2022-01-01T00:00:00.000Z,Thüringen,Theologische Hochschulen,"Rechts-, Wirtschafts- und Sozialwissenschaften",
2021-01-01T00:00:00.000Z,Schleswig-Holstein,Verwaltungsfachhochschulen,Ingenieurwissenschaften,
2020-01-01T00:00:00.000Z,Sachsen-Anhalt,Universitäten (ohne Medizinische Einrichtungen),Humanmedizin/Gesundheitswissenschaften,
2022-01-01T00:00:00.000Z,Baden-Württemberg,Theologische Hochschulen,Geisteswissenschaften,
2020-01-01T00:00:00.000Z,Sachsen,Fachhochschulen,Ingenieurwissenschaften,1.24145E8
2020-01-01T00:00:00.000Z,Thüringen,Kunsthochschulen,"Mathematik, Naturwissenschaften",
2019-01-01T00:00:00.000Z,Brandenburg,Universitäten (ohne Medizinische Einrichtungen),"Rechts-, Wirtschafts- und Sozialwissenschaften",5.6569E7
2022-01-01T00:00:00.000Z,Schleswig-Holstein,Kunsthochschulen,Ingenieurwissenschaften,
2022-01-01T00:00:00.000Z,Thüringen,Fachhochschulen,"Rechts-, Wirtschafts- und Sozialwissenschaften",4.2119E8
2022-01-01T00:00:00.000Z,Bremen,Fachhochschulen,"Agrar-, Forst- u.Ernährungswiss., Veterinärmedizin",1680000.0
2021-01-01T00:00:00.000Z,Sachsen,Theologische Hochschulen,Ingenieurwissenschaften,
2022-01-01T00:00:00.000Z,Hessen,Universitäten (ohne Medizinische Einrichtungen),Ingenieurwissenschaften,2.9429E8
2021-01-01T00:00:00.000Z,Hamburg,Kunsthochschulen,"Rechts-, Wirtschafts- und Sozialwissenschaften",
2022-01-01T00:00:00.000Z,Saarland,Verwaltungsfachhochschulen,Sport,
2019-01-01T00:00:00.000Z,Bremen,Pädagogische Hochschulen,"Agrar-, Forst- u.Ernährungswiss., Veterinärmedizin",
2020-01-01T00:00:00.000Z,Sachsen,Theologische Hochschulen,Zentr.Einrichtungen (o. klinikspez. Einrichtungen),
2019-01-01T00:00:00.000Z,Sachsen-Anhalt,Pädagogische Hochschulen,Humanmedizin/Gesundheitswissenschaften,
2019-01-01T00:00:00.000Z,Hamburg,Fachhochschulen,"Kunst, Kunstwissenschaft",7636000.0
2022-01-01T00:00:00.000Z,Mecklenburg-Vorpommern,Theologische Hochschulen,Humanmedizin/Gesundheitswissenschaften,
2019-01-01T00:00:00.000Z,Sachsen,Fachhochschulen,Zentr.Einrichtungen (o. klinikspez. Einrichtungen),9.1685E7
2022-01-01T00:00:00.000Z,Bayern,Theologische Hochschulen,"Kunst, Kunstwissenschaft",
2021-01-01T00:00:00.000Z,Hessen,Verwaltungsfachhochschulen,"Rechts-, Wirtschafts- und Sozialwissenschaften",5.0977E7
2019-01-01T00:00:00.000Z,Sachsen-Anhalt,Universitäten (ohne Medizinische Einrichtungen),"Kunst, Kunstwissenschaft",4137000.0
2020-01-01T00:00:00.000Z,Bremen,Theologische Hochschulen,"Mathematik, Naturwissenschaften",
2020-01-01T00:00:00.000Z,Nordrhein-Westfalen,Medizinische Einrichtungen der Universitäten,Humanmedizin/Gesundheitswissenschaften,6.746048E9
2020-01-01T00:00:00.000Z,Bremen,Theologische Hochschulen,"Kunst, Kunstwissenschaft",
2021-01-01T00:00:00.000Z,Saarland,Universitäten (ohne Medizinische Einrichtungen),Sport,1695000.0
2020-01-01T00:00:00.000Z,Bremen,Medizinische Einrichtungen der Universitäten,Geisteswissenschaften,
2020-01-01T00:00:00.000Z,Sachsen-Anhalt,Fachhochschulen,"Agrar-, Forst- u.Ernährungswiss., Veterinärmedizin",8439000.0
2022-01-01T00:00:00.000Z,Brandenburg,Fachhochschulen,Sport,929000.0
2020-01-01T00:00:00.000Z,Sachsen,Verwaltungsfachhochschulen,Zentr.Einrichtungen (o. klinikspez. Einrichtungen),2.7533E7
2021-01-01T00:00:00.000Z,Niedersachsen,Theologische Hochschulen,"Kunst, Kunstwissenschaft",
2021-01-01T00:00:00.000Z,Hamburg,Universitäten (ohne Medizinische Einrichtungen),Humanmedizin/Gesundheitswissenschaften,
2021-01-01T00:00:00.000Z,Bayern,Medizinische Einrichtungen der Universitäten,"Agrar-, Forst- u.Ernährungswiss., Veterinärmedizin",
2022-01-01T00:00:00.000Z,Hessen,Pädagogische Hochschulen,"Mathematik, Naturwissenschaften",
2019-01-01T00:00:00.000Z,Rheinland-Pfalz,Verwaltungsfachhochschulen,Geisteswissenschaften,
2019-01-01T00:00:00.000Z,Hessen,Fachhochschulen,"Rechts-, Wirtschafts- und Sozialwissenschaften",1.02311E8
2021-01-01T00:00:00.000Z,Saarland,Fachhochschulen,Zentr.Einrichtungen (o. klinikspez. Einrichtungen),1.964E7
2020-01-01T00:00:00.000Z,Brandenburg,Verwaltungsfachhochschulen,"Mathematik, Naturwissenschaften",
2022-01-01T00:00:00.000Z,Sachsen,Verwaltungsfachhochschulen,Ingenieurwissenschaften,
2021-01-01T00:00:00.000Z,Mecklenburg-Vorpommern,Kunsthochschulen,Zentr.Einrichtungen (o. klinikspez. Einrichtungen),4215000.0
2022-01-01T00:00:00.000Z,Saarland,Medizinische Einrichtungen der Universitäten,"Rechts-, Wirtschafts- und Sozialwissenschaften",
2020-01-01T00:00:00.000Z,Saarland,Universitäten (ohne Medizinische Einrichtungen),Humanmedizin/Gesundheitswissenschaften,
2021-01-01T00:00:00.000Z,Hamburg,Universitäten (ohne Medizinische Einrichtungen),Ingenieurwissenschaften,2.41183E8
2021-01-01T00:00:00.000Z,Rheinland-Pfalz,Theologische Hochschulen,Geisteswissenschaften,3653000.0
2022-01-01T00:00:00.000Z,Sachsen-Anhalt,Fachhochschulen,Humanmedizin/Gesundheitswissenschaften,1990000.0
2021-01-01T00:00:00.000Z,Schleswig-Holstein,Kunsthochschulen,"Kunst, Kunstwissenschaft",1.4308E7
2021-01-01T00:00:00.000Z,Thüringen,Universitäten (ohne Medizinische Einrichtungen),"Rechts-, Wirtschafts- und Sozialwissenschaften",6.5987E7
2021-01-01T00:00:00.000Z,Nordrhein-Westfalen,Fachhochschulen,"Kunst, Kunstwissenschaft",3.3306E7
2022-01-01T00:00:00.000Z,Saarland,Theologische Hochschulen,Ingenieurwissenschaften,
2020-01-01T00:00:00.000Z,Nordrhein-Westfalen,Theologische Hochschulen,Zentr.Einrichtungen (o. klinikspez. Einrichtungen),1028000.0
2021-01-01T00:00:00.000Z,Bremen,Kunsthochschulen,Zentr.Einrichtungen (o. klinikspez. Einrichtungen),8387000.0
2022-01-01T00:00:00.000Z,Rheinland-Pfalz,Universitäten (ohne Medizinische Einrichtungen),Geisteswissenschaften,8.3913E7
2020-01-01T00:00:00.000Z,Bayern,Pädagogische Hochschulen,Ingenieurwissenschaften,
2020-01-01T00:00:00.000Z,Rheinland-Pfalz,Kunsthochschulen,Sport,
2019-01-01T00:00:00.000Z,Mecklenburg-Vorpommern,Medizinische Einrichtungen der Universitäten,Sport,
2019-01-01T00:00:00.000Z,Sachsen-Anhalt,Kunsthochschulen,Geisteswissenschaften,
2021-01-01T00:00:00.000Z,Bremen,Verwaltungsfachhochschulen,"Kunst, Kunstwissenschaft",
2020-01-01T00:00:00.000Z,Mecklenburg-Vorpommern,Theologische Hochschulen,"Agrar-, Forst- u.Ernährungswiss., Veterinärmedizin",
2021-01-01T00:00:00.000Z,Bayern,Fachhochschulen,"Mathematik, Naturwissenschaften",2.0196E7
2022-01-01T00:00:00.000Z,Hamburg,Verwaltungsfachhochschulen,Geisteswissenschaften,
2022-01-01T00:00:00.000Z,Sachsen-Anhalt,Medizinische Einrichtungen der Universitäten,Humanmedizin/Gesundheitswissenschaften,1.194696E9
2022-01-01T00:00:00.000Z,Hamburg,Medizinische Einrichtungen der Universitäten,Sport,
2020-01-01T00:00:00.000Z,Nordrhein-Westfalen,Kunsthochschulen,Humanmedizin/Gesundheitswissenschaften,
2021-01-01T00:00:00.000Z,Sachsen,Verwaltungsfachhochschulen,Sport,
2021-01-01T00:00:00.000Z,Baden-Württemberg,Verwaltungsfachhochschulen,Sport,
2019-01-01T00:00:00.000Z,Bayern,Verwaltungsfachhochschulen,Zentr.Einrichtungen (o. klinikspez. Einrichtungen),1.5295E7
2021-01-01T00:00:00.000Z,Thüringen,Verwaltungsfachhochschulen,"Mathematik, Naturwissenschaften",
2022-01-01T00:00:00.000Z,Sachsen-Anhalt,Universitäten (ohne Medizinische Einrichtungen),Ingenieurwissenschaften,8.7112E7
2020-01-01T00:00:00.000Z,Mecklenburg-Vorpommern,Universitäten (ohne Medizinische Einrichtungen),"Mathematik, Naturwissenschaften",8.6178E7
2021-01-01T00:00:00.000Z,Rheinland-Pfalz,Verwaltungsfachhochschulen,"Mathematik, Naturwissenschaften",
2022-01-01T00:00:00.000Z,Niedersachsen,Kunsthochschulen,Geisteswissenschaften,213000.0
2020-01-01T00:00:00.000Z,Bremen,Universitäten (ohne Medizinische Einrichtungen),"Mathematik, Naturwissenschaften",9.2501E7
2020-01-01T00:00:00.000Z,Hessen,Fachhochschulen,"Kunst, Kunstwissenschaft",1.7244E7
2019-01-01T00:00:00.000Z,Niedersachsen,Medizinische Einrichtungen der Universitäten,Ingenieurwissenschaften,
2020-01-01T00:00:00.000Z,Schleswig-Holstein,Theologische Hochschulen,Sport,
2019-01-01T00:00:00.000Z,Niedersachsen,Universitäten (ohne Medizinische Einrichtungen),Humanmedizin/Gesundheitswissenschaften,
2019-01-01T00:00:00.000Z,Mecklenburg-Vorpommern,Verwaltungsfachhochschulen,Geisteswissenschaften,
2021-01-01T00:00:00.000Z,Brandenburg,Kunsthochschulen,"Mathematik, Naturwissenschaften",
2021-01-01T00:00:00.000Z,Sachsen,Theologische Hochschulen,Humanmedizin/Gesundheitswissenschaften,
2020-01-01T00:00:00.000Z,Hessen,Pädagogische Hochschulen,"Rechts-, Wirtschafts- und Sozialwissenschaften",
2020-01-01T00:00:00.000Z,Niedersachsen,Pädagogische Hochschulen,Humanmedizin/Gesundheitswissenschaften,
2020-01-01T00:00:00.000Z,Thüringen,Pädagogische Hochschulen,"Mathematik, Naturwissenschaften",
2021-01-01T00:00:00.000Z,Mecklenburg-Vorpommern,Verwaltungsfachhochschulen,"Agrar-, Forst- u.Ernährungswiss., Veterinärmedizin",
2022-01-01T00:00:00.000Z,Hamburg,Medizinische Einrichtungen der Universitäten,"Mathematik, Naturwissenschaften",
2021-01-01T00:00:00.000Z,Bayern,Verwaltungsfachhochschulen,"Kunst, Kunstwissenschaft",
2019-01-01T00:00:00.000Z,Brandenburg,Medizinische Einrichtungen der Universitäten,Ingenieurwissenschaften,
2019-01-01T00:00:00.000Z,Brandenburg,Fachhochschulen,"Rechts-, Wirtschafts- und Sozialwissenschaften",2.2412E7
2021-01-01T00:00:00.000Z,Baden-Württemberg,Universitäten (ohne Medizinische Einrichtungen),"Mathematik, Naturwissenschaften",7.04766E8
2020-01-01T00:00:00.000Z,Baden-Württemberg,Pädagogische Hochschulen,"Agrar-, Forst- u.Ernährungswiss., Veterinärmedizin",2128000.0
2019-01-01T00:00:00.000Z,Sachsen,Medizinische Einrichtungen der Universitäten,"Agrar-, Forst- u.Ernährungswiss., Veterinärmedizin",
2019-01-01T00:00:00.000Z,Niedersachsen,Universitäten (ohne Medizinische Einrichtungen),Geisteswissenschaften,1.18185E8
2022-01-01T00:00:00.000Z,Berlin,Kunsthochschulen,Sport,
2019-01-01T00:00:00.000Z,Sachsen-Anhalt,Pädagogische Hochschulen,Sport,
2021-01-01T00:00:00.000Z,Saarland,Kunsthochschulen,"Agrar-, Forst- u.Ernährungswiss., Veterinärmedizin",
2021-01-01T00:00:00.000Z,Sachsen-Anhalt,Pädagogische Hochschulen,"Kunst, Kunstwissenschaft",
2021-01-01T00:00:00.000Z,Sachsen,Pädagogische Hochschulen,Sport,
2021-01-01T00:00:00.000Z,Sachsen-Anhalt,Fachhochschulen,Geisteswissenschaften,328000.0
2019-01-01T00:00:00.000Z,Hessen,Kunsthochschulen,"Agrar-, Forst- u.Ernährungswiss., Veterinärmedizin",
2022-01-01T00:00:00.000Z,Thüringen,Kunsthochschulen,Ingenieurwissenschaften,
2019-01-01T00:00:00.000Z,Nordrhein-Westfalen,Medizinische Einrichtungen der Universitäten,"Kunst, Kunstwissenschaft",
2019-01-01T00:00:00.000Z,Thüringen,Theologische Hochschulen,"Kunst, Kunstwissenschaft",
2022-01-01T00:00:00.000Z,Schleswig-Holstein,Fachhochschulen,"Rechts-, Wirtschafts- und Sozialwissenschaften",4.1192E7
2021-01-01T00:00:00.000Z,Mecklenburg-Vorpommern,Verwaltungsfachhochschulen,Zentr.Einrichtungen (o. klinikspez. Einrichtungen),7903000.0
2020-01-01T00:00:00.000Z,Brandenburg,Medizinische Einrichtungen der Universitäten,Zentr.Einrichtungen (o. klinikspez. Einrichtungen),
2022-01-01T00:00:00.000Z,Bremen,Fachhochschulen,Ingenieurwissenschaften,2.8355E7
2021-01-01T00:00:00.000Z,Nordrhein-Westfalen,Theologische Hochschulen,"Rechts-, Wirtschafts- und Sozialwissenschaften",
2020-01-01T00:00:00.000Z,Saarland,Medizinische Einrichtungen der Universitäten,Geisteswissenschaften,
2021-01-01T00:00:00.000Z,Hessen,Pädagogische Hochschulen,Geisteswissenschaften,
2022-01-01T00:00:00.000Z,Berlin,Medizinische Einrichtungen der Universitäten,"Mathematik, Naturwissenschaften",
2019-01-01T00:00:00.000Z,Saarland,Universitäten (ohne Medizinische Einrichtungen),"Kunst, Kunstwissenschaft",893000.0
2022-01-01T00:00:00.000Z,Schleswig-Holstein,Universitäten (ohne Medizinische Einrichtungen),"Agrar-, Forst- u.Ernährungswiss., Veterinärmedizin",2.2872E7
2019-01-01T00:00:00.000Z,Baden-Württemberg,Universitäten (ohne Medizinische Einrichtungen),Humanmedizin/Gesundheitswissenschaften,
2022-01-01T00:00:00.000Z,Baden-Württemberg,Pädagogische Hochschulen,Humanmedizin/Gesundheitswissenschaften,3386000.0
2020-01-01T00:00:00.000Z,Schleswig-Holstein,Kunsthochschulen,"Mathematik, Naturwissenschaften",
2019-01-01T00:00:00.000Z,Rheinland-Pfalz,Pädagogische Hochschulen,Geisteswissenschaften,
2020-01-01T00:00:00.000Z,Mecklenburg-Vorpommern,Kunsthochschulen,"Agrar-, Forst- u.Ernährungswiss., Veterinärmedizin",
2021-01-01T00:00:00.000Z,Hessen,Verwaltungsfachhochschulen,Geisteswissenschaften,
2022-01-01T00:00:00.000Z,Brandenburg,Universitäten (ohne Medizinische Einrichtungen),Ingenieurwissenschaften,7.2624E7
2019-01-01T00:00:00.000Z,Nordrhein-Westfalen,Pädagogische Hochschulen,Sport,
2022-01-01T00:00:00.000Z,Nordrhein-Westfalen,Medizinische Einrichtungen der Universitäten,Humanmedizin/Gesundheitswissenschaften,7.376984E9
2022-01-01T00:00:00.000Z,Saarland,Theologische Hochschulen,Geisteswissenschaften,
2022-01-01T00:00:00.000Z,Rheinland-Pfalz,Pädagogische Hochschulen,Humanmedizin/Gesundheitswissenschaften,
2020-01-01T00:00:00.000Z,Bayern,Kunsthochschulen,"Rechts-, Wirtschafts- und Sozialwissenschaften",361000.0
2021-01-01T00:00:00.000Z,Saarland,Medizinische Einrichtungen der Universitäten,"Rechts-, Wirtschafts- und Sozialwissenschaften",
2019-01-01T00:00:00.000Z,Brandenburg,Fachhochschulen,"Agrar-, Forst- u.Ernährungswiss., Veterinärmedizin",1.1359E7
2021-01-01T00:00:00.000Z,Brandenburg,Pädagogische Hochschulen,"Kunst, Kunstwissenschaft",
2022-01-01T00:00:00.000Z,Brandenburg,Verwaltungsfachhochschulen,"Mathematik, Naturwissenschaften",
2022-01-01T00:00:00.000Z,Thüringen,Verwaltungsfachhochschulen,Sport,
2020-01-01T00:00:00.000Z,Baden-Württemberg,Fachhochschulen,Zentr.Einrichtungen (o. klinikspez. Einrichtungen),5.66945E8
2020-01-01T00:00:00.000Z,Sachsen-Anhalt,Kunsthochschulen,"Rechts-, Wirtschafts- und Sozialwissenschaften",
2021-01-01T00:00:00.000Z,Hessen,Pädagogische Hochschulen,"Agrar-, Forst- u.Ernährungswiss., Veterinärmedizin",
2021-01-01T00:00:00.000Z,Bremen,Pädagogische Hochschulen,"Agrar-, Forst- u.Ernährungswiss., Veterinärmedizin",
2019-01-01T00:00:00.000Z,Nordrhein-Westfalen,Universitäten (ohne Medizinische Einrichtungen),Zentr.Einrichtungen (o. klinikspez. Einrichtungen),2.308438E9
2019-01-01T00:00:00.000Z,Rheinland-Pfalz,Theologische Hochschulen,"Kunst, Kunstwissenschaft",
2021-01-01T00:00:00.000Z,Thüringen,Kunsthochschulen,Humanmedizin/Gesundheitswissenschaften,
2021-01-01T00:00:00.000Z,Schleswig-Holstein,Verwaltungsfachhochschulen,Zentr.Einrichtungen (o. klinikspez. Einrichtungen),
2021-01-01T00:00:00.000Z,Brandenburg,Verwaltungsfachhochschulen,Ingenieurwissenschaften,
2019-01-01T00:00:00.000Z,Sachsen-Anhalt,Verwaltungsfachhochschulen,"Agrar-, Forst- u.Ernährungswiss., Veterinärmedizin",
2020-01-01T00:00:00.000Z,Berlin,Verwaltungsfachhochschulen,Geisteswissenschaften,
2022-01-01T00:00:00.000Z,Mecklenburg-Vorpommern,Kunsthochschulen,"Rechts-, Wirtschafts- und Sozialwissenschaften",
2021-01-01T00:00:00.000Z,Bremen,Medizinische Einrichtungen der Universitäten,"Mathematik, Naturwissenschaften",
2021-01-01T00:00:00.000Z,Nordrhein-Westfalen,Verwaltungsfachhochschulen,"Rechts-, Wirtschafts- und Sozialwissenschaften",1.34379E8
2020-01-01T00:00:00.000Z,Baden-Württemberg,Pädagogische Hochschulen,"Kunst, Kunstwissenschaft",6487000.0
2021-01-01T00:00:00.000Z,Niedersachsen,Fachhochschulen,Ingenieurwissenschaften,1.65746E8
2020-01-01T00:00:00.000Z,Sachsen-Anhalt,Verwaltungsfachhochschulen,"Kunst, Kunstwissenschaft",
2021-01-01T00:00:00.000Z,Hamburg,Pädagogische Hochschulen,"Mathematik, Naturwissenschaften",
2020-01-01T00:00:00.000Z,Sachsen,Pädagogische Hochschulen,Zentr.Einrichtungen (o. klinikspez. Einrichtungen),
2020-01-01T00:00:00.000Z,Rheinland-Pfalz,Pädagogische Hochschulen,Sport,
2022-01-01T00:00:00.000Z,Baden-Württemberg,Pädagogische Hochschulen,"Rechts-, Wirtschafts- und Sozialwissenschaften",4.3822E7
2021-01-01T00:00:00.000Z,Bayern,Theologische Hochschulen,Zentr.Einrichtungen (o. klinikspez. Einrichtungen),2309000.0
2019-01-01T00:00:00.000Z,Niedersachsen,Theologische Hochschulen,Zentr.Einrichtungen (o. klinikspez. Einrichtungen),
2022-01-01T00:00:00.000Z,Saarland,Medizinische Einrichtungen der Universitäten,Humanmedizin/Gesundheitswissenschaften,7.0459E8
2022-01-01T00:00:00.000Z,Thüringen,Theologische Hochschulen,"Mathematik, Naturwissenschaften",
2020-01-01T00:00:00.000Z,Thüringen,Universitäten (ohne Medizinische Einrichtungen),"Agrar-, Forst- u.Ernährungswiss., Veterinärmedizin",3416000.0
2022-01-01T00:00:00.000Z,Schleswig-Holstein,Theologische Hochschulen,Ingenieurwissenschaften,
2020-01-01T00:00:00.000Z,Brandenburg,Pädagogische Hochschulen,"Rechts-, Wirtschafts- und Sozialwissenschaften",
2019-01-01T00:00:00.000Z,Mecklenburg-Vorpommern,Verwaltungsfachhochschulen,"Mathematik, Naturwissenschaften",
2019-01-01T00:00:00.000Z,Niedersachsen,Universitäten (ohne Medizinische Einrichtungen),Sport,1.027E7
2019-01-01T00:00:00.000Z,Mecklenburg-Vorpommern,Pädagogische Hochschulen,"Mathematik, Naturwissenschaften",
2020-01-01T00:00:00.000Z,Sachsen-Anhalt,Kunsthochschulen,"Agrar-, Forst- u.Ernährungswiss., Veterinärmedizin",
2020-01-01T00:00:00.000Z,Bremen,Kunsthochschulen,"Mathematik, Naturwissenschaften",
2022-01-01T00:00:00.000Z,Saarland,Pädagogische Hochschulen,"Agrar-, Forst- u.Ernährungswiss., Veterinärmedizin",
2019-01-01T00:00:00.000Z,Bayern,Theologische Hochschulen,Ingenieurwissenschaften,
2022-01-01T00:00:00.000Z,Sachsen,Fachhochschulen,Zentr.Einrichtungen (o. klinikspez. Einrichtungen),1.0702E8
2021-01-01T00:00:00.000Z,Saarland,Pädagogische Hochschulen,"Kunst, Kunstwissenschaft",
2021-01-01T00:00:00.000Z,Sachsen,Fachhochschulen,Geisteswissenschaften,3845000.0
2022-01-01T00:00:00.000Z,Sachsen-Anhalt,Kunsthochschulen,Geisteswissenschaften,
2019-01-01T00:00:00.000Z,Rheinland-Pfalz,Pädagogische Hochschulen,"Mathematik, Naturwissenschaften",
2019-01-01T00:00:00.000Z,Sachsen-Anhalt,Theologische Hochschulen,Ingenieurwissenschaften,
2019-01-01T00:00:00.000Z,Sachsen,Fachhochschulen,"Agrar-, Forst- u.Ernährungswiss., Veterinärmedizin",4168000.0
2020-01-01T00:00:00.000Z,Nordrhein-Westfalen,Verwaltungsfachhochschulen,Geisteswissenschaften,
2020-01-01T00:00:00.000Z,Hamburg,Fachhochschulen,"Kunst, Kunstwissenschaft",7776000.0
2019-01-01T00:00:00.000Z,Niedersachsen,Pädagogische Hochschulen,Sport,
2022-01-01T00:00:00.000Z,Rheinland-Pfalz,Kunsthochschulen,"Rechts-, Wirtschafts- und Sozialwissenschaften",
2020-01-01T00:00:00.000Z,Hessen,Verwaltungsfachhochschulen,"Mathematik, Naturwissenschaften",875000.0
2021-01-01T00:00:00.000Z,Sachsen-Anhalt,Theologische Hochschulen,Sport,
2021-01-01T00:00:00.000Z,Niedersachsen,Medizinische Einrichtungen der Universitäten,Humanmedizin/Gesundheitswissenschaften,2.087375E9
2022-01-01T00:00:00.000Z,Bayern,Pädagogische Hochschulen,Humanmedizin/Gesundheitswissenschaften,
2020-01-01T00:00:00.000Z,Saarland,Kunsthochschulen,"Mathematik, Naturwissenschaften",
2020-01-01T00:00:00.000Z,Hessen,Kunsthochschulen,Zentr.Einrichtungen (o. klinikspez. Einrichtungen),2.1942E7
2019-01-01T00:00:00.000Z,Bayern,Fachhochschulen,Humanmedizin/Gesundheitswissenschaften,1.5583E7
2019-01-01T00:00:00.000Z,Mecklenburg-Vorpommern,Kunsthochschulen,Zentr.Einrichtungen (o. klinikspez. Einrichtungen),3333000.0
2021-01-01T00:00:00.000Z,Sachsen,Pädagogische Hochschulen,"Kunst, Kunstwissenschaft",
2021-01-01T00:00:00.000Z,Brandenburg,Universitäten (ohne Medizinische Einrichtungen),"Rechts-, Wirtschafts- und Sozialwissenschaften",6.8252E7
2021-01-01T00:00:00.000Z,Schleswig-Holstein,Kunsthochschulen,"Mathematik, Naturwissenschaften",
2020-01-01T00:00:00.000Z,Berlin,Kunsthochschulen,"Agrar-, Forst- u.Ernährungswiss., Veterinärmedizin",
2020-01-01T00:00:00.000Z,Sachsen,Verwaltungsfachhochschulen,"Agrar-, Forst- u.Ernährungswiss., Veterinärmedizin",
2020-01-01T00:00:00.000Z,Nordrhein-Westfalen,Pädagogische Hochschulen,"Mathematik, Naturwissenschaften",
2022-01-01T00:00:00.000Z,Rheinland-Pfalz,Verwaltungsfachhochschulen,Geisteswissenschaften,
2020-01-01T00:00:00.000Z,Hessen,Kunsthochschulen,Geisteswissenschaften,
2020-01-01T00:00:00.000Z,Sachsen-Anhalt,Theologische Hochschulen,Zentr.Einrichtungen (o. klinikspez. Einrichtungen),4762000.0
2021-01-01T00:00:00.000Z,Bremen,Theologische Hochschulen,Ingenieurwissenschaften,
2019-01-01T00:00:00.000Z,Niedersachsen,Theologische Hochschulen,"Kunst, Kunstwissenschaft",
2020-01-01T00:00:00.000Z,Saarland,Medizinische Einrichtungen der Universitäten,"Mathematik, Naturwissenschaften",
2019-01-01T00:00:00.000Z,Schleswig-Holstein,Universitäten (ohne Medizinische Einrichtungen),Zentr.Einrichtungen (o. klinikspez. Einrichtungen),1.57947E8
2019-01-01T00:00:00.000Z,Sachsen,Fachhochschulen,Ingenieurwissenschaften,1.14136E8
2021-01-01T00:00:00.000Z,Schleswig-Holstein,Fachhochschulen,Zentr.Einrichtungen (o. klinikspez. Einrichtungen),6.9241E7
2020-01-01T00:00:00.000Z,Hessen,Kunsthochschulen,Humanmedizin/Gesundheitswissenschaften,
2021-01-01T00:00:00.000Z,Mecklenburg-Vorpommern,Theologische Hochschulen,"Agrar-, Forst- u.Ernährungswiss., Veterinärmedizin",
2022-01-01T00:00:00.000Z,Sachsen,Pädagogische Hochschulen,"Agrar-, Forst- u.Ernährungswiss., Veterinärmedizin",
2020-01-01T00:00:00.000Z,Bayern,Universitäten (ohne Medizinische Einrichtungen),"Kunst, Kunstwissenschaft",3.37E7
2020-01-01T00:00:00.000Z,Brandenburg,Fachhochschulen,Ingenieurwissenschaften,2.6048E7
2019-01-01T00:00:00.000Z,Nordrhein-Westfalen,Fachhochschulen,Humanmedizin/Gesundheitswissenschaften,3.8235E7
2020-01-01T00:00:00.000Z,Schleswig-Holstein,Universitäten (ohne Medizinische Einrichtungen),Sport,3252000.0
2020-01-01T00:00:00.000Z,Sachsen-Anhalt,Universitäten (ohne Medizinische Einrichtungen),Zentr.Einrichtungen (o. klinikspez. Einrichtungen),2.10863E8
2020-01-01T00:00:00.000Z,Berlin,Pädagogische Hochschulen,"Mathematik, Naturwissenschaften",
2020-01-01T00:00:00.000Z,Berlin,Verwaltungsfachhochschulen,"Rechts-, Wirtschafts- und Sozialwissenschaften",1.2299E7
2019-01-01T00:00:00.000Z,Brandenburg,Kunsthochschulen,"Mathematik, Naturwissenschaften",
2020-01-01T00:00:00.000Z,Rheinland-Pfalz,Verwaltungsfachhochschulen,"Kunst, Kunstwissenschaft",
2021-01-01T00:00:00.000Z,Saarland,Theologische Hochschulen,Ingenieurwissenschaften,
2021-01-01T00:00:00.000Z,Bayern,Verwaltungsfachhochschulen,Sport,
2020-01-01T00:00:00.000Z,Baden-Württemberg,Theologische Hochschulen,"Mathematik, Naturwissenschaften",
2022-01-01T00:00:00.000Z,Niedersachsen,Fachhochschulen,Humanmedizin/Gesundheitswissenschaften,1.1707E7
2019-01-01T00:00:00.000Z,Rheinland-Pfalz,Verwaltungsfachhochschulen,"Agrar-, Forst- u.Ernährungswiss., Veterinärmedizin",
2021-01-01T00:00:00.000Z,Nordrhein-Westfalen,Universitäten (ohne Medizinische Einrichtungen),"Mathematik, Naturwissenschaften",9.91404E8
2020-01-01T00:00:00.000Z,Hessen,Fachhochschulen,Ingenieurwissenschaften,1.43939E8
2021-01-01T00:00:00.000Z,Hamburg,Verwaltungsfachhochschulen,Geisteswissenschaften,
2022-01-01T00:00:00.000Z,Hessen,Verwaltungsfachhochschulen,Ingenieurwissenschaften,65000.0
2019-01-01T00:00:00.000Z,Bayern,Universitäten (ohne Medizinische Einrichtungen),Zentr.Einrichtungen (o. klinikspez. Einrichtungen),1.145692E9
2019-01-01T00:00:00.000Z,Nordrhein-Westfalen,Medizinische Einrichtungen der Universitäten,"Rechts-, Wirtschafts- und Sozialwissenschaften",
2020-01-01T00:00:00.000Z,Rheinland-Pfalz,Theologische Hochschulen,"Agrar-, Forst- u.Ernährungswiss., Veterinärmedizin",
2020-01-01T00:00:00.000Z,Schleswig-Holstein,Theologische Hochschulen,Humanmedizin/Gesundheitswissenschaften,
2021-01-01T00:00:00.000Z,Sachsen-Anhalt,Verwaltungsfachhochschulen,Sport,
2022-01-01T00:00:00.000Z,Sachsen,Theologische Hochschulen,Humanmedizin/Gesundheitswissenschaften,
2019-01-01T00:00:00.000Z,Hessen,Kunsthochschulen,"Mathematik, Naturwissenschaften",
2022-01-01T00:00:00.000Z,Schleswig-Holstein,Theologische Hochschulen,"Kunst, Kunstwissenschaft",
2022-01-01T00:00:00.000Z,Hessen,Universitäten (ohne Medizinische Einrichtungen),"Rechts-, Wirtschafts- und Sozialwissenschaften",3.48101E8
2019-01-01T00:00:00.000Z,Mecklenburg-Vorpommern,Universitäten (ohne Medizinische Einrichtungen),Ingenieurwissenschaften,4.5022E7
2022-01-01T00:00:00.000Z,Berlin,Universitäten (ohne Medizinische Einrichtungen),Ingenieurwissenschaften,2.7393E8
2020-01-01T00:00:00.000Z,Niedersachsen,Medizinische Einrichtungen der Universitäten,Ingenieurwissenschaften,
2022-01-01T00:00:00.000Z,Brandenburg,Verwaltungsfachhochschulen,Sport,
2022-01-01T00:00:00.000Z,Brandenburg,Theologische Hochschulen,Geisteswissenschaften,
2020-01-01T00:00:00.000Z,Hessen,Verwaltungsfachhochschulen,"Agrar-, Forst- u.Ernährungswiss., Veterinärmedizin",
2021-01-01T00:00:00.000Z,Brandenburg,Kunsthochschulen,Humanmedizin/Gesundheitswissenschaften,
2021-01-01T00:00:00.000Z,Berlin,Theologische Hochschulen,Sport,
2019-01-01T00:00:00.000Z,Baden-Württemberg,Fachhochschulen,Geisteswissenschaften,1.1116E7
2019-01-01T00:00:00.000Z,Rheinland-Pfalz,Pädagogische Hochschulen,Sport,
2022-01-01T00:00:00.000Z,Hamburg,Kunsthochschulen,"Kunst, Kunstwissenschaft",2.7275E7
2022-01-01T00:00:00.000Z,Niedersachsen,Theologische Hochschulen,Zentr.Einrichtungen (o. klinikspez. Einrichtungen),
2019-01-01T00:00:00.000Z,Sachsen,Pädagogische Hochschulen,"Rechts-, Wirtschafts- und Sozialwissenschaften",
2022-01-01T00:00:00.000Z,Mecklenburg-Vorpommern,Kunsthochschulen,Zentr.Einrichtungen (o. klinikspez. Einrichtungen),5090000.0
2019-01-01T00:00:00.000Z,Baden-Württemberg,Fachhochschulen,Ingenieurwissenschaften,3.75954E8
2022-01-01T00:00:00.000Z,Sachsen-Anhalt,Fachhochschulen,"Mathematik, Naturwissenschaften",
2020-01-01T00:00:00.000Z,Niedersachsen,Theologische Hochschulen,Geisteswissenschaften,
2019-01-01T00:00:00.000Z,Berlin,Kunsthochschulen,Sport,
2019-01-01T00:00:00.000Z,Saarland,Pädagogische Hochschulen,Humanmedizin/Gesundheitswissenschaften,
2019-01-01T00:00:00.000Z,Thüringen,Pädagogische Hochschulen,"Agrar-, Forst- u.Ernährungswiss., Veterinärmedizin",
2020-01-01T00:00:00.000Z,Baden-Württemberg,Universitäten (ohne Medizinische Einrichtungen),"Agrar-, Forst- u.Ernährungswiss., Veterinärmedizin",9.0482E7
2020-01-01T00:00:00.000Z,Bayern,Fachhochschulen,Zentr.Einrichtungen (o. klinikspez. Einrichtungen),4.12801E8
2022-01-01T00:00:00.000Z,Mecklenburg-Vorpommern,Verwaltungsfachhochschulen,Geisteswissenschaften,
2022-01-01T00:00:00.000Z,Baden-Württemberg,Medizinische Einrichtungen der Universitäten,Humanmedizin/Gesundheitswissenschaften,5.135774E9
2019-01-01T00:00:00.000Z,Thüringen,Fachhochschulen,Zentr.Einrichtungen (o. klinikspez. Einrichtungen),4.9746E7
2021-01-01T00:00:00.000Z,Baden-Württemberg,Pädagogische Hochschulen,"Agrar-, Forst- u.Ernährungswiss., Veterinärmedizin",2048000.0
2022-01-01T00:00:00.000Z,Niedersachsen,Medizinische Einrichtungen der Universitäten,"Rechts-, Wirtschafts- und Sozialwissenschaften",
2020-01-01T00:00:00.000Z,Hamburg,Kunsthochschulen,Geisteswissenschaften,
2020-01-01T00:00:00.000Z,Berlin,Kunsthochschulen,"Rechts-, Wirtschafts- und Sozialwissenschaften",
2022-01-01T00:00:00.000Z,Schleswig-Holstein,Kunsthochschulen,Sport,
2021-01-01T00:00:00.000Z,Thüringen,Medizinische Einrichtungen der Universitäten,Ingenieurwissenschaften,
2022-01-01T00:00:00.000Z,Nordrhein-Westfalen,Pädagogische Hochschulen,Humanmedizin/Gesundheitswissenschaften,
2022-01-01T00:00:00.000Z,Berlin,Kunsthochschulen,Geisteswissenschaften,3188000.0
2020-01-01T00:00:00.000Z,Hessen,Universitäten (ohne Medizinische Einrichtungen),Ingenieurwissenschaften,2.78134E8
2020-01-01T00:00:00.000Z,Sachsen-Anhalt,Fachhochschulen,Humanmedizin/Gesundheitswissenschaften,
2022-01-01T00:00:00.000Z,Bremen,Universitäten (ohne Medizinische Einrichtungen),Humanmedizin/Gesundheitswissenschaften,
2022-01-01T00:00:00.000Z,Mecklenburg-Vorpommern,Pädagogische Hochschulen,"Mathematik, Naturwissenschaften",
2021-01-01T00:00:00.000Z,Sachsen-Anhalt,Kunsthochschulen,"Mathematik, Naturwissenschaften",
2022-01-01T00:00:00.000Z,Nordrhein-Westfalen,Medizinische Einrichtungen der Universitäten,Geisteswissenschaften,
2021-01-01T00:00:00.000Z,Hessen,Theologische Hochschulen,Geisteswissenschaften,1.0372E7
2019-01-01T00:00:00.000Z,Hessen,Pädagogische Hochschulen,Ingenieurwissenschaften,
2022-01-01T00:00:00.000Z,Niedersachsen,Fachhochschulen,Sport,
2020-01-01T00:00:00.000Z,Niedersachsen,Theologische Hochschulen,"Agrar-, Forst- u.Ernährungswiss., Veterinärmedizin",
2020-01-01T00:00:00.000Z,Thüringen,Medizinische Einrichtungen der Universitäten,Zentr.Einrichtungen (o. klinikspez. Einrichtungen),
2021-01-01T00:00:00.000Z,Thüringen,Universitäten (ohne Medizinische Einrichtungen),"Kunst, Kunstwissenschaft",8879000.0
2022-01-01T00:00:00.000Z,Thüringen,Medizinische Einrichtungen der Universitäten,Humanmedizin/Gesundheitswissenschaften,6.7507E8
2020-01-01T00:00:00.000Z,Mecklenburg-Vorpommern,Theologische Hochschulen,Ingenieurwissenschaften,
2019-01-01T00:00:00.000Z,Berlin,Kunsthochschulen,Ingenieurwissenschaften,1165000.0
2021-01-01T00:00:00.000Z,Bayern,Kunsthochschulen,"Mathematik, Naturwissenschaften",
2020-01-01T00:00:00.000Z,Berlin,Universitäten (ohne Medizinische Einrichtungen),Zentr.Einrichtungen (o. klinikspez. Einrichtungen),5.6285E8
2020-01-01T00:00:00.000Z,Mecklenburg-Vorpommern,Theologische Hochschulen,"Kunst, Kunstwissenschaft",
2020-01-01T00:00:00.000Z,Sachsen-Anhalt,Theologische Hochschulen,"Rechts-, Wirtschafts- und Sozialwissenschaften",572000.0
2021-01-01T00:00:00.000Z,Berlin,Medizinische Einrichtungen der Universitäten,"Rechts-, Wirtschafts- und Sozialwissenschaften",
2020-01-01T00:00:00.000Z,Saarland,Verwaltungsfachhochschulen,Sport,
2022-01-01T00:00:00.000Z,Sachsen-Anhalt,Verwaltungsfachhochschulen,Zentr.Einrichtungen (o. klinikspez. Einrichtungen),
2022-01-01T00:00:00.000Z,Bremen,Universitäten (ohne Medizinische Einrichtungen),"Rechts-, Wirtschafts- und Sozialwissenschaften",4.2029E7
2021-01-01T00:00:00.000Z,Berlin,Theologische Hochschulen,Humanmedizin/Gesundheitswissenschaften,
2019-01-01T00:00:00.000Z,Baden-Württemberg,Pädagogische Hochschulen,"Rechts-, Wirtschafts- und Sozialwissenschaften",3.8314E7
2019-01-01T00:00:00.000Z,Rheinland-Pfalz,Pädagogische Hochschulen,Humanmedizin/Gesundheitswissenschaften,
2019-01-01T00:00:00.000Z,Hamburg,Medizinische Einrichtungen der Universitäten,Zentr.Einrichtungen (o. klinikspez. Einrichtungen),
2022-01-01T00:00:00.000Z,Niedersachsen,Universitäten (ohne Medizinische Einrichtungen),Sport,9754000.0
2021-01-01T00:00:00.000Z,Thüringen,Universitäten (ohne Medizinische Einrichtungen),Geisteswissenschaften,4.7163E7
2021-01-01T00:00:00.000Z,Baden-Württemberg,Pädagogische Hochschulen,Geisteswissenschaften,2.626E7
2022-01-01T00:00:00.000Z,Rheinland-Pfalz,Fachhochschulen,Humanmedizin/Gesundheitswissenschaften,5376000.0
2021-01-01T00:00:00.000Z,Bremen,Theologische Hochschulen,Humanmedizin/Gesundheitswissenschaften,
2021-01-01T00:00:00.000Z,Mecklenburg-Vorpommern,Pädagogische Hochschulen,Sport,
2020-01-01T00:00:00.000Z,Nordrhein-Westfalen,Medizinische Einrichtungen der Universitäten,Ingenieurwissenschaften,
2019-01-01T00:00:00.000Z,Niedersachsen,Medizinische Einrichtungen der Universitäten,"Rechts-, Wirtschafts- und Sozialwissenschaften",
2021-01-01T00:00:00.000Z,Rheinland-Pfalz,Universitäten (ohne Medizinische Einrichtungen),"Agrar-, Forst- u.Ernährungswiss., Veterinärmedizin",17000.0
2021-01-01T00:00:00.000Z,Thüringen,Verwaltungsfachhochschulen,Geisteswissenschaften,
2022-01-01T00:00:00.000Z,Brandenburg,Pädagogische Hochschulen,Sport,
2022-01-01T00:00:00.000Z,Nordrhein-Westfalen,Medizinische Einrichtungen der Universitäten,"Rechts-, Wirtschafts- und Sozialwissenschaften",
2020-01-01T00:00:00.000Z,Berlin,Universitäten (ohne Medizinische Einrichtungen),"Kunst, Kunstwissenschaft",1.7398E7
2019-01-01T00:00:00.000Z,Hessen,Kunsthochschulen,Geisteswissenschaften,
2020-01-01T00:00:00.000Z,Bremen,Verwaltungsfachhochschulen,Sport,
2019-01-01T00:00:00.000Z,Brandenburg,Pädagogische Hochschulen,"Agrar-, Forst- u.Ernährungswiss., Veterinärmedizin",
2019-01-01T00:00:00.000Z,Rheinland-Pfalz,Kunsthochschulen,"Rechts-, Wirtschafts- und Sozialwissenschaften",
2020-01-01T00:00:00.000Z,Bremen,Universitäten (ohne Medizinische Einrichtungen),Ingenieurwissenschaften,7.101E7
2022-01-01T00:00:00.000Z,Baden-Württemberg,Medizinische Einrichtungen der Universitäten,Zentr.Einrichtungen (o. klinikspez. Einrichtungen),
2022-01-01T00:00:00.000Z,Bayern,Fachhochschulen,"Agrar-, Forst- u.Ernährungswiss., Veterinärmedizin",1.8105E7
2021-01-01T00:00:00.000Z,Baden-Württemberg,Theologische Hochschulen,Humanmedizin/Gesundheitswissenschaften,
2022-01-01T00:00:00.000Z,Berlin,Fachhochschulen,"Kunst, Kunstwissenschaft",1.7718E7
2019-01-01T00:00:00.000Z,Baden-Württemberg,Verwaltungsfachhochschulen,Ingenieurwissenschaften,
2019-01-01T00:00:00.000Z,Niedersachsen,Pädagogische Hochschulen,Humanmedizin/Gesundheitswissenschaften,
2020-01-01T00:00:00.000Z,Mecklenburg-Vorpommern,Verwaltungsfachhochschulen,"Rechts-, Wirtschafts- und Sozialwissenschaften",6115000.0
2019-01-01T00:00:00.000Z,Baden-Württemberg,Verwaltungsfachhochschulen,"Kunst, Kunstwissenschaft",
2022-01-01T00:00:00.000Z,Berlin,Kunsthochschulen,Zentr.Einrichtungen (o. klinikspez. Einrichtungen),
2022-01-01T00:00:00.000Z,Berlin,Verwaltungsfachhochschulen,"Mathematik, Naturwissenschaften",
2019-01-01T00:00:00.000Z,Saarland,Universitäten (ohne Medizinische Einrichtungen),Geisteswissenschaften,2.427E7
2021-01-01T00:00:00.000Z,Baden-Württemberg,Universitäten (ohne Medizinische Einrichtungen),"Kunst, Kunstwissenschaft",8177000.0
2022-01-01T00:00:00.000Z,Nordrhein-Westfalen,Kunsthochschulen,Sport,
2019-01-01T00:00:00.000Z,Mecklenburg-Vorpommern,Pädagogische Hochschulen,Geisteswissenschaften,
2020-01-01T00:00:00.000Z,Thüringen,Medizinische Einrichtungen der Universitäten,Sport,
2019-01-01T00:00:00.000Z,Bremen,Fachhochschulen,Geisteswissenschaften,
2022-01-01T00:00:00.000Z,Bayern,Pädagogische Hochschulen,Ingenieurwissenschaften,
2020-01-01T00:00:00.000Z,Saarland,Universitäten (ohne Medizinische Einrichtungen),"Agrar-, Forst- u.Ernährungswiss., Veterinärmedizin",
2022-01-01T00:00:00.000Z,Rheinland-Pfalz,Pädagogische Hochschulen,"Mathematik, Naturwissenschaften",
2022-01-01T00:00:00.000Z,Thüringen,Theologische Hochschulen,Geisteswissenschaften,
2020-01-01T00:00:00.000Z,Niedersachsen,Medizinische Einrichtungen der Universitäten,Geisteswissenschaften,
2022-01-01T00:00:00.000Z,Brandenburg,Medizinische Einrichtungen der Universitäten,Ingenieurwissenschaften,
2019-01-01T00:00:00.000Z,Brandenburg,Pädagogische Hochschulen,Ingenieurwissenschaften,
2020-01-01T00:00:00.000Z,Rheinland-Pfalz,Fachhochschulen,Zentr.Einrichtungen (o. klinikspez. Einrichtungen),8.6864E7
2022-01-01T00:00:00.000Z,Brandenburg,Fachhochschulen,"Agrar-, Forst- u.Ernährungswiss., Veterinärmedizin",1.4926E7
2021-01-01T00:00:00.000Z,Hessen,Medizinische Einrichtungen der Universitäten,"Mathematik, Naturwissenschaften",
2021-01-01T00:00:00.000Z,Hamburg,Fachhochschulen,"Rechts-, Wirtschafts- und Sozialwissenschaften",9.2165E7
2022-01-01T00:00:00.000Z,Schleswig-Holstein,Pädagogische Hochschulen,Humanmedizin/Gesundheitswissenschaften,
2019-01-01T00:00:00.000Z,Hamburg,Medizinische Einrichtungen der Universitäten,Geisteswissenschaften,
2022-01-01T00:00:00.000Z,Bayern,Fachhochschulen,"Mathematik, Naturwissenschaften",1.9442E7
2021-01-01T00:00:00.000Z,Sachsen,Verwaltungsfachhochschulen,Ingenieurwissenschaften,
2021-01-01T00:00:00.000Z,Hamburg,Theologische Hochschulen,Geisteswissenschaften,
2022-01-01T00:00:00.000Z,Rheinland-Pfalz,Fachhochschulen,Sport,
2020-01-01T00:00:00.000Z,Sachsen,Fachhochschulen,"Rechts-, Wirtschafts- und Sozialwissenschaften",3.2104E7
2021-01-01T00:00:00.000Z,Brandenburg,Kunsthochschulen,Geisteswissenschaften,
2019-01-01T00:00:00.000Z,Schleswig-Holstein,Theologische Hochschulen,Zentr.Einrichtungen (o. klinikspez. Einrichtungen),
2022-01-01T00:00:00.000Z,Hessen,Medizinische Einrichtungen der Universitäten,"Kunst, Kunstwissenschaft",
2019-01-01T00:00:00.000Z,Berlin,Kunsthochschulen,"Kunst, Kunstwissenschaft",6.2343E7
2022-01-01T00:00:00.000Z,Hessen,Kunsthochschulen,"Mathematik, Naturwissenschaften",
2021-01-01T00:00:00.000Z,Baden-Württemberg,Medizinische Einrichtungen der Universitäten,Geisteswissenschaften,
2021-01-01T00:00:00.000Z,Thüringen,Pädagogische Hochschulen,"Mathematik, Naturwissenschaften",
2022-01-01T00:00:00.000Z,Sachsen,Kunsthochschulen,Ingenieurwissenschaften,
2022-01-01T00:00:00.000Z,Brandenburg,Verwaltungsfachhochschulen,"Agrar-, Forst- u.Ernährungswiss., Veterinärmedizin",
2019-01-01T00:00:00.000Z,Schleswig-Holstein,Medizinische Einrichtungen der Universitäten,Sport,
2019-01-01T00:00:00.000Z,Schleswig-Holstein,Kunsthochschulen,"Agrar-, Forst- u.Ernährungswiss., Veterinärmedizin",
2021-01-01T00:00:00.000Z,Nordrhein-Westfalen,Verwaltungsfachhochschulen,Zentr.Einrichtungen (o. klinikspez. Einrichtungen),5.2247E7
2019-01-01T00:00:00.000Z,Sachsen-Anhalt,Fachhochschulen,"Mathematik, Naturwissenschaften",
2021-01-01T00:00:00.000Z,Bremen,Pädagogische Hochschulen,Geisteswissenschaften,
2021-01-01T00:00:00.000Z,Saarland,Fachhochschulen,Geisteswissenschaften,
2020-01-01T00:00:00.000Z,Hamburg,Universitäten (ohne Medizinische Einrichtungen),"Agrar-, Forst- u.Ernährungswiss., Veterinärmedizin",
2022-01-01T00:00:00.000Z,Hessen,Kunsthochschulen,"Kunst, Kunstwissenschaft",1.592E7
2021-01-01T00:00:00.000Z,Mecklenburg-Vorpommern,Medizinische Einrichtungen der Universitäten,Sport,
2022-01-01T00:00:00.000Z,Brandenburg,Kunsthochschulen,"Mathematik, Naturwissenschaften",
2021-01-01T00:00:00.000Z,Sachsen,Medizinische Einrichtungen der Universitäten,Geisteswissenschaften,
2021-01-01T00:00:00.000Z,Brandenburg,Fachhochschulen,"Kunst, Kunstwissenschaft",1.341E7
2020-01-01T00:00:00.000Z,Baden-Württemberg,Verwaltungsfachhochschulen,"Mathematik, Naturwissenschaften",
2022-01-01T00:00:00.000Z,Thüringen,Pädagogische Hochschulen,Sport,
2020-01-01T00:00:00.000Z,Berlin,Universitäten (ohne Medizinische Einrichtungen),Geisteswissenschaften,1.3588E8
2022-01-01T00:00:00.000Z,Saarland,Medizinische Einrichtungen der Universitäten,Ingenieurwissenschaften,
2020-01-01T00:00:00.000Z,Bayern,Universitäten (ohne Medizinische Einrichtungen),Sport,5.7833E7
2020-01-01T00:00:00.000Z,Mecklenburg-Vorpommern,Kunsthochschulen,Humanmedizin/Gesundheitswissenschaften,
2019-01-01T00:00:00.000Z,Hamburg,Kunsthochschulen,Geisteswissenschaften,
2021-01-01T00:00:00.000Z,Sachsen-Anhalt,Universitäten (ohne Medizinische Einrichtungen),"Agrar-, Forst- u.Ernährungswiss., Veterinärmedizin",1.0653E7
2019-01-01T00:00:00.000Z,Nordrhein-Westfalen,Kunsthochschulen,Ingenieurwissenschaften,853000.0
2021-01-01T00:00:00.000Z,Berlin,Medizinische Einrichtungen der Universitäten,Humanmedizin/Gesundheitswissenschaften,2.332049E9
2020-01-01T00:00:00.000Z,Schleswig-Holstein,Verwaltungsfachhochschulen,Ingenieurwissenschaften,
2020-01-01T00:00:00.000Z,Bayern,Theologische Hochschulen,Humanmedizin/Gesundheitswissenschaften,
2020-01-01T00:00:00.000Z,Niedersachsen,Universitäten (ohne Medizinische Einrichtungen),"Kunst, Kunstwissenschaft",1.6135E7
2021-01-01T00:00:00.000Z,Bayern,Fachhochschulen,"Kunst, Kunstwissenschaft",2.4262E7
2021-01-01T00:00:00.000Z,Niedersachsen,Theologische Hochschulen,"Rechts-, Wirtschafts- und Sozialwissenschaften",
2022-01-01T00:00:00.000Z,Sachsen-Anhalt,Pädagogische Hochschulen,Ingenieurwissenschaften,
2019-01-01T00:00:00.000Z,Niedersachsen,Theologische Hochschulen,Geisteswissenschaften,
2019-01-01T00:00:00.000Z,Thüringen,Verwaltungsfachhochschulen,"Kunst, Kunstwissenschaft",
2019-01-01T00:00:00.000Z,Baden-Württemberg,Kunsthochschulen,"Kunst, Kunstwissenschaft",7.2197E7
2021-01-01T00:00:00.000Z,Hessen,Universitäten (ohne Medizinische Einrichtungen),Sport,1.4342E7
2022-01-01T00:00:00.000Z,Nordrhein-Westfalen,Theologische Hochschulen,"Kunst, Kunstwissenschaft",2197000.0
2022-01-01T00:00:00.000Z,Mecklenburg-Vorpommern,Verwaltungsfachhochschulen,"Mathematik, Naturwissenschaften",
2019-01-01T00:00:00.000Z,Schleswig-Holstein,Universitäten (ohne Medizinische Einrichtungen),"Mathematik, Naturwissenschaften",7.2026E7
2022-01-01T00:00:00.000Z,Berlin,Medizinische Einrichtungen der Universitäten,Geisteswissenschaften,
2021-01-01T00:00:00.000Z,Berlin,Theologische Hochschulen,Zentr.Einrichtungen (o. klinikspez. Einrichtungen),
2022-01-01T00:00:00.000Z,Bayern,Kunsthochschulen,Sport,
2022-01-01T00:00:00.000Z,Niedersachsen,Universitäten (ohne Medizinische Einrichtungen),Zentr.Einrichtungen (o. klinikspez. Einrichtungen),9.93545E8
2022-01-01T00:00:00.000Z,Saarland,Medizinische Einrichtungen der Universitäten,Sport,
2019-01-01T00:00:00.000Z,Hessen,Verwaltungsfachhochschulen,Ingenieurwissenschaften,71000.0
2019-01-01T00:00:00.000Z,Thüringen,Theologische Hochschulen,"Mathematik, Naturwissenschaften",
2019-01-01T00:00:00.000Z,Saarland,Theologische Hochschulen,"Kunst, Kunstwissenschaft",
2019-01-01T00:00:00.000Z,Hamburg,Pädagogische Hochschulen,Zentr.Einrichtungen (o. klinikspez. Einrichtungen),
2021-01-01T00:00:00.000Z,Hamburg,Fachhochschulen,"Agrar-, Forst- u.Ernährungswiss., Veterinärmedizin",3593000.0
2019-01-01T00:00:00.000Z,Rheinland-Pfalz,Fachhochschulen,"Agrar-, Forst- u.Ernährungswiss., Veterinärmedizin",2839000.0
2020-01-01T00:00:00.000Z,Mecklenburg-Vorpommern,Theologische Hochschulen,Zentr.Einrichtungen (o. klinikspez. Einrichtungen),
2022-01-01T00:00:00.000Z,Bremen,Universitäten (ohne Medizinische Einrichtungen),Geisteswissenschaften,1.5113E7
2020-01-01T00:00:00.000Z,Nordrhein-Westfalen,Pädagogische Hochschulen,"Agrar-, Forst- u.Ernährungswiss., Veterinärmedizin",
2021-01-01T00:00:00.000Z,Niedersachsen,Verwaltungsfachhochschulen,Humanmedizin/Gesundheitswissenschaften,
2022-01-01T00:00:00.000Z,Niedersachsen,Pädagogische Hochschulen,"Agrar-, Forst- u.Ernährungswiss., Veterinärmedizin",
2022-01-01T00:00:00.000Z,Rheinland-Pfalz,Kunsthochschulen,"Agrar-, Forst- u.Ernährungswiss., Veterinärmedizin",
2019-01-01T00:00:00.000Z,Hessen,Fachhochschulen,"Mathematik, Naturwissenschaften",1.1469E7
2022-01-01T00:00:00.000Z,Sachsen,Medizinische Einrichtungen der Universitäten,"Kunst, Kunstwissenschaft",
2019-01-01T00:00:00.000Z,Hessen,Verwaltungsfachhochschulen,Sport,
2021-01-01T00:00:00.000Z,Rheinland-Pfalz,Pädagogische Hochschulen,"Kunst, Kunstwissenschaft",
2019-01-01T00:00:00.000Z,Thüringen,Fachhochschulen,"Rechts-, Wirtschafts- und Sozialwissenschaften",2.7332E7
2021-01-01T00:00:00.000Z,Thüringen,Kunsthochschulen,Geisteswissenschaften,
2019-01-01T00:00:00.000Z,Brandenburg,Theologische Hochschulen,Humanmedizin/Gesundheitswissenschaften,
2022-01-01T00:00:00.000Z,Baden-Württemberg,Medizinische Einrichtungen der Universitäten,Ingenieurwissenschaften,
2019-01-01T00:00:00.000Z,Rheinland-Pfalz,Medizinische Einrichtungen der Universitäten,"Agrar-, Forst- u.Ernährungswiss., Veterinärmedizin",
2021-01-01T00:00:00.000Z,Schleswig-Holstein,Medizinische Einrichtungen der Universitäten,Zentr.Einrichtungen (o. klinikspez. Einrichtungen),
2019-01-01T00:00:00.000Z,Baden-Württemberg,Kunsthochschulen,Sport,
2021-01-01T00:00:00.000Z,Hessen,Pädagogische Hochschulen,Humanmedizin/Gesundheitswissenschaften,
2022-01-01T00:00:00.000Z,Baden-Württemberg,Verwaltungsfachhochschulen,Ingenieurwissenschaften,
2020-01-01T00:00:00.000Z,Sachsen-Anhalt,Universitäten (ohne Medizinische Einrichtungen),Sport,3977000.0
2021-01-01T00:00:00.000Z,Baden-Württemberg,Fachhochschulen,Sport,
2022-01-01T00:00:00.000Z,Hessen,Pädagogische Hochschulen,Ingenieurwissenschaften,
2021-01-01T00:00:00.000Z,Sachsen-Anhalt,Universitäten (ohne Medizinische Einrichtungen),Sport,4302000.0
2022-01-01T00:00:00.000Z,Mecklenburg-Vorpommern,Verwaltungsfachhochschulen,"Kunst, Kunstwissenschaft",
2021-01-01T00:00:00.000Z,Nordrhein-Westfalen,Universitäten (ohne Medizinische Einrichtungen),Humanmedizin/Gesundheitswissenschaften,
2022-01-01T00:00:00.000Z,Mecklenburg-Vorpommern,Pädagogische Hochschulen,"Kunst, Kunstwissenschaft",
2020-01-01T00:00:00.000Z,Nordrhein-Westfalen,Theologische Hochschulen,Sport,
2019-01-01T00:00:00.000Z,Baden-Württemberg,Universitäten (ohne Medizinische Einrichtungen),"Rechts-, Wirtschafts- und Sozialwissenschaften",2.71256E8
2019-01-01T00:00:00.000Z,Rheinland-Pfalz,Medizinische Einrichtungen der Universitäten,"Rechts-, Wirtschafts- und Sozialwissenschaften",
2019-01-01T00:00:00.000Z,Bremen,Verwaltungsfachhochschulen,Ingenieurwissenschaften,
2019-01-01T00:00:00.000Z,Baden-Württemberg,Medizinische Einrichtungen der Universitäten,"Kunst, Kunstwissenschaft",
2022-01-01T00:00:00.000Z,Nordrhein-Westfalen,Verwaltungsfachhochschulen,"Kunst, Kunstwissenschaft",
2019-01-01T00:00:00.000Z,Brandenburg,Universitäten (ohne Medizinische Einrichtungen),Zentr.Einrichtungen (o. klinikspez. Einrichtungen),1.96742E8
2022-01-01T00:00:00.000Z,Rheinland-Pfalz,Pädagogische Hochschulen,"Agrar-, Forst- u.Ernährungswiss., Veterinärmedizin",
2022-01-01T00:00:00.000Z,Baden-Württemberg,Kunsthochschulen,Ingenieurwissenschaften,2327000.0
2022-01-01T00:00:00.000Z,Baden-Württemberg,Universitäten (ohne Medizinische Einrichtungen),"Rechts-, Wirtschafts- und Sozialwissenschaften",2.9202E8
2019-01-01T00:00:00.000Z,Mecklenburg-Vorpommern,Medizinische Einrichtungen der Universitäten,Zentr.Einrichtungen (o. klinikspez. Einrichtungen),
2019-01-01T00:00:00.000Z,Mecklenburg-Vorpommern,Fachhochschulen,"Kunst, Kunstwissenschaft",2167000.0
2022-01-01T00:00:00.000Z,Mecklenburg-Vorpommern,Kunsthochschulen,"Kunst, Kunstwissenschaft",7605000.0
2021-01-01T00:00:00.000Z,Bayern,Universitäten (ohne Medizinische Einrichtungen),Sport,5.2668E7
2019-01-01T00:00:00.000Z,Rheinland-Pfalz,Theologische Hochschulen,"Mathematik, Naturwissenschaften",
2020-01-01T00:00:00.000Z,Baden-Württemberg,Medizinische Einrichtungen der Universitäten,"Mathematik, Naturwissenschaften",
2022-01-01T00:00:00.000Z,Nordrhein-Westfalen,Theologische Hochschulen,Zentr.Einrichtungen (o. klinikspez. Einrichtungen),874000.0
2022-01-01T00:00:00.000Z,Thüringen,Verwaltungsfachhochschulen,"Rechts-, Wirtschafts- und Sozialwissenschaften",2756000.0
2019-01-01T00:00:00.000Z,Rheinland-Pfalz,Theologische Hochschulen,Geisteswissenschaften,4208000.0
2022-01-01T00:00:00.000Z,Sachsen-Anhalt,Verwaltungsfachhochschulen,"Mathematik, Naturwissenschaften",
2019-01-01T00:00:00.000Z,Brandenburg,Fachhochschulen,Humanmedizin/Gesundheitswissenschaften,
2022-01-01T00:00:00.000Z,Baden-Württemberg,Verwaltungsfachhochschulen,Humanmedizin/Gesundheitswissenschaften,
2022-01-01T00:00:00.000Z,Brandenburg,Pädagogische Hochschulen,Ingenieurwissenschaften,
2022-01-01T00:00:00.000Z,Rheinland-Pfalz,Fachhochschulen,"Rechts-, Wirtschafts- und Sozialwissenschaften",7.7979E7
2022-01-01T00:00:00.000Z,Sachsen,Universitäten (ohne Medizinische Einrichtungen),"Agrar-, Forst- u.Ernährungswiss., Veterinärmedizin",6.419E7
2020-01-01T00:00:00.000Z,Saarland,Pädagogische Hochschulen,Ingenieurwissenschaften,
2019-01-01T00:00:00.000Z,Brandenburg,Fachhochschulen,"Mathematik, Naturwissenschaften",2322000.0
2021-01-01T00:00:00.000Z,Niedersachsen,Universitäten (ohne Medizinische Einrichtungen),"Mathematik, Naturwissenschaften",3.74859E8
2022-01-01T00:00:00.000Z,Niedersachsen,Pädagogische Hochschulen,Geisteswissenschaften,
2020-01-01T00:00:00.000Z,Baden-Württemberg,Universitäten (ohne Medizinische Einrichtungen),Ingenieurwissenschaften,5.74085E8
2020-01-01T00:00:00.000Z,Mecklenburg-Vorpommern,Pädagogische Hochschulen,Geisteswissenschaften,
2022-01-01T00:00:00.000Z,Sachsen-Anhalt,Universitäten (ohne Medizinische Einrichtungen),"Kunst, Kunstwissenschaft",4321000.0
2019-01-01T00:00:00.000Z,Bayern,Fachhochschulen,"Mathematik, Naturwissenschaften",1.8544E7
2022-01-01T00:00:00.000Z,Berlin,Kunsthochschulen,Ingenieurwissenschaften,4309000.0
2019-01-01T00:00:00.000Z,Thüringen,Theologische Hochschulen,Humanmedizin/Gesundheitswissenschaften,
2022-01-01T00:00:00.000Z,Brandenburg,Pädagogische Hochschulen,Humanmedizin/Gesundheitswissenschaften,
2022-01-01T00:00:00.000Z,Bremen,Verwaltungsfachhochschulen,"Agrar-, Forst- u.Ernährungswiss., Veterinärmedizin",
2019-01-01T00:00:00.000Z,Niedersachsen,Fachhochschulen,"Agrar-, Forst- u.Ernährungswiss., Veterinärmedizin",2.9994E7
2020-01-01T00:00:00.000Z,Sachsen,Medizinische Einrichtungen der Universitäten,"Agrar-, Forst- u.Ernährungswiss., Veterinärmedizin",
2021-01-01T00:00:00.000Z,Rheinland-Pfalz,Verwaltungsfachhochschulen,"Rechts-, Wirtschafts- und Sozialwissenschaften",7.4377E7
2022-01-01T00:00:00.000Z,Brandenburg,Universitäten (ohne Medizinische Einrichtungen),Humanmedizin/Gesundheitswissenschaften,
2022-01-01T00:00:00.000Z,Saarland,Universitäten (ohne Medizinische Einrichtungen),"Kunst, Kunstwissenschaft",1010000.0
2021-01-01T00:00:00.000Z,Brandenburg,Universitäten (ohne Medizinische Einrichtungen),Sport,7236000.0
2021-01-01T00:00:00.000Z,Bayern,Pädagogische Hochschulen,Ingenieurwissenschaften,
2021-01-01T00:00:00.000Z,Bayern,Medizinische Einrichtungen der Universitäten,Humanmedizin/Gesundheitswissenschaften,5.630302E9
2020-01-01T00:00:00.000Z,Sachsen,Theologische Hochschulen,"Agrar-, Forst- u.Ernährungswiss., Veterinärmedizin",
2020-01-01T00:00:00.000Z,Hamburg,Medizinische Einrichtungen der Universitäten,Sport,
2021-01-01T00:00:00.000Z,Nordrhein-Westfalen,Kunsthochschulen,Humanmedizin/Gesundheitswissenschaften,
2020-01-01T00:00:00.000Z,Thüringen,Pädagogische Hochschulen,Zentr.Einrichtungen (o. klinikspez. Einrichtungen),
2022-01-01T00:00:00.000Z,Hamburg,Medizinische Einrichtungen der Universitäten,Geisteswissenschaften,
2019-01-01T00:00:00.000Z,Schleswig-Holstein,Universitäten (ohne Medizinische Einrichtungen),Humanmedizin/Gesundheitswissenschaften,
2022-01-01T00:00:00.000Z,Brandenburg,Universitäten (ohne Medizinische Einrichtungen),Sport,6221000.0
2020-01-01T00:00:00.000Z,Saarland,Kunsthochschulen,"Kunst, Kunstwissenschaft",2181000.0
2022-01-01T00:00:00.000Z,Saarland,Fachhochschulen,Sport,
2019-01-01T00:00:00.000Z,Thüringen,Universitäten (ohne Medizinische Einrichtungen),Zentr.Einrichtungen (o. klinikspez. Einrichtungen),2.2926E8
2021-01-01T00:00:00.000Z,Hamburg,Verwaltungsfachhochschulen,"Mathematik, Naturwissenschaften",
2021-01-01T00:00:00.000Z,Hessen,Verwaltungsfachhochschulen,"Kunst, Kunstwissenschaft",
2019-01-01T00:00:00.000Z,Schleswig-Holstein,Verwaltungsfachhochschulen,"Rechts-, Wirtschafts- und Sozialwissenschaften",1.6805E7
2020-01-01T00:00:00.000Z,Bremen,Verwaltungsfachhochschulen,"Mathematik, Naturwissenschaften",
2020-01-01T00:00:00.000Z,Baden-Württemberg,Kunsthochschulen,Sport,
2022-01-01T00:00:00.000Z,Baden-Württemberg,Theologische Hochschulen,"Rechts-, Wirtschafts- und Sozialwissenschaften",
2021-01-01T00:00:00.000Z,Bremen,Fachhochschulen,"Mathematik, Naturwissenschaften",2805000.0
2019-01-01T00:00:00.000Z,Hessen,Verwaltungsfachhochschulen,Zentr.Einrichtungen (o. klinikspez. Einrichtungen),3700000.0
2022-01-01T00:00:00.000Z,Thüringen,Pädagogische Hochschulen,"Mathematik, Naturwissenschaften",
2022-01-01T00:00:00.000Z,Schleswig-Holstein,Fachhochschulen,"Agrar-, Forst- u.Ernährungswiss., Veterinärmedizin",2199000.0
2019-01-01T00:00:00.000Z,Berlin,Verwaltungsfachhochschulen,"Mathematik, Naturwissenschaften",
2019-01-01T00:00:00.000Z,Nordrhein-Westfalen,Theologische Hochschulen,Sport,
2019-01-01T00:00:00.000Z,Mecklenburg-Vorpommern,Theologische Hochschulen,"Mathematik, Naturwissenschaften",
2022-01-01T00:00:00.000Z,Bremen,Pädagogische Hochschulen,Zentr.Einrichtungen (o. klinikspez. Einrichtungen),
2020-01-01T00:00:00.000Z,Baden-Württemberg,Kunsthochschulen,Zentr.Einrichtungen (o. klinikspez. Einrichtungen),2.5094E7
2022-01-01T00:00:00.000Z,Hamburg,Theologische Hochschulen,Sport,
2021-01-01T00:00:00.000Z,Nordrhein-Westfalen,Verwaltungsfachhochschulen,"Agrar-, Forst- u.Ernährungswiss., Veterinärmedizin",
2022-01-01T00:00:00.000Z,Nordrhein-Westfalen,Fachhochschulen,Geisteswissenschaften,1.0799E7
2022-01-01T00:00:00.000Z,Nordrhein-Westfalen,Kunsthochschulen,Ingenieurwissenschaften,845000.0
2019-01-01T00:00:00.000Z,Hamburg,Medizinische Einrichtungen der Universitäten,"Agrar-, Forst- u.Ernährungswiss., Veterinärmedizin",
2020-01-01T00:00:00.000Z,Saarland,Medizinische Einrichtungen der Universitäten,"Kunst, Kunstwissenschaft",
2021-01-01T00:00:00.000Z,Schleswig-Holstein,Medizinische Einrichtungen der Universitäten,"Kunst, Kunstwissenschaft",
2021-01-01T00:00:00.000Z,Berlin,Pädagogische Hochschulen,"Agrar-, Forst- u.Ernährungswiss., Veterinärmedizin",
2019-01-01T00:00:00.000Z,Bremen,Verwaltungsfachhochschulen,Geisteswissenschaften,
2020-01-01T00:00:00.000Z,Berlin,Fachhochschulen,Humanmedizin/Gesundheitswissenschaften,8977000.0
2021-01-01T00:00:00.000Z,Baden-Württemberg,Kunsthochschulen,Ingenieurwissenschaften,1757000.0
2020-01-01T00:00:00.000Z,Berlin,Verwaltungsfachhochschulen,Humanmedizin/Gesundheitswissenschaften,
2020-01-01T00:00:00.000Z,Sachsen-Anhalt,Pädagogische Hochschulen,"Kunst, Kunstwissenschaft",
2020-01-01T00:00:00.000Z,Mecklenburg-Vorpommern,Universitäten (ohne Medizinische Einrichtungen),Humanmedizin/Gesundheitswissenschaften,
2022-01-01T00:00:00.000Z,Saarland,Fachhochschulen,Humanmedizin/Gesundheitswissenschaften,2.3628E7
2019-01-01T00:00:00.000Z,Brandenburg,Theologische Hochschulen,Sport,
2019-01-01T00:00:00.000Z,Hessen,Universitäten (ohne Medizinische Einrichtungen),Humanmedizin/Gesundheitswissenschaften,
2022-01-01T00:00:00.000Z,Schleswig-Holstein,Fachhochschulen,"Mathematik, Naturwissenschaften",6450000.0
2021-01-01T00:00:00.000Z,Thüringen,Verwaltungsfachhochschulen,Zentr.Einrichtungen (o. klinikspez. Einrichtungen),3871000.0
2020-01-01T00:00:00.000Z,Sachsen-Anhalt,Medizinische Einrichtungen der Universitäten,"Kunst, Kunstwissenschaft",
2022-01-01T00:00:00.000Z,Bayern,Universitäten (ohne Medizinische Einrichtungen),Ingenieurwissenschaften,7.48127E8
2019-01-01T00:00:00.000Z,Thüringen,Verwaltungsfachhochschulen,"Rechts-, Wirtschafts- und Sozialwissenschaften",2708000.0
2019-01-01T00:00:00.000Z,Hamburg,Universitäten (ohne Medizinische Einrichtungen),"Rechts-, Wirtschafts- und Sozialwissenschaften",1.22473E8
2021-01-01T00:00:00.000Z,Hessen,Pädagogische Hochschulen,Sport,
2021-01-01T00:00:00.000Z,Bayern,Kunsthochschulen,Geisteswissenschaften,209000.0
2019-01-01T00:00:00.000Z,Mecklenburg-Vorpommern,Kunsthochschulen,"Rechts-, Wirtschafts- und Sozialwissenschaften",
2019-01-01T00:00:00.000Z,Brandenburg,Universitäten (ohne Medizinische Einrichtungen),"Kunst, Kunstwissenschaft",1.3559E7
2019-01-01T00:00:00.000Z,Baden-Württemberg,Medizinische Einrichtungen der Universitäten,Ingenieurwissenschaften,
2019-01-01T00:00:00.000Z,Brandenburg,Kunsthochschulen,"Agrar-, Forst- u.Ernährungswiss., Veterinärmedizin",
2022-01-01T00:00:00.000Z,Hamburg,Theologische Hochschulen,"Mathematik, Naturwissenschaften",
2022-01-01T00:00:00.000Z,Bremen,Verwaltungsfachhochschulen,Zentr.Einrichtungen (o. klinikspez. Einrichtungen),2915000.0
2022-01-01T00:00:00.000Z,Mecklenburg-Vorpommern,Medizinische Einrichtungen der Universitäten,"Agrar-, Forst- u.Ernährungswiss., Veterinärmedizin",
2021-01-01T00:00:00.000Z,Bayern,Medizinische Einrichtungen der Universitäten,Zentr.Einrichtungen (o. klinikspez. Einrichtungen),
2022-01-01T00:00:00.000Z,Sachsen-Anhalt,Kunsthochschulen,"Mathematik, Naturwissenschaften",
2019-01-01T00:00:00.000Z,Berlin,Universitäten (ohne Medizinische Einrichtungen),"Agrar-, Forst- u.Ernährungswiss., Veterinärmedizin",5.6365E7
2019-01-01T00:00:00.000Z,Niedersachsen,Medizinische Einrichtungen der Universitäten,"Kunst, Kunstwissenschaft",
2022-01-01T00:00:00.000Z,Hamburg,Pädagogische Hochschulen,Zentr.Einrichtungen (o. klinikspez. Einrichtungen),
2021-01-01T00:00:00.000Z,Rheinland-Pfalz,Universitäten (ohne Medizinische Einrichtungen),"Mathematik, Naturwissenschaften",1.93106E8
2021-01-01T00:00:00.000Z,Nordrhein-Westfalen,Theologische Hochschulen,"Mathematik, Naturwissenschaften",
2022-01-01T00:00:00.000Z,Saarland,Theologische Hochschulen,Humanmedizin/Gesundheitswissenschaften,
2022-01-01T00:00:00.000Z,Sachsen,Fachhochschulen,Humanmedizin/Gesundheitswissenschaften,2299000.0
2022-01-01T00:00:00.000Z,Sachsen,Fachhochschulen,Ingenieurwissenschaften,1.45234E8
2022-01-01T00:00:00.000Z,Hamburg,Verwaltungsfachhochschulen,Humanmedizin/Gesundheitswissenschaften,
2019-01-01T00:00:00.000Z,Nordrhein-Westfalen,Pädagogische Hochschulen,"Agrar-, Forst- u.Ernährungswiss., Veterinärmedizin",
2021-01-01T00:00:00.000Z,Hessen,Fachhochschulen,"Agrar-, Forst- u.Ernährungswiss., Veterinärmedizin",3.3531E7
2019-01-01T00:00:00.000Z,Bayern,Kunsthochschulen,"Agrar-, Forst- u.Ernährungswiss., Veterinärmedizin",
2020-01-01T00:00:00.000Z,Baden-Württemberg,Fachhochschulen,Geisteswissenschaften,1.0898E7
2022-01-01T00:00:00.000Z,Bayern,Kunsthochschulen,"Mathematik, Naturwissenschaften",
2021-01-01T00:00:00.000Z,Berlin,Theologische Hochschulen,"Mathematik, Naturwissenschaften",
2020-01-01T00:00:00.000Z,Schleswig-Holstein,Fachhochschulen,Sport,
2021-01-01T00:00:00.000Z,Mecklenburg-Vorpommern,Fachhochschulen,"Agrar-, Forst- u.Ernährungswiss., Veterinärmedizin",5411000.0
2022-01-01T00:00:00.000Z,Schleswig-Holstein,Theologische Hochschulen,Zentr.Einrichtungen (o. klinikspez. Einrichtungen),
2022-01-01T00:00:00.000Z,Bremen,Pädagogische Hochschulen,Sport,
2020-01-01T00:00:00.000Z,Bremen,Universitäten (ohne Medizinische Einrichtungen),Zentr.Einrichtungen (o. klinikspez. Einrichtungen),1.7353E8
2022-01-01T00:00:00.000Z,Rheinland-Pfalz,Theologische Hochschulen,Humanmedizin/Gesundheitswissenschaften,961000.0
2021-01-01T00:00:00.000Z,Bayern,Verwaltungsfachhochschulen,Humanmedizin/Gesundheitswissenschaften,
2020-01-01T00:00:00.000Z,Saarland,Pädagogische Hochschulen,Zentr.Einrichtungen (o. klinikspez. Einrichtungen),
2021-01-01T00:00:00.000Z,Baden-Württemberg,Universitäten (ohne Medizinische Einrichtungen),"Rechts-, Wirtschafts- und Sozialwissenschaften",2.91563E8
2021-01-01T00:00:00.000Z,Thüringen,Fachhochschulen,"Kunst, Kunstwissenschaft",494000.0
2019-01-01T00:00:00.000Z,Niedersachsen,Verwaltungsfachhochschulen,"Rechts-, Wirtschafts- und Sozialwissenschaften",8605000.0
2022-01-01T00:00:00.000Z,Bremen,Verwaltungsfachhochschulen,Ingenieurwissenschaften,
2019-01-01T00:00:00.000Z,Niedersachsen,Theologische Hochschulen,"Rechts-, Wirtschafts- und Sozialwissenschaften",
2022-01-01T00:00:00.000Z,Baden-Württemberg,Fachhochschulen,Ingenieurwissenschaften,3.9913E8
2020-01-01T00:00:00.000Z,Hamburg,Verwaltungsfachhochschulen,"Mathematik, Naturwissenschaften",
2019-01-01T00:00:00.000Z,Sachsen,Pädagogische Hochschulen,Humanmedizin/Gesundheitswissenschaften,
2022-01-01T00:00:00.000Z,Bayern,Kunsthochschulen,Zentr.Einrichtungen (o. klinikspez. Einrichtungen),2.8664E7
2020-01-01T00:00:00.000Z,Bayern,Pädagogische Hochschulen,Geisteswissenschaften,
2021-01-01T00:00:00.000Z,Sachsen,Kunsthochschulen,Sport,
2022-01-01T00:00:00.000Z,Rheinland-Pfalz,Universitäten (ohne Medizinische Einrichtungen),Zentr.Einrichtungen (o. klinikspez. Einrichtungen),2.95266E8
2021-01-01T00:00:00.000Z,Schleswig-Holstein,Pädagogische Hochschulen,Ingenieurwissenschaften,
2019-01-01T00:00:00.000Z,Nordrhein-Westfalen,Kunsthochschulen,"Agrar-, Forst- u.Ernährungswiss., Veterinärmedizin",
2022-01-01T00:00:00.000Z,Hamburg,Verwaltungsfachhochschulen,Ingenieurwissenschaften,
2020-01-01T00:00:00.000Z,Saarland,Theologische Hochschulen,"Agrar-, Forst- u.Ernährungswiss., Veterinärmedizin",
2022-01-01T00:00:00.000Z,Bremen,Kunsthochschulen,"Rechts-, Wirtschafts- und Sozialwissenschaften",
2021-01-01T00:00:00.000Z,Sachsen-Anhalt,Pädagogische Hochschulen,Ingenieurwissenschaften,
2020-01-01T00:00:00.000Z,Hamburg,Kunsthochschulen,Humanmedizin/Gesundheitswissenschaften,
2020-01-01T00:00:00.000Z,Rheinland-Pfalz,Theologische Hochschulen,Ingenieurwissenschaften,
2020-01-01T00:00:00.000Z,Mecklenburg-Vorpommern,Fachhochschulen,Sport,
2021-01-01T00:00:00.000Z,Schleswig-Holstein,Verwaltungsfachhochschulen,"Rechts-, Wirtschafts- und Sozialwissenschaften",2.123E7
2019-01-01T00:00:00.000Z,Schleswig-Holstein,Medizinische Einrichtungen der Universitäten,"Agrar-, Forst- u.Ernährungswiss., Veterinärmedizin",
2021-01-01T00:00:00.000Z,Brandenburg,Fachhochschulen,Sport,752000.0
2022-01-01T00:00:00.000Z,Saarland,Universitäten (ohne Medizinische Einrichtungen),Zentr.Einrichtungen (o. klinikspez. Einrichtungen),1.2234E8
2020-01-01T00:00:00.000Z,Rheinland-Pfalz,Theologische Hochschulen,Geisteswissenschaften,4091000.0
2019-01-01T00:00:00.000Z,Thüringen,Universitäten (ohne Medizinische Einrichtungen),"Mathematik, Naturwissenschaften",1.05939E8
2022-01-01T00:00:00.000Z,Bayern,Theologische Hochschulen,Ingenieurwissenschaften,
2020-01-01T00:00:00.000Z,Brandenburg,Verwaltungsfachhochschulen,Humanmedizin/Gesundheitswissenschaften,
2019-01-01T00:00:00.000Z,Bremen,Medizinische Einrichtungen der Universitäten,Sport,
2022-01-01T00:00:00.000Z,Hessen,Universitäten (ohne Medizinische Einrichtungen),Sport,1.5817E7
2019-01-01T00:00:00.000Z,Nordrhein-Westfalen,Medizinische Einrichtungen der Universitäten,Humanmedizin/Gesundheitswissenschaften,6.184832E9
2021-01-01T00:00:00.000Z,Rheinland-Pfalz,Medizinische Einrichtungen der Universitäten,"Rechts-, Wirtschafts- und Sozialwissenschaften",
2020-01-01T00:00:00.000Z,Rheinland-Pfalz,Fachhochschulen,"Mathematik, Naturwissenschaften",6577000.0
2020-01-01T00:00:00.000Z,Sachsen-Anhalt,Kunsthochschulen,Sport,
2021-01-01T00:00:00.000Z,Schleswig-Holstein,Verwaltungsfachhochschulen,"Kunst, Kunstwissenschaft",
2019-01-01T00:00:00.000Z,Sachsen-Anhalt,Kunsthochschulen,"Kunst, Kunstwissenschaft",9202000.0
2021-01-01T00:00:00.000Z,Berlin,Medizinische Einrichtungen der Universitäten,Geisteswissenschaften,
2019-01-01T00:00:00.000Z,Sachsen-Anhalt,Kunsthochschulen,Sport,
2019-01-01T00:00:00.000Z,Bremen,Universitäten (ohne Medizinische Einrichtungen),"Rechts-, Wirtschafts- und Sozialwissenschaften",4.0877E7
2019-01-01T00:00:00.000Z,Hamburg,Fachhochschulen,"Rechts-, Wirtschafts- und Sozialwissenschaften",9.3526E7
2020-01-01T00:00:00.000Z,Sachsen,Medizinische Einrichtungen der Universitäten,Geisteswissenschaften,
2020-01-01T00:00:00.000Z,Berlin,Theologische Hochschulen,Geisteswissenschaften,
2022-01-01T00:00:00.000Z,Berlin,Verwaltungsfachhochschulen,Zentr.Einrichtungen (o. klinikspez. Einrichtungen),
2020-01-01T00:00:00.000Z,Sachsen-Anhalt,Fachhochschulen,Geisteswissenschaften,183000.0
2020-01-01T00:00:00.000Z,Brandenburg,Theologische Hochschulen,Sport,
2021-01-01T00:00:00.000Z,Bayern,Universitäten (ohne Medizinische Einrichtungen),"Mathematik, Naturwissenschaften",7.87153E8
2021-01-01T00:00:00.000Z,Rheinland-Pfalz,Medizinische Einrichtungen der Universitäten,"Kunst, Kunstwissenschaft",
2019-01-01T00:00:00.000Z,Rheinland-Pfalz,Universitäten (ohne Medizinische Einrichtungen),Geisteswissenschaften,8.1986E7
2020-01-01T00:00:00.000Z,Bremen,Fachhochschulen,Humanmedizin/Gesundheitswissenschaften,7375000.0
2021-01-01T00:00:00.000Z,Thüringen,Theologische Hochschulen,"Kunst, Kunstwissenschaft",
2021-01-01T00:00:00.000Z,Schleswig-Holstein,Universitäten (ohne Medizinische Einrichtungen),"Agrar-, Forst- u.Ernährungswiss., Veterinärmedizin",2.2119E7
2019-01-01T00:00:00.000Z,Mecklenburg-Vorpommern,Fachhochschulen,Sport,
2021-01-01T00:00:00.000Z,Nordrhein-Westfalen,Medizinische Einrichtungen der Universitäten,Zentr.Einrichtungen (o. klinikspez. Einrichtungen),
2021-01-01T00:00:00.000Z,Niedersachsen,Verwaltungsfachhochschulen,"Rechts-, Wirtschafts- und Sozialwissenschaften",1.084E7
2019-01-01T00:00:00.000Z,Hessen,Medizinische Einrichtungen der Universitäten,Zentr.Einrichtungen (o. klinikspez. Einrichtungen),
2019-01-01T00:00:00.000Z,Mecklenburg-Vorpommern,Verwaltungsfachhochschulen,Zentr.Einrichtungen (o. klinikspez. Einrichtungen),1.1684E7
2022-01-01T00:00:00.000Z,Baden-Württemberg,Verwaltungsfachhochschulen,Zentr.Einrichtungen (o. klinikspez. Einrichtungen),4.183E7
2020-01-01T00:00:00.000Z,Brandenburg,Pädagogische Hochschulen,Zentr.Einrichtungen (o. klinikspez. Einrichtungen),
2021-01-01T00:00:00.000Z,Bayern,Verwaltungsfachhochschulen,Zentr.Einrichtungen (o. klinikspez. Einrichtungen),2.0685E7
2022-01-01T00:00:00.000Z,Hamburg,Medizinische Einrichtungen der Universitäten,Humanmedizin/Gesundheitswissenschaften,1.417775E9
2022-01-01T00:00:00.000Z,Saarland,Pädagogische Hochschulen,Geisteswissenschaften,
2021-01-01T00:00:00.000Z,Hamburg,Universitäten (ohne Medizinische Einrichtungen),"Kunst, Kunstwissenschaft",
2022-01-01T00:00:00.000Z,Bremen,Medizinische Einrichtungen der Universitäten,Zentr.Einrichtungen (o. klinikspez. Einrichtungen),
2019-01-01T00:00:00.000Z,Mecklenburg-Vorpommern,Universitäten (ohne Medizinische Einrichtungen),Geisteswissenschaften,2.5439E7
2020-01-01T00:00:00.000Z,Sachsen,Pädagogische Hochschulen,Sport,
2021-01-01T00:00:00.000Z,Brandenburg,Verwaltungsfachhochschulen,Zentr.Einrichtungen (o. klinikspez. Einrichtungen),5990000.0
2020-01-01T00:00:00.000Z,Brandenburg,Medizinische Einrichtungen der Universitäten,Humanmedizin/Gesundheitswissenschaften,1.0907E7
2019-01-01T00:00:00.000Z,Nordrhein-Westfalen,Verwaltungsfachhochschulen,Humanmedizin/Gesundheitswissenschaften,
2019-01-01T00:00:00.000Z,Schleswig-Holstein,Pädagogische Hochschulen,"Kunst, Kunstwissenschaft",
2021-01-01T00:00:00.000Z,Sachsen,Kunsthochschulen,Ingenieurwissenschaften,
2020-01-01T00:00:00.000Z,Bayern,Pädagogische Hochschulen,"Agrar-, Forst- u.Ernährungswiss., Veterinärmedizin",
2022-01-01T00:00:00.000Z,Niedersachsen,Kunsthochschulen,"Agrar-, Forst- u.Ernährungswiss., Veterinärmedizin",
2019-01-01T00:00:00.000Z,Nordrhein-Westfalen,Fachhochschulen,Ingenieurwissenschaften,4.16292E8
2022-01-01T00:00:00.000Z,Rheinland-Pfalz,Verwaltungsfachhochschulen,Humanmedizin/Gesundheitswissenschaften,
2021-01-01T00:00:00.000Z,Hessen,Theologische Hochschulen,"Agrar-, Forst- u.Ernährungswiss., Veterinärmedizin",
2019-01-01T00:00:00.000Z,Brandenburg,Verwaltungsfachhochschulen,Sport,
2020-01-01T00:00:00.000Z,Mecklenburg-Vorpommern,Fachhochschulen,"Mathematik, Naturwissenschaften",
2022-01-01T00:00:00.000Z,Sachsen,Verwaltungsfachhochschulen,"Kunst, Kunstwissenschaft",
2022-01-01T00:00:00.000Z,Sachsen-Anhalt,Theologische Hochschulen,Ingenieurwissenschaften,
2019-01-01T00:00:00.000Z,Hamburg,Verwaltungsfachhochschulen,"Kunst, Kunstwissenschaft",
2019-01-01T00:00:00.000Z,Schleswig-Holstein,Verwaltungsfachhochschulen,"Agrar-, Forst- u.Ernährungswiss., Veterinärmedizin",
2019-01-01T00:00:00.000Z,Bayern,Medizinische Einrichtungen der Universitäten,"Rechts-, Wirtschafts- und Sozialwissenschaften",
2020-01-01T00:00:00.000Z,Thüringen,Verwaltungsfachhochschulen,Ingenieurwissenschaften,
2020-01-01T00:00:00.000Z,Bremen,Pädagogische Hochschulen,Ingenieurwissenschaften,
2019-01-01T00:00:00.000Z,Sachsen-Anhalt,Verwaltungsfachhochschulen,"Mathematik, Naturwissenschaften",
2021-01-01T00:00:00.000Z,Sachsen-Anhalt,Theologische Hochschulen,Humanmedizin/Gesundheitswissenschaften,
2021-01-01T00:00:00.000Z,Hamburg,Theologische Hochschulen,"Kunst, Kunstwissenschaft",
2021-01-01T00:00:00.000Z,Mecklenburg-Vorpommern,Pädagogische Hochschulen,"Rechts-, Wirtschafts- und Sozialwissenschaften",
2019-01-01T00:00:00.000Z,Niedersachsen,Universitäten (ohne Medizinische Einrichtungen),Zentr.Einrichtungen (o. klinikspez. Einrichtungen),9.26343E8
2022-01-01T00:00:00.000Z,Niedersachsen,Pädagogische Hochschulen,"Mathematik, Naturwissenschaften",
2021-01-01T00:00:00.000Z,Rheinland-Pfalz,Pädagogische Hochschulen,"Rechts-, Wirtschafts- und Sozialwissenschaften",
2019-01-01T00:00:00.000Z,Sachsen-Anhalt,Fachhochschulen,Zentr.Einrichtungen (o. klinikspez. Einrichtungen),7.9909E7
2019-01-01T00:00:00.000Z,Nordrhein-Westfalen,Theologische Hochschulen,"Kunst, Kunstwissenschaft",2934000.0
2020-01-01T00:00:00.000Z,Bremen,Kunsthochschulen,Geisteswissenschaften,
2020-01-01T00:00:00.000Z,Hessen,Pädagogische Hochschulen,"Kunst, Kunstwissenschaft",
2022-01-01T00:00:00.000Z,Sachsen-Anhalt,Medizinische Einrichtungen der Universitäten,Geisteswissenschaften,
2021-01-01T00:00:00.000Z,Brandenburg,Kunsthochschulen,"Rechts-, Wirtschafts- und Sozialwissenschaften",
2022-01-01T00:00:00.000Z,Hamburg,Medizinische Einrichtungen der Universitäten,Zentr.Einrichtungen (o. klinikspez. Einrichtungen),
2022-01-01T00:00:00.000Z,Schleswig-Holstein,Pädagogische Hochschulen,Zentr.Einrichtungen (o. klinikspez. Einrichtungen),
2022-01-01T00:00:00.000Z,Bayern,Fachhochschulen,Sport,3361000.0
2021-01-01T00:00:00.000Z,Sachsen-Anhalt,Theologische Hochschulen,"Mathematik, Naturwissenschaften",
2022-01-01T00:00:00.000Z,Niedersachsen,Pädagogische Hochschulen,Humanmedizin/Gesundheitswissenschaften,
2021-01-01T00:00:00.000Z,Niedersachsen,Verwaltungsfachhochschulen,Zentr.Einrichtungen (o. klinikspez. Einrichtungen),
2021-01-01T00:00:00.000Z,Hamburg,Pädagogische Hochschulen,Geisteswissenschaften,
2020-01-01T00:00:00.000Z,Bayern,Pädagogische Hochschulen,Sport,
2020-01-01T00:00:00.000Z,Brandenburg,Verwaltungsfachhochschulen,"Rechts-, Wirtschafts- und Sozialwissenschaften",5.252E7
2021-01-01T00:00:00.000Z,Brandenburg,Verwaltungsfachhochschulen,Geisteswissenschaften,
2020-01-01T00:00:00.000Z,Baden-Württemberg,Kunsthochschulen,Humanmedizin/Gesundheitswissenschaften,
2021-01-01T00:00:00.000Z,Hessen,Universitäten (ohne Medizinische Einrichtungen),"Mathematik, Naturwissenschaften",3.46794E8
2022-01-01T00:00:00.000Z,Hamburg,Theologische Hochschulen,Zentr.Einrichtungen (o. klinikspez. Einrichtungen),
2019-01-01T00:00:00.000Z,Rheinland-Pfalz,Universitäten (ohne Medizinische Einrichtungen),Zentr.Einrichtungen (o. klinikspez. Einrichtungen),2.87135E8
2021-01-01T00:00:00.000Z,Sachsen,Kunsthochschulen,Humanmedizin/Gesundheitswissenschaften,
2022-01-01T00:00:00.000Z,Brandenburg,Pädagogische Hochschulen,"Agrar-, Forst- u.Ernährungswiss., Veterinärmedizin",
2019-01-01T00:00:00.000Z,Schleswig-Holstein,Kunsthochschulen,Ingenieurwissenschaften,
2019-01-01T00:00:00.000Z,Bayern,Theologische Hochschulen,"Kunst, Kunstwissenschaft",
2021-01-01T00:00:00.000Z,Brandenburg,Fachhochschulen,Geisteswissenschaften,4915000.0
2020-01-01T00:00:00.000Z,Bayern,Verwaltungsfachhochschulen,"Agrar-, Forst- u.Ernährungswiss., Veterinärmedizin",
2022-01-01T00:00:00.000Z,Nordrhein-Westfalen,Verwaltungsfachhochschulen,Ingenieurwissenschaften,728000.0
2021-01-01T00:00:00.000Z,Rheinland-Pfalz,Pädagogische Hochschulen,Zentr.Einrichtungen (o. klinikspez. Einrichtungen),
2019-01-01T00:00:00.000Z,Bremen,Medizinische Einrichtungen der Universitäten,"Rechts-, Wirtschafts- und Sozialwissenschaften",
2020-01-01T00:00:00.000Z,Bremen,Medizinische Einrichtungen der Universitäten,Ingenieurwissenschaften,
2019-01-01T00:00:00.000Z,Berlin,Medizinische Einrichtungen der Universitäten,Ingenieurwissenschaften,
2021-01-01T00:00:00.000Z,Thüringen,Verwaltungsfachhochschulen,"Agrar-, Forst- u.Ernährungswiss., Veterinärmedizin",
2022-01-01T00:00:00.000Z,Nordrhein-Westfalen,Universitäten (ohne Medizinische Einrichtungen),"Rechts-, Wirtschafts- und Sozialwissenschaften",6.4571E8
2020-01-01T00:00:00.000Z,Thüringen,Pädagogische Hochschulen,"Rechts-, Wirtschafts- und Sozialwissenschaften",
2021-01-01T00:00:00.000Z,Rheinland-Pfalz,Verwaltungsfachhochschulen,Zentr.Einrichtungen (o. klinikspez. Einrichtungen),
2022-01-01T00:00:00.000Z,Thüringen,Theologische Hochschulen,Humanmedizin/Gesundheitswissenschaften,
2022-01-01T00:00:00.000Z,Bremen,Pädagogische Hochschulen,"Rechts-, Wirtschafts- und Sozialwissenschaften",
2022-01-01T00:00:00.000Z,Mecklenburg-Vorpommern,Kunsthochschulen,Geisteswissenschaften,
2020-01-01T00:00:00.000Z,Rheinland-Pfalz,Kunsthochschulen,Zentr.Einrichtungen (o. klinikspez. Einrichtungen),
2019-01-01T00:00:00.000Z,Hamburg,Medizinische Einrichtungen der Universitäten,Humanmedizin/Gesundheitswissenschaften,1.171388E9
2020-01-01T00:00:00.000Z,Sachsen-Anhalt,Fachhochschulen,Sport,
2020-01-01T00:00:00.000Z,Berlin,Verwaltungsfachhochschulen,"Agrar-, Forst- u.Ernährungswiss., Veterinärmedizin",
2021-01-01T00:00:00.000Z,Berlin,Universitäten (ohne Medizinische Einrichtungen),"Rechts-, Wirtschafts- und Sozialwissenschaften",2.5001E8
2020-01-01T00:00:00.000Z,Hamburg,Pädagogische Hochschulen,"Kunst, Kunstwissenschaft",
2020-01-01T00:00:00.000Z,Mecklenburg-Vorpommern,Universitäten (ohne Medizinische Einrichtungen),"Agrar-, Forst- u.Ernährungswiss., Veterinärmedizin",1.3737E7
2019-01-01T00:00:00.000Z,Bayern,Pädagogische Hochschulen,Sport,
2022-01-01T00:00:00.000Z,Brandenburg,Kunsthochschulen,Zentr.Einrichtungen (o. klinikspez. Einrichtungen),
2019-01-01T00:00:00.000Z,Niedersachsen,Kunsthochschulen,"Agrar-, Forst- u.Ernährungswiss., Veterinärmedizin",
2020-01-01T00:00:00.000Z,Bremen,Fachhochschulen,"Kunst, Kunstwissenschaft",
2021-01-01T00:00:00.000Z,Mecklenburg-Vorpommern,Theologische Hochschulen,Sport,
2020-01-01T00:00:00.000Z,Schleswig-Holstein,Theologische Hochschulen,Geisteswissenschaften,
2020-01-01T00:00:00.000Z,Sachsen,Universitäten (ohne Medizinische Einrichtungen),"Kunst, Kunstwissenschaft",6890000.0
2019-01-01T00:00:00.000Z,Sachsen,Kunsthochschulen,Zentr.Einrichtungen (o. klinikspez. Einrichtungen),1.6663E7
2020-01-01T00:00:00.000Z,Thüringen,Theologische Hochschulen,Zentr.Einrichtungen (o. klinikspez. Einrichtungen),
2020-01-01T00:00:00.000Z,Baden-Württemberg,Verwaltungsfachhochschulen,Sport,
2020-01-01T00:00:00.000Z,Berlin,Medizinische Einrichtungen der Universitäten,"Mathematik, Naturwissenschaften",
2021-01-01T00:00:00.000Z,Berlin,Kunsthochschulen,"Mathematik, Naturwissenschaften",
2021-01-01T00:00:00.000Z,Berlin,Theologische Hochschulen,"Agrar-, Forst- u.Ernährungswiss., Veterinärmedizin",
2019-01-01T00:00:00.000Z,Baden-Württemberg,Medizinische Einrichtungen der Universitäten,Zentr.Einrichtungen (o. klinikspez. Einrichtungen),
2020-01-01T00:00:00.000Z,Mecklenburg-Vorpommern,Medizinische Einrichtungen der Universitäten,Geisteswissenschaften,
2022-01-01T00:00:00.000Z,Niedersachsen,Verwaltungsfachhochschulen,Geisteswissenschaften,
2021-01-01T00:00:00.000Z,Bayern,Theologische Hochschulen,"Mathematik, Naturwissenschaften",
2022-01-01T00:00:00.000Z,Saarland,Fachhochschulen,Ingenieurwissenschaften,1.8929E7
2022-01-01T00:00:00.000Z,Sachsen,Theologische Hochschulen,Geisteswissenschaften,
2020-01-01T00:00:00.000Z,Nordrhein-Westfalen,Universitäten (ohne Medizinische Einrichtungen),Ingenieurwissenschaften,9.82517E8
2020-01-01T00:00:00.000Z,Bayern,Verwaltungsfachhochschulen,Geisteswissenschaften,
2022-01-01T00:00:00.000Z,Schleswig-Holstein,Fachhochschulen,Humanmedizin/Gesundheitswissenschaften,
2022-01-01T00:00:00.000Z,Brandenburg,Theologische Hochschulen,"Mathematik, Naturwissenschaften",
2022-01-01T00:00:00.000Z,Niedersachsen,Kunsthochschulen,Sport,
2022-01-01T00:00:00.000Z,Bremen,Medizinische Einrichtungen der Universitäten,"Rechts-, Wirtschafts- und Sozialwissenschaften",
2021-01-01T00:00:00.000Z,Saarland,Fachhochschulen,"Kunst, Kunstwissenschaft",
2019-01-01T00:00:00.000Z,Brandenburg,Universitäten (ohne Medizinische Einrichtungen),Ingenieurwissenschaften,6.4283E7
2021-01-01T00:00:00.000Z,Mecklenburg-Vorpommern,Fachhochschulen,Ingenieurwissenschaften,3.1635E7
2021-01-01T00:00:00.000Z,Baden-Württemberg,Fachhochschulen,"Mathematik, Naturwissenschaften",2.1876E7
2020-01-01T00:00:00.000Z,Schleswig-Holstein,Pädagogische Hochschulen,"Mathematik, Naturwissenschaften",
2019-01-01T00:00:00.000Z,Sachsen-Anhalt,Verwaltungsfachhochschulen,Zentr.Einrichtungen (o. klinikspez. Einrichtungen),
2019-01-01T00:00:00.000Z,Mecklenburg-Vorpommern,Kunsthochschulen,"Kunst, Kunstwissenschaft",6353000.0
2020-01-01T00:00:00.000Z,Hamburg,Fachhochschulen,Ingenieurwissenschaften,5.6569E7
2022-01-01T00:00:00.000Z,Mecklenburg-Vorpommern,Verwaltungsfachhochschulen,Zentr.Einrichtungen (o. klinikspez. Einrichtungen),8378000.0
2022-01-01T00:00:00.000Z,Baden-Württemberg,Kunsthochschulen,"Kunst, Kunstwissenschaft",8.2677E7
2021-01-01T00:00:00.000Z,Berlin,Verwaltungsfachhochschulen,Ingenieurwissenschaften,
2019-01-01T00:00:00.000Z,Niedersachsen,Fachhochschulen,"Rechts-, Wirtschafts- und Sozialwissenschaften",1.29806E8
2019-01-01T00:00:00.000Z,Mecklenburg-Vorpommern,Universitäten (ohne Medizinische Einrichtungen),Sport,2304000.0
2019-01-01T00:00:00.000Z,Saarland,Pädagogische Hochschulen,"Agrar-, Forst- u.Ernährungswiss., Veterinärmedizin",
2019-01-01T00:00:00.000Z,Niedersachsen,Pädagogische Hochschulen,"Mathematik, Naturwissenschaften",
2020-01-01T00:00:00.000Z,Thüringen,Medizinische Einrichtungen der Universitäten,"Rechts-, Wirtschafts- und Sozialwissenschaften",
2022-01-01T00:00:00.000Z,Bayern,Medizinische Einrichtungen der Universitäten,Geisteswissenschaften,
2021-01-01T00:00:00.000Z,Hamburg,Pädagogische Hochschulen,"Agrar-, Forst- u.Ernährungswiss., Veterinärmedizin",
2019-01-01T00:00:00.000Z,Brandenburg,Verwaltungsfachhochschulen,"Mathematik, Naturwissenschaften",
2019-01-01T00:00:00.000Z,Thüringen,Kunsthochschulen,"Mathematik, Naturwissenschaften",
2019-01-01T00:00:00.000Z,Nordrhein-Westfalen,Theologische Hochschulen,Ingenieurwissenschaften,
2020-01-01T00:00:00.000Z,Nordrhein-Westfalen,Verwaltungsfachhochschulen,"Mathematik, Naturwissenschaften",
2020-01-01T00:00:00.000Z,Sachsen,Kunsthochschulen,"Mathematik, Naturwissenschaften",
2020-01-01T00:00:00.000Z,Brandenburg,Verwaltungsfachhochschulen,"Kunst, Kunstwissenschaft",
2020-01-01T00:00:00.000Z,Niedersachsen,Theologische Hochschulen,Ingenieurwissenschaften,
2022-01-01T00:00:00.000Z,Mecklenburg-Vorpommern,Medizinische Einrichtungen der Universitäten,Humanmedizin/Gesundheitswissenschaften,1.039521E9
2022-01-01T00:00:00.000Z,Hessen,Medizinische Einrichtungen der Universitäten,Zentr.Einrichtungen (o. klinikspez. Einrichtungen),
2022-01-01T00:00:00.000Z,Mecklenburg-Vorpommern,Fachhochschulen,Zentr.Einrichtungen (o. klinikspez. Einrichtungen),4.4255E7
2021-01-01T00:00:00.000Z,Thüringen,Fachhochschulen,Geisteswissenschaften,
2022-01-01T00:00:00.000Z,Niedersachsen,Medizinische Einrichtungen der Universitäten,"Kunst, Kunstwissenschaft",
2021-01-01T00:00:00.000Z,Thüringen,Kunsthochschulen,Sport,
2020-01-01T00:00:00.000Z,Bayern,Pädagogische Hochschulen,"Mathematik, Naturwissenschaften",
2019-01-01T00:00:00.000Z,Sachsen,Universitäten (ohne Medizinische Einrichtungen),Ingenieurwissenschaften,4.52066E8
2019-01-01T00:00:00.000Z,Nordrhein-Westfalen,Medizinische Einrichtungen der Universitäten,Sport,
2020-01-01T00:00:00.000Z,Rheinland-Pfalz,Verwaltungsfachhochschulen,"Mathematik, Naturwissenschaften",
2021-01-01T00:00:00.000Z,Hessen,Theologische Hochschulen,Humanmedizin/Gesundheitswissenschaften,
2022-01-01T00:00:00.000Z,Sachsen-Anhalt,Verwaltungsfachhochschulen,"Agrar-, Forst- u.Ernährungswiss., Veterinärmedizin",
2021-01-01T00:00:00.000Z,Saarland,Medizinische Einrichtungen der Universitäten,Geisteswissenschaften,
2020-01-01T00:00:00.000Z,Nordrhein-Westfalen,Kunsthochschulen,Zentr.Einrichtungen (o. klinikspez. Einrichtungen),4.5603E7
2020-01-01T00:00:00.000Z,Berlin,Fachhochschulen,Sport,2277000.0
2021-01-01T00:00:00.000Z,Thüringen,Theologische Hochschulen,"Rechts-, Wirtschafts- und Sozialwissenschaften",
2020-01-01T00:00:00.000Z,Nordrhein-Westfalen,Universitäten (ohne Medizinische Einrichtungen),"Agrar-, Forst- u.Ernährungswiss., Veterinärmedizin",3.8494E7
2021-01-01T00:00:00.000Z,Sachsen,Fachhochschulen,"Kunst, Kunstwissenschaft",7104000.0
2021-01-01T00:00:00.000Z,Berlin,Verwaltungsfachhochschulen,Sport,
2020-01-01T00:00:00.000Z,Berlin,Theologische Hochschulen,"Kunst, Kunstwissenschaft",
2022-01-01T00:00:00.000Z,Thüringen,Medizinische Einrichtungen der Universitäten,"Mathematik, Naturwissenschaften",
2019-01-01T00:00:00.000Z,Mecklenburg-Vorpommern,Kunsthochschulen,Sport,
2020-01-01T00:00:00.000Z,Nordrhein-Westfalen,Theologische Hochschulen,Geisteswissenschaften,8711000.0
2022-01-01T00:00:00.000Z,Nordrhein-Westfalen,Fachhochschulen,"Mathematik, Naturwissenschaften",3.7724E7
2019-01-01T00:00:00.000Z,Saarland,Theologische Hochschulen,"Rechts-, Wirtschafts- und Sozialwissenschaften",
2022-01-01T00:00:00.000Z,Hamburg,Medizinische Einrichtungen der Universitäten,"Agrar-, Forst- u.Ernährungswiss., Veterinärmedizin",
2020-01-01T00:00:00.000Z,Sachsen-Anhalt,Universitäten (ohne Medizinische Einrichtungen),Geisteswissenschaften,1.6926E7
2020-01-01T00:00:00.000Z,Schleswig-Holstein,Theologische Hochschulen,"Agrar-, Forst- u.Ernährungswiss., Veterinärmedizin",
2022-01-01T00:00:00.000Z,Nordrhein-Westfalen,Universitäten (ohne Medizinische Einrichtungen),Zentr.Einrichtungen (o. klinikspez. Einrichtungen),2.781745E9
2022-01-01T00:00:00.000Z,Rheinland-Pfalz,Theologische Hochschulen,"Kunst, Kunstwissenschaft",
2021-01-01T00:00:00.000Z,Saarland,Theologische Hochschulen,Zentr.Einrichtungen (o. klinikspez. Einrichtungen),
2020-01-01T00:00:00.000Z,Mecklenburg-Vorpommern,Kunsthochschulen,Sport,
2020-01-01T00:00:00.000Z,Mecklenburg-Vorpommern,Fachhochschulen,Humanmedizin/Gesundheitswissenschaften,2445000.0
2019-01-01T00:00:00.000Z,Niedersachsen,Pädagogische Hochschulen,Zentr.Einrichtungen (o. klinikspez. Einrichtungen),
2020-01-01T00:00:00.000Z,Rheinland-Pfalz,Theologische Hochschulen,Humanmedizin/Gesundheitswissenschaften,1822000.0
2019-01-01T00:00:00.000Z,Nordrhein-Westfalen,Verwaltungsfachhochschulen,Ingenieurwissenschaften,891000.0
2019-01-01T00:00:00.000Z,Mecklenburg-Vorpommern,Verwaltungsfachhochschulen,"Kunst, Kunstwissenschaft",
2022-01-01T00:00:00.000Z,Schleswig-Holstein,Universitäten (ohne Medizinische Einrichtungen),Zentr.Einrichtungen (o. klinikspez. Einrichtungen),2.02999E8
2022-01-01T00:00:00.000Z,Niedersachsen,Theologische Hochschulen,"Kunst, Kunstwissenschaft",
2019-01-01T00:00:00.000Z,Berlin,Fachhochschulen,Sport,1882000.0
2021-01-01T00:00:00.000Z,Sachsen-Anhalt,Fachhochschulen,"Rechts-, Wirtschafts- und Sozialwissenschaften",2.8141E7
2020-01-01T00:00:00.000Z,Mecklenburg-Vorpommern,Universitäten (ohne Medizinische Einrichtungen),Zentr.Einrichtungen (o. klinikspez. Einrichtungen),1.06899E8
2021-01-01T00:00:00.000Z,Bremen,Fachhochschulen,"Agrar-, Forst- u.Ernährungswiss., Veterinärmedizin",1518000.0
2021-01-01T00:00:00.000Z,Mecklenburg-Vorpommern,Verwaltungsfachhochschulen,Ingenieurwissenschaften,
2020-01-01T00:00:00.000Z,Saarland,Theologische Hochschulen,Sport,
2022-01-01T00:00:00.000Z,Hessen,Theologische Hochschulen,"Mathematik, Naturwissenschaften",
2020-01-01T00:00:00.000Z,Baden-Württemberg,Kunsthochschulen,"Mathematik, Naturwissenschaften",
2020-01-01T00:00:00.000Z,Schleswig-Holstein,Pädagogische Hochschulen,Sport,
2021-01-01T00:00:00.000Z,Niedersachsen,Medizinische Einrichtungen der Universitäten,"Mathematik, Naturwissenschaften",
2021-01-01T00:00:00.000Z,Brandenburg,Pädagogische Hochschulen,"Mathematik, Naturwissenschaften",
2022-01-01T00:00:00.000Z,Bremen,Kunsthochschulen,"Kunst, Kunstwissenschaft",8757000.0
2019-01-01T00:00:00.000Z,Bremen,Theologische Hochschulen,Zentr.Einrichtungen (o. klinikspez. Einrichtungen),
2020-01-01T00:00:00.000Z,Nordrhein-Westfalen,Theologische Hochschulen,"Agrar-, Forst- u.Ernährungswiss., Veterinärmedizin",
2020-01-01T00:00:00.000Z,Schleswig-Holstein,Medizinische Einrichtungen der Universitäten,Humanmedizin/Gesundheitswissenschaften,1.646098E9
2020-01-01T00:00:00.000Z,Nordrhein-Westfalen,Universitäten (ohne Medizinische Einrichtungen),Sport,5.447E7
2019-01-01T00:00:00.000Z,Brandenburg,Verwaltungsfachhochschulen,"Agrar-, Forst- u.Ernährungswiss., Veterinärmedizin",
2021-01-01T00:00:00.000Z,Brandenburg,Universitäten (ohne Medizinische Einrichtungen),"Agrar-, Forst- u.Ernährungswiss., Veterinärmedizin",3827000.0
2019-01-01T00:00:00.000Z,Rheinland-Pfalz,Theologische Hochschulen,Sport,
2020-01-01T00:00:00.000Z,Hessen,Universitäten (ohne Medizinische Einrichtungen),"Kunst, Kunstwissenschaft",2.2922E7
2020-01-01T00:00:00.000Z,Sachsen-Anhalt,Theologische Hochschulen,"Kunst, Kunstwissenschaft",100000.0
2020-01-01T00:00:00.000Z,Sachsen,Verwaltungsfachhochschulen,Sport,
2019-01-01T00:00:00.000Z,Sachsen-Anhalt,Kunsthochschulen,Ingenieurwissenschaften,566000.0
2021-01-01T00:00:00.000Z,Saarland,Kunsthochschulen,Humanmedizin/Gesundheitswissenschaften,
2022-01-01T00:00:00.000Z,Berlin,Medizinische Einrichtungen der Universitäten,"Kunst, Kunstwissenschaft",
2022-01-01T00:00:00.000Z,Sachsen,Verwaltungsfachhochschulen,"Mathematik, Naturwissenschaften",
2021-01-01T00:00:00.000Z,Brandenburg,Universitäten (ohne Medizinische Einrichtungen),Geisteswissenschaften,3.8402E7
2022-01-01T00:00:00.000Z,Bayern,Pädagogische Hochschulen,"Agrar-, Forst- u.Ernährungswiss., Veterinärmedizin",
2020-01-01T00:00:00.000Z,Sachsen-Anhalt,Verwaltungsfachhochschulen,Geisteswissenschaften,
2022-01-01T00:00:00.000Z,Rheinland-Pfalz,Verwaltungsfachhochschulen,"Agrar-, Forst- u.Ernährungswiss., Veterinärmedizin",
2020-01-01T00:00:00.000Z,Sachsen-Anhalt,Pädagogische Hochschulen,Geisteswissenschaften,
2020-01-01T00:00:00.000Z,Thüringen,Universitäten (ohne Medizinische Einrichtungen),Humanmedizin/Gesundheitswissenschaften,
2022-01-01T00:00:00.000Z,Schleswig-Holstein,Medizinische Einrichtungen der Universitäten,Geisteswissenschaften,
2019-01-01T00:00:00.000Z,Rheinland-Pfalz,Verwaltungsfachhochschulen,Ingenieurwissenschaften,
2022-01-01T00:00:00.000Z,Baden-Württemberg,Verwaltungsfachhochschulen,"Kunst, Kunstwissenschaft",
2020-01-01T00:00:00.000Z,Bayern,Theologische Hochschulen,Geisteswissenschaften,6021000.0
2022-01-01T00:00:00.000Z,Sachsen,Medizinische Einrichtungen der Universitäten,Sport,
2019-01-01T00:00:00.000Z,Sachsen,Pädagogische Hochschulen,"Agrar-, Forst- u.Ernährungswiss., Veterinärmedizin",
2019-01-01T00:00:00.000Z,Schleswig-Holstein,Pädagogische Hochschulen,Zentr.Einrichtungen (o. klinikspez. Einrichtungen),
2022-01-01T00:00:00.000Z,Niedersachsen,Fachhochschulen,"Rechts-, Wirtschafts- und Sozialwissenschaften",1.39062E8
2019-01-01T00:00:00.000Z,Bayern,Kunsthochschulen,Ingenieurwissenschaften,682000.0
2020-01-01T00:00:00.000Z,Hessen,Fachhochschulen,Zentr.Einrichtungen (o. klinikspez. Einrichtungen),3.20621E8
2021-01-01T00:00:00.000Z,Hamburg,Universitäten (ohne Medizinische Einrichtungen),Sport,2220000.0
2022-01-01T00:00:00.000Z,Berlin,Medizinische Einrichtungen der Universitäten,Ingenieurwissenschaften,
2020-01-01T00:00:00.000Z,Baden-Württemberg,Kunsthochschulen,Geisteswissenschaften,
2019-01-01T00:00:00.000Z,Hamburg,Pädagogische Hochschulen,Ingenieurwissenschaften,
2022-01-01T00:00:00.000Z,Thüringen,Kunsthochschulen,"Mathematik, Naturwissenschaften",
2020-01-01T00:00:00.000Z,Sachsen,Theologische Hochschulen,Sport,
2021-01-01T00:00:00.000Z,Bayern,Kunsthochschulen,"Kunst, Kunstwissenschaft",6.1323E7
2021-01-01T00:00:00.000Z,Thüringen,Kunsthochschulen,"Agrar-, Forst- u.Ernährungswiss., Veterinärmedizin",
2022-01-01T00:00:00.000Z,Sachsen,Fachhochschulen,"Agrar-, Forst- u.Ernährungswiss., Veterinärmedizin",5094000.0
2020-01-01T00:00:00.000Z,Rheinland-Pfalz,Medizinische Einrichtungen der Universitäten,Geisteswissenschaften,
2021-01-01T00:00:00.000Z,Nordrhein-Westfalen,Kunsthochschulen,"Mathematik, Naturwissenschaften",
2020-01-01T00:00:00.000Z,Schleswig-Holstein,Verwaltungsfachhochschulen,Geisteswissenschaften,
2019-01-01T00:00:00.000Z,Hamburg,Theologische Hochschulen,Zentr.Einrichtungen (o. klinikspez. Einrichtungen),
2019-01-01T00:00:00.000Z,Thüringen,Pädagogische Hochschulen,Ingenieurwissenschaften,
2019-01-01T00:00:00.000Z,Berlin,Medizinische Einrichtungen der Universitäten,Sport,
2019-01-01T00:00:00.000Z,Nordrhein-Westfalen,Pädagogische Hochschulen,Humanmedizin/Gesundheitswissenschaften,
2021-01-01T00:00:00.000Z,Nordrhein-Westfalen,Medizinische Einrichtungen der Universitäten,"Mathematik, Naturwissenschaften",
2019-01-01T00:00:00.000Z,Rheinland-Pfalz,Fachhochschulen,Humanmedizin/Gesundheitswissenschaften,4876000.0
2019-01-01T00:00:00.000Z,Sachsen-Anhalt,Fachhochschulen,Sport,
2020-01-01T00:00:00.000Z,Nordrhein-Westfalen,Pädagogische Hochschulen,Sport,
2020-01-01T00:00:00.000Z,Hessen,Fachhochschulen,Geisteswissenschaften,9054000.0
2019-01-01T00:00:00.000Z,Saarland,Fachhochschulen,Humanmedizin/Gesundheitswissenschaften,2.4141E7
2022-01-01T00:00:00.000Z,Nordrhein-Westfalen,Fachhochschulen,Humanmedizin/Gesundheitswissenschaften,6.2391E7
2021-01-01T00:00:00.000Z,Baden-Württemberg,Pädagogische Hochschulen,Ingenieurwissenschaften,2953000.0
2021-01-01T00:00:00.000Z,Sachsen-Anhalt,Theologische Hochschulen,"Agrar-, Forst- u.Ernährungswiss., Veterinärmedizin",
2019-01-01T00:00:00.000Z,Thüringen,Fachhochschulen,"Agrar-, Forst- u.Ernährungswiss., Veterinärmedizin",5969000.0
2022-01-01T00:00:00.000Z,Niedersachsen,Universitäten (ohne Medizinische Einrichtungen),"Rechts-, Wirtschafts- und Sozialwissenschaften",2.05673E8
2022-01-01T00:00:00.000Z,Schleswig-Holstein,Universitäten (ohne Medizinische Einrichtungen),Humanmedizin/Gesundheitswissenschaften,
2021-01-01T00:00:00.000Z,Hessen,Medizinische Einrichtungen der Universitäten,Humanmedizin/Gesundheitswissenschaften,2.009722E9
2022-01-01T00:00:00.000Z,Mecklenburg-Vorpommern,Universitäten (ohne Medizinische Einrichtungen),Sport,2899000.0
2021-01-01T00:00:00.000Z,Bremen,Medizinische Einrichtungen der Universitäten,Geisteswissenschaften,
2020-01-01T00:00:00.000Z,Hessen,Medizinische Einrichtungen der Universitäten,Ingenieurwissenschaften,
2021-01-01T00:00:00.000Z,Hessen,Pädagogische Hochschulen,"Mathematik, Naturwissenschaften",
2022-01-01T00:00:00.000Z,Hamburg,Kunsthochschulen,"Mathematik, Naturwissenschaften",
2019-01-01T00:00:00.000Z,Hamburg,Medizinische Einrichtungen der Universitäten,"Rechts-, Wirtschafts- und Sozialwissenschaften",
2020-01-01T00:00:00.000Z,Berlin,Theologische Hochschulen,"Rechts-, Wirtschafts- und Sozialwissenschaften",
2022-01-01T00:00:00.000Z,Hessen,Medizinische Einrichtungen der Universitäten,"Rechts-, Wirtschafts- und Sozialwissenschaften",
2020-01-01T00:00:00.000Z,Hessen,Verwaltungsfachhochschulen,Humanmedizin/Gesundheitswissenschaften,
2020-01-01T00:00:00.000Z,Mecklenburg-Vorpommern,Pädagogische Hochschulen,"Kunst, Kunstwissenschaft",
2021-01-01T00:00:00.000Z,Nordrhein-Westfalen,Pädagogische Hochschulen,Zentr.Einrichtungen (o. klinikspez. Einrichtungen),
2022-01-01T00:00:00.000Z,Niedersachsen,Fachhochschulen,Geisteswissenschaften,7475000.0
2019-01-01T00:00:00.000Z,Sachsen,Fachhochschulen,Humanmedizin/Gesundheitswissenschaften,1835000.0
2019-01-01T00:00:00.000Z,Saarland,Universitäten (ohne Medizinische Einrichtungen),Zentr.Einrichtungen (o. klinikspez. Einrichtungen),1.28582E8
2022-01-01T00:00:00.000Z,Nordrhein-Westfalen,Medizinische Einrichtungen der Universitäten,Sport,
2019-01-01T00:00:00.000Z,Sachsen,Theologische Hochschulen,Sport,
2022-01-01T00:00:00.000Z,Berlin,Pädagogische Hochschulen,"Kunst, Kunstwissenschaft",
2019-01-01T00:00:00.000Z,Bayern,Theologische Hochschulen,Geisteswissenschaften,6321000.0
2019-01-01T00:00:00.000Z,Sachsen-Anhalt,Fachhochschulen,"Kunst, Kunstwissenschaft",3689000.0
2019-01-01T00:00:00.000Z,Schleswig-Holstein,Pädagogische Hochschulen,"Rechts-, Wirtschafts- und Sozialwissenschaften",
2022-01-01T00:00:00.000Z,Sachsen-Anhalt,Kunsthochschulen,"Kunst, Kunstwissenschaft",1.0609E7
2020-01-01T00:00:00.000Z,Nordrhein-Westfalen,Theologische Hochschulen,"Rechts-, Wirtschafts- und Sozialwissenschaften",
2020-01-01T00:00:00.000Z,Sachsen,Verwaltungsfachhochschulen,"Rechts-, Wirtschafts- und Sozialwissenschaften",1.4526E7
2020-01-01T00:00:00.000Z,Niedersachsen,Pädagogische Hochschulen,"Agrar-, Forst- u.Ernährungswiss., Veterinärmedizin",
2022-01-01T00:00:00.000Z,Hamburg,Verwaltungsfachhochschulen,Zentr.Einrichtungen (o. klinikspez. Einrichtungen),
2022-01-01T00:00:00.000Z,Mecklenburg-Vorpommern,Verwaltungsfachhochschulen,Humanmedizin/Gesundheitswissenschaften,
2020-01-01T00:00:00.000Z,Mecklenburg-Vorpommern,Medizinische Einrichtungen der Universitäten,"Mathematik, Naturwissenschaften",
2022-01-01T00:00:00.000Z,Schleswig-Holstein,Pädagogische Hochschulen,Geisteswissenschaften,
2019-01-01T00:00:00.000Z,Saarland,Universitäten (ohne Medizinische Einrichtungen),Ingenieurwissenschaften,3.4023E7
2022-01-01T00:00:00.000Z,Niedersachsen,Universitäten (ohne Medizinische Einrichtungen),Geisteswissenschaften,1.11823E8
2019-01-01T00:00:00.000Z,Bayern,Verwaltungsfachhochschulen,Ingenieurwissenschaften,1.5082E7
2022-01-01T00:00:00.000Z,Saarland,Kunsthochschulen,Zentr.Einrichtungen (o. klinikspez. Einrichtungen),1.1203E7
2021-01-01T00:00:00.000Z,Baden-Württemberg,Pädagogische Hochschulen,Sport,3920000.0
2021-01-01T00:00:00.000Z,Niedersachsen,Universitäten (ohne Medizinische Einrichtungen),Geisteswissenschaften,1.16485E8
2019-01-01T00:00:00.000Z,Thüringen,Kunsthochschulen,Zentr.Einrichtungen (o. klinikspez. Einrichtungen),8083000.0
2021-01-01T00:00:00.000Z,Thüringen,Medizinische Einrichtungen der Universitäten,"Agrar-, Forst- u.Ernährungswiss., Veterinärmedizin",
2021-01-01T00:00:00.000Z,Bayern,Pädagogische Hochschulen,"Kunst, Kunstwissenschaft",
2022-01-01T00:00:00.000Z,Mecklenburg-Vorpommern,Medizinische Einrichtungen der Universitäten,Ingenieurwissenschaften,
2022-01-01T00:00:00.000Z,Saarland,Pädagogische Hochschulen,Humanmedizin/Gesundheitswissenschaften,
2022-01-01T00:00:00.000Z,Baden-Württemberg,Theologische Hochschulen,Sport,
2022-01-01T00:00:00.000Z,Bayern,Kunsthochschulen,"Agrar-, Forst- u.Ernährungswiss., Veterinärmedizin",
2021-01-01T00:00:00.000Z,Rheinland-Pfalz,Kunsthochschulen,Ingenieurwissenschaften,
2021-01-01T00:00:00.000Z,Schleswig-Holstein,Universitäten (ohne Medizinische Einrichtungen),Ingenieurwissenschaften,4.8456E7
2020-01-01T00:00:00.000Z,Niedersachsen,Universitäten (ohne Medizinische Einrichtungen),Humanmedizin/Gesundheitswissenschaften,
2021-01-01T00:00:00.000Z,Sachsen-Anhalt,Medizinische Einrichtungen der Universitäten,Ingenieurwissenschaften,
2019-01-01T00:00:00.000Z,Brandenburg,Medizinische Einrichtungen der Universitäten,"Agrar-, Forst- u.Ernährungswiss., Veterinärmedizin",
2020-01-01T00:00:00.000Z,Hessen,Universitäten (ohne Medizinische Einrichtungen),Geisteswissenschaften,1.1866E8
2022-01-01T00:00:00.000Z,Saarland,Kunsthochschulen,Ingenieurwissenschaften,
2022-01-01T00:00:00.000Z,Nordrhein-Westfalen,Kunsthochschulen,"Agrar-, Forst- u.Ernährungswiss., Veterinärmedizin",
2021-01-01T00:00:00.000Z,Brandenburg,Fachhochschulen,"Rechts-, Wirtschafts- und Sozialwissenschaften",4.6451E7
2020-01-01T00:00:00.000Z,Bremen,Fachhochschulen,"Rechts-, Wirtschafts- und Sozialwissenschaften",1.3478E7
2020-01-01T00:00:00.000Z,Rheinland-Pfalz,Pädagogische Hochschulen,"Agrar-, Forst- u.Ernährungswiss., Veterinärmedizin",
2020-01-01T00:00:00.000Z,Thüringen,Theologische Hochschulen,"Agrar-, Forst- u.Ernährungswiss., Veterinärmedizin",
2021-01-01T00:00:00.000Z,Saarland,Universitäten (ohne Medizinische Einrichtungen),Humanmedizin/Gesundheitswissenschaften,
2022-01-01T00:00:00.000Z,Schleswig-Holstein,Pädagogische Hochschulen,"Agrar-, Forst- u.Ernährungswiss., Veterinärmedizin",
2020-01-01T00:00:00.000Z,Hamburg,Fachhochschulen,Geisteswissenschaften,3666000.0
2020-01-01T00:00:00.000Z,Rheinland-Pfalz,Medizinische Einrichtungen der Universitäten,Humanmedizin/Gesundheitswissenschaften,9.40257E8
2020-01-01T00:00:00.000Z,Sachsen,Medizinische Einrichtungen der Universitäten,"Rechts-, Wirtschafts- und Sozialwissenschaften",
2019-01-01T00:00:00.000Z,Brandenburg,Theologische Hochschulen,"Mathematik, Naturwissenschaften",
2021-01-01T00:00:00.000Z,Brandenburg,Medizinische Einrichtungen der Universitäten,"Rechts-, Wirtschafts- und Sozialwissenschaften",
2022-01-01T00:00:00.000Z,Berlin,Pädagogische Hochschulen,Ingenieurwissenschaften,
2019-01-01T00:00:00.000Z,Bayern,Fachhochschulen,"Agrar-, Forst- u.Ernährungswiss., Veterinärmedizin",1.4042E7
2020-01-01T00:00:00.000Z,Niedersachsen,Medizinische Einrichtungen der Universitäten,Sport,
2020-01-01T00:00:00.000Z,Berlin,Kunsthochschulen,Humanmedizin/Gesundheitswissenschaften,
2019-01-01T00:00:00.000Z,Baden-Württemberg,Verwaltungsfachhochschulen,Zentr.Einrichtungen (o. klinikspez. Einrichtungen),3.8189E7
2022-01-01T00:00:00.000Z,Hessen,Fachhochschulen,"Rechts-, Wirtschafts- und Sozialwissenschaften",1.15848E8
2019-01-01T00:00:00.000Z,Berlin,Fachhochschulen,"Mathematik, Naturwissenschaften",3674000.0
2019-01-01T00:00:00.000Z,Saarland,Theologische Hochschulen,Humanmedizin/Gesundheitswissenschaften,
2019-01-01T00:00:00.000Z,Rheinland-Pfalz,Verwaltungsfachhochschulen,Sport,
2021-01-01T00:00:00.000Z,Mecklenburg-Vorpommern,Universitäten (ohne Medizinische Einrichtungen),"Kunst, Kunstwissenschaft",2373000.0
2019-01-01T00:00:00.000Z,Baden-Württemberg,Universitäten (ohne Medizinische Einrichtungen),Geisteswissenschaften,2.35853E8
2020-01-01T00:00:00.000Z,Saarland,Universitäten (ohne Medizinische Einrichtungen),"Mathematik, Naturwissenschaften",3.8439E7
2022-01-01T00:00:00.000Z,Hamburg,Verwaltungsfachhochschulen,Sport,
2020-01-01T00:00:00.000Z,Niedersachsen,Pädagogische Hochschulen,Geisteswissenschaften,
2020-01-01T00:00:00.000Z,Hamburg,Medizinische Einrichtungen der Universitäten,Ingenieurwissenschaften,
2021-01-01T00:00:00.000Z,Baden-Württemberg,Medizinische Einrichtungen der Universitäten,Sport,
2022-01-01T00:00:00.000Z,Hamburg,Universitäten (ohne Medizinische Einrichtungen),"Mathematik, Naturwissenschaften",1.40863E8
2022-01-01T00:00:00.000Z,Schleswig-Holstein,Kunsthochschulen,"Agrar-, Forst- u.Ernährungswiss., Veterinärmedizin",
2021-01-01T00:00:00.000Z,Sachsen,Pädagogische Hochschulen,Ingenieurwissenschaften,
2022-01-01T00:00:00.000Z,Saarland,Universitäten (ohne Medizinische Einrichtungen),Ingenieurwissenschaften,3.642E7
2022-01-01T00:00:00.000Z,Baden-Württemberg,Medizinische Einrichtungen der Universitäten,Sport,
2021-01-01T00:00:00.000Z,Berlin,Verwaltungsfachhochschulen,"Kunst, Kunstwissenschaft",
2019-01-01T00:00:00.000Z,Niedersachsen,Pädagogische Hochschulen,"Kunst, Kunstwissenschaft",
2021-01-01T00:00:00.000Z,Baden-Württemberg,Theologische Hochschulen,"Agrar-, Forst- u.Ernährungswiss., Veterinärmedizin",
2020-01-01T00:00:00.000Z,Hamburg,Kunsthochschulen,"Agrar-, Forst- u.Ernährungswiss., Veterinärmedizin",
2019-01-01T00:00:00.000Z,Berlin,Medizinische Einrichtungen der Universitäten,Zentr.Einrichtungen (o. klinikspez. Einrichtungen),
2022-01-01T00:00:00.000Z,Rheinland-Pfalz,Universitäten (ohne Medizinische Einrichtungen),Sport,7357000.0
2021-01-01T00:00:00.000Z,Bayern,Fachhochschulen,"Rechts-, Wirtschafts- und Sozialwissenschaften",2.0872E8
2019-01-01T00:00:00.000Z,Mecklenburg-Vorpommern,Verwaltungsfachhochschulen,Sport,
2022-01-01T00:00:00.000Z,Sachsen,Medizinische Einrichtungen der Universitäten,"Mathematik, Naturwissenschaften",
2020-01-01T00:00:00.000Z,Bayern,Medizinische Einrichtungen der Universitäten,"Agrar-, Forst- u.Ernährungswiss., Veterinärmedizin",
2022-01-01T00:00:00.000Z,Rheinland-Pfalz,Universitäten (ohne Medizinische Einrichtungen),Humanmedizin/Gesundheitswissenschaften,
2020-01-01T00:00:00.000Z,Hamburg,Theologische Hochschulen,"Rechts-, Wirtschafts- und Sozialwissenschaften",
2021-01-01T00:00:00.000Z,Sachsen,Medizinische Einrichtungen der Universitäten,Sport,
2022-01-01T00:00:00.000Z,Nordrhein-Westfalen,Universitäten (ohne Medizinische Einrichtungen),"Kunst, Kunstwissenschaft",4.5854E7
2019-01-01T00:00:00.000Z,Mecklenburg-Vorpommern,Medizinische Einrichtungen der Universitäten,"Kunst, Kunstwissenschaft",
2021-01-01T00:00:00.000Z,Sachsen,Medizinische Einrichtungen der Universitäten,Humanmedizin/Gesundheitswissenschaften,1.587869E9
2020-01-01T00:00:00.000Z,Bayern,Universitäten (ohne Medizinische Einrichtungen),Geisteswissenschaften,2.47854E8
2021-01-01T00:00:00.000Z,Niedersachsen,Kunsthochschulen,Humanmedizin/Gesundheitswissenschaften,
2020-01-01T00:00:00.000Z,Brandenburg,Kunsthochschulen,"Kunst, Kunstwissenschaft",
2020-01-01T00:00:00.000Z,Sachsen-Anhalt,Fachhochschulen,"Rechts-, Wirtschafts- und Sozialwissenschaften",2.4866E7
2022-01-01T00:00:00.000Z,Saarland,Verwaltungsfachhochschulen,"Mathematik, Naturwissenschaften",
2021-01-01T00:00:00.000Z,Saarland,Verwaltungsfachhochschulen,"Agrar-, Forst- u.Ernährungswiss., Veterinärmedizin",
2019-01-01T00:00:00.000Z,Rheinland-Pfalz,Universitäten (ohne Medizinische Einrichtungen),"Kunst, Kunstwissenschaft",1.747E7
2022-01-01T00:00:00.000Z,Sachsen-Anhalt,Pädagogische Hochschulen,"Kunst, Kunstwissenschaft",
2021-01-01T00:00:00.000Z,Sachsen,Theologische Hochschulen,"Kunst, Kunstwissenschaft",
2019-01-01T00:00:00.000Z,Bayern,Kunsthochschulen,Humanmedizin/Gesundheitswissenschaften,
2020-01-01T00:00:00.000Z,Schleswig-Holstein,Kunsthochschulen,"Rechts-, Wirtschafts- und Sozialwissenschaften",
2019-01-01T00:00:00.000Z,Nordrhein-Westfalen,Pädagogische Hochschulen,Zentr.Einrichtungen (o. klinikspez. Einrichtungen),
2022-01-01T00:00:00.000Z,Berlin,Medizinische Einrichtungen der Universitäten,Sport,
2020-01-01T00:00:00.000Z,Saarland,Verwaltungsfachhochschulen,"Rechts-, Wirtschafts- und Sozialwissenschaften",1512000.0
2021-01-01T00:00:00.000Z,Niedersachsen,Medizinische Einrichtungen der Universitäten,Zentr.Einrichtungen (o. klinikspez. Einrichtungen),
2022-01-01T00:00:00.000Z,Niedersachsen,Universitäten (ohne Medizinische Einrichtungen),"Agrar-, Forst- u.Ernährungswiss., Veterinärmedizin",1.54809E8
2021-01-01T00:00:00.000Z,Hamburg,Theologische Hochschulen,"Rechts-, Wirtschafts- und Sozialwissenschaften",
2019-01-01T00:00:00.000Z,Schleswig-Holstein,Medizinische Einrichtungen der Universitäten,Geisteswissenschaften,
2021-01-01T00:00:00.000Z,Mecklenburg-Vorpommern,Kunsthochschulen,Ingenieurwissenschaften,
2020-01-01T00:00:00.000Z,Nordrhein-Westfalen,Medizinische Einrichtungen der Universitäten,"Kunst, Kunstwissenschaft",
2019-01-01T00:00:00.000Z,Nordrhein-Westfalen,Fachhochschulen,"Agrar-, Forst- u.Ernährungswiss., Veterinärmedizin",2.3645E7
2020-01-01T00:00:00.000Z,Schleswig-Holstein,Fachhochschulen,"Rechts-, Wirtschafts- und Sozialwissenschaften",3.8102E7
2022-01-01T00:00:00.000Z,Brandenburg,Fachhochschulen,"Rechts-, Wirtschafts- und Sozialwissenschaften",4.8286E7
2022-01-01T00:00:00.000Z,Thüringen,Pädagogische Hochschulen,Geisteswissenschaften,
2019-01-01T00:00:00.000Z,Sachsen-Anhalt,Medizinische Einrichtungen der Universitäten,Geisteswissenschaften,
2022-01-01T00:00:00.000Z,Mecklenburg-Vorpommern,Theologische Hochschulen,"Rechts-, Wirtschafts- und Sozialwissenschaften",
2020-01-01T00:00:00.000Z,Hamburg,Kunsthochschulen,Ingenieurwissenschaften,
2020-01-01T00:00:00.000Z,Schleswig-Holstein,Verwaltungsfachhochschulen,Humanmedizin/Gesundheitswissenschaften,
2022-01-01T00:00:00.000Z,Sachsen,Pädagogische Hochschulen,Humanmedizin/Gesundheitswissenschaften,
2019-01-01T00:00:00.000Z,Thüringen,Medizinische Einrichtungen der Universitäten,Humanmedizin/Gesundheitswissenschaften,6.20222E8
2019-01-01T00:00:00.000Z,Sachsen,Universitäten (ohne Medizinische Einrichtungen),Geisteswissenschaften,6.8719E7
2019-01-01T00:00:00.000Z,Hessen,Universitäten (ohne Medizinische Einrichtungen),"Agrar-, Forst- u.Ernährungswiss., Veterinärmedizin",8.8153E7
2022-01-01T00:00:00.000Z,Nordrhein-Westfalen,Pädagogische Hochschulen,"Agrar-, Forst- u.Ernährungswiss., Veterinärmedizin",
2020-01-01T00:00:00.000Z,Brandenburg,Universitäten (ohne Medizinische Einrichtungen),Geisteswissenschaften,3.5956E7
2021-01-01T00:00:00.000Z,Bayern,Verwaltungsfachhochschulen,Ingenieurwissenschaften,1.5188E7
2022-01-01T00:00:00.000Z,Baden-Württemberg,Medizinische Einrichtungen der Universitäten,"Agrar-, Forst- u.Ernährungswiss., Veterinärmedizin",
2021-01-01T00:00:00.000Z,Saarland,Verwaltungsfachhochschulen,Zentr.Einrichtungen (o. klinikspez. Einrichtungen),2057000.0
2019-01-01T00:00:00.000Z,Schleswig-Holstein,Medizinische Einrichtungen der Universitäten,"Mathematik, Naturwissenschaften",
2019-01-01T00:00:00.000Z,Thüringen,Pädagogische Hochschulen,Humanmedizin/Gesundheitswissenschaften,
2020-01-01T00:00:00.000Z,Thüringen,Kunsthochschulen,Ingenieurwissenschaften,
2021-01-01T00:00:00.000Z,Schleswig-Holstein,Medizinische Einrichtungen der Universitäten,"Mathematik, Naturwissenschaften",
2021-01-01T00:00:00.000Z,Hessen,Theologische Hochschulen,Zentr.Einrichtungen (o. klinikspez. Einrichtungen),1398000.0
2019-01-01T00:00:00.000Z,Hessen,Theologische Hochschulen,Zentr.Einrichtungen (o. klinikspez. Einrichtungen),1502000.0
2020-01-01T00:00:00.000Z,Niedersachsen,Pädagogische Hochschulen,Ingenieurwissenschaften,
2020-01-01T00:00:00.000Z,Schleswig-Holstein,Theologische Hochschulen,"Mathematik, Naturwissenschaften",
2021-01-01T00:00:00.000Z,Baden-Württemberg,Pädagogische Hochschulen,Humanmedizin/Gesundheitswissenschaften,3003000.0
2022-01-01T00:00:00.000Z,Berlin,Kunsthochschulen,"Kunst, Kunstwissenschaft",1.19863E8
2019-01-01T00:00:00.000Z,Hamburg,Kunsthochschulen,Sport,
2022-01-01T00:00:00.000Z,Bayern,Medizinische Einrichtungen der Universitäten,"Kunst, Kunstwissenschaft",
2021-01-01T00:00:00.000Z,Nordrhein-Westfalen,Verwaltungsfachhochschulen,Sport,
2020-01-01T00:00:00.000Z,Baden-Württemberg,Universitäten (ohne Medizinische Einrichtungen),Humanmedizin/Gesundheitswissenschaften,
2021-01-01T00:00:00.000Z,Hessen,Universitäten (ohne Medizinische Einrichtungen),Geisteswissenschaften,1.18354E8
2020-01-01T00:00:00.000Z,Hessen,Universitäten (ohne Medizinische Einrichtungen),Zentr.Einrichtungen (o. klinikspez. Einrichtungen),8.21192E8
2021-01-01T00:00:00.000Z,Sachsen-Anhalt,Pädagogische Hochschulen,Sport,
2022-01-01T00:00:00.000Z,Sachsen,Pädagogische Hochschulen,Sport,
2019-01-01T00:00:00.000Z,Brandenburg,Pädagogische Hochschulen,Humanmedizin/Gesundheitswissenschaften,
2019-01-01T00:00:00.000Z,Berlin,Universitäten (ohne Medizinische Einrichtungen),Humanmedizin/Gesundheitswissenschaften,
2022-01-01T00:00:00.000Z,Saarland,Fachhochschulen,"Agrar-, Forst- u.Ernährungswiss., Veterinärmedizin",
2019-01-01T00:00:00.000Z,Mecklenburg-Vorpommern,Theologische Hochschulen,Geisteswissenschaften,
2019-01-01T00:00:00.000Z,Bremen,Theologische Hochschulen,"Rechts-, Wirtschafts- und Sozialwissenschaften",
2022-01-01T00:00:00.000Z,Schleswig-Holstein,Medizinische Einrichtungen der Universitäten,"Mathematik, Naturwissenschaften",
2019-01-01T00:00:00.000Z,Saarland,Medizinische Einrichtungen der Universitäten,Humanmedizin/Gesundheitswissenschaften,5.98038E8
2019-01-01T00:00:00.000Z,Sachsen-Anhalt,Medizinische Einrichtungen der Universitäten,Ingenieurwissenschaften,
2022-01-01T00:00:00.000Z,Bayern,Fachhochschulen,Humanmedizin/Gesundheitswissenschaften,2.6754E7
2021-01-01T00:00:00.000Z,Sachsen,Verwaltungsfachhochschulen,Humanmedizin/Gesundheitswissenschaften,
2022-01-01T00:00:00.000Z,Sachsen,Kunsthochschulen,Zentr.Einrichtungen (o. klinikspez. Einrichtungen),2.1798E7
2019-01-01T00:00:00.000Z,Schleswig-Holstein,Theologische Hochschulen,Geisteswissenschaften,
2020-01-01T00:00:00.000Z,Berlin,Verwaltungsfachhochschulen,Sport,
2021-01-01T00:00:00.000Z,Berlin,Fachhochschulen,"Mathematik, Naturwissenschaften",3949000.0
2022-01-01T00:00:00.000Z,Bremen,Universitäten (ohne Medizinische Einrichtungen),"Kunst, Kunstwissenschaft",5258000.0
2021-01-01T00:00:00.000Z,Bremen,Kunsthochschulen,Sport,
2021-01-01T00:00:00.000Z,Berlin,Fachhochschulen,"Agrar-, Forst- u.Ernährungswiss., Veterinärmedizin",3897000.0
2019-01-01T00:00:00.000Z,Mecklenburg-Vorpommern,Pädagogische Hochschulen,"Kunst, Kunstwissenschaft",
2019-01-01T00:00:00.000Z,Rheinland-Pfalz,Kunsthochschulen,"Agrar-, Forst- u.Ernährungswiss., Veterinärmedizin",
2019-01-01T00:00:00.000Z,Baden-Württemberg,Kunsthochschulen,"Rechts-, Wirtschafts- und Sozialwissenschaften",
2020-01-01T00:00:00.000Z,Bayern,Fachhochschulen,"Agrar-, Forst- u.Ernährungswiss., Veterinärmedizin",1.5224E7
2022-01-01T00:00:00.000Z,Sachsen,Theologische Hochschulen,Ingenieurwissenschaften,
2019-01-01T00:00:00.000Z,Bremen,Fachhochschulen,Ingenieurwissenschaften,2.3715E7
2019-01-01T00:00:00.000Z,Thüringen,Universitäten (ohne Medizinische Einrichtungen),Sport,4431000.0
2022-01-01T00:00:00.000Z,Niedersachsen,Kunsthochschulen,"Rechts-, Wirtschafts- und Sozialwissenschaften",2123000.0
2019-01-01T00:00:00.000Z,Sachsen-Anhalt,Pädagogische Hochschulen,Geisteswissenschaften,
2022-01-01T00:00:00.000Z,Mecklenburg-Vorpommern,Fachhochschulen,"Kunst, Kunstwissenschaft",2424000.0
2021-01-01T00:00:00.000Z,Mecklenburg-Vorpommern,Universitäten (ohne Medizinische Einrichtungen),"Rechts-, Wirtschafts- und Sozialwissenschaften",3.4706E7
2019-01-01T00:00:00.000Z,Schleswig-Holstein,Fachhochschulen,"Kunst, Kunstwissenschaft",
2022-01-01T00:00:00.000Z,Rheinland-Pfalz,Fachhochschulen,"Agrar-, Forst- u.Ernährungswiss., Veterinärmedizin",3405000.0
2019-01-01T00:00:00.000Z,Hamburg,Universitäten (ohne Medizinische Einrichtungen),"Kunst, Kunstwissenschaft",3666000.0
2021-01-01T00:00:00.000Z,Hamburg,Fachhochschulen,Zentr.Einrichtungen (o. klinikspez. Einrichtungen),6.8428E7
2020-01-01T00:00:00.000Z,Niedersachsen,Verwaltungsfachhochschulen,"Agrar-, Forst- u.Ernährungswiss., Veterinärmedizin",
2020-01-01T00:00:00.000Z,Bremen,Verwaltungsfachhochschulen,"Kunst, Kunstwissenschaft",
2019-01-01T00:00:00.000Z,Rheinland-Pfalz,Pädagogische Hochschulen,"Agrar-, Forst- u.Ernährungswiss., Veterinärmedizin",
2019-01-01T00:00:00.000Z,Berlin,Fachhochschulen,Zentr.Einrichtungen (o. klinikspez. Einrichtungen),7.1756E7
2022-01-01T00:00:00.000Z,Hamburg,Medizinische Einrichtungen der Universitäten,"Rechts-, Wirtschafts- und Sozialwissenschaften",
2021-01-01T00:00:00.000Z,Bremen,Theologische Hochschulen,"Agrar-, Forst- u.Ernährungswiss., Veterinärmedizin",
2021-01-01T00:00:00.000Z,Nordrhein-Westfalen,Fachhochschulen,"Mathematik, Naturwissenschaften",3.5811E7
2020-01-01T00:00:00.000Z,Hamburg,Universitäten (ohne Medizinische Einrichtungen),Zentr.Einrichtungen (o. klinikspez. Einrichtungen),3.27532E8
2021-01-01T00:00:00.000Z,Bremen,Theologische Hochschulen,"Kunst, Kunstwissenschaft",
2022-01-01T00:00:00.000Z,Bremen,Universitäten (ohne Medizinische Einrichtungen),"Agrar-, Forst- u.Ernährungswiss., Veterinärmedizin",
2019-01-01T00:00:00.000Z,Saarland,Kunsthochschulen,"Agrar-, Forst- u.Ernährungswiss., Veterinärmedizin",
2020-01-01T00:00:00.000Z,Baden-Württemberg,Fachhochschulen,"Mathematik, Naturwissenschaften",2.2566E7
2022-01-01T00:00:00.000Z,Mecklenburg-Vorpommern,Fachhochschulen,Ingenieurwissenschaften,3.1433E7
2020-01-01T00:00:00.000Z,Bremen,Medizinische Einrichtungen der Universitäten,"Kunst, Kunstwissenschaft",
2021-01-01T00:00:00.000Z,Sachsen-Anhalt,Theologische Hochschulen,Geisteswissenschaften,714000.0
2021-01-01T00:00:00.000Z,Brandenburg,Theologische Hochschulen,"Mathematik, Naturwissenschaften",
2021-01-01T00:00:00.000Z,Sachsen,Verwaltungsfachhochschulen,Zentr.Einrichtungen (o. klinikspez. Einrichtungen),2.6756E7
2021-01-01T00:00:00.000Z,Thüringen,Fachhochschulen,Ingenieurwissenschaften,4.9532E7
2021-01-01T00:00:00.000Z,Schleswig-Holstein,Kunsthochschulen,Zentr.Einrichtungen (o. klinikspez. Einrichtungen),5688000.0
2021-01-01T00:00:00.000Z,Baden-Württemberg,Theologische Hochschulen,Geisteswissenschaften,
2021-01-01T00:00:00.000Z,Baden-Württemberg,Theologische Hochschulen,Zentr.Einrichtungen (o. klinikspez. Einrichtungen),
2019-01-01T00:00:00.000Z,Saarland,Kunsthochschulen,Zentr.Einrichtungen (o. klinikspez. Einrichtungen),9691000.0
2020-01-01T00:00:00.000Z,Brandenburg,Theologische Hochschulen,Ingenieurwissenschaften,
2021-01-01T00:00:00.000Z,Mecklenburg-Vorpommern,Theologische Hochschulen,Humanmedizin/Gesundheitswissenschaften,
2022-01-01T00:00:00.000Z,Schleswig-Holstein,Fachhochschulen,Sport,
2022-01-01T00:00:00.000Z,Niedersachsen,Fachhochschulen,"Agrar-, Forst- u.Ernährungswiss., Veterinärmedizin",3.1489E7
2022-01-01T00:00:00.000Z,Sachsen-Anhalt,Kunsthochschulen,Sport,
2022-01-01T00:00:00.000Z,Bayern,Pädagogische Hochschulen,Geisteswissenschaften,
2020-01-01T00:00:00.000Z,Hamburg,Pädagogische Hochschulen,"Rechts-, Wirtschafts- und Sozialwissenschaften",
2022-01-01T00:00:00.000Z,Sachsen-Anhalt,Fachhochschulen,Zentr.Einrichtungen (o. klinikspez. Einrichtungen),1.05638E8
2019-01-01T00:00:00.000Z,Bremen,Medizinische Einrichtungen der Universitäten,Zentr.Einrichtungen (o. klinikspez. Einrichtungen),
2020-01-01T00:00:00.000Z,Sachsen,Universitäten (ohne Medizinische Einrichtungen),"Mathematik, Naturwissenschaften",2.44037E8
2019-01-01T00:00:00.000Z,Niedersachsen,Pädagogische Hochschulen,"Agrar-, Forst- u.Ernährungswiss., Veterinärmedizin",
2022-01-01T00:00:00.000Z,Thüringen,Universitäten (ohne Medizinische Einrichtungen),Ingenieurwissenschaften,1.22389E8
2020-01-01T00:00:00.000Z,Niedersachsen,Medizinische Einrichtungen der Universitäten,"Agrar-, Forst- u.Ernährungswiss., Veterinärmedizin",
2020-01-01T00:00:00.000Z,Hamburg,Universitäten (ohne Medizinische Einrichtungen),"Rechts-, Wirtschafts- und Sozialwissenschaften",1.23797E8
2019-01-01T00:00:00.000Z,Niedersachsen,Pädagogische Hochschulen,Geisteswissenschaften,
2021-01-01T00:00:00.000Z,Hamburg,Fachhochschulen,Sport,
2019-01-01T00:00:00.000Z,Bayern,Pädagogische Hochschulen,Humanmedizin/Gesundheitswissenschaften,
2022-01-01T00:00:00.000Z,Brandenburg,Fachhochschulen,Humanmedizin/Gesundheitswissenschaften,
2022-01-01T00:00:00.000Z,Rheinland-Pfalz,Theologische Hochschulen,Geisteswissenschaften,4333000.0
2022-01-01T00:00:00.000Z,Thüringen,Kunsthochschulen,Zentr.Einrichtungen (o. klinikspez. Einrichtungen),1.0332E7
2019-01-01T00:00:00.000Z,Mecklenburg-Vorpommern,Medizinische Einrichtungen der Universitäten,Ingenieurwissenschaften,
2021-01-01T00:00:00.000Z,Sachsen-Anhalt,Universitäten (ohne Medizinische Einrichtungen),Humanmedizin/Gesundheitswissenschaften,
2022-01-01T00:00:00.000Z,Rheinland-Pfalz,Theologische Hochschulen,"Rechts-, Wirtschafts- und Sozialwissenschaften",298000.0
2019-01-01T00:00:00.000Z,Schleswig-Holstein,Pädagogische Hochschulen,Sport,
2019-01-01T00:00:00.000Z,Bremen,Kunsthochschulen,Geisteswissenschaften,
2019-01-01T00:00:00.000Z,Berlin,Verwaltungsfachhochschulen,Zentr.Einrichtungen (o. klinikspez. Einrichtungen),
2021-01-01T00:00:00.000Z,Berlin,Medizinische Einrichtungen der Universitäten,"Agrar-, Forst- u.Ernährungswiss., Veterinärmedizin",
2019-01-01T00:00:00.000Z,Niedersachsen,Verwaltungsfachhochschulen,Geisteswissenschaften,
2022-01-01T00:00:00.000Z,Hessen,Verwaltungsfachhochschulen,Zentr.Einrichtungen (o. klinikspez. Einrichtungen),
2020-01-01T00:00:00.000Z,Bayern,Theologische Hochschulen,"Agrar-, Forst- u.Ernährungswiss., Veterinärmedizin",
2019-01-01T00:00:00.000Z,Schleswig-Holstein,Theologische Hochschulen,"Kunst, Kunstwissenschaft",
2021-01-01T00:00:00.000Z,Hessen,Kunsthochschulen,"Rechts-, Wirtschafts- und Sozialwissenschaften",
2020-01-01T00:00:00.000Z,Rheinland-Pfalz,Verwaltungsfachhochschulen,Humanmedizin/Gesundheitswissenschaften,
2021-01-01T00:00:00.000Z,Sachsen-Anhalt,Verwaltungsfachhochschulen,Geisteswissenschaften,
2020-01-01T00:00:00.000Z,Sachsen-Anhalt,Medizinische Einrichtungen der Universitäten,"Mathematik, Naturwissenschaften",
2019-01-01T00:00:00.000Z,Sachsen-Anhalt,Pädagogische Hochschulen,"Rechts-, Wirtschafts- und Sozialwissenschaften",
2021-01-01T00:00:00.000Z,Brandenburg,Medizinische Einrichtungen der Universitäten,"Kunst, Kunstwissenschaft",
2020-01-01T00:00:00.000Z,Hessen,Fachhochschulen,Humanmedizin/Gesundheitswissenschaften,2.5574E7
2019-01-01T00:00:00.000Z,Hamburg,Fachhochschulen,Geisteswissenschaften,3512000.0
2019-01-01T00:00:00.000Z,Saarland,Verwaltungsfachhochschulen,Humanmedizin/Gesundheitswissenschaften,
2021-01-01T00:00:00.000Z,Saarland,Kunsthochschulen,Geisteswissenschaften,
2019-01-01T00:00:00.000Z,Berlin,Theologische Hochschulen,Ingenieurwissenschaften,
2022-01-01T00:00:00.000Z,Brandenburg,Verwaltungsfachhochschulen,Humanmedizin/Gesundheitswissenschaften,
2021-01-01T00:00:00.000Z,Rheinland-Pfalz,Medizinische Einrichtungen der Universitäten,Zentr.Einrichtungen (o. klinikspez. Einrichtungen),
2021-01-01T00:00:00.000Z,Bremen,Fachhochschulen,Zentr.Einrichtungen (o. klinikspez. Einrichtungen),5.1863E7
2021-01-01T00:00:00.000Z,Sachsen-Anhalt,Universitäten (ohne Medizinische Einrichtungen),"Rechts-, Wirtschafts- und Sozialwissenschaften",3.9152E7
2022-01-01T00:00:00.000Z,Bayern,Universitäten (ohne Medizinische Einrichtungen),"Agrar-, Forst- u.Ernährungswiss., Veterinärmedizin",1.49069E8
2020-01-01T00:00:00.000Z,Bayern,Theologische Hochschulen,"Mathematik, Naturwissenschaften",
2019-01-01T00:00:00.000Z,Bayern,Medizinische Einrichtungen der Universitäten,Geisteswissenschaften,
2021-01-01T00:00:00.000Z,Thüringen,Pädagogische Hochschulen,"Kunst, Kunstwissenschaft",
2020-01-01T00:00:00.000Z,Hamburg,Universitäten (ohne Medizinische Einrichtungen),Humanmedizin/Gesundheitswissenschaften,
2021-01-01T00:00:00.000Z,Schleswig-Holstein,Theologische Hochschulen,Sport,
2019-01-01T00:00:00.000Z,Mecklenburg-Vorpommern,Fachhochschulen,Zentr.Einrichtungen (o. klinikspez. Einrichtungen),3.8907E7
2021-01-01T00:00:00.000Z,Bayern,Verwaltungsfachhochschulen,Geisteswissenschaften,
2020-01-01T00:00:00.000Z,Hessen,Theologische Hochschulen,Ingenieurwissenschaften,
2019-01-01T00:00:00.000Z,Saarland,Fachhochschulen,Ingenieurwissenschaften,1.7868E7
2019-01-01T00:00:00.000Z,Sachsen-Anhalt,Verwaltungsfachhochschulen,Humanmedizin/Gesundheitswissenschaften,
2020-01-01T00:00:00.000Z,Nordrhein-Westfalen,Fachhochschulen,Ingenieurwissenschaften,4.25303E8
2022-01-01T00:00:00.000Z,Thüringen,Fachhochschulen,"Mathematik, Naturwissenschaften",1777000.0
2020-01-01T00:00:00.000Z,Brandenburg,Medizinische Einrichtungen der Universitäten,"Rechts-, Wirtschafts- und Sozialwissenschaften",
2021-01-01T00:00:00.000Z,Niedersachsen,Kunsthochschulen,Zentr.Einrichtungen (o. klinikspez. Einrichtungen),1.8824E7
2022-01-01T00:00:00.000Z,Brandenburg,Universitäten (ohne Medizinische Einrichtungen),Zentr.Einrichtungen (o. klinikspez. Einrichtungen),2.36677E8
2022-01-01T00:00:00.000Z,Brandenburg,Theologische Hochschulen,Humanmedizin/Gesundheitswissenschaften,
2022-01-01T00:00:00.000Z,Thüringen,Fachhochschulen,Sport,
2022-01-01T00:00:00.000Z,Brandenburg,Verwaltungsfachhochschulen,Geisteswissenschaften,
2021-01-01T00:00:00.000Z,Mecklenburg-Vorpommern,Medizinische Einrichtungen der Universitäten,Ingenieurwissenschaften,
2022-01-01T00:00:00.000Z,Saarland,Pädagogische Hochschulen,"Rechts-, Wirtschafts- und Sozialwissenschaften",
2019-01-01T00:00:00.000Z,Brandenburg,Kunsthochschulen,Zentr.Einrichtungen (o. klinikspez. Einrichtungen),
2022-01-01T00:00:00.000Z,Niedersachsen,Theologische Hochschulen,"Mathematik, Naturwissenschaften",
2021-01-01T00:00:00.000Z,Niedersachsen,Kunsthochschulen,Geisteswissenschaften,150000.0
2019-01-01T00:00:00.000Z,Sachsen,Theologische Hochschulen,Humanmedizin/Gesundheitswissenschaften,
2022-01-01T00:00:00.000Z,Bayern,Universitäten (ohne Medizinische Einrichtungen),Zentr.Einrichtungen (o. klinikspez. Einrichtungen),1.34811E9
2022-01-01T00:00:00.000Z,Brandenburg,Theologische Hochschulen,Sport,
2022-01-01T00:00:00.000Z,Sachsen-Anhalt,Fachhochschulen,Geisteswissenschaften,216000.0
2019-01-01T00:00:00.000Z,Sachsen,Universitäten (ohne Medizinische Einrichtungen),Zentr.Einrichtungen (o. klinikspez. Einrichtungen),3.91748E8
2022-01-01T00:00:00.000Z,Hamburg,Fachhochschulen,"Mathematik, Naturwissenschaften",2883000.0
2020-01-01T00:00:00.000Z,Brandenburg,Theologische Hochschulen,"Agrar-, Forst- u.Ernährungswiss., Veterinärmedizin",
2020-01-01T00:00:00.000Z,Bremen,Kunsthochschulen,Humanmedizin/Gesundheitswissenschaften,
2021-01-01T00:00:00.000Z,Hessen,Theologische Hochschulen,"Mathematik, Naturwissenschaften",
2022-01-01T00:00:00.000Z,Sachsen,Universitäten (ohne Medizinische Einrichtungen),Ingenieurwissenschaften,4.91148E8
2020-01-01T00:00:00.000Z,Brandenburg,Universitäten (ohne Medizinische Einrichtungen),"Mathematik, Naturwissenschaften",8.318E7
2021-01-01T00:00:00.000Z,Baden-Württemberg,Fachhochschulen,"Agrar-, Forst- u.Ernährungswiss., Veterinärmedizin",9449000.0
2019-01-01T00:00:00.000Z,Sachsen,Kunsthochschulen,"Rechts-, Wirtschafts- und Sozialwissenschaften",
2022-01-01T00:00:00.000Z,Bayern,Theologische Hochschulen,Humanmedizin/Gesundheitswissenschaften,
2021-01-01T00:00:00.000Z,Bayern,Pädagogische Hochschulen,Zentr.Einrichtungen (o. klinikspez. Einrichtungen),
2022-01-01T00:00:00.000Z,Baden-Württemberg,Verwaltungsfachhochschulen,"Agrar-, Forst- u.Ernährungswiss., Veterinärmedizin",
2020-01-01T00:00:00.000Z,Baden-Württemberg,Pädagogische Hochschulen,Humanmedizin/Gesundheitswissenschaften,2996000.0
2019-01-01T00:00:00.000Z,Baden-Württemberg,Theologische Hochschulen,Zentr.Einrichtungen (o. klinikspez. Einrichtungen),
2019-01-01T00:00:00.000Z,Bremen,Verwaltungsfachhochschulen,"Rechts-, Wirtschafts- und Sozialwissenschaften",2570000.0
2022-01-01T00:00:00.000Z,Hessen,Pädagogische Hochschulen,Humanmedizin/Gesundheitswissenschaften,
2022-01-01T00:00:00.000Z,Bayern,Kunsthochschulen,"Rechts-, Wirtschafts- und Sozialwissenschaften",537000.0
2019-01-01T00:00:00.000Z,Thüringen,Verwaltungsfachhochschulen,Ingenieurwissenschaften,
2020-01-01T00:00:00.000Z,Rheinland-Pfalz,Verwaltungsfachhochschulen,Geisteswissenschaften,
2021-01-01T00:00:00.000Z,Hamburg,Theologische Hochschulen,Ingenieurwissenschaften,
2021-01-01T00:00:00.000Z,Niedersachsen,Kunsthochschulen,"Mathematik, Naturwissenschaften",
2020-01-01T00:00:00.000Z,Thüringen,Theologische Hochschulen,"Mathematik, Naturwissenschaften",
2019-01-01T00:00:00.000Z,Sachsen,Kunsthochschulen,"Mathematik, Naturwissenschaften",
2020-01-01T00:00:00.000Z,Sachsen,Medizinische Einrichtungen der Universitäten,Ingenieurwissenschaften,
2019-01-01T00:00:00.000Z,Schleswig-Holstein,Medizinische Einrichtungen der Universitäten,Ingenieurwissenschaften,
2021-01-01T00:00:00.000Z,Bayern,Verwaltungsfachhochschulen,"Mathematik, Naturwissenschaften",
2022-01-01T00:00:00.000Z,Nordrhein-Westfalen,Verwaltungsfachhochschulen,Geisteswissenschaften,
2022-01-01T00:00:00.000Z,Bayern,Universitäten (ohne Medizinische Einrichtungen),"Mathematik, Naturwissenschaften",8.49826E8
2019-01-01T00:00:00.000Z,Niedersachsen,Universitäten (ohne Medizinische Einrichtungen),Ingenieurwissenschaften,3.85088E8
2021-01-01T00:00:00.000Z,Hamburg,Verwaltungsfachhochschulen,Zentr.Einrichtungen (o. klinikspez. Einrichtungen),
2022-01-01T00:00:00.000Z,Niedersachsen,Kunsthochschulen,Zentr.Einrichtungen (o. klinikspez. Einrichtungen),1.9587E7
2022-01-01T00:00:00.000Z,Bremen,Kunsthochschulen,"Mathematik, Naturwissenschaften",
2021-01-01T00:00:00.000Z,Saarland,Verwaltungsfachhochschulen,Geisteswissenschaften,
2021-01-01T00:00:00.000Z,Baden-Württemberg,Kunsthochschulen,"Rechts-, Wirtschafts- und Sozialwissenschaften",
2021-01-01T00:00:00.000Z,Schleswig-Holstein,Pädagogische Hochschulen,Geisteswissenschaften,
2019-01-01T00:00:00.000Z,Brandenburg,Medizinische Einrichtungen der Universitäten,"Kunst, Kunstwissenschaft",
2021-01-01T00:00:00.000Z,Mecklenburg-Vorpommern,Pädagogische Hochschulen,"Kunst, Kunstwissenschaft",
2021-01-01T00:00:00.000Z,Niedersachsen,Pädagogische Hochschulen,"Agrar-, Forst- u.Ernährungswiss., Veterinärmedizin",
2022-01-01T00:00:00.000Z,Berlin,Universitäten (ohne Medizinische Einrichtungen),"Kunst, Kunstwissenschaft",1.5061E7
2020-01-01T00:00:00.000Z,Niedersachsen,Pädagogische Hochschulen,"Mathematik, Naturwissenschaften",
2022-01-01T00:00:00.000Z,Hamburg,Fachhochschulen,Ingenieurwissenschaften,6.0242E7
2022-01-01T00:00:00.000Z,Berlin,Verwaltungsfachhochschulen,Geisteswissenschaften,
2020-01-01T00:00:00.000Z,Baden-Württemberg,Pädagogische Hochschulen,Sport,4002000.0
2020-01-01T00:00:00.000Z,Hamburg,Universitäten (ohne Medizinische Einrichtungen),"Mathematik, Naturwissenschaften",1.17047E8
2020-01-01T00:00:00.000Z,Brandenburg,Universitäten (ohne Medizinische Einrichtungen),Humanmedizin/Gesundheitswissenschaften,
2022-01-01T00:00:00.000Z,Mecklenburg-Vorpommern,Medizinische Einrichtungen der Universitäten,"Rechts-, Wirtschafts- und Sozialwissenschaften",
2021-01-01T00:00:00.000Z,Nordrhein-Westfalen,Fachhochschulen,Ingenieurwissenschaften,4.48354E8
2020-01-01T00:00:00.000Z,Bayern,Kunsthochschulen,Humanmedizin/Gesundheitswissenschaften,
2022-01-01T00:00:00.000Z,Bremen,Pädagogische Hochschulen,Humanmedizin/Gesundheitswissenschaften,
2020-01-01T00:00:00.000Z,Sachsen,Pädagogische Hochschulen,"Rechts-, Wirtschafts- und Sozialwissenschaften",
2022-01-01T00:00:00.000Z,Saarland,Kunsthochschulen,"Mathematik, Naturwissenschaften",
2019-01-01T00:00:00.000Z,Bremen,Kunsthochschulen,Zentr.Einrichtungen (o. klinikspez. Einrichtungen),6879000.0
2020-01-01T00:00:00.000Z,Nordrhein-Westfalen,Pädagogische Hochschulen,"Kunst, Kunstwissenschaft",
2020-01-01T00:00:00.000Z,Nordrhein-Westfalen,Kunsthochschulen,Geisteswissenschaften,
2020-01-01T00:00:00.000Z,Thüringen,Verwaltungsfachhochschulen,Sport,
2020-01-01T00:00:00.000Z,Hamburg,Verwaltungsfachhochschulen,Humanmedizin/Gesundheitswissenschaften,
2021-01-01T00:00:00.000Z,Berlin,Fachhochschulen,Geisteswissenschaften,3095000.0
2019-01-01T00:00:00.000Z,Sachsen,Verwaltungsfachhochschulen,Zentr.Einrichtungen (o. klinikspez. Einrichtungen),2.2235E7
2019-01-01T00:00:00.000Z,Baden-Württemberg,Kunsthochschulen,"Mathematik, Naturwissenschaften",
2020-01-01T00:00:00.000Z,Thüringen,Verwaltungsfachhochschulen,"Mathematik, Naturwissenschaften",
2019-01-01T00:00:00.000Z,Thüringen,Universitäten (ohne Medizinische Einrichtungen),"Rechts-, Wirtschafts- und Sozialwissenschaften",5.8035E7
2019-01-01T00:00:00.000Z,Sachsen-Anhalt,Fachhochschulen,"Agrar-, Forst- u.Ernährungswiss., Veterinärmedizin",8690000.0
2021-01-01T00:00:00.000Z,Thüringen,Theologische Hochschulen,"Agrar-, Forst- u.Ernährungswiss., Veterinärmedizin",
2021-01-01T00:00:00.000Z,Berlin,Pädagogische Hochschulen,"Kunst, Kunstwissenschaft",
2021-01-01T00:00:00.000Z,Rheinland-Pfalz,Medizinische Einrichtungen der Universitäten,"Agrar-, Forst- u.Ernährungswiss., Veterinärmedizin",
2021-01-01T00:00:00.000Z,Niedersachsen,Pädagogische Hochschulen,Geisteswissenschaften,
2020-01-01T00:00:00.000Z,Sachsen,Kunsthochschulen,"Agrar-, Forst- u.Ernährungswiss., Veterinärmedizin",
2019-01-01T00:00:00.000Z,Mecklenburg-Vorpommern,Theologische Hochschulen,Ingenieurwissenschaften,
2021-01-01T00:00:00.000Z,Bayern,Pädagogische Hochschulen,"Rechts-, Wirtschafts- und Sozialwissenschaften",
2019-01-01T00:00:00.000Z,Niedersachsen,Medizinische Einrichtungen der Universitäten,"Agrar-, Forst- u.Ernährungswiss., Veterinärmedizin",
2021-01-01T00:00:00.000Z,Berlin,Pädagogische Hochschulen,"Rechts-, Wirtschafts- und Sozialwissenschaften",
2021-01-01T00:00:00.000Z,Sachsen,Universitäten (ohne Medizinische Einrichtungen),Humanmedizin/Gesundheitswissenschaften,
2020-01-01T00:00:00.000Z,Sachsen-Anhalt,Verwaltungsfachhochschulen,"Mathematik, Naturwissenschaften",
2021-01-01T00:00:00.000Z,Hamburg,Verwaltungsfachhochschulen,"Kunst, Kunstwissenschaft",
2022-01-01T00:00:00.000Z,Nordrhein-Westfalen,Medizinische Einrichtungen der Universitäten,Zentr.Einrichtungen (o. klinikspez. Einrichtungen),
2019-01-01T00:00:00.000Z,Hamburg,Kunsthochschulen,"Agrar-, Forst- u.Ernährungswiss., Veterinärmedizin",
2020-01-01T00:00:00.000Z,Nordrhein-Westfalen,Medizinische Einrichtungen der Universitäten,"Agrar-, Forst- u.Ernährungswiss., Veterinärmedizin",
2019-01-01T00:00:00.000Z,Thüringen,Pädagogische Hochschulen,"Rechts-, Wirtschafts- und Sozialwissenschaften",
2021-01-01T00:00:00.000Z,Sachsen,Verwaltungsfachhochschulen,Geisteswissenschaften,
2021-01-01T00:00:00.000Z,Sachsen-Anhalt,Universitäten (ohne Medizinische Einrichtungen),"Mathematik, Naturwissenschaften",6.7098E7
2019-01-01T00:00:00.000Z,Sachsen-Anhalt,Pädagogische Hochschulen,"Agrar-, Forst- u.Ernährungswiss., Veterinärmedizin",
2021-01-01T00:00:00.000Z,Saarland,Pädagogische Hochschulen,"Mathematik, Naturwissenschaften",
2019-01-01T00:00:00.000Z,Saarland,Universitäten (ohne Medizinische Einrichtungen),Humanmedizin/Gesundheitswissenschaften,
2020-01-01T00:00:00.000Z,Rheinland-Pfalz,Kunsthochschulen,Geisteswissenschaften,
2021-01-01T00:00:00.000Z,Baden-Württemberg,Verwaltungsfachhochschulen,Zentr.Einrichtungen (o. klinikspez. Einrichtungen),4.2248E7
2019-01-01T00:00:00.000Z,Bayern,Verwaltungsfachhochschulen,Geisteswissenschaften,
2021-01-01T00:00:00.000Z,Berlin,Fachhochschulen,Ingenieurwissenschaften,1.0495E8
2021-01-01T00:00:00.000Z,Saarland,Kunsthochschulen,"Rechts-, Wirtschafts- und Sozialwissenschaften",
2022-01-01T00:00:00.000Z,Sachsen-Anhalt,Theologische Hochschulen,Humanmedizin/Gesundheitswissenschaften,
2022-01-01T00:00:00.000Z,Thüringen,Verwaltungsfachhochschulen,Ingenieurwissenschaften,
2022-01-01T00:00:00.000Z,Schleswig-Holstein,Verwaltungsfachhochschulen,"Kunst, Kunstwissenschaft",
2019-01-01T00:00:00.000Z,Berlin,Pädagogische Hochschulen,"Mathematik, Naturwissenschaften",
2022-01-01T00:00:00.000Z,Sachsen-Anhalt,Medizinische Einrichtungen der Universitäten,"Kunst, Kunstwissenschaft",
2022-01-01T00:00:00.000Z,Rheinland-Pfalz,Medizinische Einrichtungen der Universitäten,"Mathematik, Naturwissenschaften",
2019-01-01T00:00:00.000Z,Nordrhein-Westfalen,Universitäten (ohne Medizinische Einrichtungen),Humanmedizin/Gesundheitswissenschaften,
2020-01-01T00:00:00.000Z,Saarland,Medizinische Einrichtungen der Universitäten,"Agrar-, Forst- u.Ernährungswiss., Veterinärmedizin",
2020-01-01T00:00:00.000Z,Sachsen,Universitäten (ohne Medizinische Einrichtungen),Zentr.Einrichtungen (o. klinikspez. Einrichtungen),4.14802E8
2019-01-01T00:00:00.000Z,Bremen,Kunsthochschulen,"Agrar-, Forst- u.Ernährungswiss., Veterinärmedizin",
2020-01-01T00:00:00.000Z,Hessen,Medizinische Einrichtungen der Universitäten,"Kunst, Kunstwissenschaft",
2020-01-01T00:00:00.000Z,Nordrhein-Westfalen,Theologische Hochschulen,Ingenieurwissenschaften,
2021-01-01T00:00:00.000Z,Bayern,Pädagogische Hochschulen,"Agrar-, Forst- u.Ernährungswiss., Veterinärmedizin",
2020-01-01T00:00:00.000Z,Thüringen,Theologische Hochschulen,"Kunst, Kunstwissenschaft",
2020-01-01T00:00:00.000Z,Baden-Württemberg,Medizinische Einrichtungen der Universitäten,Humanmedizin/Gesundheitswissenschaften,4.507143E9
2021-01-01T00:00:00.000Z,Schleswig-Holstein,Fachhochschulen,Ingenieurwissenschaften,6.3513E7
2021-01-01T00:00:00.000Z,Niedersachsen,Universitäten (ohne Medizinische Einrichtungen),"Agrar-, Forst- u.Ernährungswiss., Veterinärmedizin",1.47137E8
2019-01-01T00:00:00.000Z,Niedersachsen,Universitäten (ohne Medizinische Einrichtungen),"Kunst, Kunstwissenschaft",1.6423E7
2021-01-01T00:00:00.000Z,Bremen,Verwaltungsfachhochschulen,Geisteswissenschaften,
2019-01-01T00:00:00.000Z,Nordrhein-Westfalen,Pädagogische Hochschulen,"Mathematik, Naturwissenschaften",
2022-01-01T00:00:00.000Z,Mecklenburg-Vorpommern,Fachhochschulen,"Mathematik, Naturwissenschaften",
2020-01-01T00:00:00.000Z,Bremen,Pädagogische Hochschulen,Sport,
2022-01-01T00:00:00.000Z,Niedersachsen,Kunsthochschulen,"Kunst, Kunstwissenschaft",2.4677E7
2022-01-01T00:00:00.000Z,Brandenburg,Verwaltungsfachhochschulen,"Kunst, Kunstwissenschaft",
2020-01-01T00:00:00.000Z,Niedersachsen,Fachhochschulen,"Kunst, Kunstwissenschaft",2.4437E7
2022-01-01T00:00:00.000Z,Rheinland-Pfalz,Medizinische Einrichtungen der Universitäten,Geisteswissenschaften,
2019-01-01T00:00:00.000Z,Rheinland-Pfalz,Theologische Hochschulen,Ingenieurwissenschaften,
2019-01-01T00:00:00.000Z,Bayern,Medizinische Einrichtungen der Universitäten,Zentr.Einrichtungen (o. klinikspez. Einrichtungen),
2022-01-01T00:00:00.000Z,Bayern,Universitäten (ohne Medizinische Einrichtungen),"Kunst, Kunstwissenschaft",3.251E7
2022-01-01T00:00:00.000Z,Mecklenburg-Vorpommern,Universitäten (ohne Medizinische Einrichtungen),"Agrar-, Forst- u.Ernährungswiss., Veterinärmedizin",1.6288E7
2020-01-01T00:00:00.000Z,Thüringen,Kunsthochschulen,"Agrar-, Forst- u.Ernährungswiss., Veterinärmedizin",
2021-01-01T00:00:00.000Z,Brandenburg,Theologische Hochschulen,Ingenieurwissenschaften,
2019-01-01T00:00:00.000Z,Hamburg,Universitäten (ohne Medizinische Einrichtungen),Zentr.Einrichtungen (o. klinikspez. Einrichtungen),3.26803E8
2019-01-01T00:00:00.000Z,Sachsen-Anhalt,Pädagogische Hochschulen,"Mathematik, Naturwissenschaften",
2021-01-01T00:00:00.000Z,Hamburg,Universitäten (ohne Medizinische Einrichtungen),"Rechts-, Wirtschafts- und Sozialwissenschaften",1.43384E8
2019-01-01T00:00:00.000Z,Berlin,Medizinische Einrichtungen der Universitäten,"Agrar-, Forst- u.Ernährungswiss., Veterinärmedizin",
2020-01-01T00:00:00.000Z,Bayern,Fachhochschulen,"Kunst, Kunstwissenschaft",2.0888E7
2022-01-01T00:00:00.000Z,Bayern,Verwaltungsfachhochschulen,Humanmedizin/Gesundheitswissenschaften,
2021-01-01T00:00:00.000Z,Bayern,Theologische Hochschulen,Humanmedizin/Gesundheitswissenschaften,
2020-01-01T00:00:00.000Z,Schleswig-Holstein,Theologische Hochschulen,Ingenieurwissenschaften,
2019-01-01T00:00:00.000Z,Rheinland-Pfalz,Medizinische Einrichtungen der Universitäten,"Kunst, Kunstwissenschaft",
2019-01-01T00:00:00.000Z,Sachsen-Anhalt,Kunsthochschulen,"Rechts-, Wirtschafts- und Sozialwissenschaften",
2022-01-01T00:00:00.000Z,Thüringen,Universitäten (ohne Medizinische Einrichtungen),"Rechts-, Wirtschafts- und Sozialwissenschaften",6.7932E7
2021-01-01T00:00:00.000Z,Baden-Württemberg,Verwaltungsfachhochschulen,Geisteswissenschaften,
2020-01-01T00:00:00.000Z,Bremen,Universitäten (ohne Medizinische Einrichtungen),Humanmedizin/Gesundheitswissenschaften,
2022-01-01T00:00:00.000Z,Sachsen-Anhalt,Verwaltungsfachhochschulen,Geisteswissenschaften,
2022-01-01T00:00:00.000Z,Schleswig-Holstein,Universitäten (ohne Medizinische Einrichtungen),Ingenieurwissenschaften,5.592E7
2019-01-01T00:00:00.000Z,Niedersachsen,Medizinische Einrichtungen der Universitäten,Zentr.Einrichtungen (o. klinikspez. Einrichtungen),
2019-01-01T00:00:00.000Z,Baden-Württemberg,Universitäten (ohne Medizinische Einrichtungen),Zentr.Einrichtungen (o. klinikspez. Einrichtungen),1.02147E9
2019-01-01T00:00:00.000Z,Sachsen-Anhalt,Medizinische Einrichtungen der Universitäten,"Rechts-, Wirtschafts- und Sozialwissenschaften",
2020-01-01T00:00:00.000Z,Brandenburg,Kunsthochschulen,Sport,
2019-01-01T00:00:00.000Z,Bremen,Theologische Hochschulen,"Kunst, Kunstwissenschaft",
2019-01-01T00:00:00.000Z,Mecklenburg-Vorpommern,Fachhochschulen,"Agrar-, Forst- u.Ernährungswiss., Veterinärmedizin",5260000.0
2020-01-01T00:00:00.000Z,Schleswig-Holstein,Kunsthochschulen,Humanmedizin/Gesundheitswissenschaften,
2019-01-01T00:00:00.000Z,Bremen,Kunsthochschulen,"Mathematik, Naturwissenschaften",
2019-01-01T00:00:00.000Z,Hessen,Fachhochschulen,Ingenieurwissenschaften,1.37301E8
2022-01-01T00:00:00.000Z,Sachsen,Theologische Hochschulen,"Mathematik, Naturwissenschaften",
2020-01-01T00:00:00.000Z,Rheinland-Pfalz,Kunsthochschulen,Humanmedizin/Gesundheitswissenschaften,
2022-01-01T00:00:00.000Z,Hessen,Fachhochschulen,Sport,110000.0
2022-01-01T00:00:00.000Z,Hamburg,Fachhochschulen,Humanmedizin/Gesundheitswissenschaften,3.0257E7
2022-01-01T00:00:00.000Z,Bremen,Kunsthochschulen,Zentr.Einrichtungen (o. klinikspez. Einrichtungen),1.0961E7
2022-01-01T00:00:00.000Z,Baden-Württemberg,Fachhochschulen,"Agrar-, Forst- u.Ernährungswiss., Veterinärmedizin",9749000.0
2021-01-01T00:00:00.000Z,Saarland,Medizinische Einrichtungen der Universitäten,"Kunst, Kunstwissenschaft",
2021-01-01T00:00:00.000Z,Rheinland-Pfalz,Theologische Hochschulen,"Mathematik, Naturwissenschaften",
2020-01-01T00:00:00.000Z,Saarland,Pädagogische Hochschulen,"Rechts-, Wirtschafts- und Sozialwissenschaften",
2021-01-01T00:00:00.000Z,Schleswig-Holstein,Verwaltungsfachhochschulen,"Agrar-, Forst- u.Ernährungswiss., Veterinärmedizin",
2020-01-01T00:00:00.000Z,Hessen,Pädagogische Hochschulen,Sport,
2019-01-01T00:00:00.000Z,Thüringen,Fachhochschulen,Sport,
2020-01-01T00:00:00.000Z,Mecklenburg-Vorpommern,Pädagogische Hochschulen,"Mathematik, Naturwissenschaften",
2019-01-01T00:00:00.000Z,Berlin,Verwaltungsfachhochschulen,Geisteswissenschaften,
2019-01-01T00:00:00.000Z,Thüringen,Pädagogische Hochschulen,Geisteswissenschaften,
2022-01-01T00:00:00.000Z,Bremen,Universitäten (ohne Medizinische Einrichtungen),Zentr.Einrichtungen (o. klinikspez. Einrichtungen),1.96961E8
2020-01-01T00:00:00.000Z,Baden-Württemberg,Verwaltungsfachhochschulen,Humanmedizin/Gesundheitswissenschaften,
2022-01-01T00:00:00.000Z,Schleswig-Holstein,Verwaltungsfachhochschulen,"Mathematik, Naturwissenschaften",
2022-01-01T00:00:00.000Z,Hessen,Kunsthochschulen,Sport,
2022-01-01T00:00:00.000Z,Hessen,Theologische Hochschulen,"Kunst, Kunstwissenschaft",
2022-01-01T00:00:00.000Z,Brandenburg,Medizinische Einrichtungen der Universitäten,"Rechts-, Wirtschafts- und Sozialwissenschaften",
2022-01-01T00:00:00.000Z,Sachsen-Anhalt,Universitäten (ohne Medizinische Einrichtungen),Geisteswissenschaften,1.7024E7
2022-01-01T00:00:00.000Z,Thüringen,Verwaltungsfachhochschulen,Zentr.Einrichtungen (o. klinikspez. Einrichtungen),3809000.0
2020-01-01T00:00:00.000Z,Niedersachsen,Kunsthochschulen,"Rechts-, Wirtschafts- und Sozialwissenschaften",1686000.0
2021-01-01T00:00:00.000Z,Hessen,Fachhochschulen,"Mathematik, Naturwissenschaften",1.0841E7
2022-01-01T00:00:00.000Z,Niedersachsen,Fachhochschulen,Zentr.Einrichtungen (o. klinikspez. Einrichtungen),1.94616E8
2022-01-01T00:00:00.000Z,Mecklenburg-Vorpommern,Theologische Hochschulen,Ingenieurwissenschaften,
2020-01-01T00:00:00.000Z,Sachsen,Fachhochschulen,Humanmedizin/Gesundheitswissenschaften,1798000.0
2021-01-01T00:00:00.000Z,Saarland,Theologische Hochschulen,Humanmedizin/Gesundheitswissenschaften,
2021-01-01T00:00:00.000Z,Brandenburg,Fachhochschulen,"Mathematik, Naturwissenschaften",2392000.0
2022-01-01T00:00:00.000Z,Schleswig-Holstein,Kunsthochschulen,"Rechts-, Wirtschafts- und Sozialwissenschaften",
2019-01-01T00:00:00.000Z,Niedersachsen,Theologische Hochschulen,Ingenieurwissenschaften,
2019-01-01T00:00:00.000Z,Bayern,Kunsthochschulen,Geisteswissenschaften,200000.0
2022-01-01T00:00:00.000Z,Bremen,Fachhochschulen,Sport,
2019-01-01T00:00:00.000Z,Bayern,Medizinische Einrichtungen der Universitäten,Humanmedizin/Gesundheitswissenschaften,4.938366E9
2022-01-01T00:00:00.000Z,Rheinland-Pfalz,Theologische Hochschulen,Ingenieurwissenschaften,
2021-01-01T00:00:00.000Z,Saarland,Theologische Hochschulen,Sport,
2022-01-01T00:00:00.000Z,Hamburg,Universitäten (ohne Medizinische Einrichtungen),Zentr.Einrichtungen (o. klinikspez. Einrichtungen),3.51135E8
2019-01-01T00:00:00.000Z,Nordrhein-Westfalen,Verwaltungsfachhochschulen,Geisteswissenschaften,
2019-01-01T00:00:00.000Z,Sachsen,Medizinische Einrichtungen der Universitäten,Humanmedizin/Gesundheitswissenschaften,1.449884E9
2022-01-01T00:00:00.000Z,Bayern,Universitäten (ohne Medizinische Einrichtungen),Geisteswissenschaften,2.67203E8
2019-01-01T00:00:00.000Z,Berlin,Universitäten (ohne Medizinische Einrichtungen),"Mathematik, Naturwissenschaften",2.63391E8
2022-01-01T00:00:00.000Z,Baden-Württemberg,Universitäten (ohne Medizinische Einrichtungen),"Agrar-, Forst- u.Ernährungswiss., Veterinärmedizin",1.00911E8
2021-01-01T00:00:00.000Z,Saarland,Verwaltungsfachhochschulen,"Kunst, Kunstwissenschaft",
2020-01-01T00:00:00.000Z,Bayern,Fachhochschulen,Geisteswissenschaften,1.1496E7
2020-01-01T00:00:00.000Z,Saarland,Verwaltungsfachhochschulen,Ingenieurwissenschaften,
2022-01-01T00:00:00.000Z,Bremen,Theologische Hochschulen,"Kunst, Kunstwissenschaft",
2021-01-01T00:00:00.000Z,Hamburg,Kunsthochschulen,Ingenieurwissenschaften,
2019-01-01T00:00:00.000Z,Sachsen,Kunsthochschulen,Sport,
2022-01-01T00:00:00.000Z,Sachsen-Anhalt,Verwaltungsfachhochschulen,"Kunst, Kunstwissenschaft",
2022-01-01T00:00:00.000Z,Sachsen,Verwaltungsfachhochschulen,Zentr.Einrichtungen (o. klinikspez. Einrichtungen),3.6977E7
2021-01-01T00:00:00.000Z,Bayern,Medizinische Einrichtungen der Universitäten,Ingenieurwissenschaften,
2019-01-01T00:00:00.000Z,Hessen,Universitäten (ohne Medizinische Einrichtungen),Geisteswissenschaften,1.20074E8
2020-01-01T00:00:00.000Z,Brandenburg,Fachhochschulen,Humanmedizin/Gesundheitswissenschaften,
2021-01-01T00:00:00.000Z,Niedersachsen,Fachhochschulen,"Agrar-, Forst- u.Ernährungswiss., Veterinärmedizin",2.9767E7
2021-01-01T00:00:00.000Z,Niedersachsen,Verwaltungsfachhochschulen,Ingenieurwissenschaften,
2021-01-01T00:00:00.000Z,Niedersachsen,Theologische Hochschulen,"Mathematik, Naturwissenschaften",
2019-01-01T00:00:00.000Z,Mecklenburg-Vorpommern,Pädagogische Hochschulen,Zentr.Einrichtungen (o. klinikspez. Einrichtungen),
2019-01-01T00:00:00.000Z,Hamburg,Fachhochschulen,Ingenieurwissenschaften,5.8327E7
2020-01-01T00:00:00.000Z,Thüringen,Kunsthochschulen,Sport,
2021-01-01T00:00:00.000Z,Berlin,Fachhochschulen,"Kunst, Kunstwissenschaft",1.9877E7
2019-01-01T00:00:00.000Z,Mecklenburg-Vorpommern,Medizinische Einrichtungen der Universitäten,"Rechts-, Wirtschafts- und Sozialwissenschaften",
2021-01-01T00:00:00.000Z,Niedersachsen,Fachhochschulen,Sport,
2019-01-01T00:00:00.000Z,Baden-Württemberg,Theologische Hochschulen,Sport,
2019-01-01T00:00:00.000Z,Bayern,Kunsthochschulen,"Kunst, Kunstwissenschaft",6.1657E7
2019-01-01T00:00:00.000Z,Nordrhein-Westfalen,Universitäten (ohne Medizinische Einrichtungen),"Agrar-, Forst- u.Ernährungswiss., Veterinärmedizin",3.7675E7
2022-01-01T00:00:00.000Z,Brandenburg,Fachhochschulen,Ingenieurwissenschaften,2.9183E7
2021-01-01T00:00:00.000Z,Thüringen,Theologische Hochschulen,Ingenieurwissenschaften,
2022-01-01T00:00:00.000Z,Baden-Württemberg,Universitäten (ohne Medizinische Einrichtungen),"Mathematik, Naturwissenschaften",7.19012E8
2020-01-01T00:00:00.000Z,Hamburg,Theologische Hochschulen,"Agrar-, Forst- u.Ernährungswiss., Veterinärmedizin",
2021-01-01T00:00:00.000Z,Baden-Württemberg,Kunsthochschulen,Zentr.Einrichtungen (o. klinikspez. Einrichtungen),2.4825E7
2019-01-01T00:00:00.000Z,Brandenburg,Kunsthochschulen,"Kunst, Kunstwissenschaft",
2020-01-01T00:00:00.000Z,Hessen,Theologische Hochschulen,"Mathematik, Naturwissenschaften",
2020-01-01T00:00:00.000Z,Bremen,Pädagogische Hochschulen,"Rechts-, Wirtschafts- und Sozialwissenschaften",
2020-01-01T00:00:00.000Z,Thüringen,Fachhochschulen,Zentr.Einrichtungen (o. klinikspez. Einrichtungen),5.8554E7
2019-01-01T00:00:00.000Z,Bayern,Verwaltungsfachhochschulen,Humanmedizin/Gesundheitswissenschaften,
2022-01-01T00:00:00.000Z,Thüringen,Pädagogische Hochschulen,"Rechts-, Wirtschafts- und Sozialwissenschaften",
2019-01-01T00:00:00.000Z,Rheinland-Pfalz,Medizinische Einrichtungen der Universitäten,"Mathematik, Naturwissenschaften",
2022-01-01T00:00:00.000Z,Nordrhein-Westfalen,Kunsthochschulen,"Rechts-, Wirtschafts- und Sozialwissenschaften",5097000.0
2020-01-01T00:00:00.000Z,Bayern,Theologische Hochschulen,Ingenieurwissenschaften,
2022-01-01T00:00:00.000Z,Sachsen-Anhalt,Fachhochschulen,"Agrar-, Forst- u.Ernährungswiss., Veterinärmedizin",9270000.0
2019-01-01T00:00:00.000Z,Sachsen,Verwaltungsfachhochschulen,Humanmedizin/Gesundheitswissenschaften,
2021-01-01T00:00:00.000Z,Baden-Württemberg,Fachhochschulen,"Kunst, Kunstwissenschaft",2.5378E7
2022-01-01T00:00:00.000Z,Bayern,Verwaltungsfachhochschulen,Geisteswissenschaften,
2021-01-01T00:00:00.000Z,Baden-Württemberg,Kunsthochschulen,Geisteswissenschaften,
2022-01-01T00:00:00.000Z,Baden-Württemberg,Fachhochschulen,"Rechts-, Wirtschafts- und Sozialwissenschaften",2.80363E8
2019-01-01T00:00:00.000Z,Brandenburg,Pädagogische Hochschulen,Zentr.Einrichtungen (o. klinikspez. Einrichtungen),
2021-01-01T00:00:00.000Z,Brandenburg,Medizinische Einrichtungen der Universitäten,"Mathematik, Naturwissenschaften",
2021-01-01T00:00:00.000Z,Schleswig-Holstein,Fachhochschulen,"Agrar-, Forst- u.Ernährungswiss., Veterinärmedizin",2262000.0
2019-01-01T00:00:00.000Z,Schleswig-Holstein,Verwaltungsfachhochschulen,"Mathematik, Naturwissenschaften",
2019-01-01T00:00:00.000Z,Saarland,Kunsthochschulen,"Kunst, Kunstwissenschaft",2357000.0
2021-01-01T00:00:00.000Z,Thüringen,Medizinische Einrichtungen der Universitäten,"Kunst, Kunstwissenschaft",
2019-01-01T00:00:00.000Z,Brandenburg,Medizinische Einrichtungen der Universitäten,"Rechts-, Wirtschafts- und Sozialwissenschaften",
2022-01-01T00:00:00.000Z,Niedersachsen,Universitäten (ohne Medizinische Einrichtungen),"Kunst, Kunstwissenschaft",1.5015E7
2021-01-01T00:00:00.000Z,Hamburg,Medizinische Einrichtungen der Universitäten,"Rechts-, Wirtschafts- und Sozialwissenschaften",
2019-01-01T00:00:00.000Z,Brandenburg,Fachhochschulen,Ingenieurwissenschaften,2.6283E7
2019-01-01T00:00:00.000Z,Bayern,Fachhochschulen,"Rechts-, Wirtschafts- und Sozialwissenschaften",1.82868E8
2021-01-01T00:00:00.000Z,Mecklenburg-Vorpommern,Theologische Hochschulen,"Mathematik, Naturwissenschaften",
2022-01-01T00:00:00.000Z,Hessen,Fachhochschulen,Ingenieurwissenschaften,1.59602E8
2022-01-01T00:00:00.000Z,Sachsen,Medizinische Einrichtungen der Universitäten,"Rechts-, Wirtschafts- und Sozialwissenschaften",
2022-01-01T00:00:00.000Z,Nordrhein-Westfalen,Kunsthochschulen,"Kunst, Kunstwissenschaft",1.24204E8
2022-01-01T00:00:00.000Z,Schleswig-Holstein,Medizinische Einrichtungen der Universitäten,Ingenieurwissenschaften,
2021-01-01T00:00:00.000Z,Bremen,Verwaltungsfachhochschulen,Ingenieurwissenschaften,
2022-01-01T00:00:00.000Z,Hamburg,Kunsthochschulen,Sport,
2021-01-01T00:00:00.000Z,Nordrhein-Westfalen,Pädagogische Hochschulen,"Rechts-, Wirtschafts- und Sozialwissenschaften",
2022-01-01T00:00:00.000Z,Brandenburg,Kunsthochschulen,Geisteswissenschaften,
2020-01-01T00:00:00.000Z,Hamburg,Theologische Hochschulen,"Mathematik, Naturwissenschaften",
2021-01-01T00:00:00.000Z,Sachsen-Anhalt,Pädagogische Hochschulen,"Rechts-, Wirtschafts- und Sozialwissenschaften",
2021-01-01T00:00:00.000Z,Rheinland-Pfalz,Universitäten (ohne Medizinische Einrichtungen),Ingenieurwissenschaften,9.9358E7
2022-01-01T00:00:00.000Z,Saarland,Fachhochschulen,"Kunst, Kunstwissenschaft",
2022-01-01T00:00:00.000Z,Rheinland-Pfalz,Universitäten (ohne Medizinische Einrichtungen),"Mathematik, Naturwissenschaften",2.15826E8
2021-01-01T00:00:00.000Z,Hessen,Theologische Hochschulen,Ingenieurwissenschaften,
2019-01-01T00:00:00.000Z,Brandenburg,Theologische Hochschulen,Zentr.Einrichtungen (o. klinikspez. Einrichtungen),
2021-01-01T00:00:00.000Z,Bayern,Kunsthochschulen,Zentr.Einrichtungen (o. klinikspez. Einrichtungen),2.885E7
2021-01-01T00:00:00.000Z,Mecklenburg-Vorpommern,Kunsthochschulen,Sport,
2019-01-01T00:00:00.000Z,Berlin,Theologische Hochschulen,Sport,
2021-01-01T00:00:00.000Z,Sachsen,Theologische Hochschulen,"Agrar-, Forst- u.Ernährungswiss., Veterinärmedizin",
2019-01-01T00:00:00.000Z,Hessen,Medizinische Einrichtungen der Universitäten,"Mathematik, Naturwissenschaften",
2019-01-01T00:00:00.000Z,Bremen,Pädagogische Hochschulen,Humanmedizin/Gesundheitswissenschaften,
2020-01-01T00:00:00.000Z,Sachsen,Fachhochschulen,Sport,
2021-01-01T00:00:00.000Z,Sachsen-Anhalt,Medizinische Einrichtungen der Universitäten,"Agrar-, Forst- u.Ernährungswiss., Veterinärmedizin",
2022-01-01T00:00:00.000Z,Bremen,Fachhochschulen,Humanmedizin/Gesundheitswissenschaften,8711000.0
2020-01-01T00:00:00.000Z,Hamburg,Theologische Hochschulen,Geisteswissenschaften,
2022-01-01T00:00:00.000Z,Sachsen-Anhalt,Kunsthochschulen,"Rechts-, Wirtschafts- und Sozialwissenschaften",
2022-01-01T00:00:00.000Z,Berlin,Pädagogische Hochschulen,"Agrar-, Forst- u.Ernährungswiss., Veterinärmedizin",
2021-01-01T00:00:00.000Z,Bremen,Kunsthochschulen,"Rechts-, Wirtschafts- und Sozialwissenschaften",
2021-01-01T00:00:00.000Z,Schleswig-Holstein,Medizinische Einrichtungen der Universitäten,"Rechts-, Wirtschafts- und Sozialwissenschaften",
2020-01-01T00:00:00.000Z,Brandenburg,Theologische Hochschulen,"Mathematik, Naturwissenschaften",
2019-01-01T00:00:00.000Z,Rheinland-Pfalz,Fachhochschulen,Geisteswissenschaften,771000.0
2019-01-01T00:00:00.000Z,Baden-Württemberg,Fachhochschulen,Humanmedizin/Gesundheitswissenschaften,1.0019E7
2020-01-01T00:00:00.000Z,Sachsen,Kunsthochschulen,Zentr.Einrichtungen (o. klinikspez. Einrichtungen),2.0628E7
2022-01-01T00:00:00.000Z,Thüringen,Fachhochschulen,Ingenieurwissenschaften,5.2813E7
2020-01-01T00:00:00.000Z,Rheinland-Pfalz,Universitäten (ohne Medizinische Einrichtungen),"Rechts-, Wirtschafts- und Sozialwissenschaften",1.52354E8
2019-01-01T00:00:00.000Z,Bayern,Universitäten (ohne Medizinische Einrichtungen),"Kunst, Kunstwissenschaft",3.201E7
2022-01-01T00:00:00.000Z,Sachsen-Anhalt,Medizinische Einrichtungen der Universitäten,"Rechts-, Wirtschafts- und Sozialwissenschaften",
2019-01-01T00:00:00.000Z,Mecklenburg-Vorpommern,Universitäten (ohne Medizinische Einrichtungen),"Agrar-, Forst- u.Ernährungswiss., Veterinärmedizin",1.4315E7
2020-01-01T00:00:00.000Z,Brandenburg,Universitäten (ohne Medizinische Einrichtungen),Zentr.Einrichtungen (o. klinikspez. Einrichtungen),2.12536E8
2021-01-01T00:00:00.000Z,Sachsen-Anhalt,Kunsthochschulen,"Agrar-, Forst- u.Ernährungswiss., Veterinärmedizin",
2020-01-01T00:00:00.000Z,Schleswig-Holstein,Fachhochschulen,"Kunst, Kunstwissenschaft",
2019-01-01T00:00:00.000Z,Schleswig-Holstein,Verwaltungsfachhochschulen,Geisteswissenschaften,
2020-01-01T00:00:00.000Z,Thüringen,Medizinische Einrichtungen der Universitäten,Humanmedizin/Gesundheitswissenschaften,6.54535E8
2019-01-01T00:00:00.000Z,Berlin,Theologische Hochschulen,Zentr.Einrichtungen (o. klinikspez. Einrichtungen),
2022-01-01T00:00:00.000Z,Berlin,Kunsthochschulen,"Rechts-, Wirtschafts- und Sozialwissenschaften",
2019-01-01T00:00:00.000Z,Sachsen-Anhalt,Verwaltungsfachhochschulen,Geisteswissenschaften,
2020-01-01T00:00:00.000Z,Hamburg,Medizinische Einrichtungen der Universitäten,"Agrar-, Forst- u.Ernährungswiss., Veterinärmedizin",
2020-01-01T00:00:00.000Z,Sachsen-Anhalt,Medizinische Einrichtungen der Universitäten,Ingenieurwissenschaften,
2020-01-01T00:00:00.000Z,Hamburg,Pädagogische Hochschulen,Ingenieurwissenschaften,
2019-01-01T00:00:00.000Z,Hessen,Pädagogische Hochschulen,Sport,
2020-01-01T00:00:00.000Z,Baden-Württemberg,Universitäten (ohne Medizinische Einrichtungen),"Rechts-, Wirtschafts- und Sozialwissenschaften",2.76563E8
2022-01-01T00:00:00.000Z,Mecklenburg-Vorpommern,Theologische Hochschulen,Geisteswissenschaften,
2022-01-01T00:00:00.000Z,Niedersachsen,Verwaltungsfachhochschulen,Humanmedizin/Gesundheitswissenschaften,
2020-01-01T00:00:00.000Z,Schleswig-Holstein,Fachhochschulen,"Mathematik, Naturwissenschaften",6096000.0
2022-01-01T00:00:00.000Z,Schleswig-Holstein,Verwaltungsfachhochschulen,Zentr.Einrichtungen (o. klinikspez. Einrichtungen),
2019-01-01T00:00:00.000Z,Saarland,Universitäten (ohne Medizinische Einrichtungen),"Mathematik, Naturwissenschaften",3.8087E7
2021-01-01T00:00:00.000Z,Nordrhein-Westfalen,Pädagogische Hochschulen,Humanmedizin/Gesundheitswissenschaften,
2022-01-01T00:00:00.000Z,Baden-Württemberg,Pädagogische Hochschulen,"Agrar-, Forst- u.Ernährungswiss., Veterinärmedizin",2269000.0
2019-01-01T00:00:00.000Z,Baden-Württemberg,Universitäten (ohne Medizinische Einrichtungen),"Agrar-, Forst- u.Ernährungswiss., Veterinärmedizin",9.4572E7
2019-01-01T00:00:00.000Z,Niedersachsen,Theologische Hochschulen,"Agrar-, Forst- u.Ernährungswiss., Veterinärmedizin",
2020-01-01T00:00:00.000Z,Saarland,Medizinische Einrichtungen der Universitäten,Sport,
2020-01-01T00:00:00.000Z,Hessen,Universitäten (ohne Medizinische Einrichtungen),"Rechts-, Wirtschafts- und Sozialwissenschaften",3.01955E8
2020-01-01T00:00:00.000Z,Thüringen,Kunsthochschulen,Humanmedizin/Gesundheitswissenschaften,
2020-01-01T00:00:00.000Z,Schleswig-Holstein,Verwaltungsfachhochschulen,Zentr.Einrichtungen (o. klinikspez. Einrichtungen),
2020-01-01T00:00:00.000Z,Saarland,Pädagogische Hochschulen,Geisteswissenschaften,
2021-01-01T00:00:00.000Z,Mecklenburg-Vorpommern,Kunsthochschulen,"Agrar-, Forst- u.Ernährungswiss., Veterinärmedizin",
2021-01-01T00:00:00.000Z,Bremen,Universitäten (ohne Medizinische Einrichtungen),Geisteswissenschaften,3.5607E7
2020-01-01T00:00:00.000Z,Hessen,Pädagogische Hochschulen,Ingenieurwissenschaften,
2019-01-01T00:00:00.000Z,Berlin,Theologische Hochschulen,"Kunst, Kunstwissenschaft",
2022-01-01T00:00:00.000Z,Mecklenburg-Vorpommern,Pädagogische Hochschulen,Geisteswissenschaften,
2021-01-01T00:00:00.000Z,Bayern,Pädagogische Hochschulen,Sport,
2019-01-01T00:00:00.000Z,Thüringen,Medizinische Einrichtungen der Universitäten,Sport,
2019-01-01T00:00:00.000Z,Schleswig-Holstein,Kunsthochschulen,"Kunst, Kunstwissenschaft",1.296E7
2020-01-01T00:00:00.000Z,Brandenburg,Pädagogische Hochschulen,"Kunst, Kunstwissenschaft",
2020-01-01T00:00:00.000Z,Thüringen,Universitäten (ohne Medizinische Einrichtungen),Sport,4322000.0
2019-01-01T00:00:00.000Z,Sachsen,Pädagogische Hochschulen,Zentr.Einrichtungen (o. klinikspez. Einrichtungen),
2021-01-01T00:00:00.000Z,Saarland,Universitäten (ohne Medizinische Einrichtungen),Geisteswissenschaften,2.4875E7
2022-01-01T00:00:00.000Z,Mecklenburg-Vorpommern,Pädagogische Hochschulen,Zentr.Einrichtungen (o. klinikspez. Einrichtungen),
2019-01-01T00:00:00.000Z,Saarland,Theologische Hochschulen,Zentr.Einrichtungen (o. klinikspez. Einrichtungen),
2020-01-01T00:00:00.000Z,Saarland,Fachhochschulen,Geisteswissenschaften,
2022-01-01T00:00:00.000Z,Thüringen,Kunsthochschulen,Humanmedizin/Gesundheitswissenschaften,
2022-01-01T00:00:00.000Z,Nordrhein-Westfalen,Medizinische Einrichtungen der Universitäten,"Mathematik, Naturwissenschaften",
2022-01-01T00:00:00.000Z,Rheinland-Pfalz,Kunsthochschulen,Ingenieurwissenschaften,
2020-01-01T00:00:00.000Z,Sachsen-Anhalt,Kunsthochschulen,"Kunst, Kunstwissenschaft",9541000.0
2021-01-01T00:00:00.000Z,Rheinland-Pfalz,Kunsthochschulen,Zentr.Einrichtungen (o. klinikspez. Einrichtungen),
2019-01-01T00:00:00.000Z,Nordrhein-Westfalen,Theologische Hochschulen,"Agrar-, Forst- u.Ernährungswiss., Veterinärmedizin",
2022-01-01T00:00:00.000Z,Saarland,Fachhochschulen,"Rechts-, Wirtschafts- und Sozialwissenschaften",1.3517E7
2019-01-01T00:00:00.000Z,Rheinland-Pfalz,Fachhochschulen,"Mathematik, Naturwissenschaften",8066000.0
2022-01-01T00:00:00.000Z,Rheinland-Pfalz,Pädagogische Hochschulen,Ingenieurwissenschaften,
2022-01-01T00:00:00.000Z,Brandenburg,Fachhochschulen,Geisteswissenschaften,3023000.0
2019-01-01T00:00:00.000Z,Rheinland-Pfalz,Medizinische Einrichtungen der Universitäten,Geisteswissenschaften,
2021-01-01T00:00:00.000Z,Hessen,Kunsthochschulen,Geisteswissenschaften,
2019-01-01T00:00:00.000Z,Niedersachsen,Kunsthochschulen,"Kunst, Kunstwissenschaft",2.4402E7
2019-01-01T00:00:00.000Z,Baden-Württemberg,Fachhochschulen,"Mathematik, Naturwissenschaften",2.1491E7
2019-01-01T00:00:00.000Z,Bayern,Universitäten (ohne Medizinische Einrichtungen),Geisteswissenschaften,2.49268E8
2021-01-01T00:00:00.000Z,Berlin,Universitäten (ohne Medizinische Einrichtungen),Geisteswissenschaften,1.42528E8
2020-01-01T00:00:00.000Z,Schleswig-Holstein,Medizinische Einrichtungen der Universitäten,Geisteswissenschaften,
2021-01-01T00:00:00.000Z,Baden-Württemberg,Kunsthochschulen,Humanmedizin/Gesundheitswissenschaften,
2020-01-01T00:00:00.000Z,Niedersachsen,Theologische Hochschulen,"Rechts-, Wirtschafts- und Sozialwissenschaften",
2022-01-01T00:00:00.000Z,Hamburg,Fachhochschulen,Zentr.Einrichtungen (o. klinikspez. Einrichtungen),7.1766E7
2021-01-01T00:00:00.000Z,Mecklenburg-Vorpommern,Fachhochschulen,Zentr.Einrichtungen (o. klinikspez. Einrichtungen),4.4692E7
2020-01-01T00:00:00.000Z,Nordrhein-Westfalen,Kunsthochschulen,"Agrar-, Forst- u.Ernährungswiss., Veterinärmedizin",
2020-01-01T00:00:00.000Z,Bremen,Medizinische Einrichtungen der Universitäten,Sport,
2020-01-01T00:00:00.000Z,Thüringen,Medizinische Einrichtungen der Universitäten,Ingenieurwissenschaften,
2019-01-01T00:00:00.000Z,Mecklenburg-Vorpommern,Fachhochschulen,"Mathematik, Naturwissenschaften",
2022-01-01T00:00:00.000Z,Bremen,Fachhochschulen,"Rechts-, Wirtschafts- und Sozialwissenschaften",1.5492E7
2022-01-01T00:00:00.000Z,Mecklenburg-Vorpommern,Kunsthochschulen,Ingenieurwissenschaften,
2021-01-01T00:00:00.000Z,Bremen,Universitäten (ohne Medizinische Einrichtungen),"Rechts-, Wirtschafts- und Sozialwissenschaften",9.3654E7
2020-01-01T00:00:00.000Z,Niedersachsen,Verwaltungsfachhochschulen,Zentr.Einrichtungen (o. klinikspez. Einrichtungen),
2022-01-01T00:00:00.000Z,Baden-Württemberg,Pädagogische Hochschulen,Ingenieurwissenschaften,3278000.0
2022-01-01T00:00:00.000Z,Sachsen,Kunsthochschulen,Humanmedizin/Gesundheitswissenschaften,
2021-01-01T00:00:00.000Z,Mecklenburg-Vorpommern,Universitäten (ohne Medizinische Einrichtungen),Sport,4365000.0
2021-01-01T00:00:00.000Z,Mecklenburg-Vorpommern,Fachhochschulen,"Rechts-, Wirtschafts- und Sozialwissenschaften",1.2196E7
2019-01-01T00:00:00.000Z,Rheinland-Pfalz,Universitäten (ohne Medizinische Einrichtungen),"Mathematik, Naturwissenschaften",1.89678E8
2021-01-01T00:00:00.000Z,Hamburg,Fachhochschulen,"Kunst, Kunstwissenschaft",8182000.0
2021-01-01T00:00:00.000Z,Niedersachsen,Pädagogische Hochschulen,Ingenieurwissenschaften,
2021-01-01T00:00:00.000Z,Hessen,Kunsthochschulen,"Kunst, Kunstwissenschaft",1.5141E7
2020-01-01T00:00:00.000Z,Thüringen,Verwaltungsfachhochschulen,Humanmedizin/Gesundheitswissenschaften,
2022-01-01T00:00:00.000Z,Niedersachsen,Fachhochschulen,"Mathematik, Naturwissenschaften",
2019-01-01T00:00:00.000Z,Brandenburg,Pädagogische Hochschulen,Geisteswissenschaften,
2020-01-01T00:00:00.000Z,Hamburg,Verwaltungsfachhochschulen,"Agrar-, Forst- u.Ernährungswiss., Veterinärmedizin",
2021-01-01T00:00:00.000Z,Rheinland-Pfalz,Universitäten (ohne Medizinische Einrichtungen),Sport,6346000.0
2019-01-01T00:00:00.000Z,Brandenburg,Fachhochschulen,Geisteswissenschaften,4850000.0
2021-01-01T00:00:00.000Z,Hamburg,Pädagogische Hochschulen,Ingenieurwissenschaften,
2022-01-01T00:00:00.000Z,Thüringen,Theologische Hochschulen,Ingenieurwissenschaften,
2021-01-01T00:00:00.000Z,Brandenburg,Theologische Hochschulen,Geisteswissenschaften,
2019-01-01T00:00:00.000Z,Hamburg,Pädagogische Hochschulen,Humanmedizin/Gesundheitswissenschaften,
2019-01-01T00:00:00.000Z,Bremen,Kunsthochschulen,Humanmedizin/Gesundheitswissenschaften,
2022-01-01T00:00:00.000Z,Nordrhein-Westfalen,Kunsthochschulen,Zentr.Einrichtungen (o. klinikspez. Einrichtungen),5.0109E7
2020-01-01T00:00:00.000Z,Niedersachsen,Fachhochschulen,"Rechts-, Wirtschafts- und Sozialwissenschaften",1.27909E8
2021-01-01T00:00:00.000Z,Baden-Württemberg,Theologische Hochschulen,"Rechts-, Wirtschafts- und Sozialwissenschaften",
2019-01-01T00:00:00.000Z,Baden-Württemberg,Medizinische Einrichtungen der Universitäten,Geisteswissenschaften,
2019-01-01T00:00:00.000Z,Brandenburg,Universitäten (ohne Medizinische Einrichtungen),Geisteswissenschaften,3.8813E7
2022-01-01T00:00:00.000Z,Sachsen,Pädagogische Hochschulen,Ingenieurwissenschaften,
2020-01-01T00:00:00.000Z,Nordrhein-Westfalen,Fachhochschulen,Geisteswissenschaften,1.052E7
2019-01-01T00:00:00.000Z,Sachsen,Fachhochschulen,"Mathematik, Naturwissenschaften",1.9481E7
2020-01-01T00:00:00.000Z,Bremen,Medizinische Einrichtungen der Universitäten,"Mathematik, Naturwissenschaften",
2019-01-01T00:00:00.000Z,Baden-Württemberg,Fachhochschulen,Zentr.Einrichtungen (o. klinikspez. Einrichtungen),5.41122E8
2022-01-01T00:00:00.000Z,Niedersachsen,Medizinische Einrichtungen der Universitäten,"Agrar-, Forst- u.Ernährungswiss., Veterinärmedizin",
2021-01-01T00:00:00.000Z,Berlin,Verwaltungsfachhochschulen,"Mathematik, Naturwissenschaften",
2020-01-01T00:00:00.000Z,Saarland,Universitäten (ohne Medizinische Einrichtungen),"Kunst, Kunstwissenschaft",949000.0
2021-01-01T00:00:00.000Z,Sachsen-Anhalt,Fachhochschulen,Sport,
2019-01-01T00:00:00.000Z,Sachsen-Anhalt,Fachhochschulen,"Rechts-, Wirtschafts- und Sozialwissenschaften",2.7083E7
2021-01-01T00:00:00.000Z,Niedersachsen,Theologische Hochschulen,Humanmedizin/Gesundheitswissenschaften,
2021-01-01T00:00:00.000Z,Rheinland-Pfalz,Fachhochschulen,"Rechts-, Wirtschafts- und Sozialwissenschaften",7.396E7
2021-01-01T00:00:00.000Z,Sachsen,Universitäten (ohne Medizinische Einrichtungen),"Mathematik, Naturwissenschaften",2.54316E8
2022-01-01T00:00:00.000Z,Sachsen-Anhalt,Theologische Hochschulen,"Agrar-, Forst- u.Ernährungswiss., Veterinärmedizin",
2020-01-01T00:00:00.000Z,Brandenburg,Fachhochschulen,"Kunst, Kunstwissenschaft",4682000.0
2019-01-01T00:00:00.000Z,Rheinland-Pfalz,Verwaltungsfachhochschulen,"Rechts-, Wirtschafts- und Sozialwissenschaften",6.8995E7
2021-01-01T00:00:00.000Z,Bremen,Pädagogische Hochschulen,"Kunst, Kunstwissenschaft",
2020-01-01T00:00:00.000Z,Sachsen,Universitäten (ohne Medizinische Einrichtungen),Geisteswissenschaften,6.8823E7
2021-01-01T00:00:00.000Z,Bremen,Medizinische Einrichtungen der Universitäten,Humanmedizin/Gesundheitswissenschaften,
2020-01-01T00:00:00.000Z,Sachsen-Anhalt,Medizinische Einrichtungen der Universitäten,Zentr.Einrichtungen (o. klinikspez. Einrichtungen),
2021-01-01T00:00:00.000Z,Niedersachsen,Universitäten (ohne Medizinische Einrichtungen),Zentr.Einrichtungen (o. klinikspez. Einrichtungen),9.15596E8
2020-01-01T00:00:00.000Z,Rheinland-Pfalz,Kunsthochschulen,"Agrar-, Forst- u.Ernährungswiss., Veterinärmedizin",
2020-01-01T00:00:00.000Z,Sachsen,Pädagogische Hochschulen,Humanmedizin/Gesundheitswissenschaften,
2021-01-01T00:00:00.000Z,Niedersachsen,Theologische Hochschulen,Geisteswissenschaften,
2020-01-01T00:00:00.000Z,Hamburg,Fachhochschulen,"Agrar-, Forst- u.Ernährungswiss., Veterinärmedizin",3801000.0
2021-01-01T00:00:00.000Z,Thüringen,Verwaltungsfachhochschulen,"Kunst, Kunstwissenschaft",
2021-01-01T00:00:00.000Z,Sachsen-Anhalt,Verwaltungsfachhochschulen,"Agrar-, Forst- u.Ernährungswiss., Veterinärmedizin",
2020-01-01T00:00:00.000Z,Baden-Württemberg,Theologische Hochschulen,Zentr.Einrichtungen (o. klinikspez. Einrichtungen),
2022-01-01T00:00:00.000Z,Nordrhein-Westfalen,Verwaltungsfachhochschulen,"Rechts-, Wirtschafts- und Sozialwissenschaften",1.48403E8
2021-01-01T00:00:00.000Z,Nordrhein-Westfalen,Fachhochschulen,Humanmedizin/Gesundheitswissenschaften,5.5659E7
2022-01-01T00:00:00.000Z,Schleswig-Holstein,Universitäten (ohne Medizinische Einrichtungen),Geisteswissenschaften,3.6699E7
2019-01-01T00:00:00.000Z,Schleswig-Holstein,Kunsthochschulen,"Rechts-, Wirtschafts- und Sozialwissenschaften",
2021-01-01T00:00:00.000Z,Schleswig-Holstein,Kunsthochschulen,Sport,
2019-01-01T00:00:00.000Z,Mecklenburg-Vorpommern,Medizinische Einrichtungen der Universitäten,Geisteswissenschaften,
2019-01-01T00:00:00.000Z,Bremen,Theologische Hochschulen,Geisteswissenschaften,
2022-01-01T00:00:00.000Z,Sachsen,Pädagogische Hochschulen,"Mathematik, Naturwissenschaften",
2019-01-01T00:00:00.000Z,Mecklenburg-Vorpommern,Theologische Hochschulen,"Kunst, Kunstwissenschaft",
2022-01-01T00:00:00.000Z,Berlin,Universitäten (ohne Medizinische Einrichtungen),"Mathematik, Naturwissenschaften",2.68044E8
2021-01-01T00:00:00.000Z,Schleswig-Holstein,Medizinische Einrichtungen der Universitäten,"Agrar-, Forst- u.Ernährungswiss., Veterinärmedizin",
2020-01-01T00:00:00.000Z,Rheinland-Pfalz,Theologische Hochschulen,"Kunst, Kunstwissenschaft",
2020-01-01T00:00:00.000Z,Brandenburg,Fachhochschulen,"Agrar-, Forst- u.Ernährungswiss., Veterinärmedizin",1.2537E7
2020-01-01T00:00:00.000Z,Niedersachsen,Kunsthochschulen,Sport,
2020-01-01T00:00:00.000Z,Schleswig-Holstein,Universitäten (ohne Medizinische Einrichtungen),"Mathematik, Naturwissenschaften",7.6669E7
2022-01-01T00:00:00.000Z,Mecklenburg-Vorpommern,Universitäten (ohne Medizinische Einrichtungen),Humanmedizin/Gesundheitswissenschaften,
2022-01-01T00:00:00.000Z,Sachsen,Kunsthochschulen,"Mathematik, Naturwissenschaften",
2019-01-01T00:00:00.000Z,Nordrhein-Westfalen,Kunsthochschulen,Zentr.Einrichtungen (o. klinikspez. Einrichtungen),4.5293E7
2020-01-01T00:00:00.000Z,Hessen,Verwaltungsfachhochschulen,Sport,
2021-01-01T00:00:00.000Z,Berlin,Universitäten (ohne Medizinische Einrichtungen),"Agrar-, Forst- u.Ernährungswiss., Veterinärmedizin",5.8003E7
2021-01-01T00:00:00.000Z,Sachsen-Anhalt,Theologische Hochschulen,Zentr.Einrichtungen (o. klinikspez. Einrichtungen),4863000.0
2021-01-01T00:00:00.000Z,Rheinland-Pfalz,Universitäten (ohne Medizinische Einrichtungen),"Kunst, Kunstwissenschaft",1.7267E7
2020-01-01T00:00:00.000Z,Saarland,Theologische Hochschulen,"Kunst, Kunstwissenschaft",
2022-01-01T00:00:00.000Z,Bayern,Pädagogische Hochschulen,"Mathematik, Naturwissenschaften",
2022-01-01T00:00:00.000Z,Thüringen,Universitäten (ohne Medizinische Einrichtungen),Geisteswissenschaften,4.9268E7
2019-01-01T00:00:00.000Z,Saarland,Pädagogische Hochschulen,Ingenieurwissenschaften,
2021-01-01T00:00:00.000Z,Hessen,Medizinische Einrichtungen der Universitäten,Geisteswissenschaften,
2019-01-01T00:00:00.000Z,Sachsen,Kunsthochschulen,Humanmedizin/Gesundheitswissenschaften,
2020-01-01T00:00:00.000Z,Sachsen-Anhalt,Universitäten (ohne Medizinische Einrichtungen),"Kunst, Kunstwissenschaft",6221000.0
2020-01-01T00:00:00.000Z,Bremen,Theologische Hochschulen,Humanmedizin/Gesundheitswissenschaften,
2020-01-01T00:00:00.000Z,Niedersachsen,Pädagogische Hochschulen,Zentr.Einrichtungen (o. klinikspez. Einrichtungen),
2019-01-01T00:00:00.000Z,Bayern,Kunsthochschulen,"Rechts-, Wirtschafts- und Sozialwissenschaften",502000.0
2020-01-01T00:00:00.000Z,Niedersachsen,Medizinische Einrichtungen der Universitäten,"Rechts-, Wirtschafts- und Sozialwissenschaften",
2020-01-01T00:00:00.000Z,Brandenburg,Fachhochschulen,"Mathematik, Naturwissenschaften",2017000.0
2021-01-01T00:00:00.000Z,Thüringen,Universitäten (ohne Medizinische Einrichtungen),"Agrar-, Forst- u.Ernährungswiss., Veterinärmedizin",4067000.0
2021-01-01T00:00:00.000Z,Brandenburg,Medizinische Einrichtungen der Universitäten,Geisteswissenschaften,
2019-01-01T00:00:00.000Z,Nordrhein-Westfalen,Verwaltungsfachhochschulen,"Rechts-, Wirtschafts- und Sozialwissenschaften",1.12022E8
2022-01-01T00:00:00.000Z,Baden-Württemberg,Kunsthochschulen,"Mathematik, Naturwissenschaften",
2021-01-01T00:00:00.000Z,Thüringen,Medizinische Einrichtungen der Universitäten,"Rechts-, Wirtschafts- und Sozialwissenschaften",
2021-01-01T00:00:00.000Z,Sachsen,Theologische Hochschulen,"Rechts-, Wirtschafts- und Sozialwissenschaften",
2021-01-01T00:00:00.000Z,Rheinland-Pfalz,Medizinische Einrichtungen der Universitäten,Geisteswissenschaften,
2019-01-01T00:00:00.000Z,Saarland,Kunsthochschulen,"Mathematik, Naturwissenschaften",
2019-01-01T00:00:00.000Z,Berlin,Pädagogische Hochschulen,Sport,
2022-01-01T00:00:00.000Z,Niedersachsen,Medizinische Einrichtungen der Universitäten,Geisteswissenschaften,
2020-01-01T00:00:00.000Z,Sachsen,Medizinische Einrichtungen der Universitäten,"Kunst, Kunstwissenschaft",
2022-01-01T00:00:00.000Z,Niedersachsen,Universitäten (ohne Medizinische Einrichtungen),Ingenieurwissenschaften,4.42193E8
2021-01-01T00:00:00.000Z,Saarland,Pädagogische Hochschulen,Sport,
2021-01-01T00:00:00.000Z,Hamburg,Medizinische Einrichtungen der Universitäten,"Kunst, Kunstwissenschaft",
2020-01-01T00:00:00.000Z,Baden-Württemberg,Medizinische Einrichtungen der Universitäten,Zentr.Einrichtungen (o. klinikspez. Einrichtungen),
2022-01-01T00:00:00.000Z,Nordrhein-Westfalen,Theologische Hochschulen,"Agrar-, Forst- u.Ernährungswiss., Veterinärmedizin",
2020-01-01T00:00:00.000Z,Rheinland-Pfalz,Pädagogische Hochschulen,"Mathematik, Naturwissenschaften",
2020-01-01T00:00:00.000Z,Hamburg,Theologische Hochschulen,Zentr.Einrichtungen (o. klinikspez. Einrichtungen),
2021-01-01T00:00:00.000Z,Berlin,Medizinische Einrichtungen der Universitäten,Ingenieurwissenschaften,
2021-01-01T00:00:00.000Z,Bayern,Medizinische Einrichtungen der Universitäten,Sport,
2022-01-01T00:00:00.000Z,Sachsen-Anhalt,Theologische Hochschulen,"Kunst, Kunstwissenschaft",126000.0
2022-01-01T00:00:00.000Z,Berlin,Pädagogische Hochschulen,Sport,
2020-01-01T00:00:00.000Z,Hamburg,Theologische Hochschulen,Humanmedizin/Gesundheitswissenschaften,
2019-01-01T00:00:00.000Z,Rheinland-Pfalz,Kunsthochschulen,Geisteswissenschaften,
2022-01-01T00:00:00.000Z,Rheinland-Pfalz,Verwaltungsfachhochschulen,"Rechts-, Wirtschafts- und Sozialwissenschaften",7.8417E7
2020-01-01T00:00:00.000Z,Berlin,Theologische Hochschulen,Ingenieurwissenschaften,
2021-01-01T00:00:00.000Z,Mecklenburg-Vorpommern,Verwaltungsfachhochschulen,"Mathematik, Naturwissenschaften",
2021-01-01T00:00:00.000Z,Mecklenburg-Vorpommern,Universitäten (ohne Medizinische Einrichtungen),Zentr.Einrichtungen (o. klinikspez. Einrichtungen),1.0051E8
2021-01-01T00:00:00.000Z,Thüringen,Pädagogische Hochschulen,Zentr.Einrichtungen (o. klinikspez. Einrichtungen),
2022-01-01T00:00:00.000Z,Brandenburg,Medizinische Einrichtungen der Universitäten,Humanmedizin/Gesundheitswissenschaften,2.2029E7
2021-01-01T00:00:00.000Z,Bremen,Kunsthochschulen,"Kunst, Kunstwissenschaft",6936000.0
2019-01-01T00:00:00.000Z,Berlin,Kunsthochschulen,"Mathematik, Naturwissenschaften",
2019-01-01T00:00:00.000Z,Sachsen-Anhalt,Universitäten (ohne Medizinische Einrichtungen),"Rechts-, Wirtschafts- und Sozialwissenschaften",4.0662E7
2021-01-01T00:00:00.000Z,Hamburg,Pädagogische Hochschulen,"Kunst, Kunstwissenschaft",
2021-01-01T00:00:00.000Z,Bremen,Verwaltungsfachhochschulen,Humanmedizin/Gesundheitswissenschaften,
2021-01-01T00:00:00.000Z,Saarland,Kunsthochschulen,Zentr.Einrichtungen (o. klinikspez. Einrichtungen),1.0604E7
2019-01-01T00:00:00.000Z,Nordrhein-Westfalen,Kunsthochschulen,Sport,
2020-01-01T00:00:00.000Z,Nordrhein-Westfalen,Medizinische Einrichtungen der Universitäten,"Rechts-, Wirtschafts- und Sozialwissenschaften",
2020-01-01T00:00:00.000Z,Sachsen,Verwaltungsfachhochschulen,"Kunst, Kunstwissenschaft",
2019-01-01T00:00:00.000Z,Niedersachsen,Kunsthochschulen,Zentr.Einrichtungen (o. klinikspez. Einrichtungen),1.724E7
2019-01-01T00:00:00.000Z,Baden-Württemberg,Theologische Hochschulen,"Mathematik, Naturwissenschaften",
2019-01-01T00:00:00.000Z,Sachsen,Medizinische Einrichtungen der Universitäten,Geisteswissenschaften,
2020-01-01T00:00:00.000Z,Baden-Württemberg,Theologische Hochschulen,Sport,
2019-01-01T00:00:00.000Z,Thüringen,Verwaltungsfachhochschulen,"Agrar-, Forst- u.Ernährungswiss., Veterinärmedizin",
2021-01-01T00:00:00.000Z,Bremen,Medizinische Einrichtungen der Universitäten,Ingenieurwissenschaften,
2021-01-01T00:00:00.000Z,Sachsen,Fachhochschulen,"Rechts-, Wirtschafts- und Sozialwissenschaften",3.3046E7
2022-01-01T00:00:00.000Z,Saarland,Theologische Hochschulen,Zentr.Einrichtungen (o. klinikspez. Einrichtungen),
2021-01-01T00:00:00.000Z,Niedersachsen,Fachhochschulen,Humanmedizin/Gesundheitswissenschaften,8118000.0
2019-01-01T00:00:00.000Z,Schleswig-Holstein,Universitäten (ohne Medizinische Einrichtungen),Ingenieurwissenschaften,4.6294E7
2022-01-01T00:00:00.000Z,Bremen,Theologische Hochschulen,Geisteswissenschaften,
2021-01-01T00:00:00.000Z,Nordrhein-Westfalen,Fachhochschulen,Sport,
2019-01-01T00:00:00.000Z,Thüringen,Theologische Hochschulen,Geisteswissenschaften,
2020-01-01T00:00:00.000Z,Nordrhein-Westfalen,Pädagogische Hochschulen,Zentr.Einrichtungen (o. klinikspez. Einrichtungen),
2020-01-01T00:00:00.000Z,Nordrhein-Westfalen,Kunsthochschulen,"Kunst, Kunstwissenschaft",1.12337E8
2019-01-01T00:00:00.000Z,Hamburg,Fachhochschulen,Zentr.Einrichtungen (o. klinikspez. Einrichtungen),4.5152E7
2022-01-01T00:00:00.000Z,Mecklenburg-Vorpommern,Pädagogische Hochschulen,Ingenieurwissenschaften,
2019-01-01T00:00:00.000Z,Hessen,Verwaltungsfachhochschulen,"Mathematik, Naturwissenschaften",1108000.0
2019-01-01T00:00:00.000Z,Sachsen,Theologische Hochschulen,"Mathematik, Naturwissenschaften",
2020-01-01T00:00:00.000Z,Thüringen,Pädagogische Hochschulen,Humanmedizin/Gesundheitswissenschaften,
2020-01-01T00:00:00.000Z,Rheinland-Pfalz,Verwaltungsfachhochschulen,Ingenieurwissenschaften,
2020-01-01T00:00:00.000Z,Saarland,Fachhochschulen,"Kunst, Kunstwissenschaft",
2020-01-01T00:00:00.000Z,Baden-Württemberg,Universitäten (ohne Medizinische Einrichtungen),Geisteswissenschaften,2.22312E8
2020-01-01T00:00:00.000Z,Niedersachsen,Pädagogische Hochschulen,"Kunst, Kunstwissenschaft",
2020-01-01T00:00:00.000Z,Hamburg,Universitäten (ohne Medizinische Einrichtungen),Sport,2745000.0
2022-01-01T00:00:00.000Z,Baden-Württemberg,Fachhochschulen,Geisteswissenschaften,1.1814E7
2019-01-01T00:00:00.000Z,Niedersachsen,Kunsthochschulen,Ingenieurwissenschaften,
2021-01-01T00:00:00.000Z,Schleswig-Holstein,Theologische Hochschulen,Humanmedizin/Gesundheitswissenschaften,
2022-01-01T00:00:00.000Z,Rheinland-Pfalz,Pädagogische Hochschulen,Sport,
2020-01-01T00:00:00.000Z,Hamburg,Fachhochschulen,"Rechts-, Wirtschafts- und Sozialwissenschaften",9.0908E7
2020-01-01T00:00:00.000Z,Niedersachsen,Verwaltungsfachhochschulen,Geisteswissenschaften,
2021-01-01T00:00:00.000Z,Baden-Württemberg,Fachhochschulen,"Rechts-, Wirtschafts- und Sozialwissenschaften",2.31173E8
2022-01-01T00:00:00.000Z,Berlin,Verwaltungsfachhochschulen,Ingenieurwissenschaften,
2022-01-01T00:00:00.000Z,Schleswig-Holstein,Fachhochschulen,"Kunst, Kunstwissenschaft",
2019-01-01T00:00:00.000Z,Bremen,Pädagogische Hochschulen,Ingenieurwissenschaften,
2019-01-01T00:00:00.000Z,Nordrhein-Westfalen,Kunsthochschulen,"Mathematik, Naturwissenschaften",
2022-01-01T00:00:00.000Z,Sachsen-Anhalt,Pädagogische Hochschulen,"Mathematik, Naturwissenschaften",
2019-01-01T00:00:00.000Z,Brandenburg,Verwaltungsfachhochschulen,"Kunst, Kunstwissenschaft",
2019-01-01T00:00:00.000Z,Hamburg,Universitäten (ohne Medizinische Einrichtungen),Sport,3157000.0
2021-01-01T00:00:00.000Z,Sachsen-Anhalt,Medizinische Einrichtungen der Universitäten,Sport,
2021-01-01T00:00:00.000Z,Bremen,Pädagogische Hochschulen,"Mathematik, Naturwissenschaften",
2019-01-01T00:00:00.000Z,Hamburg,Fachhochschulen,Humanmedizin/Gesundheitswissenschaften,1.7835E7
2019-01-01T00:00:00.000Z,Rheinland-Pfalz,Verwaltungsfachhochschulen,"Kunst, Kunstwissenschaft",
2021-01-01T00:00:00.000Z,Hessen,Theologische Hochschulen,Sport,
2020-01-01T00:00:00.000Z,Sachsen-Anhalt,Verwaltungsfachhochschulen,Humanmedizin/Gesundheitswissenschaften,
2022-01-01T00:00:00.000Z,Hessen,Kunsthochschulen,Geisteswissenschaften,
2021-01-01T00:00:00.000Z,Hessen,Fachhochschulen,Zentr.Einrichtungen (o. klinikspez. Einrichtungen),3.33308E8
2022-01-01T00:00:00.000Z,Saarland,Medizinische Einrichtungen der Universitäten,"Kunst, Kunstwissenschaft",
2021-01-01T00:00:00.000Z,Brandenburg,Verwaltungsfachhochschulen,"Kunst, Kunstwissenschaft",
2021-01-01T00:00:00.000Z,Thüringen,Kunsthochschulen,"Kunst, Kunstwissenschaft",1.1473E7
2019-01-01T00:00:00.000Z,Baden-Württemberg,Verwaltungsfachhochschulen,"Mathematik, Naturwissenschaften",
2022-01-01T00:00:00.000Z,Sachsen,Kunsthochschulen,"Rechts-, Wirtschafts- und Sozialwissenschaften",
2019-01-01T00:00:00.000Z,Sachsen,Theologische Hochschulen,Ingenieurwissenschaften,
2020-01-01T00:00:00.000Z,Berlin,Kunsthochschulen,Zentr.Einrichtungen (o. klinikspez. Einrichtungen),520000.0
2019-01-01T00:00:00.000Z,Berlin,Kunsthochschulen,Geisteswissenschaften,2528000.0
2019-01-01T00:00:00.000Z,Sachsen,Pädagogische Hochschulen,"Mathematik, Naturwissenschaften",
2020-01-01T00:00:00.000Z,Rheinland-Pfalz,Pädagogische Hochschulen,"Rechts-, Wirtschafts- und Sozialwissenschaften",
2019-01-01T00:00:00.000Z,Baden-Württemberg,Theologische Hochschulen,Humanmedizin/Gesundheitswissenschaften,
2021-01-01T00:00:00.000Z,Mecklenburg-Vorpommern,Medizinische Einrichtungen der Universitäten,Humanmedizin/Gesundheitswissenschaften,9.17144E8
2021-01-01T00:00:00.000Z,Sachsen-Anhalt,Kunsthochschulen,"Kunst, Kunstwissenschaft",1.0257E7
2022-01-01T00:00:00.000Z,Hessen,Universitäten (ohne Medizinische Einrichtungen),Humanmedizin/Gesundheitswissenschaften,
2019-01-01T00:00:00.000Z,Baden-Württemberg,Theologische Hochschulen,Ingenieurwissenschaften,
2021-01-01T00:00:00.000Z,Nordrhein-Westfalen,Theologische Hochschulen,Sport,
2022-01-01T00:00:00.000Z,Brandenburg,Medizinische Einrichtungen der Universitäten,"Mathematik, Naturwissenschaften",
2020-01-01T00:00:00.000Z,Bayern,Pädagogische Hochschulen,Humanmedizin/Gesundheitswissenschaften,
2021-01-01T00:00:00.000Z,Hamburg,Fachhochschulen,Ingenieurwissenschaften,5.8635E7
2021-01-01T00:00:00.000Z,Sachsen,Verwaltungsfachhochschulen,"Mathematik, Naturwissenschaften",
2022-01-01T00:00:00.000Z,Baden-Württemberg,Kunsthochschulen,"Rechts-, Wirtschafts- und Sozialwissenschaften",
2021-01-01T00:00:00.000Z,Saarland,Pädagogische Hochschulen,Geisteswissenschaften,
2020-01-01T00:00:00.000Z,Mecklenburg-Vorpommern,Pädagogische Hochschulen,"Rechts-, Wirtschafts- und Sozialwissenschaften",
2021-01-01T00:00:00.000Z,Schleswig-Holstein,Fachhochschulen,Geisteswissenschaften,1092000.0
2019-01-01T00:00:00.000Z,Bremen,Universitäten (ohne Medizinische Einrichtungen),Sport,281000.0
2019-01-01T00:00:00.000Z,Brandenburg,Pädagogische Hochschulen,"Mathematik, Naturwissenschaften",
2020-01-01T00:00:00.000Z,Bremen,Pädagogische Hochschulen,"Mathematik, Naturwissenschaften",
2019-01-01T00:00:00.000Z,Baden-Württemberg,Fachhochschulen,"Kunst, Kunstwissenschaft",2.528E7
2020-01-01T00:00:00.000Z,Thüringen,Kunsthochschulen,Geisteswissenschaften,
2021-01-01T00:00:00.000Z,Hamburg,Kunsthochschulen,"Mathematik, Naturwissenschaften",
2021-01-01T00:00:00.000Z,Sachsen-Anhalt,Pädagogische Hochschulen,Humanmedizin/Gesundheitswissenschaften,
2019-01-01T00:00:00.000Z,Schleswig-Holstein,Universitäten (ohne Medizinische Einrichtungen),"Rechts-, Wirtschafts- und Sozialwissenschaften",3.5754E7
2019-01-01T00:00:00.000Z,Bremen,Theologische Hochschulen,Humanmedizin/Gesundheitswissenschaften,
2019-01-01T00:00:00.000Z,Hessen,Verwaltungsfachhochschulen,"Kunst, Kunstwissenschaft",
2022-01-01T00:00:00.000Z,Schleswig-Holstein,Fachhochschulen,Ingenieurwissenschaften,6.612E7
2019-01-01T00:00:00.000Z,Sachsen-Anhalt,Universitäten (ohne Medizinische Einrichtungen),"Mathematik, Naturwissenschaften",6.4778E7
2021-01-01T00:00:00.000Z,Rheinland-Pfalz,Verwaltungsfachhochschulen,Ingenieurwissenschaften,
2020-01-01T00:00:00.000Z,Bremen,Pädagogische Hochschulen,Humanmedizin/Gesundheitswissenschaften,
2019-01-01T00:00:00.000Z,Rheinland-Pfalz,Pädagogische Hochschulen,Zentr.Einrichtungen (o. klinikspez. Einrichtungen),
2020-01-01T00:00:00.000Z,Bayern,Pädagogische Hochschulen,Zentr.Einrichtungen (o. klinikspez. Einrichtungen),
2019-01-01T00:00:00.000Z,Saarland,Universitäten (ohne Medizinische Einrichtungen),Sport,1750000.0
2022-01-01T00:00:00.000Z,Baden-Württemberg,Verwaltungsfachhochschulen,Geisteswissenschaften,
2022-01-01T00:00:00.000Z,Hessen,Kunsthochschulen,"Rechts-, Wirtschafts- und Sozialwissenschaften",
2020-01-01T00:00:00.000Z,Berlin,Fachhochschulen,Ingenieurwissenschaften,1.03361E8
2019-01-01T00:00:00.000Z,Niedersachsen,Fachhochschulen,Sport,
2019-01-01T00:00:00.000Z,Thüringen,Pädagogische Hochschulen,Zentr.Einrichtungen (o. klinikspez. Einrichtungen),
2021-01-01T00:00:00.000Z,Saarland,Verwaltungsfachhochschulen,"Rechts-, Wirtschafts- und Sozialwissenschaften",
2022-01-01T00:00:00.000Z,Thüringen,Universitäten (ohne Medizinische Einrichtungen),Zentr.Einrichtungen (o. klinikspez. Einrichtungen),2.96781E8
2022-01-01T00:00:00.000Z,Nordrhein-Westfalen,Kunsthochschulen,Geisteswissenschaften,
2020-01-01T00:00:00.000Z,Sachsen-Anhalt,Kunsthochschulen,Geisteswissenschaften,
2021-01-01T00:00:00.000Z,Hamburg,Medizinische Einrichtungen der Universitäten,Ingenieurwissenschaften,
2022-01-01T00:00:00.000Z,Hamburg,Fachhochschulen,"Kunst, Kunstwissenschaft",8695000.0
2021-01-01T00:00:00.000Z,Bremen,Theologische Hochschulen,Zentr.Einrichtungen (o. klinikspez. Einrichtungen),
2020-01-01T00:00:00.000Z,Thüringen,Medizinische Einrichtungen der Universitäten,Geisteswissenschaften,
2022-01-01T00:00:00.000Z,Berlin,Kunsthochschulen,"Agrar-, Forst- u.Ernährungswiss., Veterinärmedizin",
2022-01-01T00:00:00.000Z,Baden-Württemberg,Pädagogische Hochschulen,"Kunst, Kunstwissenschaft",1.0595E7
2019-01-01T00:00:00.000Z,Niedersachsen,Medizinische Einrichtungen der Universitäten,"Mathematik, Naturwissenschaften",
2019-01-01T00:00:00.000Z,Baden-Württemberg,Universitäten (ohne Medizinische Einrichtungen),"Kunst, Kunstwissenschaft",8275000.0
2019-01-01T00:00:00.000Z,Baden-Württemberg,Pädagogische Hochschulen,"Mathematik, Naturwissenschaften",2.0172E7
2020-01-01T00:00:00.000Z,Brandenburg,Fachhochschulen,Zentr.Einrichtungen (o. klinikspez. Einrichtungen),5.3081E7
2020-01-01T00:00:00.000Z,Hamburg,Fachhochschulen,Zentr.Einrichtungen (o. klinikspez. Einrichtungen),5.9774E7
2021-01-01T00:00:00.000Z,Nordrhein-Westfalen,Fachhochschulen,Geisteswissenschaften,1.1594E7
2020-01-01T00:00:00.000Z,Bremen,Fachhochschulen,Sport,
2021-01-01T00:00:00.000Z,Thüringen,Pädagogische Hochschulen,"Rechts-, Wirtschafts- und Sozialwissenschaften",
2020-01-01T00:00:00.000Z,Nordrhein-Westfalen,Pädagogische Hochschulen,"Rechts-, Wirtschafts- und Sozialwissenschaften",
2022-01-01T00:00:00.000Z,Berlin,Kunsthochschulen,"Mathematik, Naturwissenschaften",
2022-01-01T00:00:00.000Z,Hessen,Pädagogische Hochschulen,Sport,
2019-01-01T00:00:00.000Z,Sachsen,Verwaltungsfachhochschulen,Geisteswissenschaften,
2021-01-01T00:00:00.000Z,Nordrhein-Westfalen,Theologische Hochschulen,Ingenieurwissenschaften,
2020-01-01T00:00:00.000Z,Niedersachsen,Fachhochschulen,Humanmedizin/Gesundheitswissenschaften,8107000.0
2022-01-01T00:00:00.000Z,Rheinland-Pfalz,Fachhochschulen,Ingenieurwissenschaften,8.9998E7
2022-01-01T00:00:00.000Z,Rheinland-Pfalz,Theologische Hochschulen,"Agrar-, Forst- u.Ernährungswiss., Veterinärmedizin",
2021-01-01T00:00:00.000Z,Hessen,Medizinische Einrichtungen der Universitäten,"Rechts-, Wirtschafts- und Sozialwissenschaften",
2019-01-01T00:00:00.000Z,Berlin,Kunsthochschulen,Humanmedizin/Gesundheitswissenschaften,
2021-01-01T00:00:00.000Z,Sachsen,Kunsthochschulen,Zentr.Einrichtungen (o. klinikspez. Einrichtungen),1.9317E7
2021-01-01T00:00:00.000Z,Niedersachsen,Universitäten (ohne Medizinische Einrichtungen),Ingenieurwissenschaften,4.02012E8
2022-01-01T00:00:00.000Z,Sachsen-Anhalt,Medizinische Einrichtungen der Universitäten,Ingenieurwissenschaften,
2021-01-01T00:00:00.000Z,Nordrhein-Westfalen,Kunsthochschulen,Zentr.Einrichtungen (o. klinikspez. Einrichtungen),4.6897E7
2022-01-01T00:00:00.000Z,Nordrhein-Westfalen,Kunsthochschulen,"Mathematik, Naturwissenschaften",
2022-01-01T00:00:00.000Z,Baden-Württemberg,Universitäten (ohne Medizinische Einrichtungen),Ingenieurwissenschaften,6.34854E8
2022-01-01T00:00:00.000Z,Bremen,Verwaltungsfachhochschulen,"Rechts-, Wirtschafts- und Sozialwissenschaften",2945000.0
2019-01-01T00:00:00.000Z,Thüringen,Universitäten (ohne Medizinische Einrichtungen),"Kunst, Kunstwissenschaft",8679000.0
2022-01-01T00:00:00.000Z,Sachsen-Anhalt,Kunsthochschulen,"Agrar-, Forst- u.Ernährungswiss., Veterinärmedizin",
2021-01-01T00:00:00.000Z,Sachsen-Anhalt,Fachhochschulen,Zentr.Einrichtungen (o. klinikspez. Einrichtungen),9.5089E7
2020-01-01T00:00:00.000Z,Schleswig-Holstein,Universitäten (ohne Medizinische Einrichtungen),"Kunst, Kunstwissenschaft",3603000.0
2020-01-01T00:00:00.000Z,Mecklenburg-Vorpommern,Universitäten (ohne Medizinische Einrichtungen),"Rechts-, Wirtschafts- und Sozialwissenschaften",3.2774E7
2022-01-01T00:00:00.000Z,Mecklenburg-Vorpommern,Kunsthochschulen,"Mathematik, Naturwissenschaften",
2020-01-01T00:00:00.000Z,Nordrhein-Westfalen,Pädagogische Hochschulen,Humanmedizin/Gesundheitswissenschaften,
2022-01-01T00:00:00.000Z,Mecklenburg-Vorpommern,Verwaltungsfachhochschulen,"Rechts-, Wirtschafts- und Sozialwissenschaften",1.0028E7
2022-01-01T00:00:00.000Z,Saarland,Verwaltungsfachhochschulen,"Agrar-, Forst- u.Ernährungswiss., Veterinärmedizin",
2022-01-01T00:00:00.000Z,Thüringen,Fachhochschulen,Humanmedizin/Gesundheitswissenschaften,4984000.0
2019-01-01T00:00:00.000Z,Baden-Württemberg,Verwaltungsfachhochschulen,Humanmedizin/Gesundheitswissenschaften,
2019-01-01T00:00:00.000Z,Berlin,Universitäten (ohne Medizinische Einrichtungen),"Rechts-, Wirtschafts- und Sozialwissenschaften",2.35717E8
2021-01-01T00:00:00.000Z,Mecklenburg-Vorpommern,Universitäten (ohne Medizinische Einrichtungen),"Agrar-, Forst- u.Ernährungswiss., Veterinärmedizin",1.4203E7
2020-01-01T00:00:00.000Z,Berlin,Kunsthochschulen,Geisteswissenschaften,2779000.0
2021-01-01T00:00:00.000Z,Bayern,Universitäten (ohne Medizinische Einrichtungen),Zentr.Einrichtungen (o. klinikspez. Einrichtungen),1.252737E9
2019-01-01T00:00:00.000Z,Rheinland-Pfalz,Fachhochschulen,Sport,
2020-01-01T00:00:00.000Z,Sachsen,Fachhochschulen,"Mathematik, Naturwissenschaften",1.8908E7
2020-01-01T00:00:00.000Z,Mecklenburg-Vorpommern,Theologische Hochschulen,"Mathematik, Naturwissenschaften",
2019-01-01T00:00:00.000Z,Brandenburg,Kunsthochschulen,Humanmedizin/Gesundheitswissenschaften,
2022-01-01T00:00:00.000Z,Brandenburg,Medizinische Einrichtungen der Universitäten,Geisteswissenschaften,
2019-01-01T00:00:00.000Z,Mecklenburg-Vorpommern,Verwaltungsfachhochschulen,"Agrar-, Forst- u.Ernährungswiss., Veterinärmedizin",
2020-01-01T00:00:00.000Z,Sachsen,Pädagogische Hochschulen,"Agrar-, Forst- u.Ernährungswiss., Veterinärmedizin",
2020-01-01T00:00:00.000Z,Schleswig-Holstein,Kunsthochschulen,Zentr.Einrichtungen (o. klinikspez. Einrichtungen),6090000.0
2022-01-01T00:00:00.000Z,Brandenburg,Kunsthochschulen,"Rechts-, Wirtschafts- und Sozialwissenschaften",
2019-01-01T00:00:00.000Z,Nordrhein-Westfalen,Pädagogische Hochschulen,Ingenieurwissenschaften,
2020-01-01T00:00:00.000Z,Baden-Württemberg,Fachhochschulen,"Agrar-, Forst- u.Ernährungswiss., Veterinärmedizin",9351000.0
2022-01-01T00:00:00.000Z,Nordrhein-Westfalen,Medizinische Einrichtungen der Universitäten,Ingenieurwissenschaften,
2019-01-01T00:00:00.000Z,Berlin,Verwaltungsfachhochschulen,Ingenieurwissenschaften,
2019-01-01T00:00:00.000Z,Brandenburg,Kunsthochschulen,Geisteswissenschaften,
2020-01-01T00:00:00.000Z,Bremen,Universitäten (ohne Medizinische Einrichtungen),"Rechts-, Wirtschafts- und Sozialwissenschaften",4.5485E7
2020-01-01T00:00:00.000Z,Rheinland-Pfalz,Pädagogische Hochschulen,Geisteswissenschaften,
2019-01-01T00:00:00.000Z,Mecklenburg-Vorpommern,Kunsthochschulen,"Agrar-, Forst- u.Ernährungswiss., Veterinärmedizin",
2021-01-01T00:00:00.000Z,Nordrhein-Westfalen,Universitäten (ohne Medizinische Einrichtungen),Zentr.Einrichtungen (o. klinikspez. Einrichtungen),2.68713E9
2021-01-01T00:00:00.000Z,Berlin,Pädagogische Hochschulen,Zentr.Einrichtungen (o. klinikspez. Einrichtungen),
2020-01-01T00:00:00.000Z,Thüringen,Theologische Hochschulen,"Rechts-, Wirtschafts- und Sozialwissenschaften",
2019-01-01T00:00:00.000Z,Hessen,Verwaltungsfachhochschulen,Geisteswissenschaften,
2020-01-01T00:00:00.000Z,Saarland,Theologische Hochschulen,Humanmedizin/Gesundheitswissenschaften,
2021-01-01T00:00:00.000Z,Saarland,Theologische Hochschulen,"Kunst, Kunstwissenschaft",
2019-01-01T00:00:00.000Z,Berlin,Pädagogische Hochschulen,Ingenieurwissenschaften,
2021-01-01T00:00:00.000Z,Nordrhein-Westfalen,Verwaltungsfachhochschulen,Humanmedizin/Gesundheitswissenschaften,
2022-01-01T00:00:00.000Z,Mecklenburg-Vorpommern,Universitäten (ohne Medizinische Einrichtungen),"Kunst, Kunstwissenschaft",3136000.0
2020-01-01T00:00:00.000Z,Baden-Württemberg,Verwaltungsfachhochschulen,"Rechts-, Wirtschafts- und Sozialwissenschaften",2.7484E7
2022-01-01T00:00:00.000Z,Saarland,Medizinische Einrichtungen der Universitäten,Geisteswissenschaften,
2021-01-01T00:00:00.000Z,Bayern,Fachhochschulen,Humanmedizin/Gesundheitswissenschaften,2.2517E7
2021-01-01T00:00:00.000Z,Niedersachsen,Kunsthochschulen,"Rechts-, Wirtschafts- und Sozialwissenschaften",1767000.0
2019-01-01T00:00:00.000Z,Schleswig-Holstein,Medizinische Einrichtungen der Universitäten,Humanmedizin/Gesundheitswissenschaften,1.674512E9
2020-01-01T00:00:00.000Z,Thüringen,Theologische Hochschulen,Geisteswissenschaften,
2021-01-01T00:00:00.000Z,Sachsen,Fachhochschulen,Sport,
2020-01-01T00:00:00.000Z,Baden-Württemberg,Pädagogische Hochschulen,Geisteswissenschaften,2.655E7
2020-01-01T00:00:00.000Z,Bayern,Theologische Hochschulen,"Kunst, Kunstwissenschaft",
2021-01-01T00:00:00.000Z,Schleswig-Holstein,Theologische Hochschulen,"Agrar-, Forst- u.Ernährungswiss., Veterinärmedizin",
2022-01-01T00:00:00.000Z,Hessen,Medizinische Einrichtungen der Universitäten,Geisteswissenschaften,
2020-01-01T00:00:00.000Z,Rheinland-Pfalz,Universitäten (ohne Medizinische Einrichtungen),Zentr.Einrichtungen (o. klinikspez. Einrichtungen),2.68209E8
2021-01-01T00:00:00.000Z,Hamburg,Universitäten (ohne Medizinische Einrichtungen),"Mathematik, Naturwissenschaften",1.38168E8
2022-01-01T00:00:00.000Z,Berlin,Universitäten (ohne Medizinische Einrichtungen),"Rechts-, Wirtschafts- und Sozialwissenschaften",2.48169E8
2020-01-01T00:00:00.000Z,Rheinland-Pfalz,Theologische Hochschulen,"Mathematik, Naturwissenschaften",
2021-01-01T00:00:00.000Z,Mecklenburg-Vorpommern,Medizinische Einrichtungen der Universitäten,Zentr.Einrichtungen (o. klinikspez. Einrichtungen),
2020-01-01T00:00:00.000Z,Sachsen-Anhalt,Medizinische Einrichtungen der Universitäten,Sport,
2020-01-01T00:00:00.000Z,Nordrhein-Westfalen,Kunsthochschulen,Sport,
2019-01-01T00:00:00.000Z,Brandenburg,Medizinische Einrichtungen der Universitäten,"Mathematik, Naturwissenschaften",
2020-01-01T00:00:00.000Z,Sachsen,Theologische Hochschulen,Humanmedizin/Gesundheitswissenschaften,
2019-01-01T00:00:00.000Z,Sachsen,Fachhochschulen,Geisteswissenschaften,3952000.0
2021-01-01T00:00:00.000Z,Brandenburg,Universitäten (ohne Medizinische Einrichtungen),"Mathematik, Naturwissenschaften",8.7015E7
2020-01-01T00:00:00.000Z,Mecklenburg-Vorpommern,Theologische Hochschulen,Humanmedizin/Gesundheitswissenschaften,
2021-01-01T00:00:00.000Z,Hessen,Fachhochschulen,Humanmedizin/Gesundheitswissenschaften,2.6479E7
2021-01-01T00:00:00.000Z,Sachsen-Anhalt,Pädagogische Hochschulen,"Mathematik, Naturwissenschaften",
2022-01-01T00:00:00.000Z,Hamburg,Theologische Hochschulen,Humanmedizin/Gesundheitswissenschaften,
2020-01-01T00:00:00.000Z,Bremen,Fachhochschulen,"Agrar-, Forst- u.Ernährungswiss., Veterinärmedizin",1200000.0
2019-01-01T00:00:00.000Z,Saarland,Pädagogische Hochschulen,"Kunst, Kunstwissenschaft",
2021-01-01T00:00:00.000Z,Berlin,Universitäten (ohne Medizinische Einrichtungen),Sport,3379000.0
2022-01-01T00:00:00.000Z,Rheinland-Pfalz,Verwaltungsfachhochschulen,Sport,
2022-01-01T00:00:00.000Z,Hessen,Theologische Hochschulen,Geisteswissenschaften,1.1202E7
2020-01-01T00:00:00.000Z,Mecklenburg-Vorpommern,Fachhochschulen,Ingenieurwissenschaften,3.0477E7
2019-01-01T00:00:00.000Z,Hessen,Medizinische Einrichtungen der Universitäten,"Kunst, Kunstwissenschaft",
2022-01-01T00:00:00.000Z,Rheinland-Pfalz,Kunsthochschulen,"Mathematik, Naturwissenschaften",
2021-01-01T00:00:00.000Z,Berlin,Medizinische Einrichtungen der Universitäten,"Kunst, Kunstwissenschaft",
2022-01-01T00:00:00.000Z,Hessen,Verwaltungsfachhochschulen,"Mathematik, Naturwissenschaften",1017000.0
2021-01-01T00:00:00.000Z,Thüringen,Theologische Hochschulen,Geisteswissenschaften,
2022-01-01T00:00:00.000Z,Schleswig-Holstein,Universitäten (ohne Medizinische Einrichtungen),"Rechts-, Wirtschafts- und Sozialwissenschaften",4.3978E7
2020-01-01T00:00:00.000Z,Baden-Württemberg,Medizinische Einrichtungen der Universitäten,Ingenieurwissenschaften,
2021-01-01T00:00:00.000Z,Sachsen-Anhalt,Fachhochschulen,"Agrar-, Forst- u.Ernährungswiss., Veterinärmedizin",8870000.0
2022-01-01T00:00:00.000Z,Baden-Württemberg,Fachhochschulen,"Mathematik, Naturwissenschaften",2.2346E7
2020-01-01T00:00:00.000Z,Hamburg,Verwaltungsfachhochschulen,Ingenieurwissenschaften,
2020-01-01T00:00:00.000Z,Schleswig-Holstein,Kunsthochschulen,"Kunst, Kunstwissenschaft",1.2934E7
2020-01-01T00:00:00.000Z,Mecklenburg-Vorpommern,Verwaltungsfachhochschulen,"Kunst, Kunstwissenschaft",
2019-01-01T00:00:00.000Z,Hessen,Kunsthochschulen,"Rechts-, Wirtschafts- und Sozialwissenschaften",
2022-01-01T00:00:00.000Z,Baden-Württemberg,Medizinische Einrichtungen der Universitäten,"Kunst, Kunstwissenschaft",
2022-01-01T00:00:00.000Z,Niedersachsen,Verwaltungsfachhochschulen,"Kunst, Kunstwissenschaft",
2021-01-01T00:00:00.000Z,Nordrhein-Westfalen,Kunsthochschulen,Sport,
2019-01-01T00:00:00.000Z,Schleswig-Holstein,Fachhochschulen,"Agrar-, Forst- u.Ernährungswiss., Veterinärmedizin",2177000.0
2021-01-01T00:00:00.000Z,Niedersachsen,Fachhochschulen,"Mathematik, Naturwissenschaften",
2021-01-01T00:00:00.000Z,Mecklenburg-Vorpommern,Verwaltungsfachhochschulen,Humanmedizin/Gesundheitswissenschaften,
2021-01-01T00:00:00.000Z,Hessen,Universitäten (ohne Medizinische Einrichtungen),"Kunst, Kunstwissenschaft",2.3344E7
2020-01-01T00:00:00.000Z,Baden-Württemberg,Verwaltungsfachhochschulen,Zentr.Einrichtungen (o. klinikspez. Einrichtungen),4.927E7
2022-01-01T00:00:00.000Z,Baden-Württemberg,Theologische Hochschulen,Zentr.Einrichtungen (o. klinikspez. Einrichtungen),
2020-01-01T00:00:00.000Z,Nordrhein-Westfalen,Verwaltungsfachhochschulen,"Kunst, Kunstwissenschaft",
2019-01-01T00:00:00.000Z,Mecklenburg-Vorpommern,Pädagogische Hochschulen,Sport,
2020-01-01T00:00:00.000Z,Thüringen,Verwaltungsfachhochschulen,"Rechts-, Wirtschafts- und Sozialwissenschaften",2843000.0
2019-01-01T00:00:00.000Z,Thüringen,Universitäten (ohne Medizinische Einrichtungen),Ingenieurwissenschaften,1.0963E8
2021-01-01T00:00:00.000Z,Niedersachsen,Pädagogische Hochschulen,Zentr.Einrichtungen (o. klinikspez. Einrichtungen),
2022-01-01T00:00:00.000Z,Schleswig-Holstein,Kunsthochschulen,Geisteswissenschaften,
2019-01-01T00:00:00.000Z,Schleswig-Holstein,Verwaltungsfachhochschulen,Humanmedizin/Gesundheitswissenschaften,
2020-01-01T00:00:00.000Z,Schleswig-Holstein,Universitäten (ohne Medizinische Einrichtungen),Geisteswissenschaften,3.3511E7
2022-01-01T00:00:00.000Z,Sachsen,Fachhochschulen,"Mathematik, Naturwissenschaften",2.1158E7
2020-01-01T00:00:00.000Z,Bayern,Verwaltungsfachhochschulen,"Mathematik, Naturwissenschaften",
2022-01-01T00:00:00.000Z,Saarland,Verwaltungsfachhochschulen,"Kunst, Kunstwissenschaft",
2022-01-01T00:00:00.000Z,Baden-Württemberg,Theologische Hochschulen,"Agrar-, Forst- u.Ernährungswiss., Veterinärmedizin",
2021-01-01T00:00:00.000Z,Mecklenburg-Vorpommern,Pädagogische Hochschulen,"Agrar-, Forst- u.Ernährungswiss., Veterinärmedizin",
2021-01-01T00:00:00.000Z,Brandenburg,Theologische Hochschulen,Zentr.Einrichtungen (o. klinikspez. Einrichtungen),
2021-01-01T00:00:00.000Z,Brandenburg,Kunsthochschulen,"Kunst, Kunstwissenschaft",
2021-01-01T00:00:00.000Z,Sachsen-Anhalt,Verwaltungsfachhochschulen,Ingenieurwissenschaften,
2021-01-01T00:00:00.000Z,Hamburg,Verwaltungsfachhochschulen,Sport,
2021-01-01T00:00:00.000Z,Niedersachsen,Verwaltungsfachhochschulen,Geisteswissenschaften,
2020-01-01T00:00:00.000Z,Rheinland-Pfalz,Fachhochschulen,Ingenieurwissenschaften,8.3472E7
2020-01-01T00:00:00.000Z,Saarland,Pädagogische Hochschulen,"Mathematik, Naturwissenschaften",
2019-01-01T00:00:00.000Z,Mecklenburg-Vorpommern,Medizinische Einrichtungen der Universitäten,"Agrar-, Forst- u.Ernährungswiss., Veterinärmedizin",
2019-01-01T00:00:00.000Z,Brandenburg,Medizinische Einrichtungen der Universitäten,Geisteswissenschaften,
2019-01-01T00:00:00.000Z,Brandenburg,Fachhochschulen,"Kunst, Kunstwissenschaft",4539000.0
2020-01-01T00:00:00.000Z,Bayern,Kunsthochschulen,Sport,
2019-01-01T00:00:00.000Z,Brandenburg,Kunsthochschulen,"Rechts-, Wirtschafts- und Sozialwissenschaften",
2020-01-01T00:00:00.000Z,Mecklenburg-Vorpommern,Medizinische Einrichtungen der Universitäten,"Kunst, Kunstwissenschaft",
2021-01-01T00:00:00.000Z,Thüringen,Universitäten (ohne Medizinische Einrichtungen),Ingenieurwissenschaften,1.13008E8
2019-01-01T00:00:00.000Z,Baden-Württemberg,Fachhochschulen,Sport,
2022-01-01T00:00:00.000Z,Thüringen,Pädagogische Hochschulen,Zentr.Einrichtungen (o. klinikspez. Einrichtungen),
2021-01-01T00:00:00.000Z,Schleswig-Holstein,Universitäten (ohne Medizinische Einrichtungen),Humanmedizin/Gesundheitswissenschaften,
2019-01-01T00:00:00.000Z,Hessen,Pädagogische Hochschulen,"Kunst, Kunstwissenschaft",
2022-01-01T00:00:00.000Z,Saarland,Theologische Hochschulen,"Rechts-, Wirtschafts- und Sozialwissenschaften",
2022-01-01T00:00:00.000Z,Sachsen-Anhalt,Medizinische Einrichtungen der Universitäten,"Agrar-, Forst- u.Ernährungswiss., Veterinärmedizin",
2022-01-01T00:00:00.000Z,Brandenburg,Medizinische Einrichtungen der Universitäten,Zentr.Einrichtungen (o. klinikspez. Einrichtungen),
2019-01-01T00:00:00.000Z,Bremen,Verwaltungsfachhochschulen,Zentr.Einrichtungen (o. klinikspez. Einrichtungen),
2020-01-01T00:00:00.000Z,Hessen,Medizinische Einrichtungen der Universitäten,Humanmedizin/Gesundheitswissenschaften,1.897933E9
2022-01-01T00:00:00.000Z,Hessen,Fachhochschulen,"Kunst, Kunstwissenschaft",1.4063E7
2022-01-01T00:00:00.000Z,Bremen,Pädagogische Hochschulen,"Kunst, Kunstwissenschaft",
2021-01-01T00:00:00.000Z,Niedersachsen,Medizinische Einrichtungen der Universitäten,"Kunst, Kunstwissenschaft",
2022-01-01T00:00:00.000Z,Sachsen-Anhalt,Universitäten (ohne Medizinische Einrichtungen),"Mathematik, Naturwissenschaften",7.8408E7
2021-01-01T00:00:00.000Z,Hessen,Fachhochschulen,"Rechts-, Wirtschafts- und Sozialwissenschaften",1.07659E8
2022-01-01T00:00:00.000Z,Bremen,Kunsthochschulen,Ingenieurwissenschaften,
2022-01-01T00:00:00.000Z,Rheinland-Pfalz,Pädagogische Hochschulen,Zentr.Einrichtungen (o. klinikspez. Einrichtungen),
2020-01-01T00:00:00.000Z,Thüringen,Pädagogische Hochschulen,Sport,
2021-01-01T00:00:00.000Z,Baden-Württemberg,Theologische Hochschulen,"Kunst, Kunstwissenschaft",
2021-01-01T00:00:00.000Z,Hessen,Universitäten (ohne Medizinische Einrichtungen),Zentr.Einrichtungen (o. klinikspez. Einrichtungen),8.66995E8
2022-01-01T00:00:00.000Z,Schleswig-Holstein,Theologische Hochschulen,"Mathematik, Naturwissenschaften",
2021-01-01T00:00:00.000Z,Berlin,Kunsthochschulen,"Kunst, Kunstwissenschaft",1.16963E8
2022-01-01T00:00:00.000Z,Mecklenburg-Vorpommern,Verwaltungsfachhochschulen,Sport,
2020-01-01T00:00:00.000Z,Rheinland-Pfalz,Verwaltungsfachhochschulen,Zentr.Einrichtungen (o. klinikspez. Einrichtungen),
2021-01-01T00:00:00.000Z,Niedersachsen,Medizinische Einrichtungen der Universitäten,Sport,
2020-01-01T00:00:00.000Z,Nordrhein-Westfalen,Fachhochschulen,"Agrar-, Forst- u.Ernährungswiss., Veterinärmedizin",2.4088E7
2019-01-01T00:00:00.000Z,Baden-Württemberg,Universitäten (ohne Medizinische Einrichtungen),Ingenieurwissenschaften,5.61673E8
2022-01-01T00:00:00.000Z,Sachsen,Universitäten (ohne Medizinische Einrichtungen),Geisteswissenschaften,6.9011E7
2022-01-01T00:00:00.000Z,Hessen,Universitäten (ohne Medizinische Einrichtungen),"Mathematik, Naturwissenschaften",3.69652E8
2020-01-01T00:00:00.000Z,Niedersachsen,Theologische Hochschulen,Sport,
2021-01-01T00:00:00.000Z,Berlin,Theologische Hochschulen,Ingenieurwissenschaften,
2022-01-01T00:00:00.000Z,Sachsen,Verwaltungsfachhochschulen,Geisteswissenschaften,
2020-01-01T00:00:00.000Z,Berlin,Universitäten (ohne Medizinische Einrichtungen),Humanmedizin/Gesundheitswissenschaften,
2019-01-01T00:00:00.000Z,Niedersachsen,Medizinische Einrichtungen der Universitäten,Humanmedizin/Gesundheitswissenschaften,1.925194E9
2021-01-01T00:00:00.000Z,Bremen,Theologische Hochschulen,"Rechts-, Wirtschafts- und Sozialwissenschaften",
2021-01-01T00:00:00.000Z,Nordrhein-Westfalen,Medizinische Einrichtungen der Universitäten,Sport,
2022-01-01T00:00:00.000Z,Brandenburg,Pädagogische Hochschulen,"Kunst, Kunstwissenschaft",
2021-01-01T00:00:00.000Z,Saarland,Fachhochschulen,"Rechts-, Wirtschafts- und Sozialwissenschaften",1.4001E7
2022-01-01T00:00:00.000Z,Sachsen,Fachhochschulen,Geisteswissenschaften,3986000.0
2021-01-01T00:00:00.000Z,Brandenburg,Kunsthochschulen,"Agrar-, Forst- u.Ernährungswiss., Veterinärmedizin",
2022-01-01T00:00:00.000Z,Niedersachsen,Verwaltungsfachhochschulen,Ingenieurwissenschaften,
2022-01-01T00:00:00.000Z,Sachsen,Medizinische Einrichtungen der Universitäten,Humanmedizin/Gesundheitswissenschaften,1.691974E9
2022-01-01T00:00:00.000Z,Bremen,Theologische Hochschulen,"Rechts-, Wirtschafts- und Sozialwissenschaften",
2019-01-01T00:00:00.000Z,Thüringen,Fachhochschulen,"Kunst, Kunstwissenschaft",610000.0
2020-01-01T00:00:00.000Z,Bayern,Kunsthochschulen,Zentr.Einrichtungen (o. klinikspez. Einrichtungen),3.1597E7
2020-01-01T00:00:00.000Z,Brandenburg,Universitäten (ohne Medizinische Einrichtungen),"Agrar-, Forst- u.Ernährungswiss., Veterinärmedizin",3908000.0
2020-01-01T00:00:00.000Z,Niedersachsen,Universitäten (ohne Medizinische Einrichtungen),Ingenieurwissenschaften,3.84751E8
2020-01-01T00:00:00.000Z,Niedersachsen,Theologische Hochschulen,Zentr.Einrichtungen (o. klinikspez. Einrichtungen),
2021-01-01T00:00:00.000Z,Rheinland-Pfalz,Pädagogische Hochschulen,Humanmedizin/Gesundheitswissenschaften,
2021-01-01T00:00:00.000Z,Niedersachsen,Verwaltungsfachhochschulen,"Kunst, Kunstwissenschaft",
2019-01-01T00:00:00.000Z,Sachsen-Anhalt,Theologische Hochschulen,"Rechts-, Wirtschafts- und Sozialwissenschaften",755000.0
2020-01-01T00:00:00.000Z,Hessen,Fachhochschulen,"Rechts-, Wirtschafts- und Sozialwissenschaften",9.9532E7
2020-01-01T00:00:00.000Z,Thüringen,Kunsthochschulen,"Kunst, Kunstwissenschaft",1.091E7
2021-01-01T00:00:00.000Z,Niedersachsen,Medizinische Einrichtungen der Universitäten,"Agrar-, Forst- u.Ernährungswiss., Veterinärmedizin",
2019-01-01T00:00:00.000Z,Hessen,Kunsthochschulen,Zentr.Einrichtungen (o. klinikspez. Einrichtungen),3.3973E7
2021-01-01T00:00:00.000Z,Thüringen,Universitäten (ohne Medizinische Einrichtungen),Sport,4685000.0
2021-01-01T00:00:00.000Z,Bremen,Universitäten (ohne Medizinische Einrichtungen),"Agrar-, Forst- u.Ernährungswiss., Veterinärmedizin",
2020-01-01T00:00:00.000Z,Sachsen-Anhalt,Kunsthochschulen,Humanmedizin/Gesundheitswissenschaften,
2019-01-01T00:00:00.000Z,Bayern,Medizinische Einrichtungen der Universitäten,Ingenieurwissenschaften,
2020-01-01T00:00:00.000Z,Berlin,Medizinische Einrichtungen der Universitäten,"Agrar-, Forst- u.Ernährungswiss., Veterinärmedizin",
2019-01-01T00:00:00.000Z,Hamburg,Universitäten (ohne Medizinische Einrichtungen),"Mathematik, Naturwissenschaften",1.14608E8
2020-01-01T00:00:00.000Z,Saarland,Fachhochschulen,"Rechts-, Wirtschafts- und Sozialwissenschaften",1.2531E7
2020-01-01T00:00:00.000Z,Brandenburg,Pädagogische Hochschulen,Ingenieurwissenschaften,
2019-01-01T00:00:00.000Z,Bremen,Universitäten (ohne Medizinische Einrichtungen),Humanmedizin/Gesundheitswissenschaften,
2019-01-01T00:00:00.000Z,Saarland,Medizinische Einrichtungen der Universitäten,Geisteswissenschaften,
2022-01-01T00:00:00.000Z,Rheinland-Pfalz,Fachhochschulen,Zentr.Einrichtungen (o. klinikspez. Einrichtungen),1.13031E8
2022-01-01T00:00:00.000Z,Mecklenburg-Vorpommern,Kunsthochschulen,Humanmedizin/Gesundheitswissenschaften,
2021-01-01T00:00:00.000Z,Sachsen-Anhalt,Pädagogische Hochschulen,Zentr.Einrichtungen (o. klinikspez. Einrichtungen),
2022-01-01T00:00:00.000Z,Thüringen,Universitäten (ohne Medizinische Einrichtungen),Sport,4921000.0
2019-01-01T00:00:00.000Z,Hamburg,Theologische Hochschulen,"Agrar-, Forst- u.Ernährungswiss., Veterinärmedizin",
2020-01-01T00:00:00.000Z,Hessen,Pädagogische Hochschulen,"Agrar-, Forst- u.Ernährungswiss., Veterinärmedizin",
2019-01-01T00:00:00.000Z,Bayern,Theologische Hochschulen,"Rechts-, Wirtschafts- und Sozialwissenschaften",
2019-01-01T00:00:00.000Z,Hessen,Theologische Hochschulen,"Mathematik, Naturwissenschaften",
2022-01-01T00:00:00.000Z,Niedersachsen,Medizinische Einrichtungen der Universitäten,Sport,
2019-01-01T00:00:00.000Z,Bayern,Universitäten (ohne Medizinische Einrichtungen),Humanmedizin/Gesundheitswissenschaften,
2021-01-01T00:00:00.000Z,Nordrhein-Westfalen,Pädagogische Hochschulen,"Kunst, Kunstwissenschaft",
2022-01-01T00:00:00.000Z,Bremen,Pädagogische Hochschulen,Geisteswissenschaften,
2022-01-01T00:00:00.000Z,Hamburg,Theologische Hochschulen,"Rechts-, Wirtschafts- und Sozialwissenschaften",
2020-01-01T00:00:00.000Z,Niedersachsen,Universitäten (ohne Medizinische Einrichtungen),Geisteswissenschaften,1.15715E8
2019-01-01T00:00:00.000Z,Bremen,Medizinische Einrichtungen der Universitäten,Geisteswissenschaften,
2021-01-01T00:00:00.000Z,Baden-Württemberg,Verwaltungsfachhochschulen,"Kunst, Kunstwissenschaft",
2021-01-01T00:00:00.000Z,Bayern,Universitäten (ohne Medizinische Einrichtungen),"Agrar-, Forst- u.Ernährungswiss., Veterinärmedizin",1.50316E8
2021-01-01T00:00:00.000Z,Rheinland-Pfalz,Medizinische Einrichtungen der Universitäten,"Mathematik, Naturwissenschaften",
2020-01-01T00:00:00.000Z,Sachsen-Anhalt,Medizinische Einrichtungen der Universitäten,Humanmedizin/Gesundheitswissenschaften,1.062232E9
2021-01-01T00:00:00.000Z,Berlin,Medizinische Einrichtungen der Universitäten,Sport,
2021-01-01T00:00:00.000Z,Schleswig-Holstein,Verwaltungsfachhochschulen,"Mathematik, Naturwissenschaften",
2021-01-01T00:00:00.000Z,Thüringen,Theologische Hochschulen,Zentr.Einrichtungen (o. klinikspez. Einrichtungen),
2021-01-01T00:00:00.000Z,Saarland,Theologische Hochschulen,"Rechts-, Wirtschafts- und Sozialwissenschaften",
2021-01-01T00:00:00.000Z,Bremen,Pädagogische Hochschulen,Humanmedizin/Gesundheitswissenschaften,
2020-01-01T00:00:00.000Z,Mecklenburg-Vorpommern,Kunsthochschulen,"Kunst, Kunstwissenschaft",5804000.0
2021-01-01T00:00:00.000Z,Schleswig-Holstein,Theologische Hochschulen,"Mathematik, Naturwissenschaften",
2022-01-01T00:00:00.000Z,Bayern,Kunsthochschulen,Ingenieurwissenschaften,761000.0
2019-01-01T00:00:00.000Z,Hessen,Kunsthochschulen,Sport,
2020-01-01T00:00:00.000Z,Berlin,Verwaltungsfachhochschulen,Ingenieurwissenschaften,
2022-01-01T00:00:00.000Z,Saarland,Medizinische Einrichtungen der Universitäten,"Agrar-, Forst- u.Ernährungswiss., Veterinärmedizin",
2020-01-01T00:00:00.000Z,Berlin,Pädagogische Hochschulen,Zentr.Einrichtungen (o. klinikspez. Einrichtungen),
2020-01-01T00:00:00.000Z,Berlin,Verwaltungsfachhochschulen,"Kunst, Kunstwissenschaft",
2022-01-01T00:00:00.000Z,Brandenburg,Pädagogische Hochschulen,Geisteswissenschaften,
2021-01-01T00:00:00.000Z,Bremen,Kunsthochschulen,Ingenieurwissenschaften,
2020-01-01T00:00:00.000Z,Bremen,Verwaltungsfachhochschulen,"Rechts-, Wirtschafts- und Sozialwissenschaften",2645000.0
2020-01-01T00:00:00.000Z,Baden-Württemberg,Pädagogische Hochschulen,Ingenieurwissenschaften,2860000.0
2021-01-01T00:00:00.000Z,Rheinland-Pfalz,Medizinische Einrichtungen der Universitäten,Humanmedizin/Gesundheitswissenschaften,9.85529E8
2019-01-01T00:00:00.000Z,Hessen,Medizinische Einrichtungen der Universitäten,Geisteswissenschaften,
2022-01-01T00:00:00.000Z,Hessen,Universitäten (ohne Medizinische Einrichtungen),Geisteswissenschaften,1.19765E8
2020-01-01T00:00:00.000Z,Hessen,Verwaltungsfachhochschulen,Ingenieurwissenschaften,78000.0
2019-01-01T00:00:00.000Z,Saarland,Verwaltungsfachhochschulen,"Mathematik, Naturwissenschaften",
2020-01-01T00:00:00.000Z,Hamburg,Pädagogische Hochschulen,Zentr.Einrichtungen (o. klinikspez. Einrichtungen),
2019-01-01T00:00:00.000Z,Saarland,Medizinische Einrichtungen der Universitäten,Zentr.Einrichtungen (o. klinikspez. Einrichtungen),
2021-01-01T00:00:00.000Z,Bayern,Theologische Hochschulen,"Agrar-, Forst- u.Ernährungswiss., Veterinärmedizin",
2019-01-01T00:00:00.000Z,Hamburg,Pädagogische Hochschulen,"Kunst, Kunstwissenschaft",
2019-01-01T00:00:00.000Z,Bayern,Universitäten (ohne Medizinische Einrichtungen),"Rechts-, Wirtschafts- und Sozialwissenschaften",4.1605E8
2019-01-01T00:00:00.000Z,Niedersachsen,Verwaltungsfachhochschulen,Ingenieurwissenschaften,
2019-01-01T00:00:00.000Z,Schleswig-Holstein,Fachhochschulen,Geisteswissenschaften,979000.0
2021-01-01T00:00:00.000Z,Berlin,Kunsthochschulen,Geisteswissenschaften,3189000.0
2022-01-01T00:00:00.000Z,Saarland,Kunsthochschulen,"Kunst, Kunstwissenschaft",2410000.0
2021-01-01T00:00:00.000Z,Brandenburg,Kunsthochschulen,Sport,
2019-01-01T00:00:00.000Z,Hessen,Medizinische Einrichtungen der Universitäten,"Rechts-, Wirtschafts- und Sozialwissenschaften",
2022-01-01T00:00:00.000Z,Bremen,Theologische Hochschulen,Zentr.Einrichtungen (o. klinikspez. Einrichtungen),
2019-01-01T00:00:00.000Z,Rheinland-Pfalz,Theologische Hochschulen,"Rechts-, Wirtschafts- und Sozialwissenschaften",
2020-01-01T00:00:00.000Z,Bayern,Medizinische Einrichtungen der Universitäten,Sport,
2022-01-01T00:00:00.000Z,Rheinland-Pfalz,Fachhochschulen,Geisteswissenschaften,648000.0
2020-01-01T00:00:00.000Z,Saarland,Medizinische Einrichtungen der Universitäten,Zentr.Einrichtungen (o. klinikspez. Einrichtungen),
2020-01-01T00:00:00.000Z,Schleswig-Holstein,Fachhochschulen,"Agrar-, Forst- u.Ernährungswiss., Veterinärmedizin",2280000.0
2022-01-01T00:00:00.000Z,Hamburg,Pädagogische Hochschulen,Ingenieurwissenschaften,
2019-01-01T00:00:00.000Z,Bremen,Pädagogische Hochschulen,"Rechts-, Wirtschafts- und Sozialwissenschaften",
2021-01-01T00:00:00.000Z,Baden-Württemberg,Universitäten (ohne Medizinische Einrichtungen),Humanmedizin/Gesundheitswissenschaften,
2022-01-01T00:00:00.000Z,Baden-Württemberg,Universitäten (ohne Medizinische Einrichtungen),Geisteswissenschaften,2.33596E8
2022-01-01T00:00:00.000Z,Bayern,Fachhochschulen,"Rechts-, Wirtschafts- und Sozialwissenschaften",1.912E8
2019-01-01T00:00:00.000Z,Thüringen,Medizinische Einrichtungen der Universitäten,"Mathematik, Naturwissenschaften",
2019-01-01T00:00:00.000Z,Sachsen,Medizinische Einrichtungen der Universitäten,Sport,
2020-01-01T00:00:00.000Z,Saarland,Medizinische Einrichtungen der Universitäten,Humanmedizin/Gesundheitswissenschaften,6.39971E8
2021-01-01T00:00:00.000Z,Bremen,Pädagogische Hochschulen,Sport,
2021-01-01T00:00:00.000Z,Baden-Württemberg,Universitäten (ohne Medizinische Einrichtungen),Geisteswissenschaften,2.24999E8
2019-01-01T00:00:00.000Z,Hamburg,Fachhochschulen,"Mathematik, Naturwissenschaften",3061000.0
2020-01-01T00:00:00.000Z,Berlin,Theologische Hochschulen,Sport,
2022-01-01T00:00:00.000Z,Sachsen-Anhalt,Kunsthochschulen,Ingenieurwissenschaften,597000.0
2019-01-01T00:00:00.000Z,Schleswig-Holstein,Pädagogische Hochschulen,Humanmedizin/Gesundheitswissenschaften,
2020-01-01T00:00:00.000Z,Sachsen,Pädagogische Hochschulen,Geisteswissenschaften,
2021-01-01T00:00:00.000Z,Baden-Württemberg,Verwaltungsfachhochschulen,"Rechts-, Wirtschafts- und Sozialwissenschaften",2.9121E7
2022-01-01T00:00:00.000Z,Thüringen,Pädagogische Hochschulen,"Kunst, Kunstwissenschaft",
2019-01-01T00:00:00.000Z,Saarland,Pädagogische Hochschulen,"Rechts-, Wirtschafts- und Sozialwissenschaften",
2021-01-01T00:00:00.000Z,Thüringen,Medizinische Einrichtungen der Universitäten,"Mathematik, Naturwissenschaften",
2020-01-01T00:00:00.000Z,Sachsen,Theologische Hochschulen,"Rechts-, Wirtschafts- und Sozialwissenschaften",
2021-01-01T00:00:00.000Z,Schleswig-Holstein,Medizinische Einrichtungen der Universitäten,Geisteswissenschaften,
2021-01-01T00:00:00.000Z,Baden-Württemberg,Medizinische Einrichtungen der Universitäten,"Agrar-, Forst- u.Ernährungswiss., Veterinärmedizin",
2021-01-01T00:00:00.000Z,Bayern,Universitäten (ohne Medizinische Einrichtungen),"Rechts-, Wirtschafts- und Sozialwissenschaften",4.41711E8
2020-01-01T00:00:00.000Z,Bremen,Verwaltungsfachhochschulen,Zentr.Einrichtungen (o. klinikspez. Einrichtungen),
2019-01-01T00:00:00.000Z,Rheinland-Pfalz,Pädagogische Hochschulen,Ingenieurwissenschaften,
2020-01-01T00:00:00.000Z,Sachsen-Anhalt,Theologische Hochschulen,Ingenieurwissenschaften,
2021-01-01T00:00:00.000Z,Rheinland-Pfalz,Fachhochschulen,"Kunst, Kunstwissenschaft",1.1011E7
2020-01-01T00:00:00.000Z,Sachsen-Anhalt,Pädagogische Hochschulen,"Mathematik, Naturwissenschaften",
2020-01-01T00:00:00.000Z,Berlin,Universitäten (ohne Medizinische Einrichtungen),Sport,3388000.0
2022-01-01T00:00:00.000Z,Schleswig-Holstein,Verwaltungsfachhochschulen,"Agrar-, Forst- u.Ernährungswiss., Veterinärmedizin",
2022-01-01T00:00:00.000Z,Nordrhein-Westfalen,Pädagogische Hochschulen,Geisteswissenschaften,
2021-01-01T00:00:00.000Z,Brandenburg,Theologische Hochschulen,Humanmedizin/Gesundheitswissenschaften,
2022-01-01T00:00:00.000Z,Rheinland-Pfalz,Verwaltungsfachhochschulen,Ingenieurwissenschaften,
2022-01-01T00:00:00.000Z,Brandenburg,Pädagogische Hochschulen,Zentr.Einrichtungen (o. klinikspez. Einrichtungen),
2019-01-01T00:00:00.000Z,Brandenburg,Pädagogische Hochschulen,"Rechts-, Wirtschafts- und Sozialwissenschaften",
2022-01-01T00:00:00.000Z,Hessen,Theologische Hochschulen,Humanmedizin/Gesundheitswissenschaften,
2021-01-01T00:00:00.000Z,Hessen,Fachhochschulen,Sport,17000.0
2022-01-01T00:00:00.000Z,Niedersachsen,Pädagogische Hochschulen,Zentr.Einrichtungen (o. klinikspez. Einrichtungen),
2022-01-01T00:00:00.000Z,Nordrhein-Westfalen,Verwaltungsfachhochschulen,Humanmedizin/Gesundheitswissenschaften,
2019-01-01T00:00:00.000Z,Rheinland-Pfalz,Fachhochschulen,Zentr.Einrichtungen (o. klinikspez. Einrichtungen),7.876E7
2021-01-01T00:00:00.000Z,Nordrhein-Westfalen,Universitäten (ohne Medizinische Einrichtungen),Sport,5.4766E7
2020-01-01T00:00:00.000Z,Sachsen-Anhalt,Theologische Hochschulen,"Agrar-, Forst- u.Ernährungswiss., Veterinärmedizin",
2020-01-01T00:00:00.000Z,Niedersachsen,Medizinische Einrichtungen der Universitäten,"Mathematik, Naturwissenschaften",
2021-01-01T00:00:00.000Z,Mecklenburg-Vorpommern,Fachhochschulen,Sport,
2022-01-01T00:00:00.000Z,Thüringen,Medizinische Einrichtungen der Universitäten,Sport,
2019-01-01T00:00:00.000Z,Rheinland-Pfalz,Kunsthochschulen,Ingenieurwissenschaften,
2022-01-01T00:00:00.000Z,Nordrhein-Westfalen,Verwaltungsfachhochschulen,Sport,
2021-01-01T00:00:00.000Z,Rheinland-Pfalz,Fachhochschulen,"Agrar-, Forst- u.Ernährungswiss., Veterinärmedizin",3303000.0
2019-01-01T00:00:00.000Z,Thüringen,Kunsthochschulen,"Kunst, Kunstwissenschaft",1.1277E7
2022-01-01T00:00:00.000Z,Bayern,Universitäten (ohne Medizinische Einrichtungen),"Rechts-, Wirtschafts- und Sozialwissenschaften",4.74066E8
2022-01-01T00:00:00.000Z,Hessen,Verwaltungsfachhochschulen,"Agrar-, Forst- u.Ernährungswiss., Veterinärmedizin",
2022-01-01T00:00:00.000Z,Sachsen,Fachhochschulen,"Kunst, Kunstwissenschaft",9284000.0
2019-01-01T00:00:00.000Z,Bremen,Pädagogische Hochschulen,Geisteswissenschaften,
2020-01-01T00:00:00.000Z,Sachsen-Anhalt,Verwaltungsfachhochschulen,Ingenieurwissenschaften,
2019-01-01T00:00:00.000Z,Schleswig-Holstein,Kunsthochschulen,Sport,
2022-01-01T00:00:00.000Z,Berlin,Verwaltungsfachhochschulen,Sport,
2019-01-01T00:00:00.000Z,Sachsen,Pädagogische Hochschulen,"Kunst, Kunstwissenschaft",
2020-01-01T00:00:00.000Z,Hessen,Universitäten (ohne Medizinische Einrichtungen),"Mathematik, Naturwissenschaften",3.31463E8
2022-01-01T00:00:00.000Z,Bremen,Theologische Hochschulen,"Agrar-, Forst- u.Ernährungswiss., Veterinärmedizin",
2022-01-01T00:00:00.000Z,Schleswig-Holstein,Theologische Hochschulen,Sport,
2022-01-01T00:00:00.000Z,Rheinland-Pfalz,Kunsthochschulen,Sport,
2019-01-01T00:00:00.000Z,Hessen,Fachhochschulen,Geisteswissenschaften,8631000.0
2019-01-01T00:00:00.000Z,Brandenburg,Verwaltungsfachhochschulen,Geisteswissenschaften,
2019-01-01T00:00:00.000Z,Brandenburg,Theologische Hochschulen,Geisteswissenschaften,
2021-01-01T00:00:00.000Z,Schleswig-Holstein,Kunsthochschulen,"Rechts-, Wirtschafts- und Sozialwissenschaften",
2021-01-01T00:00:00.000Z,Bayern,Pädagogische Hochschulen,"Mathematik, Naturwissenschaften",
2019-01-01T00:00:00.000Z,Bayern,Medizinische Einrichtungen der Universitäten,"Agrar-, Forst- u.Ernährungswiss., Veterinärmedizin",
2020-01-01T00:00:00.000Z,Sachsen,Medizinische Einrichtungen der Universitäten,Zentr.Einrichtungen (o. klinikspez. Einrichtungen),
2020-01-01T00:00:00.000Z,Rheinland-Pfalz,Universitäten (ohne Medizinische Einrichtungen),Ingenieurwissenschaften,9.1576E7
2019-01-01T00:00:00.000Z,Bremen,Verwaltungsfachhochschulen,"Agrar-, Forst- u.Ernährungswiss., Veterinärmedizin",
2019-01-01T00:00:00.000Z,Hessen,Universitäten (ohne Medizinische Einrichtungen),"Mathematik, Naturwissenschaften",3.34917E8
2019-01-01T00:00:00.000Z,Nordrhein-Westfalen,Medizinische Einrichtungen der Universitäten,Ingenieurwissenschaften,
2020-01-01T00:00:00.000Z,Saarland,Medizinische Einrichtungen der Universitäten,Ingenieurwissenschaften,
2019-01-01T00:00:00.000Z,Bremen,Verwaltungsfachhochschulen,"Kunst, Kunstwissenschaft",
2022-01-01T00:00:00.000Z,Schleswig-Holstein,Pädagogische Hochschulen,"Rechts-, Wirtschafts- und Sozialwissenschaften",
2019-01-01T00:00:00.000Z,Hessen,Pädagogische Hochschulen,"Rechts-, Wirtschafts- und Sozialwissenschaften",
2020-01-01T00:00:00.000Z,Brandenburg,Theologische Hochschulen,Zentr.Einrichtungen (o. klinikspez. Einrichtungen),
2021-01-01T00:00:00.000Z,Nordrhein-Westfalen,Verwaltungsfachhochschulen,"Mathematik, Naturwissenschaften",
2021-01-01T00:00:00.000Z,Sachsen,Universitäten (ohne Medizinische Einrichtungen),Geisteswissenschaften,6.4196E7
2021-01-01T00:00:00.000Z,Hamburg,Universitäten (ohne Medizinische Einrichtungen),Zentr.Einrichtungen (o. klinikspez. Einrichtungen),3.22788E8
2021-01-01T00:00:00.000Z,Nordrhein-Westfalen,Theologische Hochschulen,"Agrar-, Forst- u.Ernährungswiss., Veterinärmedizin",
2020-01-01T00:00:00.000Z,Rheinland-Pfalz,Fachhochschulen,Humanmedizin/Gesundheitswissenschaften,4729000.0
2020-01-01T00:00:00.000Z,Sachsen-Anhalt,Pädagogische Hochschulen,Zentr.Einrichtungen (o. klinikspez. Einrichtungen),
2020-01-01T00:00:00.000Z,Berlin,Theologische Hochschulen,"Agrar-, Forst- u.Ernährungswiss., Veterinärmedizin",
2019-01-01T00:00:00.000Z,Sachsen,Universitäten (ohne Medizinische Einrichtungen),"Agrar-, Forst- u.Ernährungswiss., Veterinärmedizin",4.8486E7
2020-01-01T00:00:00.000Z,Thüringen,Verwaltungsfachhochschulen,"Agrar-, Forst- u.Ernährungswiss., Veterinärmedizin",
2022-01-01T00:00:00.000Z,Thüringen,Universitäten (ohne Medizinische Einrichtungen),"Agrar-, Forst- u.Ernährungswiss., Veterinärmedizin",3737000.0
2021-01-01T00:00:00.000Z,Mecklenburg-Vorpommern,Verwaltungsfachhochschulen,Sport,
2019-01-01T00:00:00.000Z,Sachsen,Verwaltungsfachhochschulen,"Mathematik, Naturwissenschaften",
2022-01-01T00:00:00.000Z,Berlin,Theologische Hochschulen,Ingenieurwissenschaften,
2019-01-01T00:00:00.000Z,Mecklenburg-Vorpommern,Pädagogische Hochschulen,Ingenieurwissenschaften,
2019-01-01T00:00:00.000Z,Bayern,Verwaltungsfachhochschulen,"Agrar-, Forst- u.Ernährungswiss., Veterinärmedizin",
2022-01-01T00:00:00.000Z,Sachsen,Kunsthochschulen,Sport,
2019-01-01T00:00:00.000Z,Brandenburg,Pädagogische Hochschulen,Sport,
2019-01-01T00:00:00.000Z,Mecklenburg-Vorpommern,Fachhochschulen,Geisteswissenschaften,
2019-01-01T00:00:00.000Z,Mecklenburg-Vorpommern,Kunsthochschulen,Ingenieurwissenschaften,
2021-01-01T00:00:00.000Z,Berlin,Pädagogische Hochschulen,Sport,
2020-01-01T00:00:00.000Z,Baden-Württemberg,Fachhochschulen,"Kunst, Kunstwissenschaft",2.4412E7
2019-01-01T00:00:00.000Z,Niedersachsen,Fachhochschulen,Humanmedizin/Gesundheitswissenschaften,7361000.0
2019-01-01T00:00:00.000Z,Schleswig-Holstein,Fachhochschulen,Ingenieurwissenschaften,5.6707E7
2019-01-01T00:00:00.000Z,Baden-Württemberg,Verwaltungsfachhochschulen,Geisteswissenschaften,
2022-01-01T00:00:00.000Z,Baden-Württemberg,Theologische Hochschulen,"Mathematik, Naturwissenschaften",
2022-01-01T00:00:00.000Z,Nordrhein-Westfalen,Theologische Hochschulen,Ingenieurwissenschaften,
2022-01-01T00:00:00.000Z,Brandenburg,Universitäten (ohne Medizinische Einrichtungen),Geisteswissenschaften,3.9237E7
2019-01-01T00:00:00.000Z,Baden-Württemberg,Medizinische Einrichtungen der Universitäten,Sport,
2019-01-01T00:00:00.000Z,Brandenburg,Verwaltungsfachhochschulen,Zentr.Einrichtungen (o. klinikspez. Einrichtungen),4517000.0
2022-01-01T00:00:00.000Z,Bremen,Universitäten (ohne Medizinische Einrichtungen),Ingenieurwissenschaften,7.1683E7
2021-01-01T00:00:00.000Z,Schleswig-Holstein,Universitäten (ohne Medizinische Einrichtungen),Geisteswissenschaften,3.5428E7
2020-01-01T00:00:00.000Z,Schleswig-Holstein,Pädagogische Hochschulen,Humanmedizin/Gesundheitswissenschaften,
2020-01-01T00:00:00.000Z,Thüringen,Medizinische Einrichtungen der Universitäten,"Agrar-, Forst- u.Ernährungswiss., Veterinärmedizin",
2021-01-01T00:00:00.000Z,Schleswig-Holstein,Pädagogische Hochschulen,"Kunst, Kunstwissenschaft",
2022-01-01T00:00:00.000Z,Hessen,Kunsthochschulen,Zentr.Einrichtungen (o. klinikspez. Einrichtungen),3.0693E7
2021-01-01T00:00:00.000Z,Sachsen,Fachhochschulen,"Mathematik, Naturwissenschaften",1.912E7
2019-01-01T00:00:00.000Z,Hessen,Theologische Hochschulen,Sport,
2019-01-01T00:00:00.000Z,Nordrhein-Westfalen,Theologische Hochschulen,Geisteswissenschaften,4497000.0
2021-01-01T00:00:00.000Z,Thüringen,Theologische Hochschulen,Humanmedizin/Gesundheitswissenschaften,
2020-01-01T00:00:00.000Z,Sachsen,Pädagogische Hochschulen,Ingenieurwissenschaften,
2020-01-01T00:00:00.000Z,Niedersachsen,Fachhochschulen,"Mathematik, Naturwissenschaften",
2021-01-01T00:00:00.000Z,Nordrhein-Westfalen,Universitäten (ohne Medizinische Einrichtungen),"Rechts-, Wirtschafts- und Sozialwissenschaften",6.18527E8
2020-01-01T00:00:00.000Z,Baden-Württemberg,Theologische Hochschulen,"Rechts-, Wirtschafts- und Sozialwissenschaften",
2021-01-01T00:00:00.000Z,Baden-Württemberg,Verwaltungsfachhochschulen,"Agrar-, Forst- u.Ernährungswiss., Veterinärmedizin",
2019-01-01T00:00:00.000Z,Thüringen,Theologische Hochschulen,Ingenieurwissenschaften,
2019-01-01T00:00:00.000Z,Berlin,Pädagogische Hochschulen,Geisteswissenschaften,
2022-01-01T00:00:00.000Z,Baden-Württemberg,Verwaltungsfachhochschulen,"Rechts-, Wirtschafts- und Sozialwissenschaften",3.2732E7
2022-01-01T00:00:00.000Z,Schleswig-Holstein,Medizinische Einrichtungen der Universitäten,"Agrar-, Forst- u.Ernährungswiss., Veterinärmedizin",
2019-01-01T00:00:00.000Z,Baden-Württemberg,Medizinische Einrichtungen der Universitäten,Humanmedizin/Gesundheitswissenschaften,4.100943E9
2019-01-01T00:00:00.000Z,Hamburg,Theologische Hochschulen,"Kunst, Kunstwissenschaft",
2021-01-01T00:00:00.000Z,Niedersachsen,Fachhochschulen,"Kunst, Kunstwissenschaft",2.6574E7
2019-01-01T00:00:00.000Z,Bremen,Fachhochschulen,"Kunst, Kunstwissenschaft",
2022-01-01T00:00:00.000Z,Saarland,Universitäten (ohne Medizinische Einrichtungen),Humanmedizin/Gesundheitswissenschaften,
2019-01-01T00:00:00.000Z,Nordrhein-Westfalen,Medizinische Einrichtungen der Universitäten,Zentr.Einrichtungen (o. klinikspez. Einrichtungen),
2021-01-01T00:00:00.000Z,Rheinland-Pfalz,Fachhochschulen,Ingenieurwissenschaften,8.6346E7
2022-01-01T00:00:00.000Z,Thüringen,Pädagogische Hochschulen,"Agrar-, Forst- u.Ernährungswiss., Veterinärmedizin",
2020-01-01T00:00:00.000Z,Hamburg,Verwaltungsfachhochschulen,Sport,
2019-01-01T00:00:00.000Z,Nordrhein-Westfalen,Universitäten (ohne Medizinische Einrichtungen),"Rechts-, Wirtschafts- und Sozialwissenschaften",6.08732E8
2021-01-01T00:00:00.000Z,Berlin,Theologische Hochschulen,Geisteswissenschaften,
2022-01-01T00:00:00.000Z,Berlin,Universitäten (ohne Medizinische Einrichtungen),"Agrar-, Forst- u.Ernährungswiss., Veterinärmedizin",5.8606E7
2022-01-01T00:00:00.000Z,Baden-Württemberg,Universitäten (ohne Medizinische Einrichtungen),Zentr.Einrichtungen (o. klinikspez. Einrichtungen),1.120316E9
2019-01-01T00:00:00.000Z,Bremen,Medizinische Einrichtungen der Universitäten,"Agrar-, Forst- u.Ernährungswiss., Veterinärmedizin",
2019-01-01T00:00:00.000Z,Mecklenburg-Vorpommern,Verwaltungsfachhochschulen,"Rechts-, Wirtschafts- und Sozialwissenschaften",6448000.0
2020-01-01T00:00:00.000Z,Berlin,Pädagogische Hochschulen,"Rechts-, Wirtschafts- und Sozialwissenschaften",
2021-01-01T00:00:00.000Z,Bremen,Theologische Hochschulen,Geisteswissenschaften,
2019-01-01T00:00:00.000Z,Hessen,Theologische Hochschulen,"Agrar-, Forst- u.Ernährungswiss., Veterinärmedizin",
2022-01-01T00:00:00.000Z,Sachsen-Anhalt,Fachhochschulen,"Rechts-, Wirtschafts- und Sozialwissenschaften",4.7343E7
2021-01-01T00:00:00.000Z,Bremen,Fachhochschulen,"Rechts-, Wirtschafts- und Sozialwissenschaften",1.5786E7
2021-01-01T00:00:00.000Z,Niedersachsen,Verwaltungsfachhochschulen,"Agrar-, Forst- u.Ernährungswiss., Veterinärmedizin",
2021-01-01T00:00:00.000Z,Bremen,Verwaltungsfachhochschulen,"Rechts-, Wirtschafts- und Sozialwissenschaften",2758000.0
2019-01-01T00:00:00.000Z,Thüringen,Verwaltungsfachhochschulen,Sport,
2021-01-01T00:00:00.000Z,Saarland,Kunsthochschulen,Ingenieurwissenschaften,
2019-01-01T00:00:00.000Z,Mecklenburg-Vorpommern,Theologische Hochschulen,"Rechts-, Wirtschafts- und Sozialwissenschaften",
2022-01-01T00:00:00.000Z,Sachsen-Anhalt,Universitäten (ohne Medizinische Einrichtungen),Humanmedizin/Gesundheitswissenschaften,
2020-01-01T00:00:00.000Z,Rheinland-Pfalz,Medizinische Einrichtungen der Universitäten,"Mathematik, Naturwissenschaften",
2020-01-01T00:00:00.000Z,Hessen,Universitäten (ohne Medizinische Einrichtungen),"Agrar-, Forst- u.Ernährungswiss., Veterinärmedizin",8.5506E7
2022-01-01T00:00:00.000Z,Bayern,Medizinische Einrichtungen der Universitäten,Ingenieurwissenschaften,
2020-01-01T00:00:00.000Z,Schleswig-Holstein,Verwaltungsfachhochschulen,"Mathematik, Naturwissenschaften",
2020-01-01T00:00:00.000Z,Niedersachsen,Universitäten (ohne Medizinische Einrichtungen),Zentr.Einrichtungen (o. klinikspez. Einrichtungen),8.98254E8
2021-01-01T00:00:00.000Z,Nordrhein-Westfalen,Pädagogische Hochschulen,"Agrar-, Forst- u.Ernährungswiss., Veterinärmedizin",
2019-01-01T00:00:00.000Z,Sachsen-Anhalt,Kunsthochschulen,Humanmedizin/Gesundheitswissenschaften,
2022-01-01T00:00:00.000Z,Sachsen,Kunsthochschulen,"Kunst, Kunstwissenschaft",4.6425E7
2021-01-01T00:00:00.000Z,Hamburg,Fachhochschulen,Humanmedizin/Gesundheitswissenschaften,2.6424E7
2020-01-01T00:00:00.000Z,Mecklenburg-Vorpommern,Verwaltungsfachhochschulen,Geisteswissenschaften,
2021-01-01T00:00:00.000Z,Brandenburg,Theologische Hochschulen,Sport,
2020-01-01T00:00:00.000Z,Brandenburg,Fachhochschulen,"Rechts-, Wirtschafts- und Sozialwissenschaften",2.5084E7
2022-01-01T00:00:00.000Z,Brandenburg,Medizinische Einrichtungen der Universitäten,"Kunst, Kunstwissenschaft",
2019-01-01T00:00:00.000Z,Sachsen,Medizinische Einrichtungen der Universitäten,"Rechts-, Wirtschafts- und Sozialwissenschaften",
2020-01-01T00:00:00.000Z,Bayern,Verwaltungsfachhochschulen,Ingenieurwissenschaften,1.6538E7
2021-01-01T00:00:00.000Z,Brandenburg,Verwaltungsfachhochschulen,Humanmedizin/Gesundheitswissenschaften,
2021-01-01T00:00:00.000Z,Sachsen,Kunsthochschulen,"Rechts-, Wirtschafts- und Sozialwissenschaften",
2022-01-01T00:00:00.000Z,Brandenburg,Theologische Hochschulen,Zentr.Einrichtungen (o. klinikspez. Einrichtungen),
2020-01-01T00:00:00.000Z,Baden-Württemberg,Pädagogische Hochschulen,"Rechts-, Wirtschafts- und Sozialwissenschaften",3.9704E7
2021-01-01T00:00:00.000Z,Sachsen-Anhalt,Kunsthochschulen,Humanmedizin/Gesundheitswissenschaften,
2019-01-01T00:00:00.000Z,Bayern,Pädagogische Hochschulen,"Mathematik, Naturwissenschaften",
2022-01-01T00:00:00.000Z,Hamburg,Universitäten (ohne Medizinische Einrichtungen),Ingenieurwissenschaften,2.59607E8
2021-01-01T00:00:00.000Z,Bayern,Universitäten (ohne Medizinische Einrichtungen),Humanmedizin/Gesundheitswissenschaften,
2022-01-01T00:00:00.000Z,Sachsen-Anhalt,Universitäten (ohne Medizinische Einrichtungen),"Rechts-, Wirtschafts- und Sozialwissenschaften",4.0933E7
2022-01-01T00:00:00.000Z,Schleswig-Holstein,Verwaltungsfachhochschulen,Sport,
2022-01-01T00:00:00.000Z,Mecklenburg-Vorpommern,Theologische Hochschulen,"Kunst, Kunstwissenschaft",
2021-01-01T00:00:00.000Z,Nordrhein-Westfalen,Universitäten (ohne Medizinische Einrichtungen),Geisteswissenschaften,3.89484E8
2019-01-01T00:00:00.000Z,Berlin,Verwaltungsfachhochschulen,"Agrar-, Forst- u.Ernährungswiss., Veterinärmedizin",
2020-01-01T00:00:00.000Z,Hamburg,Medizinische Einrichtungen der Universitäten,Humanmedizin/Gesundheitswissenschaften,1.330624E9
2022-01-01T00:00:00.000Z,Niedersachsen,Verwaltungsfachhochschulen,"Agrar-, Forst- u.Ernährungswiss., Veterinärmedizin",
2019-01-01T00:00:00.000Z,Bayern,Universitäten (ohne Medizinische Einrichtungen),"Mathematik, Naturwissenschaften",7.78465E8
2020-01-01T00:00:00.000Z,Brandenburg,Verwaltungsfachhochschulen,Sport,
2021-01-01T00:00:00.000Z,Brandenburg,Universitäten (ohne Medizinische Einrichtungen),"Kunst, Kunstwissenschaft",1.6114E7
2020-01-01T00:00:00.000Z,Thüringen,Fachhochschulen,Sport,
2021-01-01T00:00:00.000Z,Brandenburg,Verwaltungsfachhochschulen,"Rechts-, Wirtschafts- und Sozialwissenschaften",5.5004E7
2022-01-01T00:00:00.000Z,Baden-Württemberg,Fachhochschulen,Zentr.Einrichtungen (o. klinikspez. Einrichtungen),5.91909E8
2021-01-01T00:00:00.000Z,Bremen,Verwaltungsfachhochschulen,"Mathematik, Naturwissenschaften",
2020-01-01T00:00:00.000Z,Sachsen,Kunsthochschulen,"Rechts-, Wirtschafts- und Sozialwissenschaften",
2019-01-01T00:00:00.000Z,Hessen,Theologische Hochschulen,Humanmedizin/Gesundheitswissenschaften,
2022-01-01T00:00:00.000Z,Hamburg,Theologische Hochschulen,Ingenieurwissenschaften,
2019-01-01T00:00:00.000Z,Rheinland-Pfalz,Theologische Hochschulen,Humanmedizin/Gesundheitswissenschaften,2132000.0
2021-01-01T00:00:00.000Z,Baden-Württemberg,Medizinische Einrichtungen der Universitäten,Humanmedizin/Gesundheitswissenschaften,5.041085E9
2019-01-01T00:00:00.000Z,Schleswig-Holstein,Verwaltungsfachhochschulen,Ingenieurwissenschaften,
2021-01-01T00:00:00.000Z,Brandenburg,Medizinische Einrichtungen der Universitäten,Ingenieurwissenschaften,
2021-01-01T00:00:00.000Z,Bayern,Kunsthochschulen,"Rechts-, Wirtschafts- und Sozialwissenschaften",405000.0
2019-01-01T00:00:00.000Z,Sachsen-Anhalt,Kunsthochschulen,"Mathematik, Naturwissenschaften",
2020-01-01T00:00:00.000Z,Rheinland-Pfalz,Pädagogische Hochschulen,Humanmedizin/Gesundheitswissenschaften,
2020-01-01T00:00:00.000Z,Schleswig-Holstein,Verwaltungsfachhochschulen,"Agrar-, Forst- u.Ernährungswiss., Veterinärmedizin",
2019-01-01T00:00:00.000Z,Sachsen,Verwaltungsfachhochschulen,"Rechts-, Wirtschafts- und Sozialwissenschaften",1.4282E7
2020-01-01T00:00:00.000Z,Sachsen-Anhalt,Medizinische Einrichtungen der Universitäten,"Agrar-, Forst- u.Ernährungswiss., Veterinärmedizin",
2022-01-01T00:00:00.000Z,Brandenburg,Kunsthochschulen,"Agrar-, Forst- u.Ernährungswiss., Veterinärmedizin",
2022-01-01T00:00:00.000Z,Saarland,Verwaltungsfachhochschulen,Geisteswissenschaften,
2021-01-01T00:00:00.000Z,Bremen,Kunsthochschulen,"Mathematik, Naturwissenschaften",
2019-01-01T00:00:00.000Z,Nordrhein-Westfalen,Fachhochschulen,Sport,
2021-01-01T00:00:00.000Z,Niedersachsen,Pädagogische Hochschulen,"Mathematik, Naturwissenschaften",
2020-01-01T00:00:00.000Z,Niedersachsen,Kunsthochschulen,"Mathematik, Naturwissenschaften",
2022-01-01T00:00:00.000Z,Mecklenburg-Vorpommern,Kunsthochschulen,"Agrar-, Forst- u.Ernährungswiss., Veterinärmedizin",
2022-01-01T00:00:00.000Z,Bayern,Pädagogische Hochschulen,"Kunst, Kunstwissenschaft",
2020-01-01T00:00:00.000Z,Berlin,Medizinische Einrichtungen der Universitäten,Humanmedizin/Gesundheitswissenschaften,2.196945E9
2020-01-01T00:00:00.000Z,Hessen,Medizinische Einrichtungen der Universitäten,"Mathematik, Naturwissenschaften",
2021-01-01T00:00:00.000Z,Thüringen,Verwaltungsfachhochschulen,Sport,
2021-01-01T00:00:00.000Z,Hessen,Kunsthochschulen,"Agrar-, Forst- u.Ernährungswiss., Veterinärmedizin",
2021-01-01T00:00:00.000Z,Berlin,Verwaltungsfachhochschulen,"Agrar-, Forst- u.Ernährungswiss., Veterinärmedizin",
2019-01-01T00:00:00.000Z,Saarland,Kunsthochschulen,Geisteswissenschaften,
2021-01-01T00:00:00.000Z,Schleswig-Holstein,Theologische Hochschulen,Ingenieurwissenschaften,
2021-01-01T00:00:00.000Z,Rheinland-Pfalz,Verwaltungsfachhochschulen,"Kunst, Kunstwissenschaft",
2021-01-01T00:00:00.000Z,Bayern,Medizinische Einrichtungen der Universitäten,"Mathematik, Naturwissenschaften",
2020-01-01T00:00:00.000Z,Saarland,Verwaltungsfachhochschulen,Geisteswissenschaften,
2021-01-01T00:00:00.000Z,Sachsen-Anhalt,Kunsthochschulen,"Rechts-, Wirtschafts- und Sozialwissenschaften",
2020-01-01T00:00:00.000Z,Hessen,Pädagogische Hochschulen,Humanmedizin/Gesundheitswissenschaften,
2020-01-01T00:00:00.000Z,Baden-Württemberg,Verwaltungsfachhochschulen,Geisteswissenschaften,
2020-01-01T00:00:00.000Z,Brandenburg,Pädagogische Hochschulen,"Agrar-, Forst- u.Ernährungswiss., Veterinärmedizin",
2019-01-01T00:00:00.000Z,Hessen,Medizinische Einrichtungen der Universitäten,Ingenieurwissenschaften,
2021-01-01T00:00:00.000Z,Nordrhein-Westfalen,Kunsthochschulen,"Agrar-, Forst- u.Ernährungswiss., Veterinärmedizin",
2022-01-01T00:00:00.000Z,Bremen,Verwaltungsfachhochschulen,Geisteswissenschaften,
2020-01-01T00:00:00.000Z,Saarland,Universitäten (ohne Medizinische Einrichtungen),Ingenieurwissenschaften,3.0747E7
2019-01-01T00:00:00.000Z,Bremen,Fachhochschulen,Sport,
2021-01-01T00:00:00.000Z,Baden-Württemberg,Theologische Hochschulen,Sport,
2019-01-01T00:00:00.000Z,Mecklenburg-Vorpommern,Fachhochschulen,Ingenieurwissenschaften,3.0205E7
2019-01-01T00:00:00.000Z,Berlin,Verwaltungsfachhochschulen,"Kunst, Kunstwissenschaft",
2021-01-01T00:00:00.000Z,Sachsen,Universitäten (ohne Medizinische Einrichtungen),Ingenieurwissenschaften,4.66906E8
2022-01-01T00:00:00.000Z,Baden-Württemberg,Pädagogische Hochschulen,Sport,3938000.0
2021-01-01T00:00:00.000Z,Mecklenburg-Vorpommern,Pädagogische Hochschulen,Geisteswissenschaften,
2021-01-01T00:00:00.000Z,Mecklenburg-Vorpommern,Kunsthochschulen,"Kunst, Kunstwissenschaft",6984000.0
2022-01-01T00:00:00.000Z,Nordrhein-Westfalen,Pädagogische Hochschulen,"Rechts-, Wirtschafts- und Sozialwissenschaften",
2019-01-01T00:00:00.000Z,Bayern,Kunsthochschulen,"Mathematik, Naturwissenschaften",
2022-01-01T00:00:00.000Z,Thüringen,Medizinische Einrichtungen der Universitäten,Ingenieurwissenschaften,
2022-01-01T00:00:00.000Z,Bremen,Verwaltungsfachhochschulen,Humanmedizin/Gesundheitswissenschaften,
2019-01-01T00:00:00.000Z,Mecklenburg-Vorpommern,Universitäten (ohne Medizinische Einrichtungen),"Kunst, Kunstwissenschaft",2231000.0
2019-01-01T00:00:00.000Z,Saarland,Fachhochschulen,Zentr.Einrichtungen (o. klinikspez. Einrichtungen),1.6393E7
2021-01-01T00:00:00.000Z,Saarland,Pädagogische Hochschulen,"Rechts-, Wirtschafts- und Sozialwissenschaften",
2021-01-01T00:00:00.000Z,Rheinland-Pfalz,Theologische Hochschulen,Sport,
2020-01-01T00:00:00.000Z,Niedersachsen,Medizinische Einrichtungen der Universitäten,Humanmedizin/Gesundheitswissenschaften,2.035561E9
2022-01-01T00:00:00.000Z,Hamburg,Pädagogische Hochschulen,"Kunst, Kunstwissenschaft",
2022-01-01T00:00:00.000Z,Bayern,Pädagogische Hochschulen,Sport,
2021-01-01T00:00:00.000Z,Brandenburg,Pädagogische Hochschulen,Geisteswissenschaften,
2019-01-01T00:00:00.000Z,Mecklenburg-Vorpommern,Theologische Hochschulen,"Agrar-, Forst- u.Ernährungswiss., Veterinärmedizin",
2022-01-01T00:00:00.000Z,Saarland,Verwaltungsfachhochschulen,Ingenieurwissenschaften,
2019-01-01T00:00:00.000Z,Nordrhein-Westfalen,Fachhochschulen,"Kunst, Kunstwissenschaft",3.1215E7
2020-01-01T00:00:00.000Z,Schleswig-Holstein,Theologische Hochschulen,"Kunst, Kunstwissenschaft",
2022-01-01T00:00:00.000Z,Schleswig-Holstein,Verwaltungsfachhochschulen,Ingenieurwissenschaften,
2019-01-01T00:00:00.000Z,Hamburg,Medizinische Einrichtungen der Universitäten,"Kunst, Kunstwissenschaft",
2022-01-01T00:00:00.000Z,Saarland,Pädagogische Hochschulen,"Mathematik, Naturwissenschaften",
2022-01-01T00:00:00.000Z,Baden-Württemberg,Verwaltungsfachhochschulen,"Mathematik, Naturwissenschaften",
2021-01-01T00:00:00.000Z,Bremen,Pädagogische Hochschulen,"Rechts-, Wirtschafts- und Sozialwissenschaften",
2020-01-01T00:00:00.000Z,Bayern,Universitäten (ohne Medizinische Einrichtungen),Humanmedizin/Gesundheitswissenschaften,
2020-01-01T00:00:00.000Z,Berlin,Theologische Hochschulen,Zentr.Einrichtungen (o. klinikspez. Einrichtungen),
2019-01-01T00:00:00.000Z,Bremen,Kunsthochschulen,Ingenieurwissenschaften,
2022-01-01T00:00:00.000Z,Sachsen-Anhalt,Pädagogische Hochschulen,"Rechts-, Wirtschafts- und Sozialwissenschaften",
2020-01-01T00:00:00.000Z,Brandenburg,Theologische Hochschulen,Geisteswissenschaften,
2022-01-01T00:00:00.000Z,Schleswig-Holstein,Pädagogische Hochschulen,"Kunst, Kunstwissenschaft",
2021-01-01T00:00:00.000Z,Hessen,Fachhochschulen,Ingenieurwissenschaften,1.50388E8
2022-01-01T00:00:00.000Z,Schleswig-Holstein,Theologische Hochschulen,Humanmedizin/Gesundheitswissenschaften,
2020-01-01T00:00:00.000Z,Bremen,Verwaltungsfachhochschulen,Geisteswissenschaften,
2021-01-01T00:00:00.000Z,Mecklenburg-Vorpommern,Medizinische Einrichtungen der Universitäten,Geisteswissenschaften,
2022-01-01T00:00:00.000Z,Hessen,Kunsthochschulen,Humanmedizin/Gesundheitswissenschaften,
2021-01-01T00:00:00.000Z,Bayern,Theologische Hochschulen,Sport,
2021-01-01T00:00:00.000Z,Bremen,Universitäten (ohne Medizinische Einrichtungen),Humanmedizin/Gesundheitswissenschaften,
2019-01-01T00:00:00.000Z,Niedersachsen,Pädagogische Hochschulen,Ingenieurwissenschaften,
2020-01-01T00:00:00.000Z,Mecklenburg-Vorpommern,Pädagogische Hochschulen,"Agrar-, Forst- u.Ernährungswiss., Veterinärmedizin",
2022-01-01T00:00:00.000Z,Hessen,Theologische Hochschulen,Ingenieurwissenschaften,
2019-01-01T00:00:00.000Z,Brandenburg,Theologische Hochschulen,"Agrar-, Forst- u.Ernährungswiss., Veterinärmedizin",
2020-01-01T00:00:00.000Z,Baden-Württemberg,Universitäten (ohne Medizinische Einrichtungen),"Mathematik, Naturwissenschaften",7.17799E8
2022-01-01T00:00:00.000Z,Rheinland-Pfalz,Verwaltungsfachhochschulen,"Mathematik, Naturwissenschaften",
2020-01-01T00:00:00.000Z,Rheinland-Pfalz,Medizinische Einrichtungen der Universitäten,Zentr.Einrichtungen (o. klinikspez. Einrichtungen),
2019-01-01T00:00:00.000Z,Rheinland-Pfalz,Medizinische Einrichtungen der Universitäten,Ingenieurwissenschaften,
2022-01-01T00:00:00.000Z,Bremen,Pädagogische Hochschulen,"Mathematik, Naturwissenschaften",
2021-01-01T00:00:00.000Z,Sachsen,Pädagogische Hochschulen,Geisteswissenschaften,
2019-01-01T00:00:00.000Z,Schleswig-Holstein,Pädagogische Hochschulen,"Agrar-, Forst- u.Ernährungswiss., Veterinärmedizin",
2020-01-01T00:00:00.000Z,Schleswig-Holstein,Kunsthochschulen,Sport,
2022-01-01T00:00:00.000Z,Hamburg,Universitäten (ohne Medizinische Einrichtungen),Sport,2482000.0
2019-01-01T00:00:00.000Z,Bayern,Pädagogische Hochschulen,"Rechts-, Wirtschafts- und Sozialwissenschaften",
2021-01-01T00:00:00.000Z,Rheinland-Pfalz,Fachhochschulen,Geisteswissenschaften,690000.0
2021-01-01T00:00:00.000Z,Baden-Württemberg,Kunsthochschulen,"Mathematik, Naturwissenschaften",
2020-01-01T00:00:00.000Z,Saarland,Theologische Hochschulen,Zentr.Einrichtungen (o. klinikspez. Einrichtungen),
2020-01-01T00:00:00.000Z,Baden-Württemberg,Kunsthochschulen,"Rechts-, Wirtschafts- und Sozialwissenschaften",
2021-01-01T00:00:00.000Z,Niedersachsen,Verwaltungsfachhochschulen,"Mathematik, Naturwissenschaften",
2019-01-01T00:00:00.000Z,Thüringen,Medizinische Einrichtungen der Universitäten,Ingenieurwissenschaften,
2021-01-01T00:00:00.000Z,Baden-Württemberg,Universitäten (ohne Medizinische Einrichtungen),"Agrar-, Forst- u.Ernährungswiss., Veterinärmedizin",9.1958E7
2021-01-01T00:00:00.000Z,Sachsen,Theologische Hochschulen,Zentr.Einrichtungen (o. klinikspez. Einrichtungen),
2022-01-01T00:00:00.000Z,Rheinland-Pfalz,Kunsthochschulen,Humanmedizin/Gesundheitswissenschaften,
2019-01-01T00:00:00.000Z,Thüringen,Medizinische Einrichtungen der Universitäten,"Agrar-, Forst- u.Ernährungswiss., Veterinärmedizin",
2020-01-01T00:00:00.000Z,Rheinland-Pfalz,Universitäten (ohne Medizinische Einrichtungen),"Mathematik, Naturwissenschaften",1.8897E8
2020-01-01T00:00:00.000Z,Schleswig-Holstein,Theologische Hochschulen,Zentr.Einrichtungen (o. klinikspez. Einrichtungen),
2020-01-01T00:00:00.000Z,Sachsen,Verwaltungsfachhochschulen,Geisteswissenschaften,
2022-01-01T00:00:00.000Z,Berlin,Pädagogische Hochschulen,"Rechts-, Wirtschafts- und Sozialwissenschaften",
2020-01-01T00:00:00.000Z,Schleswig-Holstein,Medizinische Einrichtungen der Universitäten,"Kunst, Kunstwissenschaft",
2019-01-01T00:00:00.000Z,Mecklenburg-Vorpommern,Verwaltungsfachhochschulen,Humanmedizin/Gesundheitswissenschaften,
2022-01-01T00:00:00.000Z,Hessen,Theologische Hochschulen,"Agrar-, Forst- u.Ernährungswiss., Veterinärmedizin",
2022-01-01T00:00:00.000Z,Bayern,Kunsthochschulen,Geisteswissenschaften,198000.0
2022-01-01T00:00:00.000Z,Niedersachsen,Theologische Hochschulen,Geisteswissenschaften,
2019-01-01T00:00:00.000Z,Hessen,Fachhochschulen,"Kunst, Kunstwissenschaft",1.1241E7
2021-01-01T00:00:00.000Z,Sachsen,Kunsthochschulen,"Kunst, Kunstwissenschaft",4.5039E7
2021-01-01T00:00:00.000Z,Rheinland-Pfalz,Theologische Hochschulen,"Kunst, Kunstwissenschaft",
2020-01-01T00:00:00.000Z,Berlin,Theologische Hochschulen,Humanmedizin/Gesundheitswissenschaften,
2021-01-01T00:00:00.000Z,Saarland,Medizinische Einrichtungen der Universitäten,"Agrar-, Forst- u.Ernährungswiss., Veterinärmedizin",
2022-01-01T00:00:00.000Z,Berlin,Theologische Hochschulen,Sport,
2020-01-01T00:00:00.000Z,Sachsen,Pädagogische Hochschulen,"Mathematik, Naturwissenschaften",
2021-01-01T00:00:00.000Z,Sachsen-Anhalt,Universitäten (ohne Medizinische Einrichtungen),Ingenieurwissenschaften,6.902E7
2021-01-01T00:00:00.000Z,Bayern,Fachhochschulen,Geisteswissenschaften,1.2471E7
2021-01-01T00:00:00.000Z,Hessen,Theologische Hochschulen,"Kunst, Kunstwissenschaft",
2021-01-01T00:00:00.000Z,Bremen,Universitäten (ohne Medizinische Einrichtungen),Zentr.Einrichtungen (o. klinikspez. Einrichtungen),3.4665E7
2020-01-01T00:00:00.000Z,Thüringen,Universitäten (ohne Medizinische Einrichtungen),"Mathematik, Naturwissenschaften",1.12289E8
2021-01-01T00:00:00.000Z,Hessen,Verwaltungsfachhochschulen,Sport,
2021-01-01T00:00:00.000Z,Sachsen-Anhalt,Medizinische Einrichtungen der Universitäten,Zentr.Einrichtungen (o. klinikspez. Einrichtungen),
2019-01-01T00:00:00.000Z,Baden-Württemberg,Verwaltungsfachhochschulen,"Agrar-, Forst- u.Ernährungswiss., Veterinärmedizin",
2019-01-01T00:00:00.000Z,Saarland,Fachhochschulen,"Rechts-, Wirtschafts- und Sozialwissenschaften",1.3008E7
2019-01-01T00:00:00.000Z,Baden-Württemberg,Pädagogische Hochschulen,"Kunst, Kunstwissenschaft",6479000.0
2021-01-01T00:00:00.000Z,Saarland,Medizinische Einrichtungen der Universitäten,"Mathematik, Naturwissenschaften",
2022-01-01T00:00:00.000Z,Baden-Württemberg,Pädagogische Hochschulen,"Mathematik, Naturwissenschaften",2.2765E7
2020-01-01T00:00:00.000Z,Hessen,Fachhochschulen,"Mathematik, Naturwissenschaften",9361000.0
2022-01-01T00:00:00.000Z,Thüringen,Verwaltungsfachhochschulen,"Mathematik, Naturwissenschaften",
2022-01-01T00:00:00.000Z,Saarland,Theologische Hochschulen,Sport,
2021-01-01T00:00:00.000Z,Schleswig-Holstein,Pädagogische Hochschulen,Zentr.Einrichtungen (o. klinikspez. Einrichtungen),
2020-01-01T00:00:00.000Z,Baden-Württemberg,Pädagogische Hochschulen,"Mathematik, Naturwissenschaften",2.0158E7
2019-01-01T00:00:00.000Z,Rheinland-Pfalz,Pädagogische Hochschulen,"Kunst, Kunstwissenschaft",
2022-01-01T00:00:00.000Z,Thüringen,Medizinische Einrichtungen der Universitäten,"Kunst, Kunstwissenschaft",
2022-01-01T00:00:00.000Z,Sachsen,Medizinische Einrichtungen der Universitäten,Zentr.Einrichtungen (o. klinikspez. Einrichtungen),
2021-01-01T00:00:00.000Z,Nordrhein-Westfalen,Universitäten (ohne Medizinische Einrichtungen),Ingenieurwissenschaften,1.01494E9
2021-01-01T00:00:00.000Z,Nordrhein-Westfalen,Theologische Hochschulen,Zentr.Einrichtungen (o. klinikspez. Einrichtungen),967000.0
2021-01-01T00:00:00.000Z,Thüringen,Kunsthochschulen,Zentr.Einrichtungen (o. klinikspez. Einrichtungen),9809000.0
2021-01-01T00:00:00.000Z,Mecklenburg-Vorpommern,Fachhochschulen,Humanmedizin/Gesundheitswissenschaften,2594000.0
2022-01-01T00:00:00.000Z,Sachsen,Theologische Hochschulen,"Rechts-, Wirtschafts- und Sozialwissenschaften",
2019-01-01T00:00:00.000Z,Bremen,Verwaltungsfachhochschulen,Humanmedizin/Gesundheitswissenschaften,
2019-01-01T00:00:00.000Z,Saarland,Pädagogische Hochschulen,Sport,
2022-01-01T00:00:00.000Z,Thüringen,Kunsthochschulen,Sport,
2019-01-01T00:00:00.000Z,Bayern,Universitäten (ohne Medizinische Einrichtungen),Ingenieurwissenschaften,6.12557E8
2019-01-01T00:00:00.000Z,Bremen,Fachhochschulen,"Rechts-, Wirtschafts- und Sozialwissenschaften",1.271E7
2021-01-01T00:00:00.000Z,Niedersachsen,Universitäten (ohne Medizinische Einrichtungen),"Kunst, Kunstwissenschaft",1.6354E7
2020-01-01T00:00:00.000Z,Hessen,Medizinische Einrichtungen der Universitäten,Geisteswissenschaften,
2019-01-01T00:00:00.000Z,Nordrhein-Westfalen,Universitäten (ohne Medizinische Einrichtungen),Geisteswissenschaften,3.65029E8
2021-01-01T00:00:00.000Z,Sachsen,Medizinische Einrichtungen der Universitäten,Zentr.Einrichtungen (o. klinikspez. Einrichtungen),
2022-01-01T00:00:00.000Z,Brandenburg,Universitäten (ohne Medizinische Einrichtungen),"Agrar-, Forst- u.Ernährungswiss., Veterinärmedizin",3674000.0
2021-01-01T00:00:00.000Z,Brandenburg,Verwaltungsfachhochschulen,Sport,
2022-01-01T00:00:00.000Z,Baden-Württemberg,Universitäten (ohne Medizinische Einrichtungen),"Kunst, Kunstwissenschaft",8893000.0
2022-01-01T00:00:00.000Z,Bayern,Verwaltungsfachhochschulen,Ingenieurwissenschaften,1.6362E7
2022-01-01T00:00:00.000Z,Brandenburg,Theologische Hochschulen,Ingenieurwissenschaften,
2021-01-01T00:00:00.000Z,Mecklenburg-Vorpommern,Fachhochschulen,"Mathematik, Naturwissenschaften",
2020-01-01T00:00:00.000Z,Brandenburg,Kunsthochschulen,Zentr.Einrichtungen (o. klinikspez. Einrichtungen),
2022-01-01T00:00:00.000Z,Hamburg,Verwaltungsfachhochschulen,"Agrar-, Forst- u.Ernährungswiss., Veterinärmedizin",
2019-01-01T00:00:00.000Z,Hamburg,Pädagogische Hochschulen,Geisteswissenschaften,
2022-01-01T00:00:00.000Z,Sachsen-Anhalt,Medizinische Einrichtungen der Universitäten,Sport,
2022-01-01T00:00:00.000Z,Rheinland-Pfalz,Medizinische Einrichtungen der Universitäten,"Agrar-, Forst- u.Ernährungswiss., Veterinärmedizin",
2022-01-01T00:00:00.000Z,Bayern,Fachhochschulen,Geisteswissenschaften,1.4284E7
2020-01-01T00:00:00.000Z,Sachsen-Anhalt,Universitäten (ohne Medizinische Einrichtungen),"Rechts-, Wirtschafts- und Sozialwissenschaften",4.2108E7
2022-01-01T00:00:00.000Z,Sachsen,Pädagogische Hochschulen,Zentr.Einrichtungen (o. klinikspez. Einrichtungen),
2019-01-01T00:00:00.000Z,Berlin,Universitäten (ohne Medizinische Einrichtungen),Geisteswissenschaften,1.2942E8
2020-01-01T00:00:00.000Z,Nordrhein-Westfalen,Verwaltungsfachhochschulen,Sport,
2020-01-01T00:00:00.000Z,Niedersachsen,Kunsthochschulen,Zentr.Einrichtungen (o. klinikspez. Einrichtungen),1.9085E7
2021-01-01T00:00:00.000Z,Sachsen,Kunsthochschulen,"Mathematik, Naturwissenschaften",
2021-01-01T00:00:00.000Z,Sachsen-Anhalt,Verwaltungsfachhochschulen,"Kunst, Kunstwissenschaft",
2021-01-01T00:00:00.000Z,Berlin,Universitäten (ohne Medizinische Einrichtungen),"Kunst, Kunstwissenschaft",1.321E7
2021-01-01T00:00:00.000Z,Niedersachsen,Kunsthochschulen,Ingenieurwissenschaften,
2022-01-01T00:00:00.000Z,Nordrhein-Westfalen,Pädagogische Hochschulen,Zentr.Einrichtungen (o. klinikspez. Einrichtungen),
2019-01-01T00:00:00.000Z,Sachsen,Kunsthochschulen,Ingenieurwissenschaften,
2020-01-01T00:00:00.000Z,Niedersachsen,Fachhochschulen,Sport,
2019-01-01T00:00:00.000Z,Nordrhein-Westfalen,Verwaltungsfachhochschulen,Zentr.Einrichtungen (o. klinikspez. Einrichtungen),5.8128E7
2022-01-01T00:00:00.000Z,Bayern,Theologische Hochschulen,Zentr.Einrichtungen (o. klinikspez. Einrichtungen),2411000.0
2019-01-01T00:00:00.000Z,Saarland,Pädagogische Hochschulen,"Mathematik, Naturwissenschaften",
2022-01-01T00:00:00.000Z,Baden-Württemberg,Fachhochschulen,"Kunst, Kunstwissenschaft",3.9485E7
2022-01-01T00:00:00.000Z,Mecklenburg-Vorpommern,Medizinische Einrichtungen der Universitäten,Zentr.Einrichtungen (o. klinikspez. Einrichtungen),
2021-01-01T00:00:00.000Z,Brandenburg,Fachhochschulen,Humanmedizin/Gesundheitswissenschaften,
2019-01-01T00:00:00.000Z,Bayern,Fachhochschulen,Zentr.Einrichtungen (o. klinikspez. Einrichtungen),4.72771E8
2021-01-01T00:00:00.000Z,Hessen,Medizinische Einrichtungen der Universitäten,"Kunst, Kunstwissenschaft",
2021-01-01T00:00:00.000Z,Bayern,Verwaltungsfachhochschulen,"Rechts-, Wirtschafts- und Sozialwissenschaften",5.6895E7
2022-01-01T00:00:00.000Z,Berlin,Fachhochschulen,Zentr.Einrichtungen (o. klinikspez. Einrichtungen),8.3488E7
2019-01-01T00:00:00.000Z,Schleswig-Holstein,Universitäten (ohne Medizinische Einrichtungen),Geisteswissenschaften,3.3727E7
2021-01-01T00:00:00.000Z,Hamburg,Medizinische Einrichtungen der Universitäten,"Agrar-, Forst- u.Ernährungswiss., Veterinärmedizin",
2021-01-01T00:00:00.000Z,Mecklenburg-Vorpommern,Theologische Hochschulen,Geisteswissenschaften,
2019-01-01T00:00:00.000Z,Nordrhein-Westfalen,Medizinische Einrichtungen der Universitäten,"Mathematik, Naturwissenschaften",
2019-01-01T00:00:00.000Z,Berlin,Medizinische Einrichtungen der Universitäten,"Kunst, Kunstwissenschaft",
2019-01-01T00:00:00.000Z,Nordrhein-Westfalen,Kunsthochschulen,Humanmedizin/Gesundheitswissenschaften,
2020-01-01T00:00:00.000Z,Berlin,Verwaltungsfachhochschulen,Zentr.Einrichtungen (o. klinikspez. Einrichtungen),
2020-01-01T00:00:00.000Z,Schleswig-Holstein,Universitäten (ohne Medizinische Einrichtungen),Ingenieurwissenschaften,5.0306E7
2022-01-01T00:00:00.000Z,Sachsen,Universitäten (ohne Medizinische Einrichtungen),Humanmedizin/Gesundheitswissenschaften,
2020-01-01T00:00:00.000Z,Mecklenburg-Vorpommern,Kunsthochschulen,Zentr.Einrichtungen (o. klinikspez. Einrichtungen),3623000.0
2022-01-01T00:00:00.000Z,Schleswig-Holstein,Fachhochschulen,Zentr.Einrichtungen (o. klinikspez. Einrichtungen),6.2112E7
2019-01-01T00:00:00.000Z,Sachsen-Anhalt,Medizinische Einrichtungen der Universitäten,"Mathematik, Naturwissenschaften",
2020-01-01T00:00:00.000Z,Hamburg,Medizinische Einrichtungen der Universitäten,Geisteswissenschaften,
2020-01-01T00:00:00.000Z,Rheinland-Pfalz,Medizinische Einrichtungen der Universitäten,Ingenieurwissenschaften,
2021-01-01T00:00:00.000Z,Mecklenburg-Vorpommern,Pädagogische Hochschulen,Ingenieurwissenschaften,
2021-01-01T00:00:00.000Z,Mecklenburg-Vorpommern,Theologische Hochschulen,"Rechts-, Wirtschafts- und Sozialwissenschaften",
2022-01-01T00:00:00.000Z,Hamburg,Theologische Hochschulen,Geisteswissenschaften,
2021-01-01T00:00:00.000Z,Baden-Württemberg,Verwaltungsfachhochschulen,Humanmedizin/Gesundheitswissenschaften,
2019-01-01T00:00:00.000Z,Thüringen,Kunsthochschulen,"Rechts-, Wirtschafts- und Sozialwissenschaften",
2020-01-01T00:00:00.000Z,Niedersachsen,Verwaltungsfachhochschulen,Humanmedizin/Gesundheitswissenschaften,
2020-01-01T00:00:00.000Z,Nordrhein-Westfalen,Verwaltungsfachhochschulen,"Rechts-, Wirtschafts- und Sozialwissenschaften",1.25777E8
2019-01-01T00:00:00.000Z,Baden-Württemberg,Medizinische Einrichtungen der Universitäten,"Agrar-, Forst- u.Ernährungswiss., Veterinärmedizin",
2019-01-01T00:00:00.000Z,Berlin,Fachhochschulen,Geisteswissenschaften,2163000.0
2019-01-01T00:00:00.000Z,Niedersachsen,Verwaltungsfachhochschulen,"Kunst, Kunstwissenschaft",
2022-01-01T00:00:00.000Z,Saarland,Fachhochschulen,Geisteswissenschaften,
2021-01-01T00:00:00.000Z,Rheinland-Pfalz,Theologische Hochschulen,"Rechts-, Wirtschafts- und Sozialwissenschaften",
2020-01-01T00:00:00.000Z,Thüringen,Universitäten (ohne Medizinische Einrichtungen),"Kunst, Kunstwissenschaft",8563000.0
2020-01-01T00:00:00.000Z,Sachsen,Kunsthochschulen,"Kunst, Kunstwissenschaft",4.2471E7
2021-01-01T00:00:00.000Z,Saarland,Kunsthochschulen,"Mathematik, Naturwissenschaften",
2019-01-01T00:00:00.000Z,Saarland,Kunsthochschulen,Ingenieurwissenschaften,
2020-01-01T00:00:00.000Z,Hamburg,Universitäten (ohne Medizinische Einrichtungen),Ingenieurwissenschaften,2.13323E8
2022-01-01T00:00:00.000Z,Rheinland-Pfalz,Fachhochschulen,"Kunst, Kunstwissenschaft",1.243E7
2022-01-01T00:00:00.000Z,Sachsen-Anhalt,Pädagogische Hochschulen,Geisteswissenschaften,
2022-01-01T00:00:00.000Z,Saarland,Fachhochschulen,Zentr.Einrichtungen (o. klinikspez. Einrichtungen),2.229E7
2022-01-01T00:00:00.000Z,Baden-Württemberg,Kunsthochschulen,Geisteswissenschaften,
2019-01-01T00:00:00.000Z,Sachsen,Medizinische Einrichtungen der Universitäten,"Mathematik, Naturwissenschaften",
2021-01-01T00:00:00.000Z,Hamburg,Kunsthochschulen,Sport,
2019-01-01T00:00:00.000Z,Bremen,Pädagogische Hochschulen,"Mathematik, Naturwissenschaften",
2020-01-01T00:00:00.000Z,Sachsen-Anhalt,Verwaltungsfachhochschulen,"Rechts-, Wirtschafts- und Sozialwissenschaften",1.3277E7
2019-01-01T00:00:00.000Z,Niedersachsen,Kunsthochschulen,Sport,
2020-01-01T00:00:00.000Z,Brandenburg,Medizinische Einrichtungen der Universitäten,Geisteswissenschaften,
2021-01-01T00:00:00.000Z,Nordrhein-Westfalen,Verwaltungsfachhochschulen,Ingenieurwissenschaften,948000.0
2021-01-01T00:00:00.000Z,Rheinland-Pfalz,Kunsthochschulen,Humanmedizin/Gesundheitswissenschaften,
2019-01-01T00:00:00.000Z,Sachsen,Theologische Hochschulen,Geisteswissenschaften,
2020-01-01T00:00:00.000Z,Hessen,Verwaltungsfachhochschulen,"Rechts-, Wirtschafts- und Sozialwissenschaften",5.2189E7
2020-01-01T00:00:00.000Z,Saarland,Verwaltungsfachhochschulen,"Kunst, Kunstwissenschaft",
2019-01-01T00:00:00.000Z,Sachsen,Fachhochschulen,"Rechts-, Wirtschafts- und Sozialwissenschaften",3.2314E7
2020-01-01T00:00:00.000Z,Hamburg,Kunsthochschulen,Sport,
2020-01-01T00:00:00.000Z,Saarland,Verwaltungsfachhochschulen,Zentr.Einrichtungen (o. klinikspez. Einrichtungen),505000.0
2021-01-01T00:00:00.000Z,Saarland,Pädagogische Hochschulen,Zentr.Einrichtungen (o. klinikspez. Einrichtungen),
2021-01-01T00:00:00.000Z,Rheinland-Pfalz,Fachhochschulen,"Mathematik, Naturwissenschaften",7475000.0
2019-01-01T00:00:00.000Z,Rheinland-Pfalz,Fachhochschulen,Ingenieurwissenschaften,8.3243E7
2022-01-01T00:00:00.000Z,Bayern,Medizinische Einrichtungen der Universitäten,Sport,
2020-01-01T00:00:00.000Z,Mecklenburg-Vorpommern,Theologische Hochschulen,Geisteswissenschaften,
2020-01-01T00:00:00.000Z,Brandenburg,Theologische Hochschulen,Humanmedizin/Gesundheitswissenschaften,
2020-01-01T00:00:00.000Z,Berlin,Universitäten (ohne Medizinische Einrichtungen),Ingenieurwissenschaften,2.56476E8
2019-01-01T00:00:00.000Z,Bremen,Medizinische Einrichtungen der Universitäten,Humanmedizin/Gesundheitswissenschaften,5272000.0
2020-01-01T00:00:00.000Z,Saarland,Fachhochschulen,Zentr.Einrichtungen (o. klinikspez. Einrichtungen),1.8165E7
2019-01-01T00:00:00.000Z,Bremen,Pädagogische Hochschulen,Zentr.Einrichtungen (o. klinikspez. Einrichtungen),
2022-01-01T00:00:00.000Z,Hamburg,Pädagogische Hochschulen,Geisteswissenschaften,
2022-01-01T00:00:00.000Z,Sachsen-Anhalt,Kunsthochschulen,Humanmedizin/Gesundheitswissenschaften,
2021-01-01T00:00:00.000Z,Mecklenburg-Vorpommern,Universitäten (ohne Medizinische Einrichtungen),"Mathematik, Naturwissenschaften",8.751E7
2020-01-01T00:00:00.000Z,Rheinland-Pfalz,Kunsthochschulen,Ingenieurwissenschaften,
2019-01-01T00:00:00.000Z,Thüringen,Universitäten (ohne Medizinische Einrichtungen),Geisteswissenschaften,4.4833E7
2019-01-01T00:00:00.000Z,Brandenburg,Theologische Hochschulen,"Kunst, Kunstwissenschaft",
2020-01-01T00:00:00.000Z,Bremen,Pädagogische Hochschulen,"Agrar-, Forst- u.Ernährungswiss., Veterinärmedizin",
2019-01-01T00:00:00.000Z,Bremen,Theologische Hochschulen,"Agrar-, Forst- u.Ernährungswiss., Veterinärmedizin",
2020-01-01T00:00:00.000Z,Hessen,Medizinische Einrichtungen der Universitäten,"Agrar-, Forst- u.Ernährungswiss., Veterinärmedizin",
2020-01-01T00:00:00.000Z,Saarland,Verwaltungsfachhochschulen,"Agrar-, Forst- u.Ernährungswiss., Veterinärmedizin",
2020-01-01T00:00:00.000Z,Bremen,Universitäten (ohne Medizinische Einrichtungen),Geisteswissenschaften,1.4513E7
2020-01-01T00:00:00.000Z,Thüringen,Universitäten (ohne Medizinische Einrichtungen),"Rechts-, Wirtschafts- und Sozialwissenschaften",6.2345E7
2020-01-01T00:00:00.000Z,Hessen,Verwaltungsfachhochschulen,"Kunst, Kunstwissenschaft",
2022-01-01T00:00:00.000Z,Niedersachsen,Theologische Hochschulen,"Rechts-, Wirtschafts- und Sozialwissenschaften",
2019-01-01T00:00:00.000Z,Bremen,Universitäten (ohne Medizinische Einrichtungen),"Kunst, Kunstwissenschaft",4975000.0
2019-01-01T00:00:00.000Z,Sachsen,Fachhochschulen,"Kunst, Kunstwissenschaft",6982000.0
2022-01-01T00:00:00.000Z,Mecklenburg-Vorpommern,Pädagogische Hochschulen,Humanmedizin/Gesundheitswissenschaften,
2020-01-01T00:00:00.000Z,Bremen,Kunsthochschulen,Zentr.Einrichtungen (o. klinikspez. Einrichtungen),8761000.0
2020-01-01T00:00:00.000Z,Berlin,Pädagogische Hochschulen,Geisteswissenschaften,
2022-01-01T00:00:00.000Z,Hessen,Verwaltungsfachhochschulen,"Rechts-, Wirtschafts- und Sozialwissenschaften",6.1139E7
2022-01-01T00:00:00.000Z,Sachsen,Pädagogische Hochschulen,Geisteswissenschaften,
2020-01-01T00:00:00.000Z,Mecklenburg-Vorpommern,Kunsthochschulen,Ingenieurwissenschaften,
2020-01-01T00:00:00.000Z,Hamburg,Verwaltungsfachhochschulen,Zentr.Einrichtungen (o. klinikspez. Einrichtungen),2744000.0
2021-01-01T00:00:00.000Z,Baden-Württemberg,Medizinische Einrichtungen der Universitäten,"Rechts-, Wirtschafts- und Sozialwissenschaften",
2021-01-01T00:00:00.000Z,Rheinland-Pfalz,Verwaltungsfachhochschulen,"Agrar-, Forst- u.Ernährungswiss., Veterinärmedizin",
2019-01-01T00:00:00.000Z,Sachsen-Anhalt,Medizinische Einrichtungen der Universitäten,Sport,
2022-01-01T00:00:00.000Z,Saarland,Pädagogische Hochschulen,"Kunst, Kunstwissenschaft",
2020-01-01T00:00:00.000Z,Saarland,Universitäten (ohne Medizinische Einrichtungen),Geisteswissenschaften,2.3379E7
2020-01-01T00:00:00.000Z,Brandenburg,Pädagogische Hochschulen,Geisteswissenschaften,
2020-01-01T00:00:00.000Z,Rheinland-Pfalz,Fachhochschulen,"Rechts-, Wirtschafts- und Sozialwissenschaften",7.4837E7
2020-01-01T00:00:00.000Z,Hessen,Kunsthochschulen,"Agrar-, Forst- u.Ernährungswiss., Veterinärmedizin",
2021-01-01T00:00:00.000Z,Berlin,Medizinische Einrichtungen der Universitäten,"Mathematik, Naturwissenschaften",
2022-01-01T00:00:00.000Z,Brandenburg,Kunsthochschulen,"Kunst, Kunstwissenschaft",
2021-01-01T00:00:00.000Z,Schleswig-Holstein,Verwaltungsfachhochschulen,Sport,
2021-01-01T00:00:00.000Z,Hessen,Universitäten (ohne Medizinische Einrichtungen),Ingenieurwissenschaften,2.72796E8
2021-01-01T00:00:00.000Z,Brandenburg,Medizinische Einrichtungen der Universitäten,Humanmedizin/Gesundheitswissenschaften,2.0195E7
2021-01-01T00:00:00.000Z,Brandenburg,Pädagogische Hochschulen,"Agrar-, Forst- u.Ernährungswiss., Veterinärmedizin",
2020-01-01T00:00:00.000Z,Rheinland-Pfalz,Pädagogische Hochschulen,Ingenieurwissenschaften,
2019-01-01T00:00:00.000Z,Thüringen,Medizinische Einrichtungen der Universitäten,"Kunst, Kunstwissenschaft",
2022-01-01T00:00:00.000Z,Schleswig-Holstein,Universitäten (ohne Medizinische Einrichtungen),"Mathematik, Naturwissenschaften",8.0759E7
2020-01-01T00:00:00.000Z,Sachsen-Anhalt,Pädagogische Hochschulen,Humanmedizin/Gesundheitswissenschaften,
2020-01-01T00:00:00.000Z,Hessen,Theologische Hochschulen,Sport,
2022-01-01T00:00:00.000Z,Nordrhein-Westfalen,Universitäten (ohne Medizinische Einrichtungen),Geisteswissenschaften,4.09851E8
2019-01-01T00:00:00.000Z,Sachsen,Universitäten (ohne Medizinische Einrichtungen),Humanmedizin/Gesundheitswissenschaften,
2021-01-01T00:00:00.000Z,Sachsen,Kunsthochschulen,"Agrar-, Forst- u.Ernährungswiss., Veterinärmedizin",
2020-01-01T00:00:00.000Z,Rheinland-Pfalz,Universitäten (ohne Medizinische Einrichtungen),"Agrar-, Forst- u.Ernährungswiss., Veterinärmedizin",17000.0
2022-01-01T00:00:00.000Z,Berlin,Fachhochschulen,Geisteswissenschaften,3165000.0
2022-01-01T00:00:00.000Z,Bayern,Medizinische Einrichtungen der Universitäten,Humanmedizin/Gesundheitswissenschaften,5.848685E9
2022-01-01T00:00:00.000Z,Bremen,Medizinische Einrichtungen der Universitäten,Sport,
2020-01-01T00:00:00.000Z,Schleswig-Holstein,Medizinische Einrichtungen der Universitäten,"Agrar-, Forst- u.Ernährungswiss., Veterinärmedizin",
2021-01-01T00:00:00.000Z,Hamburg,Verwaltungsfachhochschulen,"Agrar-, Forst- u.Ernährungswiss., Veterinärmedizin",
2021-01-01T00:00:00.000Z,Hamburg,Fachhochschulen,"Mathematik, Naturwissenschaften",2643000.0
2019-01-01T00:00:00.000Z,Hessen,Fachhochschulen,"Agrar-, Forst- u.Ernährungswiss., Veterinärmedizin",2.8606E7
2020-01-01T00:00:00.000Z,Rheinland-Pfalz,Theologische Hochschulen,Sport,
2021-01-01T00:00:00.000Z,Saarland,Medizinische Einrichtungen der Universitäten,Sport,
2021-01-01T00:00:00.000Z,Bremen,Fachhochschulen,Humanmedizin/Gesundheitswissenschaften,8305000.0
2020-01-01T00:00:00.000Z,Saarland,Kunsthochschulen,Humanmedizin/Gesundheitswissenschaften,
2022-01-01T00:00:00.000Z,Saarland,Pädagogische Hochschulen,Sport,
2022-01-01T00:00:00.000Z,Rheinland-Pfalz,Universitäten (ohne Medizinische Einrichtungen),"Rechts-, Wirtschafts- und Sozialwissenschaften",1.72202E8
2019-01-01T00:00:00.000Z,Schleswig-Holstein,Pädagogische Hochschulen,Geisteswissenschaften,
2019-01-01T00:00:00.000Z,Hessen,Verwaltungsfachhochschulen,"Rechts-, Wirtschafts- und Sozialwissenschaften",4.4522E7
2021-01-01T00:00:00.000Z,Brandenburg,Verwaltungsfachhochschulen,"Mathematik, Naturwissenschaften",
2022-01-01T00:00:00.000Z,Thüringen,Fachhochschulen,"Agrar-, Forst- u.Ernährungswiss., Veterinärmedizin",6472000.0
2021-01-01T00:00:00.000Z,Schleswig-Holstein,Theologische Hochschulen,Geisteswissenschaften,
2019-01-01T00:00:00.000Z,Saarland,Theologische Hochschulen,Sport,
2019-01-01T00:00:00.000Z,Baden-Württemberg,Fachhochschulen,"Rechts-, Wirtschafts- und Sozialwissenschaften",2.3305E8
2020-01-01T00:00:00.000Z,Sachsen,Medizinische Einrichtungen der Universitäten,Sport,
2021-01-01T00:00:00.000Z,Nordrhein-Westfalen,Kunsthochschulen,"Kunst, Kunstwissenschaft",1.57777E8
2021-01-01T00:00:00.000Z,Sachsen,Fachhochschulen,Zentr.Einrichtungen (o. klinikspez. Einrichtungen),1.04266E8
2020-01-01T00:00:00.000Z,Bayern,Verwaltungsfachhochschulen,Zentr.Einrichtungen (o. klinikspez. Einrichtungen),1.0151E7
2022-01-01T00:00:00.000Z,Niedersachsen,Kunsthochschulen,Ingenieurwissenschaften,
2019-01-01T00:00:00.000Z,Thüringen,Kunsthochschulen,Sport,
2022-01-01T00:00:00.000Z,Sachsen-Anhalt,Verwaltungsfachhochschulen,"Rechts-, Wirtschafts- und Sozialwissenschaften",1.6926E7
2019-01-01T00:00:00.000Z,Nordrhein-Westfalen,Kunsthochschulen,"Rechts-, Wirtschafts- und Sozialwissenschaften",6841000.0
2019-01-01T00:00:00.000Z,Niedersachsen,Medizinische Einrichtungen der Universitäten,Geisteswissenschaften,
2022-01-01T00:00:00.000Z,Sachsen,Theologische Hochschulen,"Agrar-, Forst- u.Ernährungswiss., Veterinärmedizin",
2021-01-01T00:00:00.000Z,Rheinland-Pfalz,Kunsthochschulen,Geisteswissenschaften,
2019-01-01T00:00:00.000Z,Bremen,Kunsthochschulen,Sport,
2021-01-01T00:00:00.000Z,Sachsen,Theologische Hochschulen,Geisteswissenschaften,
2021-01-01T00:00:00.000Z,Hamburg,Medizinische Einrichtungen der Universitäten,"Mathematik, Naturwissenschaften",
2020-01-01T00:00:00.000Z,Niedersachsen,Fachhochschulen,"Agrar-, Forst- u.Ernährungswiss., Veterinärmedizin",2.8892E7
2019-01-01T00:00:00.000Z,Niedersachsen,Verwaltungsfachhochschulen,"Agrar-, Forst- u.Ernährungswiss., Veterinärmedizin",
2021-01-01T00:00:00.000Z,Niedersachsen,Fachhochschulen,"Rechts-, Wirtschafts- und Sozialwissenschaften",1.27139E8
2020-01-01T00:00:00.000Z,Mecklenburg-Vorpommern,Pädagogische Hochschulen,Ingenieurwissenschaften,
2020-01-01T00:00:00.000Z,Rheinland-Pfalz,Theologische Hochschulen,"Rechts-, Wirtschafts- und Sozialwissenschaften",
2021-01-01T00:00:00.000Z,Niedersachsen,Pädagogische Hochschulen,"Kunst, Kunstwissenschaft",
2021-01-01T00:00:00.000Z,Bremen,Fachhochschulen,Sport,
2022-01-01T00:00:00.000Z,Bremen,Medizinische Einrichtungen der Universitäten,Humanmedizin/Gesundheitswissenschaften,7209000.0
2019-01-01T00:00:00.000Z,Brandenburg,Medizinische Einrichtungen der Universitäten,Zentr.Einrichtungen (o. klinikspez. Einrichtungen),
2019-01-01T00:00:00.000Z,Berlin,Kunsthochschulen,"Rechts-, Wirtschafts- und Sozialwissenschaften",
2022-01-01T00:00:00.000Z,Berlin,Universitäten (ohne Medizinische Einrichtungen),Geisteswissenschaften,1.59858E8
2020-01-01T00:00:00.000Z,Bayern,Theologische Hochschulen,Zentr.Einrichtungen (o. klinikspez. Einrichtungen),2252000.0
2019-01-01T00:00:00.000Z,Sachsen-Anhalt,Theologische Hochschulen,Geisteswissenschaften,855000.0
2020-01-01T00:00:00.000Z,Schleswig-Holstein,Verwaltungsfachhochschulen,Sport,
2021-01-01T00:00:00.000Z,Brandenburg,Universitäten (ohne Medizinische Einrichtungen),Zentr.Einrichtungen (o. klinikspez. Einrichtungen),2.05834E8
2019-01-01T00:00:00.000Z,Sachsen,Theologische Hochschulen,"Rechts-, Wirtschafts- und Sozialwissenschaften",
2022-01-01T00:00:00.000Z,Berlin,Fachhochschulen,Humanmedizin/Gesundheitswissenschaften,1.9453E7
2020-01-01T00:00:00.000Z,Schleswig-Holstein,Fachhochschulen,Zentr.Einrichtungen (o. klinikspez. Einrichtungen),5.1362E7
2021-01-01T00:00:00.000Z,Schleswig-Holstein,Fachhochschulen,"Kunst, Kunstwissenschaft",
2021-01-01T00:00:00.000Z,Bremen,Universitäten (ohne Medizinische Einrichtungen),"Mathematik, Naturwissenschaften",1.32876E8
2020-01-01T00:00:00.000Z,Sachsen-Anhalt,Verwaltungsfachhochschulen,"Agrar-, Forst- u.Ernährungswiss., Veterinärmedizin",
2022-01-01T00:00:00.000Z,Sachsen-Anhalt,Medizinische Einrichtungen der Universitäten,"Mathematik, Naturwissenschaften",
2021-01-01T00:00:00.000Z,Rheinland-Pfalz,Pädagogische Hochschulen,Ingenieurwissenschaften,
2020-01-01T00:00:00.000Z,Thüringen,Fachhochschulen,Ingenieurwissenschaften,4.8935E7
2021-01-01T00:00:00.000Z,Bremen,Medizinische Einrichtungen der Universitäten,Sport,
2022-01-01T00:00:00.000Z,Thüringen,Verwaltungsfachhochschulen,"Kunst, Kunstwissenschaft",
2022-01-01T00:00:00.000Z,Bayern,Theologische Hochschulen,Sport,
2019-01-01T00:00:00.000Z,Baden-Württemberg,Pädagogische Hochschulen,"Agrar-, Forst- u.Ernährungswiss., Veterinärmedizin",2187000.0
2019-01-01T00:00:00.000Z,Saarland,Fachhochschulen,Geisteswissenschaften,
2019-01-01T00:00:00.000Z,Bayern,Medizinische Einrichtungen der Universitäten,Sport,
2022-01-01T00:00:00.000Z,Hamburg,Verwaltungsfachhochschulen,"Kunst, Kunstwissenschaft",
2022-01-01T00:00:00.000Z,Hessen,Medizinische Einrichtungen der Universitäten,"Mathematik, Naturwissenschaften",
2022-01-01T00:00:00.000Z,Sachsen,Fachhochschulen,"Rechts-, Wirtschafts- und Sozialwissenschaften",3.4909E7
2021-01-01T00:00:00.000Z,Mecklenburg-Vorpommern,Universitäten (ohne Medizinische Einrichtungen),Humanmedizin/Gesundheitswissenschaften,
2020-01-01T00:00:00.000Z,Mecklenburg-Vorpommern,Fachhochschulen,"Rechts-, Wirtschafts- und Sozialwissenschaften",1.2003E7
2020-01-01T00:00:00.000Z,Hamburg,Fachhochschulen,"Mathematik, Naturwissenschaften",2730000.0
2020-01-01T00:00:00.000Z,Baden-Württemberg,Theologische Hochschulen,"Kunst, Kunstwissenschaft",
2019-01-01T00:00:00.000Z,Niedersachsen,Theologische Hochschulen,"Mathematik, Naturwissenschaften",
2020-01-01T00:00:00.000Z,Rheinland-Pfalz,Fachhochschulen,Geisteswissenschaften,630000.0
2022-01-01T00:00:00.000Z,Saarland,Universitäten (ohne Medizinische Einrichtungen),"Mathematik, Naturwissenschaften",4.2097E7
2019-01-01T00:00:00.000Z,Rheinland-Pfalz,Universitäten (ohne Medizinische Einrichtungen),"Rechts-, Wirtschafts- und Sozialwissenschaften",1.50418E8
2019-01-01T00:00:00.000Z,Baden-Württemberg,Kunsthochschulen,Geisteswissenschaften,
2020-01-01T00:00:00.000Z,Nordrhein-Westfalen,Universitäten (ohne Medizinische Einrichtungen),Zentr.Einrichtungen (o. klinikspez. Einrichtungen),2.612124E9
2019-01-01T00:00:00.000Z,Hamburg,Theologische Hochschulen,Ingenieurwissenschaften,
2020-01-01T00:00:00.000Z,Mecklenburg-Vorpommern,Medizinische Einrichtungen der Universitäten,"Rechts-, Wirtschafts- und Sozialwissenschaften",
2020-01-01T00:00:00.000Z,Berlin,Fachhochschulen,"Agrar-, Forst- u.Ernährungswiss., Veterinärmedizin",3910000.0
2020-01-01T00:00:00.000Z,Sachsen,Kunsthochschulen,Sport,
2021-01-01T00:00:00.000Z,Niedersachsen,Universitäten (ohne Medizinische Einrichtungen),"Rechts-, Wirtschafts- und Sozialwissenschaften",2.06546E8
2021-01-01T00:00:00.000Z,Sachsen-Anhalt,Universitäten (ohne Medizinische Einrichtungen),Geisteswissenschaften,1.627E7
2022-01-01T00:00:00.000Z,Berlin,Verwaltungsfachhochschulen,"Kunst, Kunstwissenschaft",
2019-01-01T00:00:00.000Z,Berlin,Kunsthochschulen,"Agrar-, Forst- u.Ernährungswiss., Veterinärmedizin",
2021-01-01T00:00:00.000Z,Baden-Württemberg,Pädagogische Hochschulen,"Mathematik, Naturwissenschaften",2.0982E7
2021-01-01T00:00:00.000Z,Baden-Württemberg,Fachhochschulen,Geisteswissenschaften,1.0748E7
2022-01-01T00:00:00.000Z,Thüringen,Fachhochschulen,"Kunst, Kunstwissenschaft",510000.0
2021-01-01T00:00:00.000Z,Berlin,Verwaltungsfachhochschulen,"Rechts-, Wirtschafts- und Sozialwissenschaften",1.4976E7
2019-01-01T00:00:00.000Z,Baden-Württemberg,Kunsthochschulen,Ingenieurwissenschaften,2087000.0
2019-01-01T00:00:00.000Z,Berlin,Pädagogische Hochschulen,Humanmedizin/Gesundheitswissenschaften,
2019-01-01T00:00:00.000Z,Hamburg,Theologische Hochschulen,Geisteswissenschaften,
2021-01-01T00:00:00.000Z,Saarland,Fachhochschulen,"Agrar-, Forst- u.Ernährungswiss., Veterinärmedizin",
2021-01-01T00:00:00.000Z,Niedersachsen,Kunsthochschulen,Sport,
2021-01-01T00:00:00.000Z,Sachsen-Anhalt,Medizinische Einrichtungen der Universitäten,"Kunst, Kunstwissenschaft",
2019-01-01T00:00:00.000Z,Bayern,Theologische Hochschulen,Sport,
2019-01-01T00:00:00.000Z,Bayern,Theologische Hochschulen,Zentr.Einrichtungen (o. klinikspez. Einrichtungen),2367000.0
2019-01-01T00:00:00.000Z,Saarland,Verwaltungsfachhochschulen,Ingenieurwissenschaften,
2019-01-01T00:00:00.000Z,Mecklenburg-Vorpommern,Kunsthochschulen,Humanmedizin/Gesundheitswissenschaften,
2021-01-01T00:00:00.000Z,Bayern,Universitäten (ohne Medizinische Einrichtungen),Geisteswissenschaften,2.5178E8
2020-01-01T00:00:00.000Z,Hamburg,Universitäten (ohne Medizinische Einrichtungen),"Kunst, Kunstwissenschaft",
2020-01-01T00:00:00.000Z,Hamburg,Fachhochschulen,Sport,
2019-01-01T00:00:00.000Z,Sachsen,Pädagogische Hochschulen,Geisteswissenschaften,
2020-01-01T00:00:00.000Z,Hessen,Universitäten (ohne Medizinische Einrichtungen),Sport,1.3873E7
2022-01-01T00:00:00.000Z,Thüringen,Medizinische Einrichtungen der Universitäten,"Agrar-, Forst- u.Ernährungswiss., Veterinärmedizin",
2022-01-01T00:00:00.000Z,Berlin,Theologische Hochschulen,Zentr.Einrichtungen (o. klinikspez. Einrichtungen),
2022-01-01T00:00:00.000Z,Baden-Württemberg,Theologische Hochschulen,Humanmedizin/Gesundheitswissenschaften,
2021-01-01T00:00:00.000Z,Hamburg,Theologische Hochschulen,Humanmedizin/Gesundheitswissenschaften,
2022-01-01T00:00:00.000Z,Berlin,Verwaltungsfachhochschulen,"Agrar-, Forst- u.Ernährungswiss., Veterinärmedizin",
2022-01-01T00:00:00.000Z,Bremen,Kunsthochschulen,Sport,
2022-01-01T00:00:00.000Z,Rheinland-Pfalz,Fachhochschulen,"Mathematik, Naturwissenschaften",9187000.0
2019-01-01T00:00:00.000Z,Thüringen,Pädagogische Hochschulen,"Kunst, Kunstwissenschaft",
2020-01-01T00:00:00.000Z,Sachsen,Medizinische Einrichtungen der Universitäten,"Mathematik, Naturwissenschaften",
2022-01-01T00:00:00.000Z,Rheinland-Pfalz,Verwaltungsfachhochschulen,"Kunst, Kunstwissenschaft",
2021-01-01T00:00:00.000Z,Bayern,Fachhochschulen,"Agrar-, Forst- u.Ernährungswiss., Veterinärmedizin",1.575E7
2019-01-01T00:00:00.000Z,Schleswig-Holstein,Fachhochschulen,Zentr.Einrichtungen (o. klinikspez. Einrichtungen),4.2411E7
2019-01-01T00:00:00.000Z,Sachsen-Anhalt,Verwaltungsfachhochschulen,"Rechts-, Wirtschafts- und Sozialwissenschaften",1.2925E7
2020-01-01T00:00:00.000Z,Berlin,Fachhochschulen,"Kunst, Kunstwissenschaft",1.9082E7
2020-01-01T00:00:00.000Z,Baden-Württemberg,Theologische Hochschulen,"Agrar-, Forst- u.Ernährungswiss., Veterinärmedizin",
2022-01-01T00:00:00.000Z,Hessen,Verwaltungsfachhochschulen,Sport,
2021-01-01T00:00:00.000Z,Sachsen-Anhalt,Kunsthochschulen,Sport,
2020-01-01T00:00:00.000Z,Nordrhein-Westfalen,Medizinische Einrichtungen der Universitäten,"Mathematik, Naturwissenschaften",
2019-01-01T00:00:00.000Z,Nordrhein-Westfalen,Pädagogische Hochschulen,"Rechts-, Wirtschafts- und Sozialwissenschaften",
2019-01-01T00:00:00.000Z,Hamburg,Universitäten (ohne Medizinische Einrichtungen),Ingenieurwissenschaften,2.06089E8
2021-01-01T00:00:00.000Z,Nordrhein-Westfalen,Fachhochschulen,Zentr.Einrichtungen (o. klinikspez. Einrichtungen),9.64522E8
2019-01-01T00:00:00.000Z,Berlin,Universitäten (ohne Medizinische Einrichtungen),Ingenieurwissenschaften,2.53217E8
2021-01-01T00:00:00.000Z,Sachsen-Anhalt,Theologische Hochschulen,"Kunst, Kunstwissenschaft",89000.0
2021-01-01T00:00:00.000Z,Sachsen,Pädagogische Hochschulen,"Mathematik, Naturwissenschaften",
2022-01-01T00:00:00.000Z,Rheinland-Pfalz,Medizinische Einrichtungen der Universitäten,Ingenieurwissenschaften,
2022-01-01T00:00:00.000Z,Rheinland-Pfalz,Theologische Hochschulen,"Mathematik, Naturwissenschaften",
2020-01-01T00:00:00.000Z,Bremen,Kunsthochschulen,"Rechts-, Wirtschafts- und Sozialwissenschaften",
2022-01-01T00:00:00.000Z,Mecklenburg-Vorpommern,Theologische Hochschulen,"Mathematik, Naturwissenschaften",
2019-01-01T00:00:00.000Z,Rheinland-Pfalz,Universitäten (ohne Medizinische Einrichtungen),Sport,8791000.0
2019-01-01T00:00:00.000Z,Bayern,Universitäten (ohne Medizinische Einrichtungen),"Agrar-, Forst- u.Ernährungswiss., Veterinärmedizin",1.62196E8
2019-01-01T00:00:00.000Z,Sachsen,Pädagogische Hochschulen,Ingenieurwissenschaften,
2019-01-01T00:00:00.000Z,Niedersachsen,Fachhochschulen,"Mathematik, Naturwissenschaften",
2021-01-01T00:00:00.000Z,Hamburg,Medizinische Einrichtungen der Universitäten,Geisteswissenschaften,
2021-01-01T00:00:00.000Z,Hessen,Medizinische Einrichtungen der Universitäten,Zentr.Einrichtungen (o. klinikspez. Einrichtungen),
2021-01-01T00:00:00.000Z,Hamburg,Theologische Hochschulen,"Mathematik, Naturwissenschaften",
2019-01-01T00:00:00.000Z,Hamburg,Verwaltungsfachhochschulen,Sport,
2022-01-01T00:00:00.000Z,Nordrhein-Westfalen,Universitäten (ohne Medizinische Einrichtungen),Humanmedizin/Gesundheitswissenschaften,
2022-01-01T00:00:00.000Z,Brandenburg,Universitäten (ohne Medizinische Einrichtungen),"Kunst, Kunstwissenschaft",1.5815E7
2020-01-01T00:00:00.000Z,Hessen,Kunsthochschulen,"Kunst, Kunstwissenschaft",1.8336E7
2019-01-01T00:00:00.000Z,Thüringen,Verwaltungsfachhochschulen,"Mathematik, Naturwissenschaften",
2022-01-01T00:00:00.000Z,Sachsen-Anhalt,Theologische Hochschulen,Geisteswissenschaften,760000.0
2020-01-01T00:00:00.000Z,Mecklenburg-Vorpommern,Theologische Hochschulen,"Rechts-, Wirtschafts- und Sozialwissenschaften",
2022-01-01T00:00:00.000Z,Thüringen,Verwaltungsfachhochschulen,"Agrar-, Forst- u.Ernährungswiss., Veterinärmedizin",
2021-01-01T00:00:00.000Z,Hamburg,Verwaltungsfachhochschulen,"Rechts-, Wirtschafts- und Sozialwissenschaften",6560000.0
2020-01-01T00:00:00.000Z,Saarland,Kunsthochschulen,"Rechts-, Wirtschafts- und Sozialwissenschaften",
2022-01-01T00:00:00.000Z,Mecklenburg-Vorpommern,Medizinische Einrichtungen der Universitäten,Geisteswissenschaften,
2022-01-01T00:00:00.000Z,Bayern,Fachhochschulen,Zentr.Einrichtungen (o. klinikspez. Einrichtungen),5.22219E8
2021-01-01T00:00:00.000Z,Niedersachsen,Medizinische Einrichtungen der Universitäten,Ingenieurwissenschaften,
2019-01-01T00:00:00.000Z,Baden-Württemberg,Pädagogische Hochschulen,Ingenieurwissenschaften,2346000.0
2019-01-01T00:00:00.000Z,Sachsen-Anhalt,Theologische Hochschulen,Humanmedizin/Gesundheitswissenschaften,
2019-01-01T00:00:00.000Z,Baden-Württemberg,Theologische Hochschulen,"Rechts-, Wirtschafts- und Sozialwissenschaften",
2020-01-01T00:00:00.000Z,Schleswig-Holstein,Fachhochschulen,Ingenieurwissenschaften,6.0074E7
2020-01-01T00:00:00.000Z,Bayern,Universitäten (ohne Medizinische Einrichtungen),Ingenieurwissenschaften,6.42574E8
2020-01-01T00:00:00.000Z,Schleswig-Holstein,Verwaltungsfachhochschulen,"Kunst, Kunstwissenschaft",
2019-01-01T00:00:00.000Z,Baden-Württemberg,Universitäten (ohne Medizinische Einrichtungen),"Mathematik, Naturwissenschaften",7.0412E8
2021-01-01T00:00:00.000Z,Baden-Württemberg,Pädagogische Hochschulen,Zentr.Einrichtungen (o. klinikspez. Einrichtungen),7.7197E7
2022-01-01T00:00:00.000Z,Sachsen,Theologische Hochschulen,"Kunst, Kunstwissenschaft",
2019-01-01T00:00:00.000Z,Baden-Württemberg,Pädagogische Hochschulen,Sport,4000000.0
2019-01-01T00:00:00.000Z,Bayern,Fachhochschulen,Geisteswissenschaften,1.1481E7
2022-01-01T00:00:00.000Z,Hamburg,Medizinische Einrichtungen der Universitäten,"Kunst, Kunstwissenschaft",
2019-01-01T00:00:00.000Z,Mecklenburg-Vorpommern,Medizinische Einrichtungen der Universitäten,Humanmedizin/Gesundheitswissenschaften,8.29746E8
2021-01-01T00:00:00.000Z,Rheinland-Pfalz,Theologische Hochschulen,"Agrar-, Forst- u.Ernährungswiss., Veterinärmedizin",
2019-01-01T00:00:00.000Z,Schleswig-Holstein,Fachhochschulen,Humanmedizin/Gesundheitswissenschaften,
2019-01-01T00:00:00.000Z,Berlin,Pädagogische Hochschulen,"Rechts-, Wirtschafts- und Sozialwissenschaften",
2020-01-01T00:00:00.000Z,Bremen,Medizinische Einrichtungen der Universitäten,"Rechts-, Wirtschafts- und Sozialwissenschaften",
2021-01-01T00:00:00.000Z,Rheinland-Pfalz,Pädagogische Hochschulen,Sport,
2022-01-01T00:00:00.000Z,Bayern,Pädagogische Hochschulen,"Rechts-, Wirtschafts- und Sozialwissenschaften",
2022-01-01T00:00:00.000Z,Nordrhein-Westfalen,Fachhochschulen,Sport,
2020-01-01T00:00:00.000Z,Baden-Württemberg,Verwaltungsfachhochschulen,Ingenieurwissenschaften,
2019-01-01T00:00:00.000Z,Bremen,Universitäten (ohne Medizinische Einrichtungen),"Agrar-, Forst- u.Ernährungswiss., Veterinärmedizin",
2022-01-01T00:00:00.000Z,Bremen,Kunsthochschulen,"Agrar-, Forst- u.Ernährungswiss., Veterinärmedizin",
2022-01-01T00:00:00.000Z,Berlin,Universitäten (ohne Medizinische Einrichtungen),Zentr.Einrichtungen (o. klinikspez. Einrichtungen),6.35301E8
2021-01-01T00:00:00.000Z,Sachsen,Pädagogische Hochschulen,Humanmedizin/Gesundheitswissenschaften,
2020-01-01T00:00:00.000Z,Niedersachsen,Theologische Hochschulen,Humanmedizin/Gesundheitswissenschaften,
2022-01-01T00:00:00.000Z,Saarland,Kunsthochschulen,Geisteswissenschaften,
2020-01-01T00:00:00.000Z,Mecklenburg-Vorpommern,Pädagogische Hochschulen,Zentr.Einrichtungen (o. klinikspez. Einrichtungen),
2020-01-01T00:00:00.000Z,Bremen,Pädagogische Hochschulen,"Kunst, Kunstwissenschaft",
2021-01-01T00:00:00.000Z,Thüringen,Fachhochschulen,Sport,
2022-01-01T00:00:00.000Z,Hamburg,Pädagogische Hochschulen,"Agrar-, Forst- u.Ernährungswiss., Veterinärmedizin",
2022-01-01T00:00:00.000Z,Rheinland-Pfalz,Medizinische Einrichtungen der Universitäten,"Kunst, Kunstwissenschaft",
2022-01-01T00:00:00.000Z,Niedersachsen,Pädagogische Hochschulen,Ingenieurwissenschaften,
2020-01-01T00:00:00.000Z,Bremen,Pädagogische Hochschulen,Zentr.Einrichtungen (o. klinikspez. Einrichtungen),
2019-01-01T00:00:00.000Z,Rheinland-Pfalz,Verwaltungsfachhochschulen,"Mathematik, Naturwissenschaften",
2022-01-01T00:00:00.000Z,Berlin,Medizinische Einrichtungen der Universitäten,"Agrar-, Forst- u.Ernährungswiss., Veterinärmedizin",
2020-01-01T00:00:00.000Z,Rheinland-Pfalz,Universitäten (ohne Medizinische Einrichtungen),"Kunst, Kunstwissenschaft",1.6855E7
2020-01-01T00:00:00.000Z,Berlin,Universitäten (ohne Medizinische Einrichtungen),"Agrar-, Forst- u.Ernährungswiss., Veterinärmedizin",5.4921E7
2022-01-01T00:00:00.000Z,Rheinland-Pfalz,Verwaltungsfachhochschulen,Zentr.Einrichtungen (o. klinikspez. Einrichtungen),
2020-01-01T00:00:00.000Z,Brandenburg,Universitäten (ohne Medizinische Einrichtungen),Sport,7250000.0
2020-01-01T00:00:00.000Z,Nordrhein-Westfalen,Fachhochschulen,Humanmedizin/Gesundheitswissenschaften,4.649E7
2020-01-01T00:00:00.000Z,Thüringen,Theologische Hochschulen,Ingenieurwissenschaften,
2019-01-01T00:00:00.000Z,Hamburg,Kunsthochschulen,"Kunst, Kunstwissenschaft",2.3601E7
2021-01-01T00:00:00.000Z,Brandenburg,Fachhochschulen,Ingenieurwissenschaften,2.9264E7
2020-01-01T00:00:00.000Z,Baden-Württemberg,Medizinische Einrichtungen der Universitäten,Sport,
2019-01-01T00:00:00.000Z,Niedersachsen,Fachhochschulen,Zentr.Einrichtungen (o. klinikspez. Einrichtungen),1.82153E8
2020-01-01T00:00:00.000Z,Thüringen,Verwaltungsfachhochschulen,Zentr.Einrichtungen (o. klinikspez. Einrichtungen),3640000.0
2021-01-01T00:00:00.000Z,Sachsen,Universitäten (ohne Medizinische Einrichtungen),"Rechts-, Wirtschafts- und Sozialwissenschaften",1.3829E8
2021-01-01T00:00:00.000Z,Sachsen,Verwaltungsfachhochschulen,"Kunst, Kunstwissenschaft",
2021-01-01T00:00:00.000Z,Rheinland-Pfalz,Kunsthochschulen,"Agrar-, Forst- u.Ernährungswiss., Veterinärmedizin",
2021-01-01T00:00:00.000Z,Rheinland-Pfalz,Kunsthochschulen,"Mathematik, Naturwissenschaften",
2021-01-01T00:00:00.000Z,Niedersachsen,Pädagogische Hochschulen,"Rechts-, Wirtschafts- und Sozialwissenschaften",
2020-01-01T00:00:00.000Z,Berlin,Pädagogische Hochschulen,"Agrar-, Forst- u.Ernährungswiss., Veterinärmedizin",
2019-01-01T00:00:00.000Z,Mecklenburg-Vorpommern,Theologische Hochschulen,Sport,
2022-01-01T00:00:00.000Z,Brandenburg,Verwaltungsfachhochschulen,Ingenieurwissenschaften,
2019-01-01T00:00:00.000Z,Brandenburg,Fachhochschulen,Zentr.Einrichtungen (o. klinikspez. Einrichtungen),4.8398E7
2022-01-01T00:00:00.000Z,Niedersachsen,Medizinische Einrichtungen der Universitäten,Zentr.Einrichtungen (o. klinikspez. Einrichtungen),
2020-01-01T00:00:00.000Z,Berlin,Kunsthochschulen,Sport,
2021-01-01T00:00:00.000Z,Bayern,Universitäten (ohne Medizinische Einrichtungen),Ingenieurwissenschaften,6.66802E8
2021-01-01T00:00:00.000Z,Sachsen,Medizinische Einrichtungen der Universitäten,"Mathematik, Naturwissenschaften",
2019-01-01T00:00:00.000Z,Berlin,Fachhochschulen,"Agrar-, Forst- u.Ernährungswiss., Veterinärmedizin",3961000.0
2019-01-01T00:00:00.000Z,Nordrhein-Westfalen,Fachhochschulen,Zentr.Einrichtungen (o. klinikspez. Einrichtungen),8.67184E8
2022-01-01T00:00:00.000Z,Brandenburg,Pädagogische Hochschulen,"Rechts-, Wirtschafts- und Sozialwissenschaften",
2020-01-01T00:00:00.000Z,Niedersachsen,Kunsthochschulen,Geisteswissenschaften,160000.0
2021-01-01T00:00:00.000Z,Brandenburg,Medizinische Einrichtungen der Universitäten,"Agrar-, Forst- u.Ernährungswiss., Veterinärmedizin",
2020-01-01T00:00:00.000Z,Rheinland-Pfalz,Medizinische Einrichtungen der Universitäten,"Rechts-, Wirtschafts- und Sozialwissenschaften",
2021-01-01T00:00:00.000Z,Mecklenburg-Vorpommern,Fachhochschulen,Geisteswissenschaften,
2021-01-01T00:00:00.000Z,Baden-Württemberg,Medizinische Einrichtungen der Universitäten,"Kunst, Kunstwissenschaft",
2021-01-01T00:00:00.000Z,Rheinland-Pfalz,Verwaltungsfachhochschulen,Humanmedizin/Gesundheitswissenschaften,
2019-01-01T00:00:00.000Z,Thüringen,Verwaltungsfachhochschulen,Zentr.Einrichtungen (o. klinikspez. Einrichtungen),3528000.0
2022-01-01T00:00:00.000Z,Thüringen,Kunsthochschulen,Geisteswissenschaften,
2021-01-01T00:00:00.000Z,Berlin,Fachhochschulen,Zentr.Einrichtungen (o. klinikspez. Einrichtungen),7.9775E7
2019-01-01T00:00:00.000Z,Schleswig-Holstein,Kunsthochschulen,Geisteswissenschaften,
2022-01-01T00:00:00.000Z,Hessen,Universitäten (ohne Medizinische Einrichtungen),"Kunst, Kunstwissenschaft",2.4593E7
2019-01-01T00:00:00.000Z,Bremen,Pädagogische Hochschulen,Sport,
2019-01-01T00:00:00.000Z,Baden-Württemberg,Medizinische Einrichtungen der Universitäten,"Mathematik, Naturwissenschaften",
2020-01-01T00:00:00.000Z,Brandenburg,Kunsthochschulen,"Agrar-, Forst- u.Ernährungswiss., Veterinärmedizin",
2019-01-01T00:00:00.000Z,Hessen,Universitäten (ohne Medizinische Einrichtungen),Zentr.Einrichtungen (o. klinikspez. Einrichtungen),8.39097E8
2021-01-01T00:00:00.000Z,Mecklenburg-Vorpommern,Medizinische Einrichtungen der Universitäten,"Kunst, Kunstwissenschaft",
2022-01-01T00:00:00.000Z,Schleswig-Holstein,Medizinische Einrichtungen der Universitäten,Zentr.Einrichtungen (o. klinikspez. Einrichtungen),
2022-01-01T00:00:00.000Z,Berlin,Theologische Hochschulen,Geisteswissenschaften,
2019-01-01T00:00:00.000Z,Baden-Württemberg,Theologische Hochschulen,"Kunst, Kunstwissenschaft",
2022-01-01T00:00:00.000Z,Saarland,Universitäten (ohne Medizinische Einrichtungen),"Agrar-, Forst- u.Ernährungswiss., Veterinärmedizin",
2020-01-01T00:00:00.000Z,Thüringen,Kunsthochschulen,Zentr.Einrichtungen (o. klinikspez. Einrichtungen),7484000.0
2020-01-01T00:00:00.000Z,Berlin,Medizinische Einrichtungen der Universitäten,"Kunst, Kunstwissenschaft",
2021-01-01T00:00:00.000Z,Sachsen-Anhalt,Verwaltungsfachhochschulen,"Rechts-, Wirtschafts- und Sozialwissenschaften",1.5016E7
2022-01-01T00:00:00.000Z,Bayern,Kunsthochschulen,"Kunst, Kunstwissenschaft",6.8959E7
2020-01-01T00:00:00.000Z,Bayern,Pädagogische Hochschulen,"Kunst, Kunstwissenschaft",
2022-01-01T00:00:00.000Z,Sachsen,Medizinische Einrichtungen der Universitäten,"Agrar-, Forst- u.Ernährungswiss., Veterinärmedizin",
2020-01-01T00:00:00.000Z,Schleswig-Holstein,Medizinische Einrichtungen der Universitäten,"Mathematik, Naturwissenschaften",
2021-01-01T00:00:00.000Z,Schleswig-Holstein,Pädagogische Hochschulen,"Agrar-, Forst- u.Ernährungswiss., Veterinärmedizin",
2021-01-01T00:00:00.000Z,Thüringen,Fachhochschulen,"Mathematik, Naturwissenschaften",1949000.0
2020-01-01T00:00:00.000Z,Hessen,Theologische Hochschulen,Zentr.Einrichtungen (o. klinikspez. Einrichtungen),1655000.0
2022-01-01T00:00:00.000Z,Hessen,Pädagogische Hochschulen,"Rechts-, Wirtschafts- und Sozialwissenschaften",
2019-01-01T00:00:00.000Z,Nordrhein-Westfalen,Universitäten (ohne Medizinische Einrichtungen),Sport,5.3702E7
2019-01-01T00:00:00.000Z,Thüringen,Fachhochschulen,Ingenieurwissenschaften,4.6465E7
2020-01-01T00:00:00.000Z,Saarland,Fachhochschulen,Ingenieurwissenschaften,1.8344E7
2020-01-01T00:00:00.000Z,Saarland,Verwaltungsfachhochschulen,Humanmedizin/Gesundheitswissenschaften,
2019-01-01T00:00:00.000Z,Bayern,Verwaltungsfachhochschulen,"Rechts-, Wirtschafts- und Sozialwissenschaften",5.5109E7
2021-01-01T00:00:00.000Z,Rheinland-Pfalz,Pädagogische Hochschulen,"Agrar-, Forst- u.Ernährungswiss., Veterinärmedizin",
2021-01-01T00:00:00.000Z,Schleswig-Holstein,Universitäten (ohne Medizinische Einrichtungen),"Kunst, Kunstwissenschaft",3736000.0
2020-01-01T00:00:00.000Z,Sachsen-Anhalt,Medizinische Einrichtungen der Universitäten,Geisteswissenschaften,
2022-01-01T00:00:00.000Z,Bayern,Medizinische Einrichtungen der Universitäten,"Agrar-, Forst- u.Ernährungswiss., Veterinärmedizin",
2021-01-01T00:00:00.000Z,Berlin,Kunsthochschulen,Humanmedizin/Gesundheitswissenschaften,
2022-01-01T00:00:00.000Z,Rheinland-Pfalz,Kunsthochschulen,"Kunst, Kunstwissenschaft",
2022-01-01T00:00:00.000Z,Sachsen,Kunsthochschulen,Geisteswissenschaften,
2020-01-01T00:00:00.000Z,Rheinland-Pfalz,Universitäten (ohne Medizinische Einrichtungen),Humanmedizin/Gesundheitswissenschaften,
2019-01-01T00:00:00.000Z,Hessen,Fachhochschulen,Humanmedizin/Gesundheitswissenschaften,2.5002E7
2019-01-01T00:00:00.000Z,Hamburg,Pädagogische Hochschulen,Sport,
2022-01-01T00:00:00.000Z,Baden-Württemberg,Medizinische Einrichtungen der Universitäten,"Mathematik, Naturwissenschaften",
2019-01-01T00:00:00.000Z,Rheinland-Pfalz,Medizinische Einrichtungen der Universitäten,Zentr.Einrichtungen (o. klinikspez. Einrichtungen),
2019-01-01T00:00:00.000Z,Bremen,Medizinische Einrichtungen der Universitäten,"Kunst, Kunstwissenschaft",
2019-01-01T00:00:00.000Z,Hessen,Theologische Hochschulen,"Kunst, Kunstwissenschaft",
2022-01-01T00:00:00.000Z,Thüringen,Universitäten (ohne Medizinische Einrichtungen),Humanmedizin/Gesundheitswissenschaften,
2020-01-01T00:00:00.000Z,Hessen,Kunsthochschulen,"Mathematik, Naturwissenschaften",
2022-01-01T00:00:00.000Z,Hamburg,Universitäten (ohne Medizinische Einrichtungen),"Agrar-, Forst- u.Ernährungswiss., Veterinärmedizin",
2021-01-01T00:00:00.000Z,Thüringen,Theologische Hochschulen,Sport,
2022-01-01T00:00:00.000Z,Hamburg,Verwaltungsfachhochschulen,"Mathematik, Naturwissenschaften",
2019-01-01T00:00:00.000Z,Mecklenburg-Vorpommern,Theologische Hochschulen,Zentr.Einrichtungen (o. klinikspez. Einrichtungen),
2019-01-01T00:00:00.000Z,Bremen,Universitäten (ohne Medizinische Einrichtungen),Zentr.Einrichtungen (o. klinikspez. Einrichtungen),1.72063E8
2021-01-01T00:00:00.000Z,Schleswig-Holstein,Universitäten (ohne Medizinische Einrichtungen),"Rechts-, Wirtschafts- und Sozialwissenschaften",4.0921E7
2021-01-01T00:00:00.000Z,Baden-Württemberg,Medizinische Einrichtungen der Universitäten,Ingenieurwissenschaften,
2020-01-01T00:00:00.000Z,Thüringen,Universitäten (ohne Medizinische Einrichtungen),Zentr.Einrichtungen (o. klinikspez. Einrichtungen),2.31879E8
2020-01-01T00:00:00.000Z,Brandenburg,Kunsthochschulen,"Mathematik, Naturwissenschaften",
2022-01-01T00:00:00.000Z,Saarland,Pädagogische Hochschulen,Zentr.Einrichtungen (o. klinikspez. Einrichtungen),
2020-01-01T00:00:00.000Z,Nordrhein-Westfalen,Fachhochschulen,"Kunst, Kunstwissenschaft",3.0634E7
2022-01-01T00:00:00.000Z,Nordrhein-Westfalen,Fachhochschulen,Zentr.Einrichtungen (o. klinikspez. Einrichtungen),1.034497E9
2021-01-01T00:00:00.000Z,Nordrhein-Westfalen,Pädagogische Hochschulen,Geisteswissenschaften,
2021-01-01T00:00:00.000Z,Hessen,Verwaltungsfachhochschulen,Zentr.Einrichtungen (o. klinikspez. Einrichtungen),4793000.0
2022-01-01T00:00:00.000Z,Sachsen,Verwaltungsfachhochschulen,Sport,
2019-01-01T00:00:00.000Z,Bremen,Fachhochschulen,Humanmedizin/Gesundheitswissenschaften,7052000.0
2020-01-01T00:00:00.000Z,Saarland,Kunsthochschulen,Sport,
2020-01-01T00:00:00.000Z,Bayern,Fachhochschulen,"Mathematik, Naturwissenschaften",2.3161E7
2019-01-01T00:00:00.000Z,Berlin,Universitäten (ohne Medizinische Einrichtungen),Sport,2906000.0
2019-01-01T00:00:00.000Z,Nordrhein-Westfalen,Kunsthochschulen,Geisteswissenschaften,
2020-01-01T00:00:00.000Z,Thüringen,Universitäten (ohne Medizinische Einrichtungen),Ingenieurwissenschaften,1.09232E8
2022-01-01T00:00:00.000Z,Rheinland-Pfalz,Medizinische Einrichtungen der Universitäten,Zentr.Einrichtungen (o. klinikspez. Einrichtungen),
2019-01-01T00:00:00.000Z,Niedersachsen,Verwaltungsfachhochschulen,Humanmedizin/Gesundheitswissenschaften,
2022-01-01T00:00:00.000Z,Brandenburg,Verwaltungsfachhochschulen,Zentr.Einrichtungen (o. klinikspez. Einrichtungen),5149000.0
2022-01-01T00:00:00.000Z,Baden-Württemberg,Fachhochschulen,Sport,
2020-01-01T00:00:00.000Z,Nordrhein-Westfalen,Verwaltungsfachhochschulen,Humanmedizin/Gesundheitswissenschaften,
2022-01-01T00:00:00.000Z,Mecklenburg-Vorpommern,Pädagogische Hochschulen,"Agrar-, Forst- u.Ernährungswiss., Veterinärmedizin",
2020-01-01T00:00:00.000Z,Schleswig-Holstein,Verwaltungsfachhochschulen,"Rechts-, Wirtschafts- und Sozialwissenschaften",1.829E7
2019-01-01T00:00:00.000Z,Sachsen,Fachhochschulen,Sport,
2022-01-01T00:00:00.000Z,Sachsen,Verwaltungsfachhochschulen,Humanmedizin/Gesundheitswissenschaften,
2019-01-01T00:00:00.000Z,Saarland,Verwaltungsfachhochschulen,Zentr.Einrichtungen (o. klinikspez. Einrichtungen),15000.0
2021-01-01T00:00:00.000Z,Bremen,Universitäten (ohne Medizinische Einrichtungen),"Kunst, Kunstwissenschaft",8090000.0
2019-01-01T00:00:00.000Z,Hamburg,Universitäten (ohne Medizinische Einrichtungen),"Agrar-, Forst- u.Ernährungswiss., Veterinärmedizin",2239000.0
2020-01-01T00:00:00.000Z,Hamburg,Kunsthochschulen,"Mathematik, Naturwissenschaften",
2022-01-01T00:00:00.000Z,Bremen,Fachhochschulen,Zentr.Einrichtungen (o. klinikspez. Einrichtungen),6.0432E7
2022-01-01T00:00:00.000Z,Mecklenburg-Vorpommern,Theologische Hochschulen,Zentr.Einrichtungen (o. klinikspez. Einrichtungen),
2021-01-01T00:00:00.000Z,Rheinland-Pfalz,Medizinische Einrichtungen der Universitäten,Ingenieurwissenschaften,
2021-01-01T00:00:00.000Z,Mecklenburg-Vorpommern,Kunsthochschulen,Humanmedizin/Gesundheitswissenschaften,
2021-01-01T00:00:00.000Z,Rheinland-Pfalz,Verwaltungsfachhochschulen,Sport,
2022-01-01T00:00:00.000Z,Berlin,Pädagogische Hochschulen,Zentr.Einrichtungen (o. klinikspez. Einrichtungen),
2021-01-01T00:00:00.000Z,Rheinland-Pfalz,Pädagogische Hochschulen,Geisteswissenschaften,
2019-01-01T00:00:00.000Z,Hamburg,Theologische Hochschulen,"Rechts-, Wirtschafts- und Sozialwissenschaften",
2022-01-01T00:00:00.000Z,Sachsen-Anhalt,Verwaltungsfachhochschulen,Ingenieurwissenschaften,
2019-01-01T00:00:00.000Z,Hessen,Medizinische Einrichtungen der Universitäten,"Agrar-, Forst- u.Ernährungswiss., Veterinärmedizin",
2020-01-01T00:00:00.000Z,Hessen,Theologische Hochschulen,"Agrar-, Forst- u.Ernährungswiss., Veterinärmedizin",
2019-01-01T00:00:00.000Z,Sachsen,Kunsthochschulen,"Kunst, Kunstwissenschaft",4.4616E7
2020-01-01T00:00:00.000Z,Baden-Württemberg,Medizinische Einrichtungen der Universitäten,"Rechts-, Wirtschafts- und Sozialwissenschaften",
2020-01-01T00:00:00.000Z,Mecklenburg-Vorpommern,Kunsthochschulen,"Rechts-, Wirtschafts- und Sozialwissenschaften",
2020-01-01T00:00:00.000Z,Saarland,Kunsthochschulen,"Agrar-, Forst- u.Ernährungswiss., Veterinärmedizin",
2020-01-01T00:00:00.000Z,Bayern,Kunsthochschulen,Geisteswissenschaften,212000.0
2022-01-01T00:00:00.000Z,Sachsen,Universitäten (ohne Medizinische Einrichtungen),"Kunst, Kunstwissenschaft",7011000.0
2019-01-01T00:00:00.000Z,Bayern,Medizinische Einrichtungen der Universitäten,"Mathematik, Naturwissenschaften",
2020-01-01T00:00:00.000Z,Schleswig-Holstein,Pädagogische Hochschulen,"Kunst, Kunstwissenschaft",
2022-01-01T00:00:00.000Z,Sachsen-Anhalt,Pädagogische Hochschulen,Sport,
2022-01-01T00:00:00.000Z,Baden-Württemberg,Fachhochschulen,Humanmedizin/Gesundheitswissenschaften,1.2267E7
2021-01-01T00:00:00.000Z,Hamburg,Verwaltungsfachhochschulen,Ingenieurwissenschaften,
2019-01-01T00:00:00.000Z,Schleswig-Holstein,Fachhochschulen,"Rechts-, Wirtschafts- und Sozialwissenschaften",3.7279E7
2021-01-01T00:00:00.000Z,Bremen,Medizinische Einrichtungen der Universitäten,"Agrar-, Forst- u.Ernährungswiss., Veterinärmedizin",
2022-01-01T00:00:00.000Z,Hamburg,Theologische Hochschulen,"Kunst, Kunstwissenschaft",
2019-01-01T00:00:00.000Z,Niedersachsen,Kunsthochschulen,Geisteswissenschaften,160000.0
2020-01-01T00:00:00.000Z,Rheinland-Pfalz,Pädagogische Hochschulen,"Kunst, Kunstwissenschaft",
2021-01-01T00:00:00.000Z,Sachsen-Anhalt,Verwaltungsfachhochschulen,Humanmedizin/Gesundheitswissenschaften,
2020-01-01T00:00:00.000Z,Sachsen-Anhalt,Universitäten (ohne Medizinische Einrichtungen),Ingenieurwissenschaften,7.1655E7
2019-01-01T00:00:00.000Z,Bremen,Universitäten (ohne Medizinische Einrichtungen),Ingenieurwissenschaften,6.8405E7
2021-01-01T00:00:00.000Z,Nordrhein-Westfalen,Medizinische Einrichtungen der Universitäten,"Kunst, Kunstwissenschaft",
2019-01-01T00:00:00.000Z,Schleswig-Holstein,Universitäten (ohne Medizinische Einrichtungen),Sport,3514000.0
2020-01-01T00:00:00.000Z,Bremen,Fachhochschulen,Ingenieurwissenschaften,2.5907E7
2021-01-01T00:00:00.000Z,Thüringen,Verwaltungsfachhochschulen,"Rechts-, Wirtschafts- und Sozialwissenschaften",2773000.0
2020-01-01T00:00:00.000Z,Berlin,Medizinische Einrichtungen der Universitäten,Geisteswissenschaften,
2019-01-01T00:00:00.000Z,Niedersachsen,Verwaltungsfachhochschulen,"Mathematik, Naturwissenschaften",
2021-01-01T00:00:00.000Z,Nordrhein-Westfalen,Fachhochschulen,"Agrar-, Forst- u.Ernährungswiss., Veterinärmedizin",2.5015E7
2021-01-01T00:00:00.000Z,Brandenburg,Theologische Hochschulen,"Agrar-, Forst- u.Ernährungswiss., Veterinärmedizin",
2019-01-01T00:00:00.000Z,Hamburg,Universitäten (ohne Medizinische Einrichtungen),Geisteswissenschaften,6.6487E7
2022-01-01T00:00:00.000Z,Schleswig-Holstein,Verwaltungsfachhochschulen,Geisteswissenschaften,
2020-01-01T00:00:00.000Z,Hamburg,Verwaltungsfachhochschulen,"Rechts-, Wirtschafts- und Sozialwissenschaften",4307000.0
2021-01-01T00:00:00.000Z,Sachsen-Anhalt,Fachhochschulen,"Kunst, Kunstwissenschaft",4195000.0
2019-01-01T00:00:00.000Z,Hamburg,Universitäten (ohne Medizinische Einrichtungen),Humanmedizin/Gesundheitswissenschaften,
2019-01-01T00:00:00.000Z,Schleswig-Holstein,Medizinische Einrichtungen der Universitäten,"Kunst, Kunstwissenschaft",
2021-01-01T00:00:00.000Z,Schleswig-Holstein,Pädagogische Hochschulen,"Rechts-, Wirtschafts- und Sozialwissenschaften",
2019-01-01T00:00:00.000Z,Sachsen-Anhalt,Universitäten (ohne Medizinische Einrichtungen),Sport,4117000.0
2019-01-01T00:00:00.000Z,Saarland,Pädagogische Hochschulen,Zentr.Einrichtungen (o. klinikspez. Einrichtungen),
2020-01-01T00:00:00.000Z,Sachsen-Anhalt,Kunsthochschulen,Zentr.Einrichtungen (o. klinikspez. Einrichtungen),1.3248E7
2020-01-01T00:00:00.000Z,Saarland,Universitäten (ohne Medizinische Einrichtungen),Zentr.Einrichtungen (o. klinikspez. Einrichtungen),1.40759E8
2019-01-01T00:00:00.000Z,Nordrhein-Westfalen,Fachhochschulen,"Rechts-, Wirtschafts- und Sozialwissenschaften",3.57519E8
2019-01-01T00:00:00.000Z,Baden-Württemberg,Verwaltungsfachhochschulen,"Rechts-, Wirtschafts- und Sozialwissenschaften",2.6035E7
2021-01-01T00:00:00.000Z,Brandenburg,Pädagogische Hochschulen,Sport,
2020-01-01T00:00:00.000Z,Berlin,Fachhochschulen,"Mathematik, Naturwissenschaften",3466000.0
2021-01-01T00:00:00.000Z,Nordrhein-Westfalen,Theologische Hochschulen,Humanmedizin/Gesundheitswissenschaften,
2022-01-01T00:00:00.000Z,Saarland,Theologische Hochschulen,"Mathematik, Naturwissenschaften",
2022-01-01T00:00:00.000Z,Berlin,Fachhochschulen,"Agrar-, Forst- u.Ernährungswiss., Veterinärmedizin",3853000.0
2021-01-01T00:00:00.000Z,Saarland,Verwaltungsfachhochschulen,"Mathematik, Naturwissenschaften",
2022-01-01T00:00:00.000Z,Berlin,Verwaltungsfachhochschulen,Humanmedizin/Gesundheitswissenschaften,
2021-01-01T00:00:00.000Z,Niedersachsen,Universitäten (ohne Medizinische Einrichtungen),Humanmedizin/Gesundheitswissenschaften,
2022-01-01T00:00:00.000Z,Mecklenburg-Vorpommern,Pädagogische Hochschulen,Sport,
2020-01-01T00:00:00.000Z,Sachsen,Universitäten (ohne Medizinische Einrichtungen),Ingenieurwissenschaften,4.63501E8
2021-01-01T00:00:00.000Z,Nordrhein-Westfalen,Verwaltungsfachhochschulen,"Kunst, Kunstwissenschaft",
2021-01-01T00:00:00.000Z,Nordrhein-Westfalen,Theologische Hochschulen,Geisteswissenschaften,9183000.0
2020-01-01T00:00:00.000Z,Bremen,Theologische Hochschulen,"Agrar-, Forst- u.Ernährungswiss., Veterinärmedizin",
2020-01-01T00:00:00.000Z,Thüringen,Fachhochschulen,Humanmedizin/Gesundheitswissenschaften,4002000.0
2021-01-01T00:00:00.000Z,Mecklenburg-Vorpommern,Fachhochschulen,"Kunst, Kunstwissenschaft",2183000.0
2021-01-01T00:00:00.000Z,Rheinland-Pfalz,Theologische Hochschulen,Humanmedizin/Gesundheitswissenschaften,1573000.0
2020-01-01T00:00:00.000Z,Schleswig-Holstein,Kunsthochschulen,Ingenieurwissenschaften,
2020-01-01T00:00:00.000Z,Schleswig-Holstein,Universitäten (ohne Medizinische Einrichtungen),Humanmedizin/Gesundheitswissenschaften,
2019-01-01T00:00:00.000Z,Berlin,Pädagogische Hochschulen,"Agrar-, Forst- u.Ernährungswiss., Veterinärmedizin",
2020-01-01T00:00:00.000Z,Niedersachsen,Verwaltungsfachhochschulen,"Rechts-, Wirtschafts- und Sozialwissenschaften",8996000.0
2020-01-01T00:00:00.000Z,Hamburg,Medizinische Einrichtungen der Universitäten,"Mathematik, Naturwissenschaften",
2022-01-01T00:00:00.000Z,Sachsen-Anhalt,Theologische Hochschulen,"Rechts-, Wirtschafts- und Sozialwissenschaften",704000.0
2019-01-01T00:00:00.000Z,Sachsen,Theologische Hochschulen,Zentr.Einrichtungen (o. klinikspez. Einrichtungen),
2021-01-01T00:00:00.000Z,Sachsen-Anhalt,Fachhochschulen,Ingenieurwissenschaften,4.8737E7
2020-01-01T00:00:00.000Z,Saarland,Fachhochschulen,Sport,
2019-01-01T00:00:00.000Z,Hamburg,Verwaltungsfachhochschulen,"Mathematik, Naturwissenschaften",
2020-01-01T00:00:00.000Z,Hessen,Theologische Hochschulen,Geisteswissenschaften,1.1999E7
2020-01-01T00:00:00.000Z,Nordrhein-Westfalen,Fachhochschulen,"Mathematik, Naturwissenschaften",3.3531E7
2020-01-01T00:00:00.000Z,Mecklenburg-Vorpommern,Medizinische Einrichtungen der Universitäten,Humanmedizin/Gesundheitswissenschaften,8.88244E8
2019-01-01T00:00:00.000Z,Niedersachsen,Fachhochschulen,Geisteswissenschaften,8014000.0
2019-01-01T00:00:00.000Z,Saarland,Universitäten (ohne Medizinische Einrichtungen),"Agrar-, Forst- u.Ernährungswiss., Veterinärmedizin",
2022-01-01T00:00:00.000Z,Hessen,Verwaltungsfachhochschulen,Humanmedizin/Gesundheitswissenschaften,
2022-01-01T00:00:00.000Z,Sachsen,Universitäten (ohne Medizinische Einrichtungen),"Rechts-, Wirtschafts- und Sozialwissenschaften",1.42897E8
2019-01-01T00:00:00.000Z,Hessen,Universitäten (ohne Medizinische Einrichtungen),"Kunst, Kunstwissenschaft",2.2089E7
2019-01-01T00:00:00.000Z,Bayern,Universitäten (ohne Medizinische Einrichtungen),Sport,6.4837E7
2022-01-01T00:00:00.000Z,Hamburg,Pädagogische Hochschulen,"Rechts-, Wirtschafts- und Sozialwissenschaften",
2022-01-01T00:00:00.000Z,Bremen,Verwaltungsfachhochschulen,Sport,
2020-01-01T00:00:00.000Z,Baden-Württemberg,Fachhochschulen,Ingenieurwissenschaften,3.8156E8
2022-01-01T00:00:00.000Z,Hessen,Fachhochschulen,Humanmedizin/Gesundheitswissenschaften,3.0279E7
2020-01-01T00:00:00.000Z,Schleswig-Holstein,Medizinische Einrichtungen der Universitäten,Sport,
2019-01-01T00:00:00.000Z,Schleswig-Holstein,Verwaltungsfachhochschulen,"Kunst, Kunstwissenschaft",
2021-01-01T00:00:00.000Z,Bremen,Verwaltungsfachhochschulen,"Agrar-, Forst- u.Ernährungswiss., Veterinärmedizin",
2019-01-01T00:00:00.000Z,Brandenburg,Fachhochschulen,Sport,681000.0
2019-01-01T00:00:00.000Z,Hessen,Pädagogische Hochschulen,Humanmedizin/Gesundheitswissenschaften,
2020-01-01T00:00:00.000Z,Mecklenburg-Vorpommern,Medizinische Einrichtungen der Universitäten,Ingenieurwissenschaften,
2020-01-01T00:00:00.000Z,Baden-Württemberg,Theologische Hochschulen,Humanmedizin/Gesundheitswissenschaften,
2019-01-01T00:00:00.000Z,Schleswig-Holstein,Medizinische Einrichtungen der Universitäten,Zentr.Einrichtungen (o. klinikspez. Einrichtungen),
2022-01-01T00:00:00.000Z,Hamburg,Kunsthochschulen,Zentr.Einrichtungen (o. klinikspez. Einrichtungen),1.0265E7
2020-01-01T00:00:00.000Z,Brandenburg,Theologische Hochschulen,"Kunst, Kunstwissenschaft",
2020-01-01T00:00:00.000Z,Hamburg,Pädagogische Hochschulen,Sport,
2019-01-01T00:00:00.000Z,Berlin,Universitäten (ohne Medizinische Einrichtungen),"Kunst, Kunstwissenschaft",1.638E7
2021-01-01T00:00:00.000Z,Sachsen-Anhalt,Medizinische Einrichtungen der Universitäten,"Mathematik, Naturwissenschaften",
2019-01-01T00:00:00.000Z,Hessen,Theologische Hochschulen,"Rechts-, Wirtschafts- und Sozialwissenschaften",
2022-01-01T00:00:00.000Z,Mecklenburg-Vorpommern,Universitäten (ohne Medizinische Einrichtungen),"Rechts-, Wirtschafts- und Sozialwissenschaften",4.1579E7
2022-01-01T00:00:00.000Z,Saarland,Verwaltungsfachhochschulen,"Rechts-, Wirtschafts- und Sozialwissenschaften",
2019-01-01T00:00:00.000Z,Sachsen,Verwaltungsfachhochschulen,Sport,
2021-01-01T00:00:00.000Z,Hessen,Universitäten (ohne Medizinische Einrichtungen),Humanmedizin/Gesundheitswissenschaften,
2019-01-01T00:00:00.000Z,Rheinland-Pfalz,Kunsthochschulen,"Kunst, Kunstwissenschaft",
2021-01-01T00:00:00.000Z,Mecklenburg-Vorpommern,Verwaltungsfachhochschulen,"Kunst, Kunstwissenschaft",
2021-01-01T00:00:00.000Z,Thüringen,Pädagogische Hochschulen,Sport,
2020-01-01T00:00:00.000Z,Bayern,Universitäten (ohne Medizinische Einrichtungen),"Rechts-, Wirtschafts- und Sozialwissenschaften",4.26472E8
2019-01-01T00:00:00.000Z,Sachsen,Verwaltungsfachhochschulen,Ingenieurwissenschaften,
2020-01-01T00:00:00.000Z,Brandenburg,Kunsthochschulen,Humanmedizin/Gesundheitswissenschaften,
2020-01-01T00:00:00.000Z,Rheinland-Pfalz,Kunsthochschulen,"Rechts-, Wirtschafts- und Sozialwissenschaften",
2021-01-01T00:00:00.000Z,Bayern,Theologische Hochschulen,Geisteswissenschaften,6298000.0
2022-01-01T00:00:00.000Z,Baden-Württemberg,Verwaltungsfachhochschulen,Sport,
2022-01-01T00:00:00.000Z,Schleswig-Holstein,Kunsthochschulen,Zentr.Einrichtungen (o. klinikspez. Einrichtungen),7428000.0
2022-01-01T00:00:00.000Z,Niedersachsen,Verwaltungsfachhochschulen,"Mathematik, Naturwissenschaften",
2022-01-01T00:00:00.000Z,Baden-Württemberg,Pädagogische Hochschulen,Geisteswissenschaften,2.9985E7
2021-01-01T00:00:00.000Z,Sachsen,Theologische Hochschulen,Sport,
2019-01-01T00:00:00.000Z,Berlin,Pädagogische Hochschulen,Zentr.Einrichtungen (o. klinikspez. Einrichtungen),
2019-01-01T00:00:00.000Z,Saarland,Kunsthochschulen,Sport,
2021-01-01T00:00:00.000Z,Bremen,Verwaltungsfachhochschulen,Zentr.Einrichtungen (o. klinikspez. Einrichtungen),
2021-01-01T00:00:00.000Z,Mecklenburg-Vorpommern,Medizinische Einrichtungen der Universitäten,"Mathematik, Naturwissenschaften",
2019-01-01T00:00:00.000Z,Hessen,Verwaltungsfachhochschulen,Humanmedizin/Gesundheitswissenschaften,
2021-01-01T00:00:00.000Z,Baden-Württemberg,Universitäten (ohne Medizinische Einrichtungen),Ingenieurwissenschaften,6.04001E8
2020-01-01T00:00:00.000Z,Niedersachsen,Medizinische Einrichtungen der Universitäten,"Kunst, Kunstwissenschaft",
2019-01-01T00:00:00.000Z,Bremen,Theologische Hochschulen,Sport,
2022-01-01T00:00:00.000Z,Hamburg,Medizinische Einrichtungen der Universitäten,Ingenieurwissenschaften,
2022-01-01T00:00:00.000Z,Bayern,Theologische Hochschulen,"Rechts-, Wirtschafts- und Sozialwissenschaften",
2022-01-01T00:00:00.000Z,Niedersachsen,Theologische Hochschulen,Ingenieurwissenschaften,
2020-01-01T00:00:00.000Z,Schleswig-Holstein,Kunsthochschulen,Geisteswissenschaften,
2020-01-01T00:00:00.000Z,Sachsen,Theologische Hochschulen,"Kunst, Kunstwissenschaft",
2019-01-01T00:00:00.000Z,Sachsen,Universitäten (ohne Medizinische Einrichtungen),"Kunst, Kunstwissenschaft",6956000.0
2022-01-01T00:00:00.000Z,Mecklenburg-Vorpommern,Fachhochschulen,"Agrar-, Forst- u.Ernährungswiss., Veterinärmedizin",6670000.0
2020-01-01T00:00:00.000Z,Hamburg,Pädagogische Hochschulen,"Agrar-, Forst- u.Ernährungswiss., Veterinärmedizin",
2022-01-01T00:00:00.000Z,Bayern,Medizinische Einrichtungen der Universitäten,"Mathematik, Naturwissenschaften",
2019-01-01T00:00:00.000Z,Sachsen,Medizinische Einrichtungen der Universitäten,Zentr.Einrichtungen (o. klinikspez. Einrichtungen),
2021-01-01T00:00:00.000Z,Berlin,Universitäten (ohne Medizinische Einrichtungen),Humanmedizin/Gesundheitswissenschaften,
2021-01-01T00:00:00.000Z,Rheinland-Pfalz,Fachhochschulen,Sport,
2022-01-01T00:00:00.000Z,Nordrhein-Westfalen,Universitäten (ohne Medizinische Einrichtungen),"Agrar-, Forst- u.Ernährungswiss., Veterinärmedizin",4.0567E7
2020-01-01T00:00:00.000Z,Nordrhein-Westfalen,Kunsthochschulen,Ingenieurwissenschaften,783000.0
2021-01-01T00:00:00.000Z,Baden-Württemberg,Kunsthochschulen,"Kunst, Kunstwissenschaft",7.5329E7
2019-01-01T00:00:00.000Z,Berlin,Verwaltungsfachhochschulen,Humanmedizin/Gesundheitswissenschaften,
2019-01-01T00:00:00.000Z,Sachsen-Anhalt,Verwaltungsfachhochschulen,Ingenieurwissenschaften,
2021-01-01T00:00:00.000Z,Bayern,Fachhochschulen,Ingenieurwissenschaften,3.73723E8
2019-01-01T00:00:00.000Z,Mecklenburg-Vorpommern,Pädagogische Hochschulen,"Agrar-, Forst- u.Ernährungswiss., Veterinärmedizin",
2022-01-01T00:00:00.000Z,Niedersachsen,Theologische Hochschulen,Sport,
2022-01-01T00:00:00.000Z,Bayern,Medizinische Einrichtungen der Universitäten,Zentr.Einrichtungen (o. klinikspez. Einrichtungen),
2020-01-01T00:00:00.000Z,Sachsen-Anhalt,Fachhochschulen,"Mathematik, Naturwissenschaften",
2020-01-01T00:00:00.000Z,Mecklenburg-Vorpommern,Verwaltungsfachhochschulen,Humanmedizin/Gesundheitswissenschaften,
2022-01-01T00:00:00.000Z,Hamburg,Pädagogische Hochschulen,Humanmedizin/Gesundheitswissenschaften,
2022-01-01T00:00:00.000Z,Bremen,Verwaltungsfachhochschulen,"Mathematik, Naturwissenschaften",
2019-01-01T00:00:00.000Z,Brandenburg,Universitäten (ohne Medizinische Einrichtungen),"Mathematik, Naturwissenschaften",7.7721E7
2022-01-01T00:00:00.000Z,Nordrhein-Westfalen,Fachhochschulen,"Rechts-, Wirtschafts- und Sozialwissenschaften",3.00506E8
2020-01-01T00:00:00.000Z,Bayern,Kunsthochschulen,"Agrar-, Forst- u.Ernährungswiss., Veterinärmedizin",
2019-01-01T00:00:00.000Z,Schleswig-Holstein,Kunsthochschulen,Zentr.Einrichtungen (o. klinikspez. Einrichtungen),5841000.0
2020-01-01T00:00:00.000Z,Berlin,Pädagogische Hochschulen,Ingenieurwissenschaften,
2019-01-01T00:00:00.000Z,Thüringen,Medizinische Einrichtungen der Universitäten,Zentr.Einrichtungen (o. klinikspez. Einrichtungen),
2019-01-01T00:00:00.000Z,Hessen,Verwaltungsfachhochschulen,"Agrar-, Forst- u.Ernährungswiss., Veterinärmedizin",
2019-01-01T00:00:00.000Z,Hamburg,Theologische Hochschulen,Sport,
2019-01-01T00:00:00.000Z,Mecklenburg-Vorpommern,Universitäten (ohne Medizinische Einrichtungen),"Rechts-, Wirtschafts- und Sozialwissenschaften",3.3773E7
2022-01-01T00:00:00.000Z,Hessen,Kunsthochschulen,Ingenieurwissenschaften,
2020-01-01T00:00:00.000Z,Mecklenburg-Vorpommern,Verwaltungsfachhochschulen,"Mathematik, Naturwissenschaften",
2022-01-01T00:00:00.000Z,Thüringen,Medizinische Einrichtungen der Universitäten,"Rechts-, Wirtschafts- und Sozialwissenschaften",
2019-01-01T00:00:00.000Z,Hamburg,Kunsthochschulen,"Rechts-, Wirtschafts- und Sozialwissenschaften",
2019-01-01T00:00:00.000Z,Saarland,Verwaltungsfachhochschulen,Sport,
2019-01-01T00:00:00.000Z,Bayern,Pädagogische Hochschulen,Zentr.Einrichtungen (o. klinikspez. Einrichtungen),
2020-01-01T00:00:00.000Z,Brandenburg,Pädagogische Hochschulen,Humanmedizin/Gesundheitswissenschaften,
2022-01-01T00:00:00.000Z,Schleswig-Holstein,Medizinische Einrichtungen der Universitäten,Humanmedizin/Gesundheitswissenschaften,1.707945E9
2022-01-01T00:00:00.000Z,Mecklenburg-Vorpommern,Verwaltungsfachhochschulen,Ingenieurwissenschaften,
2020-01-01T00:00:00.000Z,Sachsen-Anhalt,Theologische Hochschulen,Sport,
2020-01-01T00:00:00.000Z,Nordrhein-Westfalen,Pädagogische Hochschulen,Ingenieurwissenschaften,
2019-01-01T00:00:00.000Z,Hamburg,Pädagogische Hochschulen,"Rechts-, Wirtschafts- und Sozialwissenschaften",
2019-01-01T00:00:00.000Z,Berlin,Verwaltungsfachhochschulen,Sport,
2019-01-01T00:00:00.000Z,Nordrhein-Westfalen,Verwaltungsfachhochschulen,Sport,
2019-01-01T00:00:00.000Z,Sachsen-Anhalt,Theologische Hochschulen,Sport,
2019-01-01T00:00:00.000Z,Thüringen,Theologische Hochschulen,"Rechts-, Wirtschafts- und Sozialwissenschaften",
2021-01-01T00:00:00.000Z,Hessen,Pädagogische Hochschulen,"Kunst, Kunstwissenschaft",
2020-01-01T00:00:00.000Z,Nordrhein-Westfalen,Medizinische Einrichtungen der Universitäten,Sport,
2022-01-01T00:00:00.000Z,Hessen,Medizinische Einrichtungen der Universitäten,Sport,
2021-01-01T00:00:00.000Z,Brandenburg,Kunsthochschulen,Zentr.Einrichtungen (o. klinikspez. Einrichtungen),
2020-01-01T00:00:00.000Z,Berlin,Universitäten (ohne Medizinische Einrichtungen),"Rechts-, Wirtschafts- und Sozialwissenschaften",2.33276E8
2021-01-01T00:00:00.000Z,Schleswig-Holstein,Theologische Hochschulen,Zentr.Einrichtungen (o. klinikspez. Einrichtungen),
2019-01-01T00:00:00.000Z,Hamburg,Kunsthochschulen,Humanmedizin/Gesundheitswissenschaften,
2021-01-01T00:00:00.000Z,Schleswig-Holstein,Fachhochschulen,Humanmedizin/Gesundheitswissenschaften,
2019-01-01T00:00:00.000Z,Sachsen-Anhalt,Theologische Hochschulen,"Kunst, Kunstwissenschaft",115000.0
2020-01-01T00:00:00.000Z,Saarland,Kunsthochschulen,Ingenieurwissenschaften,
2021-01-01T00:00:00.000Z,Sachsen,Universitäten (ohne Medizinische Einrichtungen),Sport,1.6352E7
2019-01-01T00:00:00.000Z,Rheinland-Pfalz,Theologische Hochschulen,"Agrar-, Forst- u.Ernährungswiss., Veterinärmedizin",
2019-01-01T00:00:00.000Z,Schleswig-Holstein,Theologische Hochschulen,"Agrar-, Forst- u.Ernährungswiss., Veterinärmedizin",
2021-01-01T00:00:00.000Z,Saarland,Theologische Hochschulen,Geisteswissenschaften,
2021-01-01T00:00:00.000Z,Niedersachsen,Medizinische Einrichtungen der Universitäten,"Rechts-, Wirtschafts- und Sozialwissenschaften",
2022-01-01T00:00:00.000Z,Hessen,Theologische Hochschulen,"Rechts-, Wirtschafts- und Sozialwissenschaften",
2020-01-01T00:00:00.000Z,Bayern,Medizinische Einrichtungen der Universitäten,"Rechts-, Wirtschafts- und Sozialwissenschaften",
2019-01-01T00:00:00.000Z,Baden-Württemberg,Verwaltungsfachhochschulen,Sport,
2020-01-01T00:00:00.000Z,Brandenburg,Fachhochschulen,Geisteswissenschaften,4805000.0
2022-01-01T00:00:00.000Z,Hamburg,Fachhochschulen,Geisteswissenschaften,3608000.0
2020-01-01T00:00:00.000Z,Sachsen,Kunsthochschulen,Humanmedizin/Gesundheitswissenschaften,
2019-01-01T00:00:00.000Z,Mecklenburg-Vorpommern,Verwaltungsfachhochschulen,Ingenieurwissenschaften,
2022-01-01T00:00:00.000Z,Nordrhein-Westfalen,Theologische Hochschulen,"Rechts-, Wirtschafts- und Sozialwissenschaften",
2022-01-01T00:00:00.000Z,Brandenburg,Kunsthochschulen,Ingenieurwissenschaften,
2020-01-01T00:00:00.000Z,Bremen,Theologische Hochschulen,"Rechts-, Wirtschafts- und Sozialwissenschaften",
2020-01-01T00:00:00.000Z,Mecklenburg-Vorpommern,Universitäten (ohne Medizinische Einrichtungen),Ingenieurwissenschaften,4.9361E7
2020-01-01T00:00:00.000Z,Niedersachsen,Fachhochschulen,Geisteswissenschaften,7885000.0
2022-01-01T00:00:00.000Z,Hamburg,Universitäten (ohne Medizinische Einrichtungen),Humanmedizin/Gesundheitswissenschaften,
2020-01-01T00:00:00.000Z,Nordrhein-Westfalen,Universitäten (ohne Medizinische Einrichtungen),"Mathematik, Naturwissenschaften",9.32915E8
2021-01-01T00:00:00.000Z,Sachsen-Anhalt,Kunsthochschulen,Geisteswissenschaften,
2021-01-01T00:00:00.000Z,Berlin,Kunsthochschulen,"Agrar-, Forst- u.Ernährungswiss., Veterinärmedizin",
2022-01-01T00:00:00.000Z,Sachsen-Anhalt,Theologische Hochschulen,Sport,
2021-01-01T00:00:00.000Z,Baden-Württemberg,Fachhochschulen,Zentr.Einrichtungen (o. klinikspez. Einrichtungen),5.65388E8
2021-01-01T00:00:00.000Z,Sachsen-Anhalt,Kunsthochschulen,Ingenieurwissenschaften,596000.0
2022-01-01T00:00:00.000Z,Sachsen,Theologische Hochschulen,Zentr.Einrichtungen (o. klinikspez. Einrichtungen),
2022-01-01T00:00:00.000Z,Mecklenburg-Vorpommern,Medizinische Einrichtungen der Universitäten,Sport,
2022-01-01T00:00:00.000Z,Bayern,Verwaltungsfachhochschulen,"Agrar-, Forst- u.Ernährungswiss., Veterinärmedizin",
2022-01-01T00:00:00.000Z,Bremen,Medizinische Einrichtungen der Universitäten,"Kunst, Kunstwissenschaft",
2019-01-01T00:00:00.000Z,Berlin,Medizinische Einrichtungen der Universitäten,Humanmedizin/Gesundheitswissenschaften,1.989962E9
2019-01-01T00:00:00.000Z,Bayern,Theologische Hochschulen,"Agrar-, Forst- u.Ernährungswiss., Veterinärmedizin",
2020-01-01T00:00:00.000Z,Bremen,Kunsthochschulen,Ingenieurwissenschaften,
2021-01-01T00:00:00.000Z,Hamburg,Medizinische Einrichtungen der Universitäten,Sport,
2022-01-01T00:00:00.000Z,Bayern,Pädagogische Hochschulen,Zentr.Einrichtungen (o. klinikspez. Einrichtungen),
2019-01-01T00:00:00.000Z,Saarland,Fachhochschulen,"Kunst, Kunstwissenschaft",
2019-01-01T00:00:00.000Z,Thüringen,Medizinische Einrichtungen der Universitäten,"Rechts-, Wirtschafts- und Sozialwissenschaften",
2020-01-01T00:00:00.000Z,Bremen,Universitäten (ohne Medizinische Einrichtungen),"Agrar-, Forst- u.Ernährungswiss., Veterinärmedizin",
2021-01-01T00:00:00.000Z,Schleswig-Holstein,Pädagogische Hochschulen,Humanmedizin/Gesundheitswissenschaften,
2020-01-01T00:00:00.000Z,Rheinland-Pfalz,Universitäten (ohne Medizinische Einrichtungen),Geisteswissenschaften,8.0932E7
2020-01-01T00:00:00.000Z,Brandenburg,Verwaltungsfachhochschulen,Ingenieurwissenschaften,
2021-01-01T00:00:00.000Z,Hessen,Fachhochschulen,"Kunst, Kunstwissenschaft",1.4158E7
2021-01-01T00:00:00.000Z,Niedersachsen,Pädagogische Hochschulen,Humanmedizin/Gesundheitswissenschaften,
2021-01-01T00:00:00.000Z,Niedersachsen,Verwaltungsfachhochschulen,Sport,
2019-01-01T00:00:00.000Z,Schleswig-Holstein,Theologische Hochschulen,"Mathematik, Naturwissenschaften",
2019-01-01T00:00:00.000Z,Thüringen,Universitäten (ohne Medizinische Einrichtungen),"Agrar-, Forst- u.Ernährungswiss., Veterinärmedizin",3678000.0
2019-01-01T00:00:00.000Z,Nordrhein-Westfalen,Universitäten (ohne Medizinische Einrichtungen),Ingenieurwissenschaften,9.6306E8
2020-01-01T00:00:00.000Z,Nordrhein-Westfalen,Verwaltungsfachhochschulen,Zentr.Einrichtungen (o. klinikspez. Einrichtungen),5.0885E7
2021-01-01T00:00:00.000Z,Mecklenburg-Vorpommern,Kunsthochschulen,Geisteswissenschaften,
2022-01-01T00:00:00.000Z,Saarland,Kunsthochschulen,Humanmedizin/Gesundheitswissenschaften,
2022-01-01T00:00:00.000Z,Sachsen,Verwaltungsfachhochschulen,"Agrar-, Forst- u.Ernährungswiss., Veterinärmedizin",
2020-01-01T00:00:00.000Z,Thüringen,Fachhochschulen,"Agrar-, Forst- u.Ernährungswiss., Veterinärmedizin",7326000.0
2020-01-01T00:00:00.000Z,Niedersachsen,Verwaltungsfachhochschulen,"Kunst, Kunstwissenschaft",
2020-01-01T00:00:00.000Z,Schleswig-Holstein,Pädagogische Hochschulen,Zentr.Einrichtungen (o. klinikspez. Einrichtungen),
2019-01-01T00:00:00.000Z,Thüringen,Kunsthochschulen,Ingenieurwissenschaften,
2021-01-01T00:00:00.000Z,Thüringen,Pädagogische Hochschulen,"Agrar-, Forst- u.Ernährungswiss., Veterinärmedizin",
2019-01-01T00:00:00.000Z,Hessen,Theologische Hochschulen,Geisteswissenschaften,1.1826E7
2022-01-01T00:00:00.000Z,Saarland,Universitäten (ohne Medizinische Einrichtungen),Sport,1807000.0
2019-01-01T00:00:00.000Z,Saarland,Pädagogische Hochschulen,Geisteswissenschaften,
2019-01-01T00:00:00.000Z,Sachsen-Anhalt,Theologische Hochschulen,"Mathematik, Naturwissenschaften",
2022-01-01T00:00:00.000Z,Berlin,Medizinische Einrichtungen der Universitäten,"Rechts-, Wirtschafts- und Sozialwissenschaften",
2020-01-01T00:00:00.000Z,Saarland,Pädagogische Hochschulen,"Kunst, Kunstwissenschaft",
2022-01-01T00:00:00.000Z,Baden-Württemberg,Kunsthochschulen,Sport,
2020-01-01T00:00:00.000Z,Hamburg,Theologische Hochschulen,Sport,
2020-01-01T00:00:00.000Z,Rheinland-Pfalz,Pädagogische Hochschulen,Zentr.Einrichtungen (o. klinikspez. Einrichtungen),
2021-01-01T00:00:00.000Z,Brandenburg,Universitäten (ohne Medizinische Einrichtungen),Ingenieurwissenschaften,7.5726E7
2019-01-01T00:00:00.000Z,Rheinland-Pfalz,Kunsthochschulen,Zentr.Einrichtungen (o. klinikspez. Einrichtungen),
2020-01-01T00:00:00.000Z,Nordrhein-Westfalen,Universitäten (ohne Medizinische Einrichtungen),"Kunst, Kunstwissenschaft",4.8267E7
2019-01-01T00:00:00.000Z,Hamburg,Verwaltungsfachhochschulen,Geisteswissenschaften,
2022-01-01T00:00:00.000Z,Baden-Württemberg,Theologische Hochschulen,"Kunst, Kunstwissenschaft",
2019-01-01T00:00:00.000Z,Nordrhein-Westfalen,Kunsthochschulen,"Kunst, Kunstwissenschaft",1.07602E8
2020-01-01T00:00:00.000Z,Saarland,Theologische Hochschulen,"Rechts-, Wirtschafts- und Sozialwissenschaften",
2019-01-01T00:00:00.000Z,Hessen,Medizinische Einrichtungen der Universitäten,Humanmedizin/Gesundheitswissenschaften,1.790998E9
2022-01-01T00:00:00.000Z,Berlin,Theologische Hochschulen,"Rechts-, Wirtschafts- und Sozialwissenschaften",
2021-01-01T00:00:00.000Z,Thüringen,Medizinische Einrichtungen der Universitäten,Sport,
2019-01-01T00:00:00.000Z,Saarland,Medizinische Einrichtungen der Universitäten,"Mathematik, Naturwissenschaften",
2020-01-01T00:00:00.000Z,Thüringen,Pädagogische Hochschulen,Geisteswissenschaften,
2020-01-01T00:00:00.000Z,Berlin,Medizinische Einrichtungen der Universitäten,Ingenieurwissenschaften,
2019-01-01T00:00:00.000Z,Sachsen-Anhalt,Theologische Hochschulen,Zentr.Einrichtungen (o. klinikspez. Einrichtungen),4213000.0
2021-01-01T00:00:00.000Z,Sachsen,Pädagogische Hochschulen,Zentr.Einrichtungen (o. klinikspez. Einrichtungen),
2020-01-01T00:00:00.000Z,Bremen,Theologische Hochschulen,Geisteswissenschaften,
2019-01-01T00:00:00.000Z,Thüringen,Kunsthochschulen,Humanmedizin/Gesundheitswissenschaften,
2019-01-01T00:00:00.000Z,Brandenburg,Kunsthochschulen,Sport,
2020-01-01T00:00:00.000Z,Mecklenburg-Vorpommern,Medizinische Einrichtungen der Universitäten,"Agrar-, Forst- u.Ernährungswiss., Veterinärmedizin",
2019-01-01T00:00:00.000Z,Nordrhein-Westfalen,Fachhochschulen,Geisteswissenschaften,1.0709E7
2020-01-01T00:00:00.000Z,Berlin,Pädagogische Hochschulen,Sport,
2020-01-01T00:00:00.000Z,Schleswig-Holstein,Pädagogische Hochschulen,"Rechts-, Wirtschafts- und Sozialwissenschaften",
2020-01-01T00:00:00.000Z,Sachsen,Universitäten (ohne Medizinische Einrichtungen),"Agrar-, Forst- u.Ernährungswiss., Veterinärmedizin",4.5652E7
2022-01-01T00:00:00.000Z,Bayern,Fachhochschulen,Ingenieurwissenschaften,3.88571E8
2020-01-01T00:00:00.000Z,Hessen,Theologische Hochschulen,Humanmedizin/Gesundheitswissenschaften,
2021-01-01T00:00:00.000Z,Hessen,Medizinische Einrichtungen der Universitäten,Ingenieurwissenschaften,
2022-01-01T00:00:00.000Z,Rheinland-Pfalz,Medizinische Einrichtungen der Universitäten,Humanmedizin/Gesundheitswissenschaften,1.044588E9
2020-01-01T00:00:00.000Z,Nordrhein-Westfalen,Verwaltungsfachhochschulen,Ingenieurwissenschaften,1107000.0
2020-01-01T00:00:00.000Z,Thüringen,Fachhochschulen,"Rechts-, Wirtschafts- und Sozialwissenschaften",2.14016E8
2019-01-01T00:00:00.000Z,Saarland,Fachhochschulen,Sport,
2022-01-01T00:00:00.000Z,Bremen,Theologische Hochschulen,"Mathematik, Naturwissenschaften",
2020-01-01T00:00:00.000Z,Baden-Württemberg,Medizinische Einrichtungen der Universitäten,"Agrar-, Forst- u.Ernährungswiss., Veterinärmedizin",
2021-01-01T00:00:00.000Z,Saarland,Universitäten (ohne Medizinische Einrichtungen),Ingenieurwissenschaften,3.2238E7
2021-01-01T00:00:00.000Z,Sachsen-Anhalt,Theologische Hochschulen,"Rechts-, Wirtschafts- und Sozialwissenschaften",622000.0
2019-01-01T00:00:00.000Z,Saarland,Verwaltungsfachhochschulen,"Rechts-, Wirtschafts- und Sozialwissenschaften",2079000.0
2019-01-01T00:00:00.000Z,Bremen,Verwaltungsfachhochschulen,"Mathematik, Naturwissenschaften",
2020-01-01T00:00:00.000Z,Rheinland-Pfalz,Verwaltungsfachhochschulen,Sport,
2022-01-01T00:00:00.000Z,Berlin,Theologische Hochschulen,"Kunst, Kunstwissenschaft",
2021-01-01T00:00:00.000Z,Sachsen-Anhalt,Medizinische Einrichtungen der Universitäten,Humanmedizin/Gesundheitswissenschaften,1.150591E9
2020-01-01T00:00:00.000Z,Bayern,Medizinische Einrichtungen der Universitäten,"Kunst, Kunstwissenschaft",
2021-01-01T00:00:00.000Z,Saarland,Verwaltungsfachhochschulen,Sport,
2022-01-01T00:00:00.000Z,Schleswig-Holstein,Theologische Hochschulen,"Agrar-, Forst- u.Ernährungswiss., Veterinärmedizin",
2022-01-01T00:00:00.000Z,Baden-Württemberg,Universitäten (ohne Medizinische Einrichtungen),Humanmedizin/Gesundheitswissenschaften,
2021-01-01T00:00:00.000Z,Schleswig-Holstein,Kunsthochschulen,Ingenieurwissenschaften,
2022-01-01T00:00:00.000Z,Mecklenburg-Vorpommern,Fachhochschulen,Sport,
2019-01-01T00:00:00.000Z,Hessen,Fachhochschulen,Zentr.Einrichtungen (o. klinikspez. Einrichtungen),2.72278E8
2021-01-01T00:00:00.000Z,Sachsen,Verwaltungsfachhochschulen,"Rechts-, Wirtschafts- und Sozialwissenschaften",1.4971E7
2020-01-01T00:00:00.000Z,Sachsen-Anhalt,Verwaltungsfachhochschulen,Zentr.Einrichtungen (o. klinikspez. Einrichtungen),
2021-01-01T00:00:00.000Z,Saarland,Medizinische Einrichtungen der Universitäten,Humanmedizin/Gesundheitswissenschaften,6.87352E8
2021-01-01T00:00:00.000Z,Niedersachsen,Pädagogische Hochschulen,Sport,
2022-01-01T00:00:00.000Z,Nordrhein-Westfalen,Universitäten (ohne Medizinische Einrichtungen),Sport,5.4256E7
2020-01-01T00:00:00.000Z,Saarland,Medizinische Einrichtungen der Universitäten,"Rechts-, Wirtschafts- und Sozialwissenschaften",
2021-01-01T00:00:00.000Z,Schleswig-Holstein,Verwaltungsfachhochschulen,Geisteswissenschaften,
2021-01-01T00:00:00.000Z,Bayern,Theologische Hochschulen,"Rechts-, Wirtschafts- und Sozialwissenschaften",
2020-01-01T00:00:00.000Z,Bayern,Universitäten (ohne Medizinische Einrichtungen),"Agrar-, Forst- u.Ernährungswiss., Veterinärmedizin",1.62836E8
2019-01-01T00:00:00.000Z,Thüringen,Universitäten (ohne Medizinische Einrichtungen),Humanmedizin/Gesundheitswissenschaften,
2021-01-01T00:00:00.000Z,Thüringen,Kunsthochschulen,"Mathematik, Naturwissenschaften",
2021-01-01T00:00:00.000Z,Schleswig-Holstein,Universitäten (ohne Medizinische Einrichtungen),Zentr.Einrichtungen (o. klinikspez. Einrichtungen),1.79676E8
2019-01-01T00:00:00.000Z,Niedersachsen,Medizinische Einrichtungen der Universitäten,Sport,
2020-01-01T00:00:00.000Z,Niedersachsen,Universitäten (ohne Medizinische Einrichtungen),Sport,9785000.0
2020-01-01T00:00:00.000Z,Mecklenburg-Vorpommern,Medizinische Einrichtungen der Universitäten,Zentr.Einrichtungen (o. klinikspez. Einrichtungen),
2021-01-01T00:00:00.000Z,Baden-Württemberg,Verwaltungsfachhochschulen,"Mathematik, Naturwissenschaften",
2022-01-01T00:00:00.000Z,Sachsen-Anhalt,Pädagogische Hochschulen,"Agrar-, Forst- u.Ernährungswiss., Veterinärmedizin",
2022-01-01T00:00:00.000Z,Schleswig-Holstein,Kunsthochschulen,"Kunst, Kunstwissenschaft",1.5127E7
2021-01-01T00:00:00.000Z,Nordrhein-Westfalen,Medizinische Einrichtungen der Universitäten,Humanmedizin/Gesundheitswissenschaften,6.844078E9
2019-01-01T00:00:00.000Z,Hamburg,Medizinische Einrichtungen der Universitäten,Ingenieurwissenschaften,
2022-01-01T00:00:00.000Z,Bremen,Medizinische Einrichtungen der Universitäten,Geisteswissenschaften,
2022-01-01T00:00:00.000Z,Hessen,Fachhochschulen,Zentr.Einrichtungen (o. klinikspez. Einrichtungen),3.27915E8
2022-01-01T00:00:00.000Z,Thüringen,Medizinische Einrichtungen der Universitäten,Zentr.Einrichtungen (o. klinikspez. Einrichtungen),
2020-01-01T00:00:00.000Z,Hessen,Pädagogische Hochschulen,"Mathematik, Naturwissenschaften",
2019-01-01T00:00:00.000Z,Bayern,Theologische Hochschulen,"Mathematik, Naturwissenschaften",
2021-01-01T00:00:00.000Z,Sachsen-Anhalt,Fachhochschulen,Humanmedizin/Gesundheitswissenschaften,
2021-01-01T00:00:00.000Z,Thüringen,Pädagogische Hochschulen,Ingenieurwissenschaften,
2019-01-01T00:00:00.000Z,Brandenburg,Verwaltungsfachhochschulen,"Rechts-, Wirtschafts- und Sozialwissenschaften",5.1055E7
2021-01-01T00:00:00.000Z,Sachsen-Anhalt,Universitäten (ohne Medizinische Einrichtungen),Zentr.Einrichtungen (o. klinikspez. Einrichtungen),2.1172E8
2022-01-01T00:00:00.000Z,Niedersachsen,Medizinische Einrichtungen der Universitäten,"Mathematik, Naturwissenschaften",
2021-01-01T00:00:00.000Z,Saarland,Medizinische Einrichtungen der Universitäten,Zentr.Einrichtungen (o. klinikspez. Einrichtungen),
2020-01-01T00:00:00.000Z,Hamburg,Pädagogische Hochschulen,Humanmedizin/Gesundheitswissenschaften,
2021-01-01T00:00:00.000Z,Hessen,Verwaltungsfachhochschulen,"Mathematik, Naturwissenschaften",938000.0
2021-01-01T00:00:00.000Z,Bremen,Fachhochschulen,"Kunst, Kunstwissenschaft",
2022-01-01T00:00:00.000Z,Bayern,Verwaltungsfachhochschulen,"Rechts-, Wirtschafts- und Sozialwissenschaften",6.6283E7
2022-01-01T00:00:00.000Z,Berlin,Universitäten (ohne Medizinische Einrichtungen),Sport,3756000.0
2020-01-01T00:00:00.000Z,Berlin,Kunsthochschulen,"Mathematik, Naturwissenschaften",
2022-01-01T00:00:00.000Z,Brandenburg,Medizinische Einrichtungen der Universitäten,Sport,
2021-01-01T00:00:00.000Z,Bremen,Fachhochschulen,Geisteswissenschaften,
2021-01-01T00:00:00.000Z,Schleswig-Holstein,Medizinische Einrichtungen der Universitäten,Sport,
2022-01-01T00:00:00.000Z,Rheinland-Pfalz,Medizinische Einrichtungen der Universitäten,Sport,
2021-01-01T00:00:00.000Z,Hessen,Universitäten (ohne Medizinische Einrichtungen),"Rechts-, Wirtschafts- und Sozialwissenschaften",3.16468E8
2022-01-01T00:00:00.000Z,Nordrhein-Westfalen,Theologische Hochschulen,Sport,
2019-01-01T00:00:00.000Z,Hessen,Pädagogische Hochschulen,"Mathematik, Naturwissenschaften",
2020-01-01T00:00:00.000Z,Berlin,Verwaltungsfachhochschulen,"Mathematik, Naturwissenschaften",
2020-01-01T00:00:00.000Z,Berlin,Medizinische Einrichtungen der Universitäten,Zentr.Einrichtungen (o. klinikspez. Einrichtungen),
2021-01-01T00:00:00.000Z,Thüringen,Universitäten (ohne Medizinische Einrichtungen),"Mathematik, Naturwissenschaften",1.21459E8
2021-01-01T00:00:00.000Z,Rheinland-Pfalz,Kunsthochschulen,Sport,
2021-01-01T00:00:00.000Z,Baden-Württemberg,Universitäten (ohne Medizinische Einrichtungen),Sport,2.2669E7
2021-01-01T00:00:00.000Z,Schleswig-Holstein,Theologische Hochschulen,"Rechts-, Wirtschafts- und Sozialwissenschaften",
2022-01-01T00:00:00.000Z,Saarland,Medizinische Einrichtungen der Universitäten,"Mathematik, Naturwissenschaften",
2020-01-01T00:00:00.000Z,Baden-Württemberg,Verwaltungsfachhochschulen,"Agrar-, Forst- u.Ernährungswiss., Veterinärmedizin",
2022-01-01T00:00:00.000Z,Brandenburg,Kunsthochschulen,Humanmedizin/Gesundheitswissenschaften,
2022-01-01T00:00:00.000Z,Nordrhein-Westfalen,Universitäten (ohne Medizinische Einrichtungen),Ingenieurwissenschaften,1.079243E9
2021-01-01T00:00:00.000Z,Bremen,Verwaltungsfachhochschulen,Sport,
2020-01-01T00:00:00.000Z,Bremen,Theologische Hochschulen,Zentr.Einrichtungen (o. klinikspez. Einrichtungen),
2021-01-01T00:00:00.000Z,Hessen,Universitäten (ohne Medizinische Einrichtungen),"Agrar-, Forst- u.Ernährungswiss., Veterinärmedizin",8.9398E7
2019-01-01T00:00:00.000Z,Bremen,Fachhochschulen,Zentr.Einrichtungen (o. klinikspez. Einrichtungen),4.3787E7
2022-01-01T00:00:00.000Z,Sachsen-Anhalt,Verwaltungsfachhochschulen,Sport,
2020-01-01T00:00:00.000Z,Sachsen,Fachhochschulen,"Agrar-, Forst- u.Ernährungswiss., Veterinärmedizin",4430000.0
2022-01-01T00:00:00.000Z,Berlin,Fachhochschulen,"Rechts-, Wirtschafts- und Sozialwissenschaften",1.94005E8
2021-01-01T00:00:00.000Z,Hamburg,Kunsthochschulen,"Kunst, Kunstwissenschaft",2.7268E7
2020-01-01T00:00:00.000Z,Brandenburg,Pädagogische Hochschulen,"Mathematik, Naturwissenschaften",
2022-01-01T00:00:00.000Z,Hamburg,Universitäten (ohne Medizinische Einrichtungen),Geisteswissenschaften,8.6925E7
2020-01-01T00:00:00.000Z,Rheinland-Pfalz,Fachhochschulen,"Kunst, Kunstwissenschaft",1.0411E7
2022-01-01T00:00:00.000Z,Rheinland-Pfalz,Kunsthochschulen,Zentr.Einrichtungen (o. klinikspez. Einrichtungen),
2020-01-01T00:00:00.000Z,Hessen,Pädagogische Hochschulen,Geisteswissenschaften,
2020-01-01T00:00:00.000Z,Mecklenburg-Vorpommern,Verwaltungsfachhochschulen,"Agrar-, Forst- u.Ernährungswiss., Veterinärmedizin",
2021-01-01T00:00:00.000Z,Berlin,Kunsthochschulen,Sport,
2022-01-01T00:00:00.000Z,Schleswig-Holstein,Pädagogische Hochschulen,"Mathematik, Naturwissenschaften",
2021-01-01T00:00:00.000Z,Bayern,Kunsthochschulen,Ingenieurwissenschaften,730000.0
2022-01-01T00:00:00.000Z,Niedersachsen,Theologische Hochschulen,"Agrar-, Forst- u.Ernährungswiss., Veterinärmedizin",
2020-01-01T00:00:00.000Z,Nordrhein-Westfalen,Theologische Hochschulen,"Kunst, Kunstwissenschaft",3023000.0
2022-01-01T00:00:00.000Z,Bremen,Verwaltungsfachhochschulen,"Kunst, Kunstwissenschaft",
2019-01-01T00:00:00.000Z,Bremen,Medizinische Einrichtungen der Universitäten,Ingenieurwissenschaften,
2020-01-01T00:00:00.000Z,Niedersachsen,Universitäten (ohne Medizinische Einrichtungen),"Mathematik, Naturwissenschaften",3.58857E8
2020-01-01T00:00:00.000Z,Mecklenburg-Vorpommern,Universitäten (ohne Medizinische Einrichtungen),Geisteswissenschaften,2.5149E7
2022-01-01T00:00:00.000Z,Hessen,Pädagogische Hochschulen,Geisteswissenschaften,
2022-01-01T00:00:00.000Z,Brandenburg,Theologische Hochschulen,"Rechts-, Wirtschafts- und Sozialwissenschaften",
2020-01-01T00:00:00.000Z,Bayern,Verwaltungsfachhochschulen,"Kunst, Kunstwissenschaft",
2020-01-01T00:00:00.000Z,Bayern,Medizinische Einrichtungen der Universitäten,Geisteswissenschaften,
2021-01-01T00:00:00.000Z,Baden-Württemberg,Kunsthochschulen,"Agrar-, Forst- u.Ernährungswiss., Veterinärmedizin",
2021-01-01T00:00:00.000Z,Sachsen,Universitäten (ohne Medizinische Einrichtungen),"Kunst, Kunstwissenschaft",6398000.0
2022-01-01T00:00:00.000Z,Bremen,Universitäten (ohne Medizinische Einrichtungen),"Mathematik, Naturwissenschaften",9.7364E7
2020-01-01T00:00:00.000Z,Sachsen,Kunsthochschulen,Geisteswissenschaften,
2022-01-01T00:00:00.000Z,Hessen,Verwaltungsfachhochschulen,Geisteswissenschaften,
2021-01-01T00:00:00.000Z,Berlin,Pädagogische Hochschulen,Humanmedizin/Gesundheitswissenschaften,
2021-01-01T00:00:00.000Z,Brandenburg,Pädagogische Hochschulen,"Rechts-, Wirtschafts- und Sozialwissenschaften",
2019-01-01T00:00:00.000Z,Sachsen-Anhalt,Fachhochschulen,Ingenieurwissenschaften,4.7319E7
2022-01-01T00:00:00.000Z,Nordrhein-Westfalen,Medizinische Einrichtungen der Universitäten,"Kunst, Kunstwissenschaft",
2020-01-01T00:00:00.000Z,Bayern,Fachhochschulen,Sport,705000.0
2022-01-01T00:00:00.000Z,Hamburg,Pädagogische Hochschulen,"Mathematik, Naturwissenschaften",
2020-01-01T00:00:00.000Z,Niedersachsen,Fachhochschulen,Ingenieurwissenschaften,1.63029E8
2022-01-01T00:00:00.000Z,Baden-Württemberg,Kunsthochschulen,Zentr.Einrichtungen (o. klinikspez. Einrichtungen),2.409E7
2021-01-01T00:00:00.000Z,Hamburg,Fachhochschulen,Geisteswissenschaften,3214000.0
2019-01-01T00:00:00.000Z,Bayern,Fachhochschulen,Ingenieurwissenschaften,2.97382E8
2022-01-01T00:00:00.000Z,Mecklenburg-Vorpommern,Verwaltungsfachhochschulen,"Agrar-, Forst- u.Ernährungswiss., Veterinärmedizin",
2021-01-01T00:00:00.000Z,Saarland,Pädagogische Hochschulen,Humanmedizin/Gesundheitswissenschaften,
2022-01-01T00:00:00.000Z,Hessen,Pädagogische Hochschulen,"Kunst, Kunstwissenschaft",
2022-01-01T00:00:00.000Z,Bayern,Verwaltungsfachhochschulen,"Kunst, Kunstwissenschaft",
2022-01-01T00:00:00.000Z,Mecklenburg-Vorpommern,Pädagogische Hochschulen,"Rechts-, Wirtschafts- und Sozialwissenschaften",
2020-01-01T00:00:00.000Z,Mecklenburg-Vorpommern,Kunsthochschulen,Geisteswissenschaften,
2020-01-01T00:00:00.000Z,Niedersachsen,Kunsthochschulen,Ingenieurwissenschaften,
2019-01-01T00:00:00.000Z,Hessen,Theologische Hochschulen,Ingenieurwissenschaften,
2019-01-01T00:00:00.000Z,Saarland,Fachhochschulen,"Agrar-, Forst- u.Ernährungswiss., Veterinärmedizin",
2022-01-01T00:00:00.000Z,Nordrhein-Westfalen,Fachhochschulen,"Agrar-, Forst- u.Ernährungswiss., Veterinärmedizin",2.7443E7
2021-01-01T00:00:00.000Z,Schleswig-Holstein,Kunsthochschulen,Humanmedizin/Gesundheitswissenschaften,
2020-01-01T00:00:00.000Z,Sachsen,Theologische Hochschulen,"Mathematik, Naturwissenschaften",
2019-01-01T00:00:00.000Z,Sachsen-Anhalt,Pädagogische Hochschulen,"Kunst, Kunstwissenschaft",
2021-01-01T00:00:00.000Z,Saarland,Fachhochschulen,"Mathematik, Naturwissenschaften",
2019-01-01T00:00:00.000Z,Hessen,Universitäten (ohne Medizinische Einrichtungen),"Rechts-, Wirtschafts- und Sozialwissenschaften",3.08985E8
2022-01-01T00:00:00.000Z,Sachsen-Anhalt,Fachhochschulen,"Kunst, Kunstwissenschaft",4299000.0
2019-01-01T00:00:00.000Z,Niedersachsen,Fachhochschulen,"Kunst, Kunstwissenschaft",2.2302E7
2019-01-01T00:00:00.000Z,Thüringen,Fachhochschulen,Humanmedizin/Gesundheitswissenschaften,3673000.0
2021-01-01T00:00:00.000Z,Bayern,Medizinische Einrichtungen der Universitäten,"Rechts-, Wirtschafts- und Sozialwissenschaften",
2021-01-01T00:00:00.000Z,Sachsen-Anhalt,Verwaltungsfachhochschulen,"Mathematik, Naturwissenschaften",
2021-01-01T00:00:00.000Z,Hessen,Medizinische Einrichtungen der Universitäten,"Agrar-, Forst- u.Ernährungswiss., Veterinärmedizin",
2021-01-01T00:00:00.000Z,Berlin,Verwaltungsfachhochschulen,Geisteswissenschaften,
2022-01-01T00:00:00.000Z,Niedersachsen,Fachhochschulen,Ingenieurwissenschaften,1.81194E8
2022-01-01T00:00:00.000Z,Niedersachsen,Kunsthochschulen,"Mathematik, Naturwissenschaften",
2019-01-01T00:00:00.000Z,Brandenburg,Medizinische Einrichtungen der Universitäten,Humanmedizin/Gesundheitswissenschaften,8747000.0
2019-01-01T00:00:00.000Z,Hessen,Fachhochschulen,Sport,
2021-01-01T00:00:00.000Z,Brandenburg,Pädagogische Hochschulen,Humanmedizin/Gesundheitswissenschaften,
2019-01-01T00:00:00.000Z,Mecklenburg-Vorpommern,Medizinische Einrichtungen der Universitäten,"Mathematik, Naturwissenschaften",
2020-01-01T00:00:00.000Z,Niedersachsen,Universitäten (ohne Medizinische Einrichtungen),"Agrar-, Forst- u.Ernährungswiss., Veterinärmedizin",1.47953E8
2021-01-01T00:00:00.000Z,Thüringen,Fachhochschulen,Zentr.Einrichtungen (o. klinikspez. Einrichtungen),6.5449E7
2020-01-01T00:00:00.000Z,Hamburg,Pädagogische Hochschulen,"Mathematik, Naturwissenschaften",
2020-01-01T00:00:00.000Z,Hamburg,Theologische Hochschulen,Ingenieurwissenschaften,
2020-01-01T00:00:00.000Z,Bayern,Medizinische Einrichtungen der Universitäten,Ingenieurwissenschaften,
2022-01-01T00:00:00.000Z,Rheinland-Pfalz,Pädagogische Hochschulen,"Kunst, Kunstwissenschaft",
2021-01-01T00:00:00.000Z,Thüringen,Theologische Hochschulen,"Mathematik, Naturwissenschaften",
2021-01-01T00:00:00.000Z,Baden-Württemberg,Pädagogische Hochschulen,"Rechts-, Wirtschafts- und Sozialwissenschaften",3.9993E7
2021-01-01T00:00:00.000Z,Berlin,Pädagogische Hochschulen,Geisteswissenschaften,
2022-01-01T00:00:00.000Z,Thüringen,Medizinische Einrichtungen der Universitäten,Geisteswissenschaften,
2020-01-01T00:00:00.000Z,Hamburg,Verwaltungsfachhochschulen,"Kunst, Kunstwissenschaft",
2020-01-01T00:00:00.000Z,Rheinland-Pfalz,Verwaltungsfachhochschulen,"Rechts-, Wirtschafts- und Sozialwissenschaften",7.3193E7
2019-01-01T00:00:00.000Z,Hamburg,Verwaltungsfachhochschulen,"Agrar-, Forst- u.Ernährungswiss., Veterinärmedizin",
2022-01-01T00:00:00.000Z,Saarland,Kunsthochschulen,"Agrar-, Forst- u.Ernährungswiss., Veterinärmedizin",
2022-01-01T00:00:00.000Z,Rheinland-Pfalz,Kunsthochschulen,Geisteswissenschaften,
2022-01-01T00:00:00.000Z,Bayern,Kunsthochschulen,Humanmedizin/Gesundheitswissenschaften,
2022-01-01T00:00:00.000Z,Hessen,Pädagogische Hochschulen,Zentr.Einrichtungen (o. klinikspez. Einrichtungen),
2022-01-01T00:00:00.000Z,Bremen,Medizinische Einrichtungen der Universitäten,"Agrar-, Forst- u.Ernährungswiss., Veterinärmedizin",
2020-01-01T00:00:00.000Z,Schleswig-Holstein,Medizinische Einrichtungen der Universitäten,Zentr.Einrichtungen (o. klinikspez. Einrichtungen),
2019-01-01T00:00:00.000Z,Nordrhein-Westfalen,Theologische Hochschulen,Humanmedizin/Gesundheitswissenschaften,
2021-01-01T00:00:00.000Z,Mecklenburg-Vorpommern,Pädagogische Hochschulen,Humanmedizin/Gesundheitswissenschaften,
2021-01-01T00:00:00.000Z,Sachsen-Anhalt,Medizinische Einrichtungen der Universitäten,"Rechts-, Wirtschafts- und Sozialwissenschaften",
2022-01-01T00:00:00.000Z,Baden-Württemberg,Kunsthochschulen,Humanmedizin/Gesundheitswissenschaften,
2020-01-01T00:00:00.000Z,Niedersachsen,Fachhochschulen,Zentr.Einrichtungen (o. klinikspez. Einrichtungen),1.84554E8
2019-01-01T00:00:00.000Z,Brandenburg,Theologische Hochschulen,Ingenieurwissenschaften,
2022-01-01T00:00:00.000Z,Schleswig-Holstein,Theologische Hochschulen,Geisteswissenschaften,
2021-01-01T00:00:00.000Z,Brandenburg,Pädagogische Hochschulen,Zentr.Einrichtungen (o. klinikspez. Einrichtungen),
2019-01-01T00:00:00.000Z,Hamburg,Kunsthochschulen,Ingenieurwissenschaften,
2020-01-01T00:00:00.000Z,Thüringen,Kunsthochschulen,"Rechts-, Wirtschafts- und Sozialwissenschaften",
2019-01-01T00:00:00.000Z,Bayern,Kunsthochschulen,Zentr.Einrichtungen (o. klinikspez. Einrichtungen),2.2557E7
2020-01-01T00:00:00.000Z,Hamburg,Medizinische Einrichtungen der Universitäten,Zentr.Einrichtungen (o. klinikspez. Einrichtungen),
2019-01-01T00:00:00.000Z,Saarland,Verwaltungsfachhochschulen,"Agrar-, Forst- u.Ernährungswiss., Veterinärmedizin",
2020-01-01T00:00:00.000Z,Sachsen-Anhalt,Pädagogische Hochschulen,"Rechts-, Wirtschafts- und Sozialwissenschaften",
2020-01-01T00:00:00.000Z,Saarland,Theologische Hochschulen,Geisteswissenschaften,
2021-01-01T00:00:00.000Z,Berlin,Kunsthochschulen,"Rechts-, Wirtschafts- und Sozialwissenschaften",
2019-01-01T00:00:00.000Z,Hessen,Universitäten (ohne Medizinische Einrichtungen),Sport,1.4186E7
2022-01-01T00:00:00.000Z,Sachsen,Kunsthochschulen,"Agrar-, Forst- u.Ernährungswiss., Veterinärmedizin",
2020-01-01T00:00:00.000Z,Saarland,Theologische Hochschulen,Ingenieurwissenschaften,
2020-01-01T00:00:00.000Z,Thüringen,Medizinische Einrichtungen der Universitäten,"Kunst, Kunstwissenschaft",
2022-01-01T00:00:00.000Z,Rheinland-Pfalz,Universitäten (ohne Medizinische Einrichtungen),Ingenieurwissenschaften,1.11969E8
2021-01-01T00:00:00.000Z,Mecklenburg-Vorpommern,Verwaltungsfachhochschulen,Geisteswissenschaften,
2021-01-01T00:00:00.000Z,Hamburg,Verwaltungsfachhochschulen,Humanmedizin/Gesundheitswissenschaften,
2019-01-01T00:00:00.000Z,Brandenburg,Universitäten (ohne Medizinische Einrichtungen),"Agrar-, Forst- u.Ernährungswiss., Veterinärmedizin",3814000.0
2022-01-01T00:00:00.000Z,Saarland,Universitäten (ohne Medizinische Einrichtungen),"Rechts-, Wirtschafts- und Sozialwissenschaften",2.7463E7
2020-01-01T00:00:00.000Z,Rheinland-Pfalz,Kunsthochschulen,"Kunst, Kunstwissenschaft",
2021-01-01T00:00:00.000Z,Sachsen,Theologische Hochschulen,"Mathematik, Naturwissenschaften",
2019-01-01T00:00:00.000Z,Saarland,Theologische Hochschulen,"Agrar-, Forst- u.Ernährungswiss., Veterinärmedizin",
2020-01-01T00:00:00.000Z,Hamburg,Medizinische Einrichtungen der Universitäten,"Rechts-, Wirtschafts- und Sozialwissenschaften",
2019-01-01T00:00:00.000Z,Hamburg,Fachhochschulen,Sport,
2020-01-01T00:00:00.000Z,Brandenburg,Verwaltungsfachhochschulen,Zentr.Einrichtungen (o. klinikspez. Einrichtungen),5005000.0
2020-01-01T00:00:00.000Z,Rheinland-Pfalz,Kunsthochschulen,"Mathematik, Naturwissenschaften",
2022-01-01T00:00:00.000Z,Saarland,Kunsthochschulen,"Rechts-, Wirtschafts- und Sozialwissenschaften",
2021-01-01T00:00:00.000Z,Thüringen,Pädagogische Hochschulen,Geisteswissenschaften,
2020-01-01T00:00:00.000Z,Sachsen-Anhalt,Pädagogische Hochschulen,Sport,
2020-01-01T00:00:00.000Z,Hessen,Medizinische Einrichtungen der Universitäten,Zentr.Einrichtungen (o. klinikspez. Einrichtungen),
2021-01-01T00:00:00.000Z,Mecklenburg-Vorpommern,Universitäten (ohne Medizinische Einrichtungen),Ingenieurwissenschaften,4.9574E7
2022-01-01T00:00:00.000Z,Thüringen,Theologische Hochschulen,"Kunst, Kunstwissenschaft",
2019-01-01T00:00:00.000Z,Hessen,Pädagogische Hochschulen,Zentr.Einrichtungen (o. klinikspez. Einrichtungen),
2020-01-01T00:00:00.000Z,Sachsen,Universitäten (ohne Medizinische Einrichtungen),"Rechts-, Wirtschafts- und Sozialwissenschaften",1.47096E8
2021-01-01T00:00:00.000Z,Nordrhein-Westfalen,Pädagogische Hochschulen,"Mathematik, Naturwissenschaften",
2020-01-01T00:00:00.000Z,Nordrhein-Westfalen,Medizinische Einrichtungen der Universitäten,Zentr.Einrichtungen (o. klinikspez. Einrichtungen),
2021-01-01T00:00:00.000Z,Schleswig-Holstein,Universitäten (ohne Medizinische Einrichtungen),Sport,3292000.0
2022-01-01T00:00:00.000Z,Sachsen,Verwaltungsfachhochschulen,"Rechts-, Wirtschafts- und Sozialwissenschaften",2.3769E7
2020-01-01T00:00:00.000Z,Sachsen-Anhalt,Pädagogische Hochschulen,"Agrar-, Forst- u.Ernährungswiss., Veterinärmedizin",
2022-01-01T00:00:00.000Z,Sachsen,Medizinische Einrichtungen der Universitäten,Geisteswissenschaften,
2022-01-01T00:00:00.000Z,Rheinland-Pfalz,Universitäten (ohne Medizinische Einrichtungen),"Agrar-, Forst- u.Ernährungswiss., Veterinärmedizin",
2020-01-01T00:00:00.000Z,Niedersachsen,Theologische Hochschulen,"Kunst, Kunstwissenschaft",
2020-01-01T00:00:00.000Z,Baden-Württemberg,Kunsthochschulen,"Kunst, Kunstwissenschaft",7.4526E7
2019-01-01T00:00:00.000Z,Rheinland-Pfalz,Fachhochschulen,"Kunst, Kunstwissenschaft",1.0347E7
2020-01-01T00:00:00.000Z,Hamburg,Kunsthochschulen,Zentr.Einrichtungen (o. klinikspez. Einrichtungen),8667000.0
2020-01-01T00:00:00.000Z,Hamburg,Verwaltungsfachhochschulen,Geisteswissenschaften,
2022-01-01T00:00:00.000Z,Thüringen,Kunsthochschulen,"Rechts-, Wirtschafts- und Sozialwissenschaften",
2022-01-01T00:00:00.000Z,Bayern,Verwaltungsfachhochschulen,Sport,
2021-01-01T00:00:00.000Z,Hessen,Verwaltungsfachhochschulen,"Agrar-, Forst- u.Ernährungswiss., Veterinärmedizin",
2020-01-01T00:00:00.000Z,Niedersachsen,Verwaltungsfachhochschulen,Ingenieurwissenschaften,
2021-01-01T00:00:00.000Z,Niedersachsen,Kunsthochschulen,"Agrar-, Forst- u.Ernährungswiss., Veterinärmedizin",
2020-01-01T00:00:00.000Z,Sachsen-Anhalt,Verwaltungsfachhochschulen,Sport,
2021-01-01T00:00:00.000Z,Thüringen,Pädagogische Hochschulen,Humanmedizin/Gesundheitswissenschaften,
2019-01-01T00:00:00.000Z,Saarland,Universitäten (ohne Medizinische Einrichtungen),"Rechts-, Wirtschafts- und Sozialwissenschaften",2.3846E7
2022-01-01T00:00:00.000Z,Hessen,Medizinische Einrichtungen der Universitäten,Ingenieurwissenschaften,
2022-01-01T00:00:00.000Z,Nordrhein-Westfalen,Theologische Hochschulen,Geisteswissenschaften,8267000.0
2021-01-01T00:00:00.000Z,Rheinland-Pfalz,Pädagogische Hochschulen,"Mathematik, Naturwissenschaften",
2022-01-01T00:00:00.000Z,Niedersachsen,Universitäten (ohne Medizinische Einrichtungen),"Mathematik, Naturwissenschaften",3.70442E8
2021-01-01T00:00:00.000Z,Rheinland-Pfalz,Theologische Hochschulen,Ingenieurwissenschaften,
2019-01-01T00:00:00.000Z,Thüringen,Verwaltungsfachhochschulen,Geisteswissenschaften,
2022-01-01T00:00:00.000Z,Hessen,Verwaltungsfachhochschulen,"Kunst, Kunstwissenschaft",
2021-01-01T00:00:00.000Z,Sachsen,Pädagogische Hochschulen,"Rechts-, Wirtschafts- und Sozialwissenschaften",
2019-01-01T00:00:00.000Z,Hamburg,Verwaltungsfachhochschulen,Ingenieurwissenschaften,
2020-01-01T00:00:00.000Z,Hessen,Fachhochschulen,Sport,
2019-01-01T00:00:00.000Z,Rheinland-Pfalz,Theologische Hochschulen,Zentr.Einrichtungen (o. klinikspez. Einrichtungen),1322000.0
2021-01-01T00:00:00.000Z,Bremen,Theologische Hochschulen,Sport,
2022-01-01T00:00:00.000Z,Schleswig-Holstein,Kunsthochschulen,"Mathematik, Naturwissenschaften",
2019-01-01T00:00:00.000Z,Hamburg,Pädagogische Hochschulen,"Agrar-, Forst- u.Ernährungswiss., Veterinärmedizin",
2021-01-01T00:00:00.000Z,Brandenburg,Medizinische Einrichtungen der Universitäten,Zentr.Einrichtungen (o. klinikspez. Einrichtungen),
2020-01-01T00:00:00.000Z,Thüringen,Fachhochschulen,"Mathematik, Naturwissenschaften",2154000.0
2022-01-01T00:00:00.000Z,Schleswig-Holstein,Kunsthochschulen,Humanmedizin/Gesundheitswissenschaften,
2019-01-01T00:00:00.000Z,Berlin,Theologische Hochschulen,"Agrar-, Forst- u.Ernährungswiss., Veterinärmedizin",
2020-01-01T00:00:00.000Z,Sachsen,Theologische Hochschulen,Geisteswissenschaften,
2021-01-01T00:00:00.000Z,Rheinland-Pfalz,Fachhochschulen,Zentr.Einrichtungen (o. klinikspez. Einrichtungen),1.02044E8
2019-01-01T00:00:00.000Z,Bayern,Theologische Hochschulen,Humanmedizin/Gesundheitswissenschaften,
2019-01-01T00:00:00.000Z,Sachsen-Anhalt,Universitäten (ohne Medizinische Einrichtungen),Humanmedizin/Gesundheitswissenschaften,
2021-01-01T00:00:00.000Z,Bremen,Universitäten (ohne Medizinische Einrichtungen),Ingenieurwissenschaften,1.135E8
2020-01-01T00:00:00.000Z,Saarland,Kunsthochschulen,Zentr.Einrichtungen (o. klinikspez. Einrichtungen),9927000.0
2021-01-01T00:00:00.000Z,Bayern,Universitäten (ohne Medizinische Einrichtungen),"Kunst, Kunstwissenschaft",3.174E7
2020-01-01T00:00:00.000Z,Mecklenburg-Vorpommern,Verwaltungsfachhochschulen,Sport,
2021-01-01T00:00:00.000Z,Bremen,Kunsthochschulen,"Agrar-, Forst- u.Ernährungswiss., Veterinärmedizin",
2019-01-01T00:00:00.000Z,Bayern,Verwaltungsfachhochschulen,"Kunst, Kunstwissenschaft",
2021-01-01T00:00:00.000Z,Sachsen-Anhalt,Kunsthochschulen,Zentr.Einrichtungen (o. klinikspez. Einrichtungen),1.1447E7
2020-01-01T00:00:00.000Z,Mecklenburg-Vorpommern,Verwaltungsfachhochschulen,Zentr.Einrichtungen (o. klinikspez. Einrichtungen),7479000.0
2022-01-01T00:00:00.000Z,Sachsen-Anhalt,Fachhochschulen,Sport,
2021-01-01T00:00:00.000Z,Nordrhein-Westfalen,Kunsthochschulen,"Rechts-, Wirtschafts- und Sozialwissenschaften",5031000.0
2021-01-01T00:00:00.000Z,Baden-Württemberg,Medizinische Einrichtungen der Universitäten,"Mathematik, Naturwissenschaften",
2020-01-01T00:00:00.000Z,Bayern,Pädagogische Hochschulen,"Rechts-, Wirtschafts- und Sozialwissenschaften",
2020-01-01T00:00:00.000Z,Hamburg,Theologische Hochschulen,"Kunst, Kunstwissenschaft",
2022-01-01T00:00:00.000Z,Nordrhein-Westfalen,Fachhochschulen,Ingenieurwissenschaften,4.73602E8
2021-01-01T00:00:00.000Z,Thüringen,Medizinische Einrichtungen der Universitäten,Zentr.Einrichtungen (o. klinikspez. Einrichtungen),
2020-01-01T00:00:00.000Z,Thüringen,Universitäten (ohne Medizinische Einrichtungen),Geisteswissenschaften,4.5292E7
2021-01-01T00:00:00.000Z,Hessen,Verwaltungsfachhochschulen,Ingenieurwissenschaften,60000.0
2019-01-01T00:00:00.000Z,Saarland,Medizinische Einrichtungen der Universitäten,Sport,
2021-01-01T00:00:00.000Z,Hamburg,Theologische Hochschulen,"Agrar-, Forst- u.Ernährungswiss., Veterinärmedizin",
2019-01-01T00:00:00.000Z,Niedersachsen,Fachhochschulen,Ingenieurwissenschaften,1.66854E8
2019-01-01T00:00:00.000Z,Bayern,Pädagogische Hochschulen,"Kunst, Kunstwissenschaft",
2021-01-01T00:00:00.000Z,Nordrhein-Westfalen,Medizinische Einrichtungen der Universitäten,Geisteswissenschaften,
2021-01-01T00:00:00.000Z,Hamburg,Universitäten (ohne Medizinische Einrichtungen),"Agrar-, Forst- u.Ernährungswiss., Veterinärmedizin",
2022-01-01T00:00:00.000Z,Sachsen,Fachhochschulen,Sport,
2022-01-01T00:00:00.000Z,Bayern,Fachhochschulen,"Kunst, Kunstwissenschaft",1.3028E7
2019-01-01T00:00:00.000Z,Berlin,Pädagogische Hochschulen,"Kunst, Kunstwissenschaft",
2019-01-01T00:00:00.000Z,Niedersachsen,Verwaltungsfachhochschulen,Zentr.Einrichtungen (o. klinikspez. Einrichtungen),
2021-01-01T00:00:00.000Z,Berlin,Universitäten (ohne Medizinische Einrichtungen),Zentr.Einrichtungen (o. klinikspez. Einrichtungen),5.80699E8
2019-01-01T00:00:00.000Z,Brandenburg,Verwaltungsfachhochschulen,Ingenieurwissenschaften,
2022-01-01T00:00:00.000Z,Niedersachsen,Medizinische Einrichtungen der Universitäten,Humanmedizin/Gesundheitswissenschaften,2.123202E9
2020-01-01T00:00:00.000Z,Berlin,Fachhochschulen,Zentr.Einrichtungen (o. klinikspez. Einrichtungen),7.3894E7
2020-01-01T00:00:00.000Z,Mecklenburg-Vorpommern,Fachhochschulen,"Kunst, Kunstwissenschaft",2121000.0
2019-01-01T00:00:00.000Z,Nordrhein-Westfalen,Pädagogische Hochschulen,Geisteswissenschaften,
2020-01-01T00:00:00.000Z,Bayern,Medizinische Einrichtungen der Universitäten,Humanmedizin/Gesundheitswissenschaften,5.381384E9
2020-01-01T00:00:00.000Z,Berlin,Theologische Hochschulen,"Mathematik, Naturwissenschaften",
2020-01-01T00:00:00.000Z,Thüringen,Fachhochschulen,"Kunst, Kunstwissenschaft",568000.0
2020-01-01T00:00:00.000Z,Saarland,Fachhochschulen,"Agrar-, Forst- u.Ernährungswiss., Veterinärmedizin",
2020-01-01T00:00:00.000Z,Nordrhein-Westfalen,Universitäten (ohne Medizinische Einrichtungen),"Rechts-, Wirtschafts- und Sozialwissenschaften",5.88445E8
2022-01-01T00:00:00.000Z,Thüringen,Verwaltungsfachhochschulen,Humanmedizin/Gesundheitswissenschaften,
2019-01-01T00:00:00.000Z,Nordrhein-Westfalen,Pädagogische Hochschulen,"Kunst, Kunstwissenschaft",
2019-01-01T00:00:00.000Z,Thüringen,Kunsthochschulen,"Agrar-, Forst- u.Ernährungswiss., Veterinärmedizin",
2021-01-01T00:00:00.000Z,Sachsen,Verwaltungsfachhochschulen,"Agrar-, Forst- u.Ernährungswiss., Veterinärmedizin",
2019-01-01T00:00:00.000Z,Berlin,Theologische Hochschulen,Geisteswissenschaften,
2022-01-01T00:00:00.000Z,Schleswig-Holstein,Pädagogische Hochschulen,Sport,
2020-01-01T00:00:00.000Z,Bayern,Universitäten (ohne Medizinische Einrichtungen),"Mathematik, Naturwissenschaften",7.99311E8
2021-01-01T00:00:00.000Z,Bayern,Theologische Hochschulen,"Kunst, Kunstwissenschaft",
2021-01-01T00:00:00.000Z,Hessen,Kunsthochschulen,Sport,
2020-01-01T00:00:00.000Z,Rheinland-Pfalz,Verwaltungsfachhochschulen,"Agrar-, Forst- u.Ernährungswiss., Veterinärmedizin",
2019-01-01T00:00:00.000Z,Baden-Württemberg,Universitäten (ohne Medizinische Einrichtungen),Sport,2.4799E7
2019-01-01T00:00:00.000Z,Hessen,Medizinische Einrichtungen der Universitäten,Sport,
2021-01-01T00:00:00.000Z,Sachsen-Anhalt,Theologische Hochschulen,Ingenieurwissenschaften,
2019-01-01T00:00:00.000Z,Saarland,Medizinische Einrichtungen der Universitäten,"Agrar-, Forst- u.Ernährungswiss., Veterinärmedizin",
2020-01-01T00:00:00.000Z,Sachsen,Universitäten (ohne Medizinische Einrichtungen),Humanmedizin/Gesundheitswissenschaften,
2021-01-01T00:00:00.000Z,Mecklenburg-Vorpommern,Theologische Hochschulen,Zentr.Einrichtungen (o. klinikspez. Einrichtungen),
2019-01-01T00:00:00.000Z,Bayern,Pädagogische Hochschulen,"Agrar-, Forst- u.Ernährungswiss., Veterinärmedizin",
2021-01-01T00:00:00.000Z,Nordrhein-Westfalen,Medizinische Einrichtungen der Universitäten,"Agrar-, Forst- u.Ernährungswiss., Veterinärmedizin",
2019-01-01T00:00:00.000Z,Nordrhein-Westfalen,Theologische Hochschulen,"Rechts-, Wirtschafts- und Sozialwissenschaften",
2022-01-01T00:00:00.000Z,Niedersachsen,Pädagogische Hochschulen,"Rechts-, Wirtschafts- und Sozialwissenschaften",
2019-01-01T00:00:00.000Z,Rheinland-Pfalz,Universitäten (ohne Medizinische Einrichtungen),Humanmedizin/Gesundheitswissenschaften,
2019-01-01T00:00:00.000Z,Niedersachsen,Universitäten (ohne Medizinische Einrichtungen),"Mathematik, Naturwissenschaften",3.64289E8
2022-01-01T00:00:00.000Z,Brandenburg,Medizinische Einrichtungen der Universitäten,"Agrar-, Forst- u.Ernährungswiss., Veterinärmedizin",
2021-01-01T00:00:00.000Z,Saarland,Universitäten (ohne Medizinische Einrichtungen),Zentr.Einrichtungen (o. klinikspez. Einrichtungen),1.38519E8
2022-01-01T00:00:00.000Z,Nordrhein-Westfalen,Fachhochschulen,"Kunst, Kunstwissenschaft",3.5445E7
2021-01-01T00:00:00.000Z,Thüringen,Verwaltungsfachhochschulen,Ingenieurwissenschaften,
2019-01-01T00:00:00.000Z,Saarland,Verwaltungsfachhochschulen,Geisteswissenschaften,
2022-01-01T00:00:00.000Z,Saarland,Fachhochschulen,"Mathematik, Naturwissenschaften",
2020-01-01T00:00:00.000Z,Niedersachsen,Pädagogische Hochschulen,"Rechts-, Wirtschafts- und Sozialwissenschaften",
2020-01-01T00:00:00.000Z,Schleswig-Holstein,Theologische Hochschulen,"Rechts-, Wirtschafts- und Sozialwissenschaften",
2021-01-01T00:00:00.000Z,Nordrhein-Westfalen,Pädagogische Hochschulen,Sport,
2019-01-01T00:00:00.000Z,Hamburg,Theologische Hochschulen,"Mathematik, Naturwissenschaften",
2019-01-01T00:00:00.000Z,Hessen,Kunsthochschulen,Humanmedizin/Gesundheitswissenschaften,
2021-01-01T00:00:00.000Z,Sachsen,Pädagogische Hochschulen,"Agrar-, Forst- u.Ernährungswiss., Veterinärmedizin",
2022-01-01T00:00:00.000Z,Brandenburg,Theologische Hochschulen,"Agrar-, Forst- u.Ernährungswiss., Veterinärmedizin",
2022-01-01T00:00:00.000Z,Nordrhein-Westfalen,Kunsthochschulen,Humanmedizin/Gesundheitswissenschaften,
2022-01-01T00:00:00.000Z,Mecklenburg-Vorpommern,Kunsthochschulen,Sport,
2020-01-01T00:00:00.000Z,Rheinland-Pfalz,Medizinische Einrichtungen der Universitäten,"Agrar-, Forst- u.Ernährungswiss., Veterinärmedizin",
2022-01-01T00:00:00.000Z,Bremen,Kunsthochschulen,Humanmedizin/Gesundheitswissenschaften,
2021-01-01T00:00:00.000Z,Baden-Württemberg,Theologische Hochschulen,"Mathematik, Naturwissenschaften",
2021-01-01T00:00:00.000Z,Saarland,Universitäten (ohne Medizinische Einrichtungen),"Agrar-, Forst- u.Ernährungswiss., Veterinärmedizin",
2019-01-01T00:00:00.000Z,Sachsen,Theologische Hochschulen,"Agrar-, Forst- u.Ernährungswiss., Veterinärmedizin",
2022-01-01T00:00:00.000Z,Berlin,Fachhochschulen,Ingenieurwissenschaften,1.15294E8
2022-01-01T00:00:00.000Z,Mecklenburg-Vorpommern,Theologische Hochschulen,"Agrar-, Forst- u.Ernährungswiss., Veterinärmedizin",
2022-01-01T00:00:00.000Z,Sachsen-Anhalt,Pädagogische Hochschulen,Zentr.Einrichtungen (o. klinikspez. Einrichtungen),
2021-01-01T00:00:00.000Z,Berlin,Universitäten (ohne Medizinische Einrichtungen),"Mathematik, Naturwissenschaften",2.50123E8
2020-01-01T00:00:00.000Z,Bayern,Verwaltungsfachhochschulen,Sport,
2022-01-01T00:00:00.000Z,Sachsen,Theologische Hochschulen,Sport,
2019-01-01T00:00:00.000Z,Sachsen-Anhalt,Theologische Hochschulen,"Agrar-, Forst- u.Ernährungswiss., Veterinärmedizin",
2022-01-01T00:00:00.000Z,Niedersachsen,Pädagogische Hochschulen,"Kunst, Kunstwissenschaft",
2022-01-01T00:00:00.000Z,Berlin,Medizinische Einrichtungen der Universitäten,Zentr.Einrichtungen (o. klinikspez. Einrichtungen),
2021-01-01T00:00:00.000Z,Berlin,Pädagogische Hochschulen,"Mathematik, Naturwissenschaften",
2022-01-01T00:00:00.000Z,Niedersachsen,Verwaltungsfachhochschulen,Sport,
2020-01-01T00:00:00.000Z,Sachsen-Anhalt,Universitäten (ohne Medizinische Einrichtungen),"Agrar-, Forst- u.Ernährungswiss., Veterinärmedizin",1.1531E7
2022-01-01T00:00:00.000Z,Thüringen,Universitäten (ohne Medizinische Einrichtungen),"Mathematik, Naturwissenschaften",1.27217E8
2021-01-01T00:00:00.000Z,Thüringen,Fachhochschulen,"Agrar-, Forst- u.Ernährungswiss., Veterinärmedizin",7052000.0
2021-01-01T00:00:00.000Z,Saarland,Fachhochschulen,Humanmedizin/Gesundheitswissenschaften,2.3599E7
2022-01-01T00:00:00.000Z,Hamburg,Universitäten (ohne Medizinische Einrichtungen),"Rechts-, Wirtschafts- und Sozialwissenschaften",1.54256E8
2019-01-01T00:00:00.000Z,Berlin,Theologische Hochschulen,"Rechts-, Wirtschafts- und Sozialwissenschaften",
2022-01-01T00:00:00.000Z,Bayern,Universitäten (ohne Medizinische Einrichtungen),Humanmedizin/Gesundheitswissenschaften,
2019-01-01T00:00:00.000Z,Bayern,Pädagogische Hochschulen,Geisteswissenschaften,
2021-01-01T00:00:00.000Z,Thüringen,Medizinische Einrichtungen der Universitäten,Humanmedizin/Gesundheitswissenschaften,6.43851E8
2021-01-01T00:00:00.000Z,Niedersachsen,Theologische Hochschulen,Zentr.Einrichtungen (o. klinikspez. Einrichtungen),
2020-01-01T00:00:00.000Z,Brandenburg,Universitäten (ohne Medizinische Einrichtungen),Ingenieurwissenschaften,7.3969E7
2021-01-01T00:00:00.000Z,Hessen,Kunsthochschulen,Humanmedizin/Gesundheitswissenschaften,
2019-01-01T00:00:00.000Z,Rheinland-Pfalz,Universitäten (ohne Medizinische Einrichtungen),Ingenieurwissenschaften,8.2903E7
2019-01-01T00:00:00.000Z,Schleswig-Holstein,Fachhochschulen,Sport,
2022-01-01T00:00:00.000Z,Baden-Württemberg,Universitäten (ohne Medizinische Einrichtungen),Sport,2.6134E7
2019-01-01T00:00:00.000Z,Rheinland-Pfalz,Kunsthochschulen,Humanmedizin/Gesundheitswissenschaften,
2019-01-01T00:00:00.000Z,Bayern,Medizinische Einrichtungen der Universitäten,"Kunst, Kunstwissenschaft",
2020-01-01T00:00:00.000Z,Bremen,Theologische Hochschulen,Ingenieurwissenschaften,
2019-01-01T00:00:00.000Z,Bremen,Medizinische Einrichtungen der Universitäten,"Mathematik, Naturwissenschaften",
2020-01-01T00:00:00.000Z,Schleswig-Holstein,Pädagogische Hochschulen,Geisteswissenschaften,
2022-01-01T00:00:00.000Z,Nordrhein-Westfalen,Pädagogische Hochschulen,Sport,
2022-01-01T00:00:00.000Z,Rheinland-Pfalz,Theologische Hochschulen,Zentr.Einrichtungen (o. klinikspez. Einrichtungen),1860000.0
2022-01-01T00:00:00.000Z,Rheinland-Pfalz,Medizinische Einrichtungen der Universitäten,"Rechts-, Wirtschafts- und Sozialwissenschaften",
2019-01-01T00:00:00.000Z,Mecklenburg-Vorpommern,Kunsthochschulen,Geisteswissenschaften,
2020-01-01T00:00:00.000Z,Mecklenburg-Vorpommern,Kunsthochschulen,"Mathematik, Naturwissenschaften",
2021-01-01T00:00:00.000Z,Berlin,Fachhochschulen,Humanmedizin/Gesundheitswissenschaften,1.4224E7
2022-01-01T00:00:00.000Z,Bremen,Fachhochschulen,"Mathematik, Naturwissenschaften",2775000.0
2021-01-01T00:00:00.000Z,Hamburg,Pädagogische Hochschulen,Zentr.Einrichtungen (o. klinikspez. Einrichtungen),
2020-01-01T00:00:00.000Z,Berlin,Medizinische Einrichtungen der Universitäten,Sport,
2020-01-01T00:00:00.000Z,Bremen,Kunsthochschulen,"Agrar-, Forst- u.Ernährungswiss., Veterinärmedizin",
2019-01-01T00:00:00.000Z,Sachsen-Anhalt,Universitäten (ohne Medizinische Einrichtungen),Geisteswissenschaften,1.7039E7
2021-01-01T00:00:00.000Z,Hessen,Fachhochschulen,Geisteswissenschaften,9591000.0
2021-01-01T00:00:00.000Z,Sachsen-Anhalt,Pädagogische Hochschulen,Geisteswissenschaften,
2019-01-01T00:00:00.000Z,Berlin,Medizinische Einrichtungen der Universitäten,"Rechts-, Wirtschafts- und Sozialwissenschaften",
2022-01-01T00:00:00.000Z,Hessen,Fachhochschulen,Geisteswissenschaften,1.1594E7
2021-01-01T00:00:00.000Z,Rheinland-Pfalz,Verwaltungsfachhochschulen,Geisteswissenschaften,
2022-01-01T00:00:00.000Z,Berlin,Medizinische Einrichtungen der Universitäten,Humanmedizin/Gesundheitswissenschaften,2.401401E9
2019-01-01T00:00:00.000Z,Sachsen,Universitäten (ohne Medizinische Einrichtungen),Sport,1.6777E7
2022-01-01T00:00:00.000Z,Thüringen,Theologische Hochschulen,Zentr.Einrichtungen (o. klinikspez. Einrichtungen),
2022-01-01T00:00:00.000Z,Schleswig-Holstein,Verwaltungsfachhochschulen,"Rechts-, Wirtschafts- und Sozialwissenschaften",2.3101E7
2022-01-01T00:00:00.000Z,Thüringen,Universitäten (ohne Medizinische Einrichtungen),"Kunst, Kunstwissenschaft",9215000.0
2022-01-01T00:00:00.000Z,Niedersachsen,Theologische Hochschulen,Humanmedizin/Gesundheitswissenschaften,
2020-01-01T00:00:00.000Z,Thüringen,Pädagogische Hochschulen,Ingenieurwissenschaften,
2019-01-01T00:00:00.000Z,Niedersachsen,Kunsthochschulen,"Mathematik, Naturwissenschaften",
2022-01-01T00:00:00.000Z,Mecklenburg-Vorpommern,Fachhochschulen,"Rechts-, Wirtschafts- und Sozialwissenschaften",1.2761E7
2022-01-01T00:00:00.000Z,Berlin,Pädagogische Hochschulen,Humanmedizin/Gesundheitswissenschaften,
2021-01-01T00:00:00.000Z,Bremen,Kunsthochschulen,Geisteswissenschaften,
2020-01-01T00:00:00.000Z,Thüringen,Theologische Hochschulen,Sport,
2019-01-01T00:00:00.000Z,Saarland,Theologische Hochschulen,"Mathematik, Naturwissenschaften",
2020-01-01T00:00:00.000Z,Brandenburg,Kunsthochschulen,Ingenieurwissenschaften,
2019-01-01T00:00:00.000Z,Sachsen-Anhalt,Fachhochschulen,Humanmedizin/Gesundheitswissenschaften,
2022-01-01T00:00:00.000Z,Hamburg,Universitäten (ohne Medizinische Einrichtungen),"Kunst, Kunstwissenschaft",
2020-01-01T00:00:00.000Z,Berlin,Fachhochschulen,Geisteswissenschaften,2247000.0
2020-01-01T00:00:00.000Z,Baden-Württemberg,Universitäten (ohne Medizinische Einrichtungen),"Kunst, Kunstwissenschaft",8210000.0
2022-01-01T00:00:00.000Z,Saarland,Pädagogische Hochschulen,Ingenieurwissenschaften,
2021-01-01T00:00:00.000Z,Baden-Württemberg,Pädagogische Hochschulen,"Kunst, Kunstwissenschaft",6751000.0
2021-01-01T00:00:00.000Z,Brandenburg,Kunsthochschulen,Ingenieurwissenschaften,
2019-01-01T00:00:00.000Z,Baden-Württemberg,Fachhochschulen,"Agrar-, Forst- u.Ernährungswiss., Veterinärmedizin",9604000.0
2022-01-01T00:00:00.000Z,Schleswig-Holstein,Medizinische Einrichtungen der Universitäten,"Kunst, Kunstwissenschaft",
2020-01-01T00:00:00.000Z,Baden-Württemberg,Kunsthochschulen,"Agrar-, Forst- u.Ernährungswiss., Veterinärmedizin",
2019-01-01T00:00:00.000Z,Berlin,Kunsthochschulen,Zentr.Einrichtungen (o. klinikspez. Einrichtungen),5.3988E7
2021-01-01T00:00:00.000Z,Hamburg,Kunsthochschulen,Zentr.Einrichtungen (o. klinikspez. Einrichtungen),9079000.0
2022-01-01T00:00:00.000Z,Bremen,Pädagogische Hochschulen,"Agrar-, Forst- u.Ernährungswiss., Veterinärmedizin",
2022-01-01T00:00:00.000Z,Rheinland-Pfalz,Theologische Hochschulen,Sport,
2020-01-01T00:00:00.000Z,Bremen,Theologische Hochschulen,Sport,
2021-01-01T00:00:00.000Z,Hessen,Kunsthochschulen,Ingenieurwissenschaften,287000.0
2021-01-01T00:00:00.000Z,Saarland,Universitäten (ohne Medizinische Einrichtungen),"Kunst, Kunstwissenschaft",991000.0
2022-01-01T00:00:00.000Z,Nordrhein-Westfalen,Verwaltungsfachhochschulen,"Mathematik, Naturwissenschaften",
2021-01-01T00:00:00.000Z,Saarland,Pädagogische Hochschulen,"Agrar-, Forst- u.Ernährungswiss., Veterinärmedizin",
2022-01-01T00:00:00.000Z,Mecklenburg-Vorpommern,Fachhochschulen,Geisteswissenschaften,
2020-01-01T00:00:00.000Z,Nordrhein-Westfalen,Verwaltungsfachhochschulen,"Agrar-, Forst- u.Ernährungswiss., Veterinärmedizin",
2020-01-01T00:00:00.000Z,Sachsen-Anhalt,Fachhochschulen,Zentr.Einrichtungen (o. klinikspez. Einrichtungen),9.3143E7
2020-01-01T00:00:00.000Z,Schleswig-Holstein,Universitäten (ohne Medizinische Einrichtungen),"Rechts-, Wirtschafts- und Sozialwissenschaften",3.7186E7
2020-01-01T00:00:00.000Z,Rheinland-Pfalz,Medizinische Einrichtungen der Universitäten,"Kunst, Kunstwissenschaft",
2019-01-01T00:00:00.000Z,Schleswig-Holstein,Theologische Hochschulen,Sport,
2021-01-01T00:00:00.000Z,Hessen,Pädagogische Hochschulen,Ingenieurwissenschaften,
2020-01-01T00:00:00.000Z,Saarland,Pädagogische Hochschulen,Humanmedizin/Gesundheitswissenschaften,
2020-01-01T00:00:00.000Z,Mecklenburg-Vorpommern,Pädagogische Hochschulen,Humanmedizin/Gesundheitswissenschaften,
2020-01-01T00:00:00.000Z,Hessen,Kunsthochschulen,Ingenieurwissenschaften,432000.0
2021-01-01T00:00:00.000Z,Bayern,Kunsthochschulen,Humanmedizin/Gesundheitswissenschaften,
2022-01-01T00:00:00.000Z,Hessen,Kunsthochschulen,"Agrar-, Forst- u.Ernährungswiss., Veterinärmedizin",
2021-01-01T00:00:00.000Z,Bremen,Pädagogische Hochschulen,Ingenieurwissenschaften,
2020-01-01T00:00:00.000Z,Hessen,Theologische Hochschulen,"Rechts-, Wirtschafts- und Sozialwissenschaften",
2019-01-01T00:00:00.000Z,Rheinland-Pfalz,Kunsthochschulen,Sport,
2019-01-01T00:00:00.000Z,Bremen,Kunsthochschulen,"Rechts-, Wirtschafts- und Sozialwissenschaften",
2022-01-01T00:00:00.000Z,Brandenburg,Fachhochschulen,Zentr.Einrichtungen (o. klinikspez. Einrichtungen),8.6249E7
2022-01-01T00:00:00.000Z,Thüringen,Theologische Hochschulen,"Agrar-, Forst- u.Ernährungswiss., Veterinärmedizin",
2019-01-01T00:00:00.000Z,Niedersachsen,Universitäten (ohne Medizinische Einrichtungen),"Agrar-, Forst- u.Ernährungswiss., Veterinärmedizin",1.41193E8
2019-01-01T00:00:00.000Z,Sachsen,Theologische Hochschulen,"Kunst, Kunstwissenschaft",
2020-01-01T00:00:00.000Z,Schleswig-Holstein,Medizinische Einrichtungen der Universitäten,Ingenieurwissenschaften,
2022-01-01T00:00:00.000Z,Schleswig-Holstein,Fachhochschulen,Geisteswissenschaften,1108000.0
2022-01-01T00:00:00.000Z,Berlin,Pädagogische Hochschulen,Geisteswissenschaften,
2021-01-01T00:00:00.000Z,Brandenburg,Verwaltungsfachhochschulen,"Agrar-, Forst- u.Ernährungswiss., Veterinärmedizin",
2022-01-01T00:00:00.000Z,Sachsen-Anhalt,Kunsthochschulen,Zentr.Einrichtungen (o. klinikspez. Einrichtungen),1.2919E7
2019-01-01T00:00:00.000Z,Berlin,Fachhochschulen,Humanmedizin/Gesundheitswissenschaften,7939000.0
2019-01-01T00:00:00.000Z,Bremen,Kunsthochschulen,"Kunst, Kunstwissenschaft",8962000.0
2019-01-01T00:00:00.000Z,Sachsen,Medizinische Einrichtungen der Universitäten,Ingenieurwissenschaften,
2021-01-01T00:00:00.000Z,Schleswig-Holstein,Fachhochschulen,"Mathematik, Naturwissenschaften",5887000.0
2019-01-01T00:00:00.000Z,Sachsen-Anhalt,Verwaltungsfachhochschulen,"Kunst, Kunstwissenschaft",
2022-01-01T00:00:00.000Z,Saarland,Universitäten (ohne Medizinische Einrichtungen),Geisteswissenschaften,2.7256E7
2019-01-01T00:00:00.000Z,Sachsen-Anhalt,Medizinische Einrichtungen der Universitäten,"Agrar-, Forst- u.Ernährungswiss., Veterinärmedizin",
2021-01-01T00:00:00.000Z,Nordrhein-Westfalen,Medizinische Einrichtungen der Universitäten,Ingenieurwissenschaften,
2021-01-01T00:00:00.000Z,Rheinland-Pfalz,Medizinische Einrichtungen der Universitäten,Sport,
2019-01-01T00:00:00.000Z,Saarland,Fachhochschulen,"Mathematik, Naturwissenschaften",
2021-01-01T00:00:00.000Z,Thüringen,Verwaltungsfachhochschulen,Humanmedizin/Gesundheitswissenschaften,
2021-01-01T00:00:00.000Z,Nordrhein-Westfalen,Kunsthochschulen,Geisteswissenschaften,
2020-01-01T00:00:00.000Z,Baden-Württemberg,Kunsthochschulen,Ingenieurwissenschaften,1800000.0
2019-01-01T00:00:00.000Z,Brandenburg,Verwaltungsfachhochschulen,Humanmedizin/Gesundheitswissenschaften,
2020-01-01T00:00:00.000Z,Nordrhein-Westfalen,Universitäten (ohne Medizinische Einrichtungen),Geisteswissenschaften,3.76841E8
2021-01-01T00:00:00.000Z,Rheinland-Pfalz,Kunsthochschulen,"Kunst, Kunstwissenschaft",
2019-01-01T00:00:00.000Z,Mecklenburg-Vorpommern,Theologische Hochschulen,Humanmedizin/Gesundheitswissenschaften,
2019-01-01T00:00:00.000Z,Nordrhein-Westfalen,Verwaltungsfachhochschulen,"Mathematik, Naturwissenschaften",
2022-01-01T00:00:00.000Z,Sachsen-Anhalt,Pädagogische Hochschulen,Humanmedizin/Gesundheitswissenschaften,
2020-01-01T00:00:00.000Z,Hamburg,Medizinische Einrichtungen der Universitäten,"Kunst, Kunstwissenschaft",
2022-01-01T00:00:00.000Z,Hessen,Theologische Hochschulen,Sport,
2020-01-01T00:00:00.000Z,Sachsen,Pädagogische Hochschulen,"Kunst, Kunstwissenschaft",
2020-01-01T00:00:00.000Z,Berlin,Pädagogische Hochschulen,"Kunst, Kunstwissenschaft",
2020-01-01T00:00:00.000Z,Baden-Württemberg,Theologische Hochschulen,Geisteswissenschaften,
2019-01-01T00:00:00.000Z,Thüringen,Theologische Hochschulen,Zentr.Einrichtungen (o. klinikspez. Einrichtungen),
2021-01-01T00:00:00.000Z,Sachsen-Anhalt,Universitäten (ohne Medizinische Einrichtungen),"Kunst, Kunstwissenschaft",4266000.0
2021-01-01T00:00:00.000Z,Brandenburg,Theologische Hochschulen,"Rechts-, Wirtschafts- und Sozialwissenschaften",
2021-01-01T00:00:00.000Z,Berlin,Verwaltungsfachhochschulen,Zentr.Einrichtungen (o. klinikspez. Einrichtungen),
2022-01-01T00:00:00.000Z,Schleswig-Holstein,Medizinische Einrichtungen der Universitäten,Sport,
2022-01-01T00:00:00.000Z,Hamburg,Fachhochschulen,"Rechts-, Wirtschafts- und Sozialwissenschaften",9.5565E7
2020-01-01T00:00:00.000Z,Brandenburg,Theologische Hochschulen,"Rechts-, Wirtschafts- und Sozialwissenschaften",
2022-01-01T00:00:00.000Z,Hamburg,Kunsthochschulen,"Agrar-, Forst- u.Ernährungswiss., Veterinärmedizin",
2020-01-01T00:00:00.000Z,Thüringen,Verwaltungsfachhochschulen,"Kunst, Kunstwissenschaft",
2019-01-01T00:00:00.000Z,Rheinland-Pfalz,Verwaltungsfachhochschulen,Zentr.Einrichtungen (o. klinikspez. Einrichtungen),
2019-01-01T00:00:00.000Z,Niedersachsen,Verwaltungsfachhochschulen,Sport,
2020-01-01T00:00:00.000Z,Sachsen-Anhalt,Medizinische Einrichtungen der Universitäten,"Rechts-, Wirtschafts- und Sozialwissenschaften",
2019-01-01T00:00:00.000Z,Bayern,Pädagogische Hochschulen,Ingenieurwissenschaften,
2019-01-01T00:00:00.000Z,Mecklenburg-Vorpommern,Fachhochschulen,"Rechts-, Wirtschafts- und Sozialwissenschaften",1.1861E7
2020-01-01T00:00:00.000Z,Hamburg,Pädagogische Hochschulen,Geisteswissenschaften,
2021-01-01T00:00:00.000Z,Saarland,Medizinische Einrichtungen der Universitäten,Ingenieurwissenschaften,
2021-01-01T00:00:00.000Z,Bremen,Medizinische Einrichtungen der Universitäten,Zentr.Einrichtungen (o. klinikspez. Einrichtungen),
2022-01-01T00:00:00.000Z,Nordrhein-Westfalen,Verwaltungsfachhochschulen,Zentr.Einrichtungen (o. klinikspez. Einrichtungen),5.1532E7
2020-01-01T00:00:00.000Z,Niedersachsen,Theologische Hochschulen,"Mathematik, Naturwissenschaften",
2020-01-01T00:00:00.000Z,Baden-Württemberg,Fachhochschulen,"Rechts-, Wirtschafts- und Sozialwissenschaften",2.38333E8
2021-01-01T00:00:00.000Z,Rheinland-Pfalz,Theologische Hochschulen,Zentr.Einrichtungen (o. klinikspez. Einrichtungen),1353000.0
2022-01-01T00:00:00.000Z,Brandenburg,Universitäten (ohne Medizinische Einrichtungen),"Mathematik, Naturwissenschaften",9.0509E7
2022-01-01T00:00:00.000Z,Bayern,Verwaltungsfachhochschulen,Zentr.Einrichtungen (o. klinikspez. Einrichtungen),1.9942E7
2021-01-01T00:00:00.000Z,Berlin,Verwaltungsfachhochschulen,Humanmedizin/Gesundheitswissenschaften,
2021-01-01T00:00:00.000Z,Sachsen,Medizinische Einrichtungen der Universitäten,"Kunst, Kunstwissenschaft",
2020-01-01T00:00:00.000Z,Sachsen,Kunsthochschulen,Ingenieurwissenschaften,
2020-01-01T00:00:00.000Z,Bayern,Theologische Hochschulen,Sport,
2019-01-01T00:00:00.000Z,Sachsen-Anhalt,Pädagogische Hochschulen,Ingenieurwissenschaften,
2022-01-01T00:00:00.000Z,Mecklenburg-Vorpommern,Theologische Hochschulen,Sport,
2019-01-01T00:00:00.000Z,Bremen,Fachhochschulen,"Agrar-, Forst- u.Ernährungswiss., Veterinärmedizin",1127000.0
2021-01-01T00:00:00.000Z,Hessen,Pädagogische Hochschulen,Zentr.Einrichtungen (o. klinikspez. Einrichtungen),
2020-01-01T00:00:00.000Z,Bremen,Medizinische Einrichtungen der Universitäten,Humanmedizin/Gesundheitswissenschaften,
2020-01-01T00:00:00.000Z,Rheinland-Pfalz,Medizinische Einrichtungen der Universitäten,Sport,
2022-01-01T00:00:00.000Z,Bremen,Pädagogische Hochschulen,Ingenieurwissenschaften,
2021-01-01T00:00:00.000Z,Hessen,Theologische Hochschulen,"Rechts-, Wirtschafts- und Sozialwissenschaften",
2021-01-01T00:00:00.000Z,Mecklenburg-Vorpommern,Theologische Hochschulen,"Kunst, Kunstwissenschaft",
2020-01-01T00:00:00.000Z,Sachsen-Anhalt,Universitäten (ohne Medizinische Einrichtungen),"Mathematik, Naturwissenschaften",7.479E7
2021-01-01T00:00:00.000Z,Brandenburg,Pädagogische Hochschulen,Ingenieurwissenschaften,
2019-01-01T00:00:00.000Z,Niedersachsen,Kunsthochschulen,Humanmedizin/Gesundheitswissenschaften,
2020-01-01T00:00:00.000Z,Sachsen,Verwaltungsfachhochschulen,"Mathematik, Naturwissenschaften",
2022-01-01T00:00:00.000Z,Sachsen,Universitäten (ohne Medizinische Einrichtungen),Sport,1.6845E7
2019-01-01T00:00:00.000Z,Saarland,Verwaltungsfachhochschulen,"Kunst, Kunstwissenschaft",
2020-01-01T00:00:00.000Z,Schleswig-Holstein,Pädagogische Hochschulen,Ingenieurwissenschaften,
2019-01-01T00:00:00.000Z,Schleswig-Holstein,Pädagogische Hochschulen,"Mathematik, Naturwissenschaften",
2021-01-01T00:00:00.000Z,Saarland,Universitäten (ohne Medizinische Einrichtungen),"Rechts-, Wirtschafts- und Sozialwissenschaften",2.5086E7
2020-01-01T00:00:00.000Z,Schleswig-Holstein,Kunsthochschulen,"Agrar-, Forst- u.Ernährungswiss., Veterinärmedizin",
2021-01-01T00:00:00.000Z,Niedersachsen,Medizinische Einrichtungen der Universitäten,Geisteswissenschaften,
2020-01-01T00:00:00.000Z,Mecklenburg-Vorpommern,Universitäten (ohne Medizinische Einrichtungen),Sport,3082000.0
2019-01-01T00:00:00.000Z,Berlin,Universitäten (ohne Medizinische Einrichtungen),Zentr.Einrichtungen (o. klinikspez. Einrichtungen),5.66741E8
2022-01-01T00:00:00.000Z,Hamburg,Fachhochschulen,"Agrar-, Forst- u.Ernährungswiss., Veterinärmedizin",4029000.0
2022-01-01T00:00:00.000Z,Sachsen,Medizinische Einrichtungen der Universitäten,Ingenieurwissenschaften,
2020-01-01T00:00:00.000Z,Thüringen,Fachhochschulen,Geisteswissenschaften,
2020-01-01T00:00:00.000Z,Brandenburg,Medizinische Einrichtungen der Universitäten,"Mathematik, Naturwissenschaften",
2019-01-01T00:00:00.000Z,Sachsen-Anhalt,Kunsthochschulen,Zentr.Einrichtungen (o. klinikspez. Einrichtungen),1.2591E7
2021-01-01T00:00:00.000Z,Nordrhein-Westfalen,Theologische Hochschulen,"Kunst, Kunstwissenschaft",2161000.0
2021-01-01T00:00:00.000Z,Hessen,Kunsthochschulen,Zentr.Einrichtungen (o. klinikspez. Einrichtungen),2.8701E7
2021-01-01T00:00:00.000Z,Bayern,Theologische Hochschulen,Ingenieurwissenschaften,
2019-01-01T00:00:00.000Z,Schleswig-Holstein,Verwaltungsfachhochschulen,Sport,
2021-01-01T00:00:00.000Z,Saarland,Pädagogische Hochschulen,Ingenieurwissenschaften,
2019-01-01T00:00:00.000Z,Bremen,Fachhochschulen,"Mathematik, Naturwissenschaften",2345000.0
2019-01-01T00:00:00.000Z,Brandenburg,Medizinische Einrichtungen der Universitäten,Sport,
2020-01-01T00:00:00.000Z,Sachsen-Anhalt,Fachhochschulen,Ingenieurwissenschaften,4.4942E7
2022-01-01T00:00:00.000Z,Hessen,Fachhochschulen,"Mathematik, Naturwissenschaften",1.1141E7
2020-01-01T00:00:00.000Z,Sachsen-Anhalt,Kunsthochschulen,"Mathematik, Naturwissenschaften",
2019-01-01T00:00:00.000Z,Saarland,Medizinische Einrichtungen der Universitäten,"Kunst, Kunstwissenschaft",
2019-01-01T00:00:00.000Z,Baden-Württemberg,Kunsthochschulen,"Agrar-, Forst- u.Ernährungswiss., Veterinärmedizin",
2022-01-01T00:00:00.000Z,Mecklenburg-Vorpommern,Fachhochschulen,Humanmedizin/Gesundheitswissenschaften,2670000.0
2021-01-01T00:00:00.000Z,Bayern,Pädagogische Hochschulen,Geisteswissenschaften,
2019-01-01T00:00:00.000Z,Bremen,Universitäten (ohne Medizinische Einrichtungen),Geisteswissenschaften,1.4544E7
2021-01-01T00:00:00.000Z,Sachsen,Fachhochschulen,Humanmedizin/Gesundheitswissenschaften,1825000.0
2021-01-01T00:00:00.000Z,Schleswig-Holstein,Fachhochschulen,Sport,
2022-01-01T00:00:00.000Z,Hessen,Fachhochschulen,"Agrar-, Forst- u.Ernährungswiss., Veterinärmedizin",4.0481E7
2019-01-01T00:00:00.000Z,Baden-Württemberg,Pädagogische Hochschulen,Humanmedizin/Gesundheitswissenschaften,2651000.0
2021-01-01T00:00:00.000Z,Brandenburg,Fachhochschulen,Zentr.Einrichtungen (o. klinikspez. Einrichtungen),5.9247E7
2020-01-01T00:00:00.000Z,Nordrhein-Westfalen,Theologische Hochschulen,"Mathematik, Naturwissenschaften",
2022-01-01T00:00:00.000Z,Sachsen-Anhalt,Medizinische Einrichtungen der Universitäten,Zentr.Einrichtungen (o. klinikspez. Einrichtungen),
2021-01-01T00:00:00.000Z,Sachsen,Medizinische Einrichtungen der Universitäten,"Agrar-, Forst- u.Ernährungswiss., Veterinärmedizin",
2019-01-01T00:00:00.000Z,Berlin,Fachhochschulen,"Rechts-, Wirtschafts- und Sozialwissenschaften",1.49485E8
2020-01-01T00:00:00.000Z,Nordrhein-Westfalen,Medizinische Einrichtungen der Universitäten,Geisteswissenschaften,
2019-01-01T00:00:00.000Z,Sachsen-Anhalt,Pädagogische Hochschulen,Zentr.Einrichtungen (o. klinikspez. Einrichtungen),
2020-01-01T00:00:00.000Z,Hessen,Theologische Hochschulen,"Kunst, Kunstwissenschaft",
2021-01-01T00:00:00.000Z,Niedersachsen,Universitäten (ohne Medizinische Einrichtungen),Sport,9045000.0
2020-01-01T00:00:00.000Z,Saarland,Pädagogische Hochschulen,Sport,
2020-01-01T00:00:00.000Z,Bayern,Kunsthochschulen,"Mathematik, Naturwissenschaften",
2021-01-01T00:00:00.000Z,Mecklenburg-Vorpommern,Theologische Hochschulen,Ingenieurwissenschaften,
2022-01-01T00:00:00.000Z,Brandenburg,Fachhochschulen,"Mathematik, Naturwissenschaften",2141000.0
2020-01-01T00:00:00.000Z,Bremen,Kunsthochschulen,Sport,
2020-01-01T00:00:00.000Z,Berlin,Universitäten (ohne Medizinische Einrichtungen),"Mathematik, Naturwissenschaften",2.63392E8
2019-01-01T00:00:00.000Z,Saarland,Medizinische Einrichtungen der Universitäten,Ingenieurwissenschaften,
2021-01-01T00:00:00.000Z,Schleswig-Holstein,Medizinische Einrichtungen der Universitäten,Ingenieurwissenschaften,
2020-01-01T00:00:00.000Z,Rheinland-Pfalz,Theologische Hochschulen,Zentr.Einrichtungen (o. klinikspez. Einrichtungen),1008000.0
2021-01-01T00:00:00.000Z,Sachsen-Anhalt,Verwaltungsfachhochschulen,Zentr.Einrichtungen (o. klinikspez. Einrichtungen),
2020-01-01T00:00:00.000Z,Sachsen-Anhalt,Theologische Hochschulen,Geisteswissenschaften,720000.0
2020-01-01T00:00:00.000Z,Mecklenburg-Vorpommern,Fachhochschulen,"Agrar-, Forst- u.Ernährungswiss., Veterinärmedizin",4661000.0
2020-01-01T00:00:00.000Z,Bremen,Verwaltungsfachhochschulen,Humanmedizin/Gesundheitswissenschaften,
2020-01-01T00:00:00.000Z,Schleswig-Holstein,Universitäten (ohne Medizinische Einrichtungen),"Agrar-, Forst- u.Ernährungswiss., Veterinärmedizin",2.1036E7
2022-01-01T00:00:00.000Z,Berlin,Theologische Hochschulen,Humanmedizin/Gesundheitswissenschaften,
2022-01-01T00:00:00.000Z,Mecklenburg-Vorpommern,Universitäten (ohne Medizinische Einrichtungen),Ingenieurwissenschaften,5.2601E7
2021-01-01T00:00:00.000Z,Saarland,Theologische Hochschulen,"Agrar-, Forst- u.Ernährungswiss., Veterinärmedizin",
2021-01-01T00:00:00.000Z,Hamburg,Kunsthochschulen,Humanmedizin/Gesundheitswissenschaften,
2022-01-01T00:00:00.000Z,Bayern,Verwaltungsfachhochschulen,"Mathematik, Naturwissenschaften",
2020-01-01T00:00:00.000Z,Niedersachsen,Kunsthochschulen,Humanmedizin/Gesundheitswissenschaften,
2020-01-01T00:00:00.000Z,Hessen,Medizinische Einrichtungen der Universitäten,"Rechts-, Wirtschafts- und Sozialwissenschaften",
2020-01-01T00:00:00.000Z,Nordrhein-Westfalen,Universitäten (ohne Medizinische Einrichtungen),Humanmedizin/Gesundheitswissenschaften,
2019-01-01T00:00:00.000Z,Bayern,Verwaltungsfachhochschulen,"Mathematik, Naturwissenschaften",
2021-01-01T00:00:00.000Z,Baden-Württemberg,Medizinische Einrichtungen der Universitäten,Zentr.Einrichtungen (o. klinikspez. Einrichtungen),
2019-01-01T00:00:00.000Z,Schleswig-Holstein,Theologische Hochschulen,Ingenieurwissenschaften,
2021-01-01T00:00:00.000Z,Mecklenburg-Vorpommern,Kunsthochschulen,"Mathematik, Naturwissenschaften",
2022-01-01T00:00:00.000Z,Brandenburg,Theologische Hochschulen,"Kunst, Kunstwissenschaft",
2020-01-01T00:00:00.000Z,Nordrhein-Westfalen,Kunsthochschulen,"Rechts-, Wirtschafts- und Sozialwissenschaften",4917000.0
2019-01-01T00:00:00.000Z,Hessen,Pädagogische Hochschulen,"Agrar-, Forst- u.Ernährungswiss., Veterinärmedizin",
2022-01-01T00:00:00.000Z,Mecklenburg-Vorpommern,Universitäten (ohne Medizinische Einrichtungen),Zentr.Einrichtungen (o. klinikspez. Einrichtungen),1.08077E8
2020-01-01T00:00:00.000Z,Hessen,Pädagogische Hochschulen,Zentr.Einrichtungen (o. klinikspez. Einrichtungen),
2021-01-01T00:00:00.000Z,Brandenburg,Universitäten (ohne Medizinische Einrichtungen),Humanmedizin/Gesundheitswissenschaften,
2021-01-01T00:00:00.000Z,Mecklenburg-Vorpommern,Pädagogische Hochschulen,"Mathematik, Naturwissenschaften",
2020-01-01T00:00:00.000Z,Bayern,Fachhochschulen,Ingenieurwissenschaften,3.41674E8
2022-01-01T00:00:00.000Z,Mecklenburg-Vorpommern,Medizinische Einrichtungen der Universitäten,"Mathematik, Naturwissenschaften",
2020-01-01T00:00:00.000Z,Nordrhein-Westfalen,Theologische Hochschulen,Humanmedizin/Gesundheitswissenschaften,
2020-01-01T00:00:00.000Z,Bayern,Verwaltungsfachhochschulen,Humanmedizin/Gesundheitswissenschaften,
2020-01-01T00:00:00.000Z,Brandenburg,Fachhochschulen,Sport,705000.0
2021-01-01T00:00:00.000Z,Brandenburg,Fachhochschulen,"Agrar-, Forst- u.Ernährungswiss., Veterinärmedizin",1.3097E7
2022-01-01T00:00:00.000Z,Hamburg,Fachhochschulen,Sport,
2022-01-01T00:00:00.000Z,Bremen,Medizinische Einrichtungen der Universitäten,"Mathematik, Naturwissenschaften",
2019-01-01T00:00:00.000Z,Rheinland-Pfalz,Fachhochschulen,"Rechts-, Wirtschafts- und Sozialwissenschaften",7.2759E7
2020-01-01T00:00:00.000Z,Bremen,Kunsthochschulen,"Kunst, Kunstwissenschaft",8403000.0
2019-01-01T00:00:00.000Z,Brandenburg,Universitäten (ohne Medizinische Einrichtungen),Sport,7083000.0
2021-01-01T00:00:00.000Z,Schleswig-Holstein,Theologische Hochschulen,"Kunst, Kunstwissenschaft",
2019-01-01T00:00:00.000Z,Sachsen-Anhalt,Universitäten (ohne Medizinische Einrichtungen),Zentr.Einrichtungen (o. klinikspez. Einrichtungen),2.08756E8
2020-01-01T00:00:00.000Z,Berlin,Medizinische Einrichtungen der Universitäten,"Rechts-, Wirtschafts- und Sozialwissenschaften",
2021-01-01T00:00:00.000Z,Sachsen,Medizinische Einrichtungen der Universitäten,Ingenieurwissenschaften,
2022-01-01T00:00:00.000Z,Baden-Württemberg,Medizinische Einrichtungen der Universitäten,Geisteswissenschaften,
2020-01-01T00:00:00.000Z,Niedersachsen,Pädagogische Hochschulen,Sport,
2020-01-01T00:00:00.000Z,Bremen,Fachhochschulen,Geisteswissenschaften,
2019-01-01T00:00:00.000Z,Saarland,Kunsthochschulen,"Rechts-, Wirtschafts- und Sozialwissenschaften",
2019-01-01T00:00:00.000Z,Schleswig-Holstein,Theologische Hochschulen,Humanmedizin/Gesundheitswissenschaften,
2022-01-01T00:00:00.000Z,Nordrhein-Westfalen,Pädagogische Hochschulen,"Mathematik, Naturwissenschaften",
2022-01-01T00:00:00.000Z,Saarland,Verwaltungsfachhochschulen,Zentr.Einrichtungen (o. klinikspez. Einrichtungen),2163000.0
2022-01-01T00:00:00.000Z,Thüringen,Fachhochschulen,Zentr.Einrichtungen (o. klinikspez. Einrichtungen),6.9935E7
2019-01-01T00:00:00.000Z,Schleswig-Holstein,Kunsthochschulen,"Mathematik, Naturwissenschaften",
2021-01-01T00:00:00.000Z,Sachsen,Universitäten (ohne Medizinische Einrichtungen),Zentr.Einrichtungen (o. klinikspez. Einrichtungen),4.07597E8
2020-01-01T00:00:00.000Z,Nordrhein-Westfalen,Fachhochschulen,Sport,
2020-01-01T00:00:00.000Z,Mecklenburg-Vorpommern,Medizinische Einrichtungen der Universitäten,Sport,
2022-01-01T00:00:00.000Z,Rheinland-Pfalz,Universitäten (ohne Medizinische Einrichtungen),"Kunst, Kunstwissenschaft",1.7982E7
2022-01-01T00:00:00.000Z,Hamburg,Kunsthochschulen,Ingenieurwissenschaften,
2020-01-01T00:00:00.000Z,Saarland,Universitäten (ohne Medizinische Einrichtungen),"Rechts-, Wirtschafts- und Sozialwissenschaften",2.4373E7
2020-01-01T00:00:00.000Z,Rheinland-Pfalz,Universitäten (ohne Medizinische Einrichtungen),Sport,7891000.0
2020-01-01T00:00:00.000Z,Saarland,Kunsthochschulen,Geisteswissenschaften,
2021-01-01T00:00:00.000Z,Mecklenburg-Vorpommern,Verwaltungsfachhochschulen,"Rechts-, Wirtschafts- und Sozialwissenschaften",9189000.0
2022-01-01T00:00:00.000Z,Sachsen,Pädagogische Hochschulen,"Rechts-, Wirtschafts- und Sozialwissenschaften",
2022-01-01T00:00:00.000Z,Berlin,Pädagogische Hochschulen,"Mathematik, Naturwissenschaften",
2021-01-01T00:00:00.000Z,Niedersachsen,Kunsthochschulen,"Kunst, Kunstwissenschaft",2.3711E7
2021-01-01T00:00:00.000Z,Berlin,Kunsthochschulen,Zentr.Einrichtungen (o. klinikspez. Einrichtungen),702000.0
2019-01-01T00:00:00.000Z,Hamburg,Kunsthochschulen,Zentr.Einrichtungen (o. klinikspez. Einrichtungen),1.0178E7
2019-01-01T00:00:00.000Z,Sachsen,Universitäten (ohne Medizinische Einrichtungen),"Rechts-, Wirtschafts- und Sozialwissenschaften",1.41459E8
2020-01-01T00:00:00.000Z,Bayern,Medizinische Einrichtungen der Universitäten,Zentr.Einrichtungen (o. klinikspez. Einrichtungen),
2021-01-01T00:00:00.000Z,Hamburg,Medizinische Einrichtungen der Universitäten,Humanmedizin/Gesundheitswissenschaften,1.29494E9
2020-01-01T00:00:00.000Z,Brandenburg,Universitäten (ohne Medizinische Einrichtungen),"Kunst, Kunstwissenschaft",1.5144E7
2022-01-01T00:00:00.000Z,Thüringen,Verwaltungsfachhochschulen,Geisteswissenschaften,
2019-01-01T00:00:00.000Z,Bremen,Theologische Hochschulen,"Mathematik, Naturwissenschaften",
2019-01-01T00:00:00.000Z,Nordrhein-Westfalen,Universitäten (ohne Medizinische Einrichtungen),"Kunst, Kunstwissenschaft",4.1731E7
2020-01-01T00:00:00.000Z,Thüringen,Medizinische Einrichtungen der Universitäten,"Mathematik, Naturwissenschaften",
2021-01-01T00:00:00.000Z,Nordrhein-Westfalen,Verwaltungsfachhochschulen,Geisteswissenschaften,
2019-01-01T00:00:00.000Z,Sachsen-Anhalt,Medizinische Einrichtungen der Universitäten,"Kunst, Kunstwissenschaft",
2022-01-01T00:00:00.000Z,Hessen,Medizinische Einrichtungen der Universitäten,"Agrar-, Forst- u.Ernährungswiss., Veterinärmedizin",
2021-01-01T00:00:00.000Z,Thüringen,Kunsthochschulen,"Rechts-, Wirtschafts- und Sozialwissenschaften",
2022-01-01T00:00:00.000Z,Schleswig-Holstein,Universitäten (ohne Medizinische Einrichtungen),Sport,3525000.0
2019-01-01T00:00:00.000Z,Thüringen,Pädagogische Hochschulen,"Mathematik, Naturwissenschaften",
2021-01-01T00:00:00.000Z,Thüringen,Medizinische Einrichtungen der Universitäten,Geisteswissenschaften,
2021-01-01T00:00:00.000Z,Niedersachsen,Fachhochschulen,Zentr.Einrichtungen (o. klinikspez. Einrichtungen),1.99856E8
2020-01-01T00:00:00.000Z,Saarland,Verwaltungsfachhochschulen,"Mathematik, Naturwissenschaften",
2019-01-01T00:00:00.000Z,Mecklenburg-Vorpommern,Pädagogische Hochschulen,Humanmedizin/Gesundheitswissenschaften,
2019-01-01T00:00:00.000Z,Mecklenburg-Vorpommern,Universitäten (ohne Medizinische Einrichtungen),Humanmedizin/Gesundheitswissenschaften,
