Jahr,Bundesland,Hochschulart,Faechergruppe,Wert_EUR
2022-01-01T00:00:00.000Z,Sachsen,Universitäten (ohne Medizinische Einrichtungen),"Mathematik, Naturwissenschaften",1.01958E8
2020-01-01T00:00:00.000Z,Saarland,Pädagogische Hochschulen,"Agrar-, Forst- u.Ernährungswiss., Veterinärmedizin",
2021-01-01T00:00:00.000Z,Bayern,Kunsthochschulen,"Agrar-, Forst- u.Ernährungswiss., Veterinärmedizin",
2022-01-01T00:00:00.000Z,Rheinland-Pfalz,Pädagogische Hochschulen,"Rechts-, Wirtschafts- und Sozialwissenschaften",
2020-01-01T00:00:00.000Z,Baden-Württemberg,Fachhochschulen,Sport,
2022-01-01T00:00:00.000Z,Berlin,Universitäten (ohne Medizinische Einrichtungen),Humanmedizin/Gesundheitswissenschaften,
2021-01-01T00:00:00.000Z,Niedersachsen,Fachhochschulen,Geisteswissenschaften,363000.0
2019-01-01T00:00:00.000Z,Schleswig-Holstein,Pädagogische Hochschulen,Ingenieurwissenschaften,
2019-01-01T00:00:00.000Z,Mecklenburg-Vorpommern,Kunsthochschulen,"Mathematik, Naturwissenschaften",
2022-01-01T00:00:00.000Z,Bremen,Kunsthochschulen,Geisteswissenschaften,
2020-01-01T00:00:00.000Z,Sachsen,Verwaltungsfachhochschulen,Ingenieurwissenschaften,
2019-01-01T00:00:00.000Z,Thüringen,Verwaltungsfachhochschulen,Humanmedizin/Gesundheitswissenschaften,
2020-01-01T00:00:00.000Z,Bremen,Universitäten (ohne Medizinische Einrichtungen),"Kunst, Kunstwissenschaft",491000.0
2022-01-01T00:00:00.000Z,Bayern,Medizinische Einrichtungen der Universitäten,"Rechts-, Wirtschafts- und Sozialwissenschaften",
2020-01-01T00:00:00.000Z,Schleswig-Holstein,Fachhochschulen,Humanmedizin/Gesundheitswissenschaften,
2020-01-01T00:00:00.000Z,Nordrhein-Westfalen,Kunsthochschulen,"Mathematik, Naturwissenschaften",
2019-01-01T00:00:00.000Z,Rheinland-Pfalz,Medizinische Einrichtungen der Universitäten,Humanmedizin/Gesundheitswissenschaften,5.9339E7
2021-01-01T00:00:00.000Z,Mecklenburg-Vorpommern,Kunsthochschulen,"Rechts-, Wirtschafts- und Sozialwissenschaften",
2021-01-01T00:00:00.000Z,Rheinland-Pfalz,Universitäten (ohne Medizinische Einrichtungen),"Rechts-, Wirtschafts- und Sozialwissenschaften",1.9619E7
2021-01-01T00:00:00.000Z,Bremen,Fachhochschulen,Ingenieurwissenschaften,935000.0
2021-01-01T00:00:00.000Z,Niedersachsen,Theologische Hochschulen,Ingenieurwissenschaften,
2021-01-01T00:00:00.000Z,Schleswig-Holstein,Pädagogische Hochschulen,"Mathematik, Naturwissenschaften",
2020-01-01T00:00:00.000Z,Hessen,Verwaltungsfachhochschulen,Geisteswissenschaften,
2021-01-01T00:00:00.000Z,Bayern,Medizinische Einrichtungen der Universitäten,Geisteswissenschaften,
2019-01-01T00:00:00.000Z,Rheinland-Pfalz,Universitäten (ohne Medizinische Einrichtungen),"Agrar-, Forst- u.Ernährungswiss., Veterinärmedizin",
2022-01-01T00:00:00.000Z,Nordrhein-Westfalen,Pädagogische Hochschulen,"Kunst, Kunstwissenschaft",
2021-01-01T00:00:00.000Z,Sachsen-Anhalt,Fachhochschulen,"Mathematik, Naturwissenschaften",
2022-01-01T00:00:00.000Z,Schleswig-Holstein,Universitäten (ohne Medizinische Einrichtungen),"Kunst, Kunstwissenschaft",435000.0
2022-01-01T00:00:00.000Z,Niedersachsen,Verwaltungsfachhochschulen,"Rechts-, Wirtschafts- und Sozialwissenschaften",0.0
2021-01-01T00:00:00.000Z,Mecklenburg-Vorpommern,Pädagogische Hochschulen,Zentr.Einrichtungen (o. klinikspez. Einrichtungen),
2021-01-01T00:00:00.000Z,Hamburg,Theologische Hochschulen,Sport,
2022-01-01T00:00:00.000Z,Niedersachsen,Universitäten (ohne Medizinische Einrichtungen),Humanmedizin/Gesundheitswissenschaften,
2022-01-01T00:00:00.000Z,Sachsen-Anhalt,Universitäten (ohne Medizinische Einrichtungen),Zentr.Einrichtungen (o. klinikspez. Einrichtungen),5.1303E7
2022-01-01T00:00:00.000Z,Hamburg,Kunsthochschulen,Geisteswissenschaften,
2020-01-01T00:00:00.000Z,Hessen,Kunsthochschulen,"Rechts-, Wirtschafts- und Sozialwissenschaften",
2022-01-01T00:00:00.000Z,Bremen,Fachhochschulen,"Kunst, Kunstwissenschaft",
2019-01-01T00:00:00.000Z,Sachsen,Universitäten (ohne Medizinische Einrichtungen),"Mathematik, Naturwissenschaften",8.6963E7
2022-01-01T00:00:00.000Z,Sachsen,Universitäten (ohne Medizinische Einrichtungen),Zentr.Einrichtungen (o. klinikspez. Einrichtungen),7.9256E7
2019-01-01T00:00:00.000Z,Baden-Württemberg,Kunsthochschulen,Zentr.Einrichtungen (o. klinikspez. Einrichtungen),563000.0
2021-01-01T00:00:00.000Z,Hessen,Kunsthochschulen,"Mathematik, Naturwissenschaften",
2022-01-01T00:00:00.000Z,Schleswig-Holstein,Verwaltungsfachhochschulen,Humanmedizin/Gesundheitswissenschaften,
2021-01-01T00:00:00.000Z,Baden-Württemberg,Kunsthochschulen,Sport,
2022-01-01T00:00:00.000Z,Niedersachsen,Fachhochschulen,"Kunst, Kunstwissenschaft",1031000.0
2020-01-01T00:00:00.000Z,Thüringen,Theologische Hochschulen,Humanmedizin/Gesundheitswissenschaften,
2019-01-01T00:00:00.000Z,Baden-Württemberg,Pädagogische Hochschulen,Geisteswissenschaften,998000.0
2021-01-01T00:00:00.000Z,Saarland,Fachhochschulen,Sport,
2022-01-01T00:00:00.000Z,Bayern,Theologische Hochschulen,"Mathematik, Naturwissenschaften",
2019-01-01T00:00:00.000Z,Sachsen-Anhalt,Medizinische Einrichtungen der Universitäten,Humanmedizin/Gesundheitswissenschaften,3.7932E7
2019-01-01T00:00:00.000Z,Bayern,Fachhochschulen,Sport,0.0
2021-01-01T00:00:00.000Z,Baden-Württemberg,Verwaltungsfachhochschulen,Ingenieurwissenschaften,
2020-01-01T00:00:00.000Z,Schleswig-Holstein,Universitäten (ohne Medizinische Einrichtungen),Zentr.Einrichtungen (o. klinikspez. Einrichtungen),2.7328E7
2022-01-01T00:00:00.000Z,Brandenburg,Kunsthochschulen,Sport,
2020-01-01T00:00:00.000Z,Niedersachsen,Universitäten (ohne Medizinische Einrichtungen),"Rechts-, Wirtschafts- und Sozialwissenschaften",4.32E7
2019-01-01T00:00:00.000Z,Sachsen,Kunsthochschulen,Geisteswissenschaften,
2022-01-01T00:00:00.000Z,Thüringen,Kunsthochschulen,"Agrar-, Forst- u.Ernährungswiss., Veterinärmedizin",
2020-01-01T00:00:00.000Z,Schleswig-Holstein,Medizinische Einrichtungen der Universitäten,"Rechts-, Wirtschafts- und Sozialwissenschaften",
2019-01-01T00:00:00.000Z,Sachsen,Pädagogische Hochschulen,Sport,
2019-01-01T00:00:00.000Z,Hamburg,Theologische Hochschulen,Humanmedizin/Gesundheitswissenschaften,
2019-01-01T00:00:00.000Z,Bremen,Universitäten (ohne Medizinische Einrichtungen),"Mathematik, Naturwissenschaften",4.4769E7
2021-01-01T00:00:00.000Z,Berlin,Medizinische Einrichtungen der Universitäten,Zentr.Einrichtungen (o. klinikspez. Einrichtungen),
2019-01-01T00:00:00.000Z,Hamburg,Medizinische Einrichtungen der Universitäten,Sport,
2019-01-01T00:00:00.000Z,Berlin,Fachhochschulen,Ingenieurwissenschaften,1.195E7
2019-01-01T00:00:00.000Z,Saarland,Theologische Hochschulen,Ingenieurwissenschaften,
2020-01-01T00:00:00.000Z,Thüringen,Verwaltungsfachhochschulen,Geisteswissenschaften,
2019-01-01T00:00:00.000Z,Nordrhein-Westfalen,Universitäten (ohne Medizinische Einrichtungen),"Mathematik, Naturwissenschaften",2.99643E8
2019-01-01T00:00:00.000Z,Niedersachsen,Theologische Hochschulen,Humanmedizin/Gesundheitswissenschaften,
2021-01-01T00:00:00.000Z,Hessen,Pädagogische Hochschulen,"Rechts-, Wirtschafts- und Sozialwissenschaften",
2021-01-01T00:00:00.000Z,Rheinland-Pfalz,Kunsthochschulen,"Rechts-, Wirtschafts- und Sozialwissenschaften",
2019-01-01T00:00:00.000Z,Schleswig-Holstein,Universitäten (ohne Medizinische Einrichtungen),"Agrar-, Forst- u.Ernährungswiss., Veterinärmedizin",6300000.0
2019-01-01T00:00:00.000Z,Sachsen,Verwaltungsfachhochschulen,"Kunst, Kunstwissenschaft",
2021-01-01T00:00:00.000Z,Baden-Württemberg,Fachhochschulen,Ingenieurwissenschaften,6.7027E7
2020-01-01T00:00:00.000Z,Sachsen,Medizinische Einrichtungen der Universitäten,Humanmedizin/Gesundheitswissenschaften,1.05839E8
2020-01-01T00:00:00.000Z,Bayern,Kunsthochschulen,"Kunst, Kunstwissenschaft",4030000.0
2022-01-01T00:00:00.000Z,Brandenburg,Pädagogische Hochschulen,"Mathematik, Naturwissenschaften",
2021-01-01T00:00:00.000Z,Sachsen-Anhalt,Medizinische Einrichtungen der Universitäten,Geisteswissenschaften,
2020-01-01T00:00:00.000Z,Niedersachsen,Kunsthochschulen,"Kunst, Kunstwissenschaft",1064000.0
2020-01-01T00:00:00.000Z,Sachsen-Anhalt,Theologische Hochschulen,"Mathematik, Naturwissenschaften",
2019-01-01T00:00:00.000Z,Hessen,Pädagogische Hochschulen,Geisteswissenschaften,
2021-01-01T00:00:00.000Z,Sachsen,Fachhochschulen,"Agrar-, Forst- u.Ernährungswiss., Veterinärmedizin",691000.0
2021-01-01T00:00:00.000Z,Hamburg,Pädagogische Hochschulen,"Rechts-, Wirtschafts- und Sozialwissenschaften",
2019-01-01T00:00:00.000Z,Hessen,Kunsthochschulen,Ingenieurwissenschaften,66000.0
2021-01-01T00:00:00.000Z,Nordrhein-Westfalen,Medizinische Einrichtungen der Universitäten,"Rechts-, Wirtschafts- und Sozialwissenschaften",
2020-01-01T00:00:00.000Z,Brandenburg,Verwaltungsfachhochschulen,Geisteswissenschaften,
2022-01-01T00:00:00.000Z,Nordrhein-Westfalen,Verwaltungsfachhochschulen,"Agrar-, Forst- u.Ernährungswiss., Veterinärmedizin",
2020-01-01T00:00:00.000Z,Baden-Württemberg,Medizinische Einrichtungen der Universitäten,Geisteswissenschaften,
2020-01-01T00:00:00.000Z,Mecklenburg-Vorpommern,Verwaltungsfachhochschulen,Ingenieurwissenschaften,
2022-01-01T00:00:00.000Z,Saarland,Kunsthochschulen,Sport,
2021-01-01T00:00:00.000Z,Sachsen,Medizinische Einrichtungen der Universitäten,"Rechts-, Wirtschafts- und Sozialwissenschaften",
2019-01-01T00:00:00.000Z,Thüringen,Pädagogische Hochschulen,Sport,
2019-01-01T00:00:00.000Z,Brandenburg,Pädagogische Hochschulen,"Kunst, Kunstwissenschaft",
2020-01-01T00:00:00.000Z,Baden-Württemberg,Fachhochschulen,Humanmedizin/Gesundheitswissenschaften,1928000.0
2020-01-01T00:00:00.000Z,Sachsen-Anhalt,Theologische Hochschulen,Humanmedizin/Gesundheitswissenschaften,
2020-01-01T00:00:00.000Z,Hamburg,Fachhochschulen,Humanmedizin/Gesundheitswissenschaften,1497000.0
2020-01-01T00:00:00.000Z,Bremen,Verwaltungsfachhochschulen,Ingenieurwissenschaften,
2022-01-01T00:00:00.000Z,Bremen,Theologische Hochschulen,Ingenieurwissenschaften,
2020-01-01T00:00:00.000Z,Bremen,Universitäten (ohne Medizinische Einrichtungen),Sport,0.0
2021-01-01T00:00:00.000Z,Berlin,Theologische Hochschulen,"Kunst, Kunstwissenschaft",
2021-01-01T00:00:00.000Z,Saarland,Theologische Hochschulen,"Mathematik, Naturwissenschaften",
2021-01-01T00:00:00.000Z,Niedersachsen,Theologische Hochschulen,"Agrar-, Forst- u.Ernährungswiss., Veterinärmedizin",
2022-01-01T00:00:00.000Z,Nordrhein-Westfalen,Theologische Hochschulen,"Mathematik, Naturwissenschaften",
2020-01-01T00:00:00.000Z,Sachsen,Theologische Hochschulen,Ingenieurwissenschaften,
2020-01-01T00:00:00.000Z,Bremen,Fachhochschulen,Zentr.Einrichtungen (o. klinikspez. Einrichtungen),1.3302E7
2020-01-01T00:00:00.000Z,Bremen,Medizinische Einrichtungen der Universitäten,"Agrar-, Forst- u.Ernährungswiss., Veterinärmedizin",
2022-01-01T00:00:00.000Z,Hessen,Theologische Hochschulen,Zentr.Einrichtungen (o. klinikspez. Einrichtungen),0.0
2022-01-01T00:00:00.000Z,Brandenburg,Verwaltungsfachhochschulen,"Rechts-, Wirtschafts- und Sozialwissenschaften",49000.0
2021-01-01T00:00:00.000Z,Thüringen,Universitäten (ohne Medizinische Einrichtungen),Humanmedizin/Gesundheitswissenschaften,
2020-01-01T00:00:00.000Z,Sachsen-Anhalt,Fachhochschulen,"Kunst, Kunstwissenschaft",59000.0
2022-01-01T00:00:00.000Z,Baden-Württemberg,Theologische Hochschulen,Ingenieurwissenschaften,
2020-01-01T00:00:00.000Z,Rheinland-Pfalz,Fachhochschulen,"Agrar-, Forst- u.Ernährungswiss., Veterinärmedizin",313000.0
2022-01-01T00:00:00.000Z,Saarland,Theologische Hochschulen,"Kunst, Kunstwissenschaft",
2022-01-01T00:00:00.000Z,Bremen,Universitäten (ohne Medizinische Einrichtungen),Sport,0.0
2019-01-01T00:00:00.000Z,Rheinland-Pfalz,Pädagogische Hochschulen,"Rechts-, Wirtschafts- und Sozialwissenschaften",
2021-01-01T00:00:00.000Z,Schleswig-Holstein,Pädagogische Hochschulen,Sport,
2022-01-01T00:00:00.000Z,Nordrhein-Westfalen,Theologische Hochschulen,Humanmedizin/Gesundheitswissenschaften,
2019-01-01T00:00:00.000Z,Schleswig-Holstein,Verwaltungsfachhochschulen,Zentr.Einrichtungen (o. klinikspez. Einrichtungen),
2020-01-01T00:00:00.000Z,Baden-Württemberg,Pädagogische Hochschulen,Zentr.Einrichtungen (o. klinikspez. Einrichtungen),5913000.0
2020-01-01T00:00:00.000Z,Hamburg,Kunsthochschulen,"Kunst, Kunstwissenschaft",841000.0
2019-01-01T00:00:00.000Z,Sachsen,Medizinische Einrichtungen der Universitäten,"Kunst, Kunstwissenschaft",
2022-01-01T00:00:00.000Z,Bremen,Theologische Hochschulen,Humanmedizin/Gesundheitswissenschaften,
2019-01-01T00:00:00.000Z,Sachsen-Anhalt,Universitäten (ohne Medizinische Einrichtungen),"Agrar-, Forst- u.Ernährungswiss., Veterinärmedizin",2821000.0
2021-01-01T00:00:00.000Z,Bremen,Medizinische Einrichtungen der Universitäten,"Rechts-, Wirtschafts- und Sozialwissenschaften",
2020-01-01T00:00:00.000Z,Bayern,Fachhochschulen,Humanmedizin/Gesundheitswissenschaften,3454000.0
2019-01-01T00:00:00.000Z,Saarland,Medizinische Einrichtungen der Universitäten,"Rechts-, Wirtschafts- und Sozialwissenschaften",
2020-01-01T00:00:00.000Z,Saarland,Universitäten (ohne Medizinische Einrichtungen),Sport,178000.0
2021-01-01T00:00:00.000Z,Bayern,Verwaltungsfachhochschulen,"Agrar-, Forst- u.Ernährungswiss., Veterinärmedizin",
2019-01-01T00:00:00.000Z,Sachsen,Kunsthochschulen,"Agrar-, Forst- u.Ernährungswiss., Veterinärmedizin",
2020-01-01T00:00:00.000Z,Hamburg,Kunsthochschulen,"Rechts-, Wirtschafts- und Sozialwissenschaften",
2021-01-01T00:00:00.000Z,Sachsen,Fachhochschulen,Ingenieurwissenschaften,2.5547E7
2021-01-01T00:00:00.000Z,Thüringen,Fachhochschulen,"Rechts-, Wirtschafts- und Sozialwissenschaften",3701000.0
2020-01-01T00:00:00.000Z,Hessen,Fachhochschulen,"Agrar-, Forst- u.Ernährungswiss., Veterinärmedizin",5702000.0
2019-01-01T00:00:00.000Z,Sachsen-Anhalt,Fachhochschulen,Geisteswissenschaften,1000.0
2019-01-01T00:00:00.000Z,Schleswig-Holstein,Fachhochschulen,"Mathematik, Naturwissenschaften",707000.0
2022-01-01T00:00:00.000Z,Nordrhein-Westfalen,Universitäten (ohne Medizinische Einrichtungen),"Mathematik, Naturwissenschaften",3.80931E8
2021-01-01T00:00:00.000Z,Saarland,Verwaltungsfachhochschulen,Humanmedizin/Gesundheitswissenschaften,
2019-01-01T00:00:00.000Z,Hamburg,Medizinische Einrichtungen der Universitäten,"Mathematik, Naturwissenschaften",
2022-01-01T00:00:00.000Z,Hamburg,Verwaltungsfachhochschulen,"Rechts-, Wirtschafts- und Sozialwissenschaften",775000.0
2022-01-01T00:00:00.000Z,Sachsen-Anhalt,Fachhochschulen,Ingenieurwissenschaften,1.3867E7
2019-01-01T00:00:00.000Z,Thüringen,Medizinische Einrichtungen der Universitäten,Geisteswissenschaften,
2021-01-01T00:00:00.000Z,Bremen,Theologische Hochschulen,"Mathematik, Naturwissenschaften",
2022-01-01T00:00:00.000Z,Hamburg,Kunsthochschulen,"Rechts-, Wirtschafts- und Sozialwissenschaften",
2021-01-01T00:00:00.000Z,Baden-Württemberg,Universitäten (ohne Medizinische Einrichtungen),Zentr.Einrichtungen (o. klinikspez. Einrichtungen),1.09701E8
2021-01-01T00:00:00.000Z,Schleswig-Holstein,Medizinische Einrichtungen der Universitäten,Humanmedizin/Gesundheitswissenschaften,9.9207E7
2020-01-01T00:00:00.000Z,Saarland,Fachhochschulen,"Mathematik, Naturwissenschaften",
2021-01-01T00:00:00.000Z,Rheinland-Pfalz,Fachhochschulen,Humanmedizin/Gesundheitswissenschaften,56000.0
2022-01-01T00:00:00.000Z,Bremen,Medizinische Einrichtungen der Universitäten,Ingenieurwissenschaften,
2020-01-01T00:00:00.000Z,Baden-Württemberg,Universitäten (ohne Medizinische Einrichtungen),Zentr.Einrichtungen (o. klinikspez. Einrichtungen),1.11808E8
2022-01-01T00:00:00.000Z,Hamburg,Kunsthochschulen,Humanmedizin/Gesundheitswissenschaften,
2020-01-01T00:00:00.000Z,Mecklenburg-Vorpommern,Pädagogische Hochschulen,Sport,
2021-01-01T00:00:00.000Z,Berlin,Fachhochschulen,Sport,12000.0
2022-01-01T00:00:00.000Z,Berlin,Theologische Hochschulen,"Mathematik, Naturwissenschaften",
2019-01-01T00:00:00.000Z,Nordrhein-Westfalen,Medizinische Einrichtungen der Universitäten,"Agrar-, Forst- u.Ernährungswiss., Veterinärmedizin",
2019-01-01T00:00:00.000Z,Baden-Württemberg,Kunsthochschulen,Humanmedizin/Gesundheitswissenschaften,
2021-01-01T00:00:00.000Z,Bremen,Pädagogische Hochschulen,Zentr.Einrichtungen (o. klinikspez. Einrichtungen),
2021-01-01T00:00:00.000Z,Schleswig-Holstein,Fachhochschulen,"Rechts-, Wirtschafts- und Sozialwissenschaften",1829000.0
2022-01-01T00:00:00.000Z,Saarland,Theologische Hochschulen,"Agrar-, Forst- u.Ernährungswiss., Veterinärmedizin",
2021-01-01T00:00:00.000Z,Rheinland-Pfalz,Universitäten (ohne Medizinische Einrichtungen),Zentr.Einrichtungen (o. klinikspez. Einrichtungen),3.2463E7
2020-01-01T00:00:00.000Z,Baden-Württemberg,Theologische Hochschulen,Ingenieurwissenschaften,
2020-01-01T00:00:00.000Z,Sachsen,Fachhochschulen,"Kunst, Kunstwissenschaft",134000.0
2019-01-01T00:00:00.000Z,Saarland,Theologische Hochschulen,Geisteswissenschaften,
2020-01-01T00:00:00.000Z,Brandenburg,Verwaltungsfachhochschulen,"Agrar-, Forst- u.Ernährungswiss., Veterinärmedizin",
2021-01-01T00:00:00.000Z,Thüringen,Kunsthochschulen,Ingenieurwissenschaften,
2020-01-01T00:00:00.000Z,Hessen,Kunsthochschulen,Sport,
2020-01-01T00:00:00.000Z,Baden-Württemberg,Verwaltungsfachhochschulen,"Kunst, Kunstwissenschaft",
2022-01-01T00:00:00.000Z,Hamburg,Pädagogische Hochschulen,Sport,
2020-01-01T00:00:00.000Z,Brandenburg,Pädagogische Hochschulen,Sport,
2022-01-01T00:00:00.000Z,Saarland,Medizinische Einrichtungen der Universitäten,Zentr.Einrichtungen (o. klinikspez. Einrichtungen),
2019-01-01T00:00:00.000Z,Brandenburg,Universitäten (ohne Medizinische Einrichtungen),Humanmedizin/Gesundheitswissenschaften,
2022-01-01T00:00:00.000Z,Berlin,Fachhochschulen,Sport,156000.0
2022-01-01T00:00:00.000Z,Mecklenburg-Vorpommern,Universitäten (ohne Medizinische Einrichtungen),"Mathematik, Naturwissenschaften",3.2386E7
2019-01-01T00:00:00.000Z,Hamburg,Verwaltungsfachhochschulen,Zentr.Einrichtungen (o. klinikspez. Einrichtungen),0.0
2021-01-01T00:00:00.000Z,Mecklenburg-Vorpommern,Universitäten (ohne Medizinische Einrichtungen),Geisteswissenschaften,4185000.0
2019-01-01T00:00:00.000Z,Thüringen,Kunsthochschulen,Geisteswissenschaften,
2019-01-01T00:00:00.000Z,Thüringen,Theologische Hochschulen,"Agrar-, Forst- u.Ernährungswiss., Veterinärmedizin",
2021-01-01T00:00:00.000Z,Hamburg,Pädagogische Hochschulen,Sport,
2021-01-01T00:00:00.000Z,Brandenburg,Theologische Hochschulen,"Kunst, Kunstwissenschaft",
2019-01-01T00:00:00.000Z,Saarland,Kunsthochschulen,Humanmedizin/Gesundheitswissenschaften,
2020-01-01T00:00:00.000Z,Niedersachsen,Kunsthochschulen,"Agrar-, Forst- u.Ernährungswiss., Veterinärmedizin",
2019-01-01T00:00:00.000Z,Schleswig-Holstein,Theologische Hochschulen,"Rechts-, Wirtschafts- und Sozialwissenschaften",
2022-01-01T00:00:00.000Z,Mecklenburg-Vorpommern,Medizinische Einrichtungen der Universitäten,"Kunst, Kunstwissenschaft",
2019-01-01T00:00:00.000Z,Bayern,Verwaltungsfachhochschulen,Sport,
2019-01-01T00:00:00.000Z,Rheinland-Pfalz,Kunsthochschulen,"Mathematik, Naturwissenschaften",
2022-01-01T00:00:00.000Z,Baden-Württemberg,Medizinische Einrichtungen der Universitäten,"Rechts-, Wirtschafts- und Sozialwissenschaften",
2019-01-01T00:00:00.000Z,Hamburg,Fachhochschulen,"Agrar-, Forst- u.Ernährungswiss., Veterinärmedizin",890000.0
2021-01-01T00:00:00.000Z,Rheinland-Pfalz,Universitäten (ohne Medizinische Einrichtungen),Geisteswissenschaften,1.4447E7
2021-01-01T00:00:00.000Z,Sachsen-Anhalt,Pädagogische Hochschulen,"Agrar-, Forst- u.Ernährungswiss., Veterinärmedizin",
2022-01-01T00:00:00.000Z,Hessen,Medizinische Einrichtungen der Universitäten,Humanmedizin/Gesundheitswissenschaften,1.38287E8
2021-01-01T00:00:00.000Z,Saarland,Kunsthochschulen,"Kunst, Kunstwissenschaft",0.0
2020-01-01T00:00:00.000Z,Sachsen-Anhalt,Kunsthochschulen,Ingenieurwissenschaften,0.0
2021-01-01T00:00:00.000Z,Schleswig-Holstein,Kunsthochschulen,Geisteswissenschaften,
2020-01-01T00:00:00.000Z,Bayern,Fachhochschulen,"Rechts-, Wirtschafts- und Sozialwissenschaften",1.1469E7
2021-01-01T00:00:00.000Z,Hamburg,Kunsthochschulen,"Agrar-, Forst- u.Ernährungswiss., Veterinärmedizin",
2022-01-01T00:00:00.000Z,Berlin,Theologische Hochschulen,"Agrar-, Forst- u.Ernährungswiss., Veterinärmedizin",
2020-01-01T00:00:00.000Z,Bremen,Verwaltungsfachhochschulen,"Agrar-, Forst- u.Ernährungswiss., Veterinärmedizin",
2020-01-01T00:00:00.000Z,Bremen,Pädagogische Hochschulen,Geisteswissenschaften,
2022-01-01T00:00:00.000Z,Schleswig-Holstein,Pädagogische Hochschulen,Ingenieurwissenschaften,
2022-01-01T00:00:00.000Z,Thüringen,Pädagogische Hochschulen,Humanmedizin/Gesundheitswissenschaften,
2020-01-01T00:00:00.000Z,Brandenburg,Medizinische Einrichtungen der Universitäten,"Agrar-, Forst- u.Ernährungswiss., Veterinärmedizin",
2021-01-01T00:00:00.000Z,Nordrhein-Westfalen,Universitäten (ohne Medizinische Einrichtungen),"Agrar-, Forst- u.Ernährungswiss., Veterinärmedizin",1.0024E7
2019-01-01T00:00:00.000Z,Nordrhein-Westfalen,Verwaltungsfachhochschulen,"Agrar-, Forst- u.Ernährungswiss., Veterinärmedizin",
2019-01-01T00:00:00.000Z,Schleswig-Holstein,Medizinische Einrichtungen der Universitäten,"Rechts-, Wirtschafts- und Sozialwissenschaften",
2019-01-01T00:00:00.000Z,Niedersachsen,Pädagogische Hochschulen,"Rechts-, Wirtschafts- und Sozialwissenschaften",
2020-01-01T00:00:00.000Z,Thüringen,Pädagogische Hochschulen,"Agrar-, Forst- u.Ernährungswiss., Veterinärmedizin",
2022-01-01T00:00:00.000Z,Sachsen-Anhalt,Theologische Hochschulen,Zentr.Einrichtungen (o. klinikspez. Einrichtungen),100000.0
2022-01-01T00:00:00.000Z,Niedersachsen,Kunsthochschulen,Humanmedizin/Gesundheitswissenschaften,
2019-01-01T00:00:00.000Z,Berlin,Fachhochschulen,"Kunst, Kunstwissenschaft",1001000.0
2019-01-01T00:00:00.000Z,Schleswig-Holstein,Universitäten (ohne Medizinische Einrichtungen),"Kunst, Kunstwissenschaft",453000.0
2020-01-01T00:00:00.000Z,Mecklenburg-Vorpommern,Fachhochschulen,Zentr.Einrichtungen (o. klinikspez. Einrichtungen),1788000.0
2020-01-01T00:00:00.000Z,Bremen,Medizinische Einrichtungen der Universitäten,Zentr.Einrichtungen (o. klinikspez. Einrichtungen),
2020-01-01T00:00:00.000Z,Baden-Württemberg,Medizinische Einrichtungen der Universitäten,"Kunst, Kunstwissenschaft",
2020-01-01T00:00:00.000Z,Niedersachsen,Medizinische Einrichtungen der Universitäten,Zentr.Einrichtungen (o. klinikspez. Einrichtungen),
2019-01-01T00:00:00.000Z,Bremen,Verwaltungsfachhochschulen,Sport,
2022-01-01T00:00:00.000Z,Bayern,Theologische Hochschulen,Geisteswissenschaften,2941000.0
2020-01-01T00:00:00.000Z,Brandenburg,Kunsthochschulen,Geisteswissenschaften,
2021-01-01T00:00:00.000Z,Saarland,Fachhochschulen,Ingenieurwissenschaften,5576000.0
2020-01-01T00:00:00.000Z,Sachsen,Universitäten (ohne Medizinische Einrichtungen),Sport,5064000.0
2019-01-01T00:00:00.000Z,Nordrhein-Westfalen,Fachhochschulen,"Mathematik, Naturwissenschaften",8610000.0
2019-01-01T00:00:00.000Z,Bremen,Theologische Hochschulen,Ingenieurwissenschaften,
2021-01-01T00:00:00.000Z,Saarland,Universitäten (ohne Medizinische Einrichtungen),"Mathematik, Naturwissenschaften",1.2441E7
2020-01-01T00:00:00.000Z,Sachsen,Fachhochschulen,Zentr.Einrichtungen (o. klinikspez. Einrichtungen),1.3718E7
2021-01-01T00:00:00.000Z,Niedersachsen,Theologische Hochschulen,Sport,
2020-01-01T00:00:00.000Z,Rheinland-Pfalz,Fachhochschulen,Sport,
2022-01-01T00:00:00.000Z,Sachsen-Anhalt,Universitäten (ohne Medizinische Einrichtungen),"Agrar-, Forst- u.Ernährungswiss., Veterinärmedizin",2387000.0
2020-01-01T00:00:00.000Z,Hessen,Universitäten (ohne Medizinische Einrichtungen),Humanmedizin/Gesundheitswissenschaften,
2021-01-01T00:00:00.000Z,Schleswig-Holstein,Universitäten (ohne Medizinische Einrichtungen),"Mathematik, Naturwissenschaften",2.3272E7
2020-01-01T00:00:00.000Z,Berlin,Pädagogische Hochschulen,Humanmedizin/Gesundheitswissenschaften,
2022-01-01T00:00:00.000Z,Sachsen-Anhalt,Theologische Hochschulen,"Mathematik, Naturwissenschaften",
2019-01-01T00:00:00.000Z,Mecklenburg-Vorpommern,Pädagogische Hochschulen,"Rechts-, Wirtschafts- und Sozialwissenschaften",
2020-01-01T00:00:00.000Z,Brandenburg,Kunsthochschulen,"Rechts-, Wirtschafts- und Sozialwissenschaften",
2021-01-01T00:00:00.000Z,Baden-Württemberg,Fachhochschulen,Humanmedizin/Gesundheitswissenschaften,1702000.0
2022-01-01T00:00:00.000Z,Bayern,Theologische Hochschulen,"Agrar-, Forst- u.Ernährungswiss., Veterinärmedizin",
2021-01-01T00:00:00.000Z,Schleswig-Holstein,Kunsthochschulen,"Agrar-, Forst- u.Ernährungswiss., Veterinärmedizin",
2020-01-01T00:00:00.000Z,Nordrhein-Westfalen,Fachhochschulen,Zentr.Einrichtungen (o. klinikspez. Einrichtungen),4.8683E7
2022-01-01T00:00:00.000Z,Brandenburg,Universitäten (ohne Medizinische Einrichtungen),"Rechts-, Wirtschafts- und Sozialwissenschaften",1.4925E7
2021-01-01T00:00:00.000Z,Bayern,Kunsthochschulen,Sport,
2020-01-01T00:00:00.000Z,Bayern,Universitäten (ohne Medizinische Einrichtungen),Zentr.Einrichtungen (o. klinikspez. Einrichtungen),1.00787E8
2021-01-01T00:00:00.000Z,Hamburg,Theologische Hochschulen,Zentr.Einrichtungen (o. klinikspez. Einrichtungen),
2019-01-01T00:00:00.000Z,Sachsen-Anhalt,Kunsthochschulen,"Agrar-, Forst- u.Ernährungswiss., Veterinärmedizin",
2019-01-01T00:00:00.000Z,Bayern,Fachhochschulen,"Kunst, Kunstwissenschaft",277000.0
2022-01-01T00:00:00.000Z,Thüringen,Kunsthochschulen,"Kunst, Kunstwissenschaft",288000.0
2021-01-01T00:00:00.000Z,Nordrhein-Westfalen,Universitäten (ohne Medizinische Einrichtungen),"Kunst, Kunstwissenschaft",6514000.0
2022-01-01T00:00:00.000Z,Sachsen-Anhalt,Universitäten (ohne Medizinische Einrichtungen),Sport,1820000.0
2019-01-01T00:00:00.000Z,Nordrhein-Westfalen,Theologische Hochschulen,"Mathematik, Naturwissenschaften",
2019-01-01T00:00:00.000Z,Bayern,Kunsthochschulen,Sport,
2022-01-01T00:00:00.000Z,Niedersachsen,Medizinische Einrichtungen der Universitäten,Ingenieurwissenschaften,
2022-01-01T00:00:00.000Z,Baden-Württemberg,Kunsthochschulen,"Agrar-, Forst- u.Ernährungswiss., Veterinärmedizin",
2021-01-01T00:00:00.000Z,Berlin,Pädagogische Hochschulen,Ingenieurwissenschaften,
2022-01-01T00:00:00.000Z,Nordrhein-Westfalen,Pädagogische Hochschulen,Ingenieurwissenschaften,
2020-01-01T00:00:00.000Z,Berlin,Fachhochschulen,"Rechts-, Wirtschafts- und Sozialwissenschaften",1.5909E7
2019-01-01T00:00:00.000Z,Berlin,Theologische Hochschulen,Humanmedizin/Gesundheitswissenschaften,
2019-01-01T00:00:00.000Z,Hamburg,Verwaltungsfachhochschulen,Humanmedizin/Gesundheitswissenschaften,
2020-01-01T00:00:00.000Z,Hessen,Medizinische Einrichtungen der Universitäten,Sport,
2021-01-01T00:00:00.000Z,Berlin,Fachhochschulen,"Rechts-, Wirtschafts- und Sozialwissenschaften",1.2835E7
2021-01-01T00:00:00.000Z,Bayern,Pädagogische Hochschulen,Humanmedizin/Gesundheitswissenschaften,
2019-01-01T00:00:00.000Z,Niedersachsen,Universitäten (ohne Medizinische Einrichtungen),"Rechts-, Wirtschafts- und Sozialwissenschaften",4.0879E7
2019-01-01T00:00:00.000Z,Schleswig-Holstein,Kunsthochschulen,Humanmedizin/Gesundheitswissenschaften,
2022-01-01T00:00:00.000Z,Bremen,Fachhochschulen,Geisteswissenschaften,
2019-01-01T00:00:00.000Z,Niedersachsen,Kunsthochschulen,"Rechts-, Wirtschafts- und Sozialwissenschaften",334000.0
2022-01-01T00:00:00.000Z,Hessen,Universitäten (ohne Medizinische Einrichtungen),"Agrar-, Forst- u.Ernährungswiss., Veterinärmedizin",2.2094E7
2022-01-01T00:00:00.000Z,Bayern,Universitäten (ohne Medizinische Einrichtungen),Sport,9125000.0
2021-01-01T00:00:00.000Z,Nordrhein-Westfalen,Pädagogische Hochschulen,Ingenieurwissenschaften,
2019-01-01T00:00:00.000Z,Berlin,Medizinische Einrichtungen der Universitäten,Geisteswissenschaften,
2020-01-01T00:00:00.000Z,Schleswig-Holstein,Fachhochschulen,Geisteswissenschaften,0.0
2021-01-01T00:00:00.000Z,Hessen,Medizinische Einrichtungen der Universitäten,Sport,
2019-01-01T00:00:00.000Z,Sachsen-Anhalt,Medizinische Einrichtungen der Universitäten,Zentr.Einrichtungen (o. klinikspez. Einrichtungen),
2022-01-01T00:00:00.000Z,Nordrhein-Westfalen,Medizinische Einrichtungen der Universitäten,"Agrar-, Forst- u.Ernährungswiss., Veterinärmedizin",
2020-01-01T00:00:00.000Z,Brandenburg,Medizinische Einrichtungen der Universitäten,"Kunst, Kunstwissenschaft",
2021-01-01T00:00:00.000Z,Bayern,Fachhochschulen,Zentr.Einrichtungen (o. klinikspez. Einrichtungen),3.4075E7
2019-01-01T00:00:00.000Z,Berlin,Verwaltungsfachhochschulen,"Rechts-, Wirtschafts- und Sozialwissenschaften",0.0
2022-01-01T00:00:00.000Z,Niedersachsen,Verwaltungsfachhochschulen,Zentr.Einrichtungen (o. klinikspez. Einrichtungen),
2019-01-01T00:00:00.000Z,Sachsen-Anhalt,Universitäten (ohne Medizinische Einrichtungen),Ingenieurwissenschaften,2.6537E7
2022-01-01T00:00:00.000Z,Berlin,Verwaltungsfachhochschulen,"Rechts-, Wirtschafts- und Sozialwissenschaften",0.0
2019-01-01T00:00:00.000Z,Thüringen,Theologische Hochschulen,Sport,
2020-01-01T00:00:00.000Z,Schleswig-Holstein,Pädagogische Hochschulen,"Agrar-, Forst- u.Ernährungswiss., Veterinärmedizin",
2020-01-01T00:00:00.000Z,Mecklenburg-Vorpommern,Fachhochschulen,Geisteswissenschaften,
2022-01-01T00:00:00.000Z,Hessen,Pädagogische Hochschulen,"Agrar-, Forst- u.Ernährungswiss., Veterinärmedizin",
2019-01-01T00:00:00.000Z,Mecklenburg-Vorpommern,Universitäten (ohne Medizinische Einrichtungen),Zentr.Einrichtungen (o. klinikspez. Einrichtungen),6883000.0
2021-01-01T00:00:00.000Z,Brandenburg,Medizinische Einrichtungen der Universitäten,Sport,
2021-01-01T00:00:00.000Z,Sachsen,Kunsthochschulen,Geisteswissenschaften,
2019-01-01T00:00:00.000Z,Rheinland-Pfalz,Verwaltungsfachhochschulen,Humanmedizin/Gesundheitswissenschaften,
2022-01-01T00:00:00.000Z,Sachsen,Pädagogische Hochschulen,"Kunst, Kunstwissenschaft",
2021-01-01T00:00:00.000Z,Nordrhein-Westfalen,Kunsthochschulen,Ingenieurwissenschaften,101000.0
2021-01-01T00:00:00.000Z,Hamburg,Universitäten (ohne Medizinische Einrichtungen),Geisteswissenschaften,2.3537E7
2021-01-01T00:00:00.000Z,Hamburg,Medizinische Einrichtungen der Universitäten,Zentr.Einrichtungen (o. klinikspez. Einrichtungen),
2022-01-01T00:00:00.000Z,Baden-Württemberg,Pädagogische Hochschulen,Zentr.Einrichtungen (o. klinikspez. Einrichtungen),9664000.0
2020-01-01T00:00:00.000Z,Mecklenburg-Vorpommern,Universitäten (ohne Medizinische Einrichtungen),"Kunst, Kunstwissenschaft",433000.0
2022-01-01T00:00:00.000Z,Thüringen,Theologische Hochschulen,Sport,
2020-01-01T00:00:00.000Z,Hessen,Verwaltungsfachhochschulen,Zentr.Einrichtungen (o. klinikspez. Einrichtungen),0.0
2021-01-01T00:00:00.000Z,Berlin,Universitäten (ohne Medizinische Einrichtungen),Ingenieurwissenschaften,1.23147E8
2022-01-01T00:00:00.000Z,Schleswig-Holstein,Medizinische Einrichtungen der Universitäten,"Rechts-, Wirtschafts- und Sozialwissenschaften",
2021-01-01T00:00:00.000Z,Bayern,Fachhochschulen,Sport,0.0
2022-01-01T00:00:00.000Z,Berlin,Kunsthochschulen,Humanmedizin/Gesundheitswissenschaften,
2019-01-01T00:00:00.000Z,Berlin,Theologische Hochschulen,"Mathematik, Naturwissenschaften",
2019-01-01T00:00:00.000Z,Nordrhein-Westfalen,Medizinische Einrichtungen der Universitäten,Geisteswissenschaften,
2021-01-01T00:00:00.000Z,Bremen,Medizinische Einrichtungen der Universitäten,"Kunst, Kunstwissenschaft",
2021-01-01T00:00:00.000Z,Berlin,Theologische Hochschulen,"Rechts-, Wirtschafts- und Sozialwissenschaften",
2021-01-01T00:00:00.000Z,Thüringen,Universitäten (ohne Medizinische Einrichtungen),Zentr.Einrichtungen (o. klinikspez. Einrichtungen),2.5909E7
2021-01-01T00:00:00.000Z,Sachsen,Universitäten (ohne Medizinische Einrichtungen),"Agrar-, Forst- u.Ernährungswiss., Veterinärmedizin",1.8562E7
2020-01-01T00:00:00.000Z,Nordrhein-Westfalen,Fachhochschulen,"Rechts-, Wirtschafts- und Sozialwissenschaften",2.3894E7
2020-01-01T00:00:00.000Z,Sachsen,Verwaltungsfachhochschulen,Humanmedizin/Gesundheitswissenschaften,
2019-01-01T00:00:00.000Z,Baden-Württemberg,Theologische Hochschulen,Geisteswissenschaften,
2020-01-01T00:00:00.000Z,Berlin,Kunsthochschulen,Ingenieurwissenschaften,580000.0
2019-01-01T00:00:00.000Z,Sachsen,Verwaltungsfachhochschulen,"Agrar-, Forst- u.Ernährungswiss., Veterinärmedizin",
2020-01-01T00:00:00.000Z,Bayern,Kunsthochschulen,Ingenieurwissenschaften,0.0
2019-01-01T00:00:00.000Z,Hamburg,Verwaltungsfachhochschulen,"Rechts-, Wirtschafts- und Sozialwissenschaften",205000.0
2020-01-01T00:00:00.000Z,Niedersachsen,Verwaltungsfachhochschulen,"Mathematik, Naturwissenschaften",
2019-01-01T00:00:00.000Z,Berlin,Medizinische Einrichtungen der Universitäten,"Mathematik, Naturwissenschaften",
2019-01-01T00:00:00.000Z,Hessen,Universitäten (ohne Medizinische Einrichtungen),Ingenieurwissenschaften,1.23369E8
2022-01-01T00:00:00.000Z,Bremen,Theologische Hochschulen,Sport,
2020-01-01T00:00:00.000Z,Berlin,Kunsthochschulen,"Kunst, Kunstwissenschaft",8921000.0
2020-01-01T00:00:00.000Z,Niedersachsen,Verwaltungsfachhochschulen,Sport,
2021-01-01T00:00:00.000Z,Saarland,Verwaltungsfachhochschulen,Ingenieurwissenschaften,
2021-01-01T00:00:00.000Z,Bayern,Medizinische Einrichtungen der Universitäten,"Kunst, Kunstwissenschaft",
2022-01-01T00:00:00.000Z,Saarland,Verwaltungsfachhochschulen,Humanmedizin/Gesundheitswissenschaften,
2020-01-01T00:00:00.000Z,Bayern,Medizinische Einrichtungen der Universitäten,"Mathematik, Naturwissenschaften",
2019-01-01T00:00:00.000Z,Hessen,Kunsthochschulen,"Kunst, Kunstwissenschaft",1568000.0
2022-01-01T00:00:00.000Z,Rheinland-Pfalz,Pädagogische Hochschulen,Geisteswissenschaften,
2019-01-01T00:00:00.000Z,Brandenburg,Theologische Hochschulen,"Rechts-, Wirtschafts- und Sozialwissenschaften",
2019-01-01T00:00:00.000Z,Nordrhein-Westfalen,Theologische Hochschulen,Zentr.Einrichtungen (o. klinikspez. Einrichtungen),561000.0
2021-01-01T00:00:00.000Z,Mecklenburg-Vorpommern,Medizinische Einrichtungen der Universitäten,"Agrar-, Forst- u.Ernährungswiss., Veterinärmedizin",
2021-01-01T00:00:00.000Z,Mecklenburg-Vorpommern,Medizinische Einrichtungen der Universitäten,"Rechts-, Wirtschafts- und Sozialwissenschaften",
2020-01-01T00:00:00.000Z,Bremen,Fachhochschulen,"Mathematik, Naturwissenschaften",590000.0
2022-01-01T00:00:00.000Z,Schleswig-Holstein,Theologische Hochschulen,"Rechts-, Wirtschafts- und Sozialwissenschaften",
2021-01-01T00:00:00.000Z,Hessen,Verwaltungsfachhochschulen,Humanmedizin/Gesundheitswissenschaften,
2020-01-01T00:00:00.000Z,Baden-Württemberg,Universitäten (ohne Medizinische Einrichtungen),Sport,5111000.0
2020-01-01T00:00:00.000Z,Sachsen,Fachhochschulen,Geisteswissenschaften,141000.0
2020-01-01T00:00:00.000Z,Hamburg,Universitäten (ohne Medizinische Einrichtungen),Geisteswissenschaften,1.9498E7
2019-01-01T00:00:00.000Z,Rheinland-Pfalz,Medizinische Einrichtungen der Universitäten,Sport,
2020-01-01T00:00:00.000Z,Brandenburg,Medizinische Einrichtungen der Universitäten,Ingenieurwissenschaften,
2020-01-01T00:00:00.000Z,Saarland,Fachhochschulen,Humanmedizin/Gesundheitswissenschaften,550000.0
2019-01-01T00:00:00.000Z,Baden-Württemberg,Theologische Hochschulen,"Agrar-, Forst- u.Ernährungswiss., Veterinärmedizin",
2019-01-01T00:00:00.000Z,Bremen,Pädagogische Hochschulen,"Kunst, Kunstwissenschaft",
2020-01-01T00:00:00.000Z,Thüringen,Pädagogische Hochschulen,"Kunst, Kunstwissenschaft",
2020-01-01T00:00:00.000Z,Nordrhein-Westfalen,Pädagogische Hochschulen,Geisteswissenschaften,
2021-01-01T00:00:00.000Z,Saarland,Kunsthochschulen,Sport,
2022-01-01T00:00:00.000Z,Thüringen,Fachhochschulen,Geisteswissenschaften,
2019-01-01T00:00:00.000Z,Thüringen,Fachhochschulen,"Mathematik, Naturwissenschaften",0.0
2020-01-01T00:00:00.000Z,Bayern,Theologische Hochschulen,"Rechts-, Wirtschafts- und Sozialwissenschaften",
2022-01-01T00:00:00.000Z,Sachsen-Anhalt,Verwaltungsfachhochschulen,Humanmedizin/Gesundheitswissenschaften,
2019-01-01T00:00:00.000Z,Mecklenburg-Vorpommern,Universitäten (ohne Medizinische Einrichtungen),"Mathematik, Naturwissenschaften",3.0367E7
2019-01-01T00:00:00.000Z,Nordrhein-Westfalen,Verwaltungsfachhochschulen,"Kunst, Kunstwissenschaft",
2020-01-01T00:00:00.000Z,Brandenburg,Medizinische Einrichtungen der Universitäten,Sport,
2020-01-01T00:00:00.000Z,Bayern,Verwaltungsfachhochschulen,"Rechts-, Wirtschafts- und Sozialwissenschaften",2128000.0
2019-01-01T00:00:00.000Z,Hamburg,Kunsthochschulen,"Mathematik, Naturwissenschaften",
2020-01-01T00:00:00.000Z,Sachsen-Anhalt,Pädagogische Hochschulen,Ingenieurwissenschaften,
2019-01-01T00:00:00.000Z,Mecklenburg-Vorpommern,Fachhochschulen,Humanmedizin/Gesundheitswissenschaften,302000.0
2021-01-01T00:00:00.000Z,Berlin,Kunsthochschulen,Ingenieurwissenschaften,41000.0
2022-01-01T00:00:00.000Z,Thüringen,Pädagogische Hochschulen,Ingenieurwissenschaften,
2019-01-01T00:00:00.000Z,Niedersachsen,Theologische Hochschulen,Sport,
2022-01-01T00:00:00.000Z,Hessen,Universitäten (ohne Medizinische Einrichtungen),Zentr.Einrichtungen (o. klinikspez. Einrichtungen),4.3046E7
2020-01-01T00:00:00.000Z,Mecklenburg-Vorpommern,Theologische Hochschulen,Sport,
2021-01-01T00:00:00.000Z,Bremen,Kunsthochschulen,Humanmedizin/Gesundheitswissenschaften,
2022-01-01T00:00:00.000Z,Mecklenburg-Vorpommern,Universitäten (ohne Medizinische Einrichtungen),Geisteswissenschaften,5349000.0
2019-01-01T00:00:00.000Z,Sachsen-Anhalt,Verwaltungsfachhochschulen,Sport,
2021-01-01T00:00:00.000Z,Hamburg,Pädagogische Hochschulen,Humanmedizin/Gesundheitswissenschaften,
2022-01-01T00:00:00.000Z,Brandenburg,Fachhochschulen,"Kunst, Kunstwissenschaft",1196000.0
2021-01-01T00:00:00.000Z,Nordrhein-Westfalen,Fachhochschulen,"Rechts-, Wirtschafts- und Sozialwissenschaften",3.1769E7
2021-01-01T00:00:00.000Z,Schleswig-Holstein,Verwaltungsfachhochschulen,Humanmedizin/Gesundheitswissenschaften,
2021-01-01T00:00:00.000Z,Hamburg,Kunsthochschulen,Geisteswissenschaften,
2020-01-01T00:00:00.000Z,Brandenburg,Universitäten (ohne Medizinische Einrichtungen),"Rechts-, Wirtschafts- und Sozialwissenschaften",1.0871E7
2021-01-01T00:00:00.000Z,Rheinland-Pfalz,Universitäten (ohne Medizinische Einrichtungen),Humanmedizin/Gesundheitswissenschaften,
2019-01-01T00:00:00.000Z,Baden-Württemberg,Medizinische Einrichtungen der Universitäten,"Rechts-, Wirtschafts- und Sozialwissenschaften",
2022-01-01T00:00:00.000Z,Hamburg,Theologische Hochschulen,"Agrar-, Forst- u.Ernährungswiss., Veterinärmedizin",
2019-01-01T00:00:00.000Z,Hamburg,Pädagogische Hochschulen,"Mathematik, Naturwissenschaften",
2022-01-01T00:00:00.000Z,Berlin,Fachhochschulen,"Mathematik, Naturwissenschaften",456000.0
2022-01-01T00:00:00.000Z,Niedersachsen,Pädagogische Hochschulen,Sport,
2021-01-01T00:00:00.000Z,Bremen,Universitäten (ohne Medizinische Einrichtungen),Sport,0.0
2019-01-01T00:00:00.000Z,Thüringen,Fachhochschulen,Geisteswissenschaften,
2020-01-01T00:00:00.000Z,Saarland,Theologische Hochschulen,"Mathematik, Naturwissenschaften",
2019-01-01T00:00:00.000Z,Brandenburg,Kunsthochschulen,Ingenieurwissenschaften,
2021-01-01T00:00:00.000Z,Baden-Württemberg,Theologische Hochschulen,Ingenieurwissenschaften,
2019-01-01T00:00:00.000Z,Baden-Württemberg,Pädagogische Hochschulen,Zentr.Einrichtungen (o. klinikspez. Einrichtungen),4840000.0
2021-01-01T00:00:00.000Z,Thüringen,Fachhochschulen,Humanmedizin/Gesundheitswissenschaften,21000.0
2022-01-01T00:00:00.000Z,Thüringen,Theologische Hochschulen,"Rechts-, Wirtschafts- und Sozialwissenschaften",
2021-01-01T00:00:00.000Z,Schleswig-Holstein,Verwaltungsfachhochschulen,Ingenieurwissenschaften,
2020-01-01T00:00:00.000Z,Sachsen-Anhalt,Universitäten (ohne Medizinische Einrichtungen),Humanmedizin/Gesundheitswissenschaften,
2022-01-01T00:00:00.000Z,Baden-Württemberg,Theologische Hochschulen,Geisteswissenschaften,
2020-01-01T00:00:00.000Z,Sachsen,Fachhochschulen,Ingenieurwissenschaften,2.2897E7
2020-01-01T00:00:00.000Z,Thüringen,Kunsthochschulen,"Mathematik, Naturwissenschaften",
2019-01-01T00:00:00.000Z,Brandenburg,Universitäten (ohne Medizinische Einrichtungen),"Rechts-, Wirtschafts- und Sozialwissenschaften",1.0964E7
2022-01-01T00:00:00.000Z,Schleswig-Holstein,Kunsthochschulen,Ingenieurwissenschaften,
2022-01-01T00:00:00.000Z,Thüringen,Fachhochschulen,"Rechts-, Wirtschafts- und Sozialwissenschaften",6038000.0
2022-01-01T00:00:00.000Z,Bremen,Fachhochschulen,"Agrar-, Forst- u.Ernährungswiss., Veterinärmedizin",359000.0
2021-01-01T00:00:00.000Z,Sachsen,Theologische Hochschulen,Ingenieurwissenschaften,
2022-01-01T00:00:00.000Z,Hessen,Universitäten (ohne Medizinische Einrichtungen),Ingenieurwissenschaften,1.56554E8
2021-01-01T00:00:00.000Z,Hamburg,Kunsthochschulen,"Rechts-, Wirtschafts- und Sozialwissenschaften",
2022-01-01T00:00:00.000Z,Saarland,Verwaltungsfachhochschulen,Sport,
2019-01-01T00:00:00.000Z,Bremen,Pädagogische Hochschulen,"Agrar-, Forst- u.Ernährungswiss., Veterinärmedizin",
2020-01-01T00:00:00.000Z,Sachsen,Theologische Hochschulen,Zentr.Einrichtungen (o. klinikspez. Einrichtungen),
2019-01-01T00:00:00.000Z,Sachsen-Anhalt,Pädagogische Hochschulen,Humanmedizin/Gesundheitswissenschaften,
2019-01-01T00:00:00.000Z,Hamburg,Fachhochschulen,"Kunst, Kunstwissenschaft",36000.0
2022-01-01T00:00:00.000Z,Mecklenburg-Vorpommern,Theologische Hochschulen,Humanmedizin/Gesundheitswissenschaften,
2019-01-01T00:00:00.000Z,Sachsen,Fachhochschulen,Zentr.Einrichtungen (o. klinikspez. Einrichtungen),1.2309E7
2022-01-01T00:00:00.000Z,Bayern,Theologische Hochschulen,"Kunst, Kunstwissenschaft",
2021-01-01T00:00:00.000Z,Hessen,Verwaltungsfachhochschulen,"Rechts-, Wirtschafts- und Sozialwissenschaften",211000.0
2019-01-01T00:00:00.000Z,Sachsen-Anhalt,Universitäten (ohne Medizinische Einrichtungen),"Kunst, Kunstwissenschaft",864000.0
2020-01-01T00:00:00.000Z,Bremen,Theologische Hochschulen,"Mathematik, Naturwissenschaften",
2020-01-01T00:00:00.000Z,Nordrhein-Westfalen,Medizinische Einrichtungen der Universitäten,Humanmedizin/Gesundheitswissenschaften,3.53993E8
2020-01-01T00:00:00.000Z,Bremen,Theologische Hochschulen,"Kunst, Kunstwissenschaft",
2021-01-01T00:00:00.000Z,Saarland,Universitäten (ohne Medizinische Einrichtungen),Sport,173000.0
2020-01-01T00:00:00.000Z,Bremen,Medizinische Einrichtungen der Universitäten,Geisteswissenschaften,
2020-01-01T00:00:00.000Z,Sachsen-Anhalt,Fachhochschulen,"Agrar-, Forst- u.Ernährungswiss., Veterinärmedizin",2147000.0
2022-01-01T00:00:00.000Z,Brandenburg,Fachhochschulen,Sport,49000.0
2020-01-01T00:00:00.000Z,Sachsen,Verwaltungsfachhochschulen,Zentr.Einrichtungen (o. klinikspez. Einrichtungen),374000.0
2021-01-01T00:00:00.000Z,Niedersachsen,Theologische Hochschulen,"Kunst, Kunstwissenschaft",
2021-01-01T00:00:00.000Z,Hamburg,Universitäten (ohne Medizinische Einrichtungen),Humanmedizin/Gesundheitswissenschaften,
2021-01-01T00:00:00.000Z,Bayern,Medizinische Einrichtungen der Universitäten,"Agrar-, Forst- u.Ernährungswiss., Veterinärmedizin",
2022-01-01T00:00:00.000Z,Hessen,Pädagogische Hochschulen,"Mathematik, Naturwissenschaften",
2019-01-01T00:00:00.000Z,Rheinland-Pfalz,Verwaltungsfachhochschulen,Geisteswissenschaften,
2019-01-01T00:00:00.000Z,Hessen,Fachhochschulen,"Rechts-, Wirtschafts- und Sozialwissenschaften",4835000.0
2021-01-01T00:00:00.000Z,Saarland,Fachhochschulen,Zentr.Einrichtungen (o. klinikspez. Einrichtungen),954000.0
2020-01-01T00:00:00.000Z,Brandenburg,Verwaltungsfachhochschulen,"Mathematik, Naturwissenschaften",
2022-01-01T00:00:00.000Z,Sachsen,Verwaltungsfachhochschulen,Ingenieurwissenschaften,
2021-01-01T00:00:00.000Z,Mecklenburg-Vorpommern,Kunsthochschulen,Zentr.Einrichtungen (o. klinikspez. Einrichtungen),222000.0
2022-01-01T00:00:00.000Z,Saarland,Medizinische Einrichtungen der Universitäten,"Rechts-, Wirtschafts- und Sozialwissenschaften",
2020-01-01T00:00:00.000Z,Saarland,Universitäten (ohne Medizinische Einrichtungen),Humanmedizin/Gesundheitswissenschaften,
2021-01-01T00:00:00.000Z,Hamburg,Universitäten (ohne Medizinische Einrichtungen),Ingenieurwissenschaften,5.417E7
2021-01-01T00:00:00.000Z,Rheinland-Pfalz,Theologische Hochschulen,Geisteswissenschaften,628000.0
2022-01-01T00:00:00.000Z,Sachsen-Anhalt,Fachhochschulen,Humanmedizin/Gesundheitswissenschaften,0.0
2021-01-01T00:00:00.000Z,Schleswig-Holstein,Kunsthochschulen,"Kunst, Kunstwissenschaft",869000.0
2021-01-01T00:00:00.000Z,Thüringen,Universitäten (ohne Medizinische Einrichtungen),"Rechts-, Wirtschafts- und Sozialwissenschaften",1.5881E7
2021-01-01T00:00:00.000Z,Nordrhein-Westfalen,Fachhochschulen,"Kunst, Kunstwissenschaft",2758000.0
2022-01-01T00:00:00.000Z,Saarland,Theologische Hochschulen,Ingenieurwissenschaften,
2020-01-01T00:00:00.000Z,Nordrhein-Westfalen,Theologische Hochschulen,Zentr.Einrichtungen (o. klinikspez. Einrichtungen),1000.0
2021-01-01T00:00:00.000Z,Bremen,Kunsthochschulen,Zentr.Einrichtungen (o. klinikspez. Einrichtungen),416000.0
2022-01-01T00:00:00.000Z,Rheinland-Pfalz,Universitäten (ohne Medizinische Einrichtungen),Geisteswissenschaften,1.3721E7
2020-01-01T00:00:00.000Z,Bayern,Pädagogische Hochschulen,Ingenieurwissenschaften,
2020-01-01T00:00:00.000Z,Rheinland-Pfalz,Kunsthochschulen,Sport,
2019-01-01T00:00:00.000Z,Mecklenburg-Vorpommern,Medizinische Einrichtungen der Universitäten,Sport,
2019-01-01T00:00:00.000Z,Sachsen-Anhalt,Kunsthochschulen,Geisteswissenschaften,
2021-01-01T00:00:00.000Z,Bremen,Verwaltungsfachhochschulen,"Kunst, Kunstwissenschaft",
2020-01-01T00:00:00.000Z,Mecklenburg-Vorpommern,Theologische Hochschulen,"Agrar-, Forst- u.Ernährungswiss., Veterinärmedizin",
2021-01-01T00:00:00.000Z,Bayern,Fachhochschulen,"Mathematik, Naturwissenschaften",3976000.0
2022-01-01T00:00:00.000Z,Hamburg,Verwaltungsfachhochschulen,Geisteswissenschaften,
2022-01-01T00:00:00.000Z,Sachsen-Anhalt,Medizinische Einrichtungen der Universitäten,Humanmedizin/Gesundheitswissenschaften,3.8937E7
2022-01-01T00:00:00.000Z,Hamburg,Medizinische Einrichtungen der Universitäten,Sport,
2020-01-01T00:00:00.000Z,Nordrhein-Westfalen,Kunsthochschulen,Humanmedizin/Gesundheitswissenschaften,
2021-01-01T00:00:00.000Z,Sachsen,Verwaltungsfachhochschulen,Sport,
2021-01-01T00:00:00.000Z,Baden-Württemberg,Verwaltungsfachhochschulen,Sport,
2019-01-01T00:00:00.000Z,Bayern,Verwaltungsfachhochschulen,Zentr.Einrichtungen (o. klinikspez. Einrichtungen),54000.0
2021-01-01T00:00:00.000Z,Thüringen,Verwaltungsfachhochschulen,"Mathematik, Naturwissenschaften",
2022-01-01T00:00:00.000Z,Sachsen-Anhalt,Universitäten (ohne Medizinische Einrichtungen),Ingenieurwissenschaften,3.7935E7
2020-01-01T00:00:00.000Z,Mecklenburg-Vorpommern,Universitäten (ohne Medizinische Einrichtungen),"Mathematik, Naturwissenschaften",2.9323E7
2021-01-01T00:00:00.000Z,Rheinland-Pfalz,Verwaltungsfachhochschulen,"Mathematik, Naturwissenschaften",
2022-01-01T00:00:00.000Z,Niedersachsen,Kunsthochschulen,Geisteswissenschaften,70000.0
2020-01-01T00:00:00.000Z,Bremen,Universitäten (ohne Medizinische Einrichtungen),"Mathematik, Naturwissenschaften",4.2472E7
2020-01-01T00:00:00.000Z,Hessen,Fachhochschulen,"Kunst, Kunstwissenschaft",368000.0
2019-01-01T00:00:00.000Z,Niedersachsen,Medizinische Einrichtungen der Universitäten,Ingenieurwissenschaften,
2020-01-01T00:00:00.000Z,Schleswig-Holstein,Theologische Hochschulen,Sport,
2019-01-01T00:00:00.000Z,Niedersachsen,Universitäten (ohne Medizinische Einrichtungen),Humanmedizin/Gesundheitswissenschaften,
2019-01-01T00:00:00.000Z,Mecklenburg-Vorpommern,Verwaltungsfachhochschulen,Geisteswissenschaften,
2021-01-01T00:00:00.000Z,Brandenburg,Kunsthochschulen,"Mathematik, Naturwissenschaften",
2021-01-01T00:00:00.000Z,Sachsen,Theologische Hochschulen,Humanmedizin/Gesundheitswissenschaften,
2020-01-01T00:00:00.000Z,Hessen,Pädagogische Hochschulen,"Rechts-, Wirtschafts- und Sozialwissenschaften",
2020-01-01T00:00:00.000Z,Niedersachsen,Pädagogische Hochschulen,Humanmedizin/Gesundheitswissenschaften,
2020-01-01T00:00:00.000Z,Thüringen,Pädagogische Hochschulen,"Mathematik, Naturwissenschaften",
2021-01-01T00:00:00.000Z,Mecklenburg-Vorpommern,Verwaltungsfachhochschulen,"Agrar-, Forst- u.Ernährungswiss., Veterinärmedizin",
2022-01-01T00:00:00.000Z,Hamburg,Medizinische Einrichtungen der Universitäten,"Mathematik, Naturwissenschaften",
2021-01-01T00:00:00.000Z,Bayern,Verwaltungsfachhochschulen,"Kunst, Kunstwissenschaft",
2019-01-01T00:00:00.000Z,Brandenburg,Medizinische Einrichtungen der Universitäten,Ingenieurwissenschaften,
2019-01-01T00:00:00.000Z,Brandenburg,Fachhochschulen,"Rechts-, Wirtschafts- und Sozialwissenschaften",8976000.0
2021-01-01T00:00:00.000Z,Baden-Württemberg,Universitäten (ohne Medizinische Einrichtungen),"Mathematik, Naturwissenschaften",2.87876E8
2020-01-01T00:00:00.000Z,Baden-Württemberg,Pädagogische Hochschulen,"Agrar-, Forst- u.Ernährungswiss., Veterinärmedizin",61000.0
2019-01-01T00:00:00.000Z,Sachsen,Medizinische Einrichtungen der Universitäten,"Agrar-, Forst- u.Ernährungswiss., Veterinärmedizin",
2019-01-01T00:00:00.000Z,Niedersachsen,Universitäten (ohne Medizinische Einrichtungen),Geisteswissenschaften,2.5565E7
2022-01-01T00:00:00.000Z,Berlin,Kunsthochschulen,Sport,
2019-01-01T00:00:00.000Z,Sachsen-Anhalt,Pädagogische Hochschulen,Sport,
2021-01-01T00:00:00.000Z,Saarland,Kunsthochschulen,"Agrar-, Forst- u.Ernährungswiss., Veterinärmedizin",
2021-01-01T00:00:00.000Z,Sachsen-Anhalt,Pädagogische Hochschulen,"Kunst, Kunstwissenschaft",
2021-01-01T00:00:00.000Z,Sachsen,Pädagogische Hochschulen,Sport,
2021-01-01T00:00:00.000Z,Sachsen-Anhalt,Fachhochschulen,Geisteswissenschaften,-6000.0
2019-01-01T00:00:00.000Z,Hessen,Kunsthochschulen,"Agrar-, Forst- u.Ernährungswiss., Veterinärmedizin",
2022-01-01T00:00:00.000Z,Thüringen,Kunsthochschulen,Ingenieurwissenschaften,
2019-01-01T00:00:00.000Z,Nordrhein-Westfalen,Medizinische Einrichtungen der Universitäten,"Kunst, Kunstwissenschaft",
2019-01-01T00:00:00.000Z,Thüringen,Theologische Hochschulen,"Kunst, Kunstwissenschaft",
2022-01-01T00:00:00.000Z,Schleswig-Holstein,Fachhochschulen,"Rechts-, Wirtschafts- und Sozialwissenschaften",2493000.0
2021-01-01T00:00:00.000Z,Mecklenburg-Vorpommern,Verwaltungsfachhochschulen,Zentr.Einrichtungen (o. klinikspez. Einrichtungen),0.0
2020-01-01T00:00:00.000Z,Brandenburg,Medizinische Einrichtungen der Universitäten,Zentr.Einrichtungen (o. klinikspez. Einrichtungen),
2022-01-01T00:00:00.000Z,Bremen,Fachhochschulen,Ingenieurwissenschaften,4948000.0
2021-01-01T00:00:00.000Z,Nordrhein-Westfalen,Theologische Hochschulen,"Rechts-, Wirtschafts- und Sozialwissenschaften",
2020-01-01T00:00:00.000Z,Saarland,Medizinische Einrichtungen der Universitäten,Geisteswissenschaften,
2021-01-01T00:00:00.000Z,Hessen,Pädagogische Hochschulen,Geisteswissenschaften,
2022-01-01T00:00:00.000Z,Berlin,Medizinische Einrichtungen der Universitäten,"Mathematik, Naturwissenschaften",
2019-01-01T00:00:00.000Z,Saarland,Universitäten (ohne Medizinische Einrichtungen),"Kunst, Kunstwissenschaft",69000.0
2022-01-01T00:00:00.000Z,Schleswig-Holstein,Universitäten (ohne Medizinische Einrichtungen),"Agrar-, Forst- u.Ernährungswiss., Veterinärmedizin",8506000.0
2019-01-01T00:00:00.000Z,Baden-Württemberg,Universitäten (ohne Medizinische Einrichtungen),Humanmedizin/Gesundheitswissenschaften,
2022-01-01T00:00:00.000Z,Baden-Württemberg,Pädagogische Hochschulen,Humanmedizin/Gesundheitswissenschaften,1405000.0
2020-01-01T00:00:00.000Z,Schleswig-Holstein,Kunsthochschulen,"Mathematik, Naturwissenschaften",
2019-01-01T00:00:00.000Z,Rheinland-Pfalz,Pädagogische Hochschulen,Geisteswissenschaften,
2020-01-01T00:00:00.000Z,Mecklenburg-Vorpommern,Kunsthochschulen,"Agrar-, Forst- u.Ernährungswiss., Veterinärmedizin",
2021-01-01T00:00:00.000Z,Hessen,Verwaltungsfachhochschulen,Geisteswissenschaften,
2022-01-01T00:00:00.000Z,Brandenburg,Universitäten (ohne Medizinische Einrichtungen),Ingenieurwissenschaften,3.1558E7
2019-01-01T00:00:00.000Z,Nordrhein-Westfalen,Pädagogische Hochschulen,Sport,
2022-01-01T00:00:00.000Z,Nordrhein-Westfalen,Medizinische Einrichtungen der Universitäten,Humanmedizin/Gesundheitswissenschaften,4.00643E8
2022-01-01T00:00:00.000Z,Saarland,Theologische Hochschulen,Geisteswissenschaften,
2022-01-01T00:00:00.000Z,Rheinland-Pfalz,Pädagogische Hochschulen,Humanmedizin/Gesundheitswissenschaften,
2020-01-01T00:00:00.000Z,Bayern,Kunsthochschulen,"Rechts-, Wirtschafts- und Sozialwissenschaften",0.0
2021-01-01T00:00:00.000Z,Saarland,Medizinische Einrichtungen der Universitäten,"Rechts-, Wirtschafts- und Sozialwissenschaften",
2019-01-01T00:00:00.000Z,Brandenburg,Fachhochschulen,"Agrar-, Forst- u.Ernährungswiss., Veterinärmedizin",4455000.0
2021-01-01T00:00:00.000Z,Brandenburg,Pädagogische Hochschulen,"Kunst, Kunstwissenschaft",
2022-01-01T00:00:00.000Z,Brandenburg,Verwaltungsfachhochschulen,"Mathematik, Naturwissenschaften",
2022-01-01T00:00:00.000Z,Thüringen,Verwaltungsfachhochschulen,Sport,
2020-01-01T00:00:00.000Z,Baden-Württemberg,Fachhochschulen,Zentr.Einrichtungen (o. klinikspez. Einrichtungen),5.4802E7
2020-01-01T00:00:00.000Z,Sachsen-Anhalt,Kunsthochschulen,"Rechts-, Wirtschafts- und Sozialwissenschaften",
2021-01-01T00:00:00.000Z,Hessen,Pädagogische Hochschulen,"Agrar-, Forst- u.Ernährungswiss., Veterinärmedizin",
2021-01-01T00:00:00.000Z,Bremen,Pädagogische Hochschulen,"Agrar-, Forst- u.Ernährungswiss., Veterinärmedizin",
2019-01-01T00:00:00.000Z,Nordrhein-Westfalen,Universitäten (ohne Medizinische Einrichtungen),Zentr.Einrichtungen (o. klinikspez. Einrichtungen),2.16512E8
2019-01-01T00:00:00.000Z,Rheinland-Pfalz,Theologische Hochschulen,"Kunst, Kunstwissenschaft",
2021-01-01T00:00:00.000Z,Thüringen,Kunsthochschulen,Humanmedizin/Gesundheitswissenschaften,
2021-01-01T00:00:00.000Z,Schleswig-Holstein,Verwaltungsfachhochschulen,Zentr.Einrichtungen (o. klinikspez. Einrichtungen),
2021-01-01T00:00:00.000Z,Brandenburg,Verwaltungsfachhochschulen,Ingenieurwissenschaften,
2019-01-01T00:00:00.000Z,Sachsen-Anhalt,Verwaltungsfachhochschulen,"Agrar-, Forst- u.Ernährungswiss., Veterinärmedizin",
2020-01-01T00:00:00.000Z,Berlin,Verwaltungsfachhochschulen,Geisteswissenschaften,
2022-01-01T00:00:00.000Z,Mecklenburg-Vorpommern,Kunsthochschulen,"Rechts-, Wirtschafts- und Sozialwissenschaften",
2021-01-01T00:00:00.000Z,Bremen,Medizinische Einrichtungen der Universitäten,"Mathematik, Naturwissenschaften",
2021-01-01T00:00:00.000Z,Nordrhein-Westfalen,Verwaltungsfachhochschulen,"Rechts-, Wirtschafts- und Sozialwissenschaften",1359000.0
2020-01-01T00:00:00.000Z,Baden-Württemberg,Pädagogische Hochschulen,"Kunst, Kunstwissenschaft",5000.0
2021-01-01T00:00:00.000Z,Niedersachsen,Fachhochschulen,Ingenieurwissenschaften,2.3901E7
2020-01-01T00:00:00.000Z,Sachsen-Anhalt,Verwaltungsfachhochschulen,"Kunst, Kunstwissenschaft",
2021-01-01T00:00:00.000Z,Hamburg,Pädagogische Hochschulen,"Mathematik, Naturwissenschaften",
2020-01-01T00:00:00.000Z,Sachsen,Pädagogische Hochschulen,Zentr.Einrichtungen (o. klinikspez. Einrichtungen),
2020-01-01T00:00:00.000Z,Rheinland-Pfalz,Pädagogische Hochschulen,Sport,
2022-01-01T00:00:00.000Z,Baden-Württemberg,Pädagogische Hochschulen,"Rechts-, Wirtschafts- und Sozialwissenschaften",8308000.0
2021-01-01T00:00:00.000Z,Bayern,Theologische Hochschulen,Zentr.Einrichtungen (o. klinikspez. Einrichtungen),0.0
2019-01-01T00:00:00.000Z,Niedersachsen,Theologische Hochschulen,Zentr.Einrichtungen (o. klinikspez. Einrichtungen),
2022-01-01T00:00:00.000Z,Saarland,Medizinische Einrichtungen der Universitäten,Humanmedizin/Gesundheitswissenschaften,2.1983E7
2022-01-01T00:00:00.000Z,Thüringen,Theologische Hochschulen,"Mathematik, Naturwissenschaften",
2020-01-01T00:00:00.000Z,Thüringen,Universitäten (ohne Medizinische Einrichtungen),"Agrar-, Forst- u.Ernährungswiss., Veterinärmedizin",1298000.0
2022-01-01T00:00:00.000Z,Schleswig-Holstein,Theologische Hochschulen,Ingenieurwissenschaften,
2020-01-01T00:00:00.000Z,Brandenburg,Pädagogische Hochschulen,"Rechts-, Wirtschafts- und Sozialwissenschaften",
2019-01-01T00:00:00.000Z,Mecklenburg-Vorpommern,Verwaltungsfachhochschulen,"Mathematik, Naturwissenschaften",
2019-01-01T00:00:00.000Z,Niedersachsen,Universitäten (ohne Medizinische Einrichtungen),Sport,1091000.0
2019-01-01T00:00:00.000Z,Mecklenburg-Vorpommern,Pädagogische Hochschulen,"Mathematik, Naturwissenschaften",
2020-01-01T00:00:00.000Z,Sachsen-Anhalt,Kunsthochschulen,"Agrar-, Forst- u.Ernährungswiss., Veterinärmedizin",
2020-01-01T00:00:00.000Z,Bremen,Kunsthochschulen,"Mathematik, Naturwissenschaften",
2022-01-01T00:00:00.000Z,Saarland,Pädagogische Hochschulen,"Agrar-, Forst- u.Ernährungswiss., Veterinärmedizin",
2019-01-01T00:00:00.000Z,Bayern,Theologische Hochschulen,Ingenieurwissenschaften,
2022-01-01T00:00:00.000Z,Sachsen,Fachhochschulen,Zentr.Einrichtungen (o. klinikspez. Einrichtungen),1.5304E7
2021-01-01T00:00:00.000Z,Saarland,Pädagogische Hochschulen,"Kunst, Kunstwissenschaft",
2021-01-01T00:00:00.000Z,Sachsen,Fachhochschulen,Geisteswissenschaften,233000.0
2022-01-01T00:00:00.000Z,Sachsen-Anhalt,Kunsthochschulen,Geisteswissenschaften,
2019-01-01T00:00:00.000Z,Rheinland-Pfalz,Pädagogische Hochschulen,"Mathematik, Naturwissenschaften",
2019-01-01T00:00:00.000Z,Sachsen-Anhalt,Theologische Hochschulen,Ingenieurwissenschaften,
2019-01-01T00:00:00.000Z,Sachsen,Fachhochschulen,"Agrar-, Forst- u.Ernährungswiss., Veterinärmedizin",629000.0
2020-01-01T00:00:00.000Z,Nordrhein-Westfalen,Verwaltungsfachhochschulen,Geisteswissenschaften,
2020-01-01T00:00:00.000Z,Hamburg,Fachhochschulen,"Kunst, Kunstwissenschaft",108000.0
2019-01-01T00:00:00.000Z,Niedersachsen,Pädagogische Hochschulen,Sport,
2022-01-01T00:00:00.000Z,Rheinland-Pfalz,Kunsthochschulen,"Rechts-, Wirtschafts- und Sozialwissenschaften",
2020-01-01T00:00:00.000Z,Hessen,Verwaltungsfachhochschulen,"Mathematik, Naturwissenschaften",0.0
2021-01-01T00:00:00.000Z,Sachsen-Anhalt,Theologische Hochschulen,Sport,
2021-01-01T00:00:00.000Z,Niedersachsen,Medizinische Einrichtungen der Universitäten,Humanmedizin/Gesundheitswissenschaften,2.0371E8
2022-01-01T00:00:00.000Z,Bayern,Pädagogische Hochschulen,Humanmedizin/Gesundheitswissenschaften,
2020-01-01T00:00:00.000Z,Saarland,Kunsthochschulen,"Mathematik, Naturwissenschaften",
2020-01-01T00:00:00.000Z,Hessen,Kunsthochschulen,Zentr.Einrichtungen (o. klinikspez. Einrichtungen),387000.0
2019-01-01T00:00:00.000Z,Bayern,Fachhochschulen,Humanmedizin/Gesundheitswissenschaften,3178000.0
2019-01-01T00:00:00.000Z,Mecklenburg-Vorpommern,Kunsthochschulen,Zentr.Einrichtungen (o. klinikspez. Einrichtungen),180000.0
2021-01-01T00:00:00.000Z,Sachsen,Pädagogische Hochschulen,"Kunst, Kunstwissenschaft",
2021-01-01T00:00:00.000Z,Brandenburg,Universitäten (ohne Medizinische Einrichtungen),"Rechts-, Wirtschafts- und Sozialwissenschaften",1.3129E7
2021-01-01T00:00:00.000Z,Schleswig-Holstein,Kunsthochschulen,"Mathematik, Naturwissenschaften",
2020-01-01T00:00:00.000Z,Berlin,Kunsthochschulen,"Agrar-, Forst- u.Ernährungswiss., Veterinärmedizin",
2020-01-01T00:00:00.000Z,Sachsen,Verwaltungsfachhochschulen,"Agrar-, Forst- u.Ernährungswiss., Veterinärmedizin",
2020-01-01T00:00:00.000Z,Nordrhein-Westfalen,Pädagogische Hochschulen,"Mathematik, Naturwissenschaften",
2022-01-01T00:00:00.000Z,Rheinland-Pfalz,Verwaltungsfachhochschulen,Geisteswissenschaften,
2020-01-01T00:00:00.000Z,Hessen,Kunsthochschulen,Geisteswissenschaften,
2020-01-01T00:00:00.000Z,Sachsen-Anhalt,Theologische Hochschulen,Zentr.Einrichtungen (o. klinikspez. Einrichtungen),22000.0
2021-01-01T00:00:00.000Z,Bremen,Theologische Hochschulen,Ingenieurwissenschaften,
2019-01-01T00:00:00.000Z,Niedersachsen,Theologische Hochschulen,"Kunst, Kunstwissenschaft",
2020-01-01T00:00:00.000Z,Saarland,Medizinische Einrichtungen der Universitäten,"Mathematik, Naturwissenschaften",
2019-01-01T00:00:00.000Z,Schleswig-Holstein,Universitäten (ohne Medizinische Einrichtungen),Zentr.Einrichtungen (o. klinikspez. Einrichtungen),3.618E7
2019-01-01T00:00:00.000Z,Sachsen,Fachhochschulen,Ingenieurwissenschaften,2.7441E7
2021-01-01T00:00:00.000Z,Schleswig-Holstein,Fachhochschulen,Zentr.Einrichtungen (o. klinikspez. Einrichtungen),4618000.0
2020-01-01T00:00:00.000Z,Hessen,Kunsthochschulen,Humanmedizin/Gesundheitswissenschaften,
2021-01-01T00:00:00.000Z,Mecklenburg-Vorpommern,Theologische Hochschulen,"Agrar-, Forst- u.Ernährungswiss., Veterinärmedizin",
2022-01-01T00:00:00.000Z,Sachsen,Pädagogische Hochschulen,"Agrar-, Forst- u.Ernährungswiss., Veterinärmedizin",
2020-01-01T00:00:00.000Z,Bayern,Universitäten (ohne Medizinische Einrichtungen),"Kunst, Kunstwissenschaft",6592000.0
2020-01-01T00:00:00.000Z,Brandenburg,Fachhochschulen,Ingenieurwissenschaften,5918000.0
2019-01-01T00:00:00.000Z,Nordrhein-Westfalen,Fachhochschulen,Humanmedizin/Gesundheitswissenschaften,3104000.0
2020-01-01T00:00:00.000Z,Schleswig-Holstein,Universitäten (ohne Medizinische Einrichtungen),Sport,92000.0
2020-01-01T00:00:00.000Z,Sachsen-Anhalt,Universitäten (ohne Medizinische Einrichtungen),Zentr.Einrichtungen (o. klinikspez. Einrichtungen),2.8339E7
2020-01-01T00:00:00.000Z,Berlin,Pädagogische Hochschulen,"Mathematik, Naturwissenschaften",
2020-01-01T00:00:00.000Z,Berlin,Verwaltungsfachhochschulen,"Rechts-, Wirtschafts- und Sozialwissenschaften",0.0
2019-01-01T00:00:00.000Z,Brandenburg,Kunsthochschulen,"Mathematik, Naturwissenschaften",
2020-01-01T00:00:00.000Z,Rheinland-Pfalz,Verwaltungsfachhochschulen,"Kunst, Kunstwissenschaft",
2021-01-01T00:00:00.000Z,Saarland,Theologische Hochschulen,Ingenieurwissenschaften,
2021-01-01T00:00:00.000Z,Bayern,Verwaltungsfachhochschulen,Sport,
2020-01-01T00:00:00.000Z,Baden-Württemberg,Theologische Hochschulen,"Mathematik, Naturwissenschaften",
2022-01-01T00:00:00.000Z,Niedersachsen,Fachhochschulen,Humanmedizin/Gesundheitswissenschaften,1175000.0
2019-01-01T00:00:00.000Z,Rheinland-Pfalz,Verwaltungsfachhochschulen,"Agrar-, Forst- u.Ernährungswiss., Veterinärmedizin",
2021-01-01T00:00:00.000Z,Nordrhein-Westfalen,Universitäten (ohne Medizinische Einrichtungen),"Mathematik, Naturwissenschaften",3.65785E8
2020-01-01T00:00:00.000Z,Hessen,Fachhochschulen,Ingenieurwissenschaften,1.2631E7
2021-01-01T00:00:00.000Z,Hamburg,Verwaltungsfachhochschulen,Geisteswissenschaften,
2022-01-01T00:00:00.000Z,Hessen,Verwaltungsfachhochschulen,Ingenieurwissenschaften,0.0
2019-01-01T00:00:00.000Z,Bayern,Universitäten (ohne Medizinische Einrichtungen),Zentr.Einrichtungen (o. klinikspez. Einrichtungen),1.28321E8
2019-01-01T00:00:00.000Z,Nordrhein-Westfalen,Medizinische Einrichtungen der Universitäten,"Rechts-, Wirtschafts- und Sozialwissenschaften",
2020-01-01T00:00:00.000Z,Rheinland-Pfalz,Theologische Hochschulen,"Agrar-, Forst- u.Ernährungswiss., Veterinärmedizin",
2020-01-01T00:00:00.000Z,Schleswig-Holstein,Theologische Hochschulen,Humanmedizin/Gesundheitswissenschaften,
2021-01-01T00:00:00.000Z,Sachsen-Anhalt,Verwaltungsfachhochschulen,Sport,
2022-01-01T00:00:00.000Z,Sachsen,Theologische Hochschulen,Humanmedizin/Gesundheitswissenschaften,
2019-01-01T00:00:00.000Z,Hessen,Kunsthochschulen,"Mathematik, Naturwissenschaften",
2022-01-01T00:00:00.000Z,Schleswig-Holstein,Theologische Hochschulen,"Kunst, Kunstwissenschaft",
2022-01-01T00:00:00.000Z,Hessen,Universitäten (ohne Medizinische Einrichtungen),"Rechts-, Wirtschafts- und Sozialwissenschaften",7.5717E7
2019-01-01T00:00:00.000Z,Mecklenburg-Vorpommern,Universitäten (ohne Medizinische Einrichtungen),Ingenieurwissenschaften,2.0086E7
2022-01-01T00:00:00.000Z,Berlin,Universitäten (ohne Medizinische Einrichtungen),Ingenieurwissenschaften,1.51081E8
2020-01-01T00:00:00.000Z,Niedersachsen,Medizinische Einrichtungen der Universitäten,Ingenieurwissenschaften,
2022-01-01T00:00:00.000Z,Brandenburg,Verwaltungsfachhochschulen,Sport,
2022-01-01T00:00:00.000Z,Brandenburg,Theologische Hochschulen,Geisteswissenschaften,
2020-01-01T00:00:00.000Z,Hessen,Verwaltungsfachhochschulen,"Agrar-, Forst- u.Ernährungswiss., Veterinärmedizin",
2021-01-01T00:00:00.000Z,Brandenburg,Kunsthochschulen,Humanmedizin/Gesundheitswissenschaften,
2021-01-01T00:00:00.000Z,Berlin,Theologische Hochschulen,Sport,
2019-01-01T00:00:00.000Z,Baden-Württemberg,Fachhochschulen,Geisteswissenschaften,1067000.0
2019-01-01T00:00:00.000Z,Rheinland-Pfalz,Pädagogische Hochschulen,Sport,
2022-01-01T00:00:00.000Z,Hamburg,Kunsthochschulen,"Kunst, Kunstwissenschaft",998000.0
2022-01-01T00:00:00.000Z,Niedersachsen,Theologische Hochschulen,Zentr.Einrichtungen (o. klinikspez. Einrichtungen),
2019-01-01T00:00:00.000Z,Sachsen,Pädagogische Hochschulen,"Rechts-, Wirtschafts- und Sozialwissenschaften",
2022-01-01T00:00:00.000Z,Mecklenburg-Vorpommern,Kunsthochschulen,Zentr.Einrichtungen (o. klinikspez. Einrichtungen),321000.0
2019-01-01T00:00:00.000Z,Baden-Württemberg,Fachhochschulen,Ingenieurwissenschaften,5.6873E7
2022-01-01T00:00:00.000Z,Sachsen-Anhalt,Fachhochschulen,"Mathematik, Naturwissenschaften",
2020-01-01T00:00:00.000Z,Niedersachsen,Theologische Hochschulen,Geisteswissenschaften,
2019-01-01T00:00:00.000Z,Berlin,Kunsthochschulen,Sport,
2019-01-01T00:00:00.000Z,Saarland,Pädagogische Hochschulen,Humanmedizin/Gesundheitswissenschaften,
2019-01-01T00:00:00.000Z,Thüringen,Pädagogische Hochschulen,"Agrar-, Forst- u.Ernährungswiss., Veterinärmedizin",
2020-01-01T00:00:00.000Z,Baden-Württemberg,Universitäten (ohne Medizinische Einrichtungen),"Agrar-, Forst- u.Ernährungswiss., Veterinärmedizin",3.24E7
2020-01-01T00:00:00.000Z,Bayern,Fachhochschulen,Zentr.Einrichtungen (o. klinikspez. Einrichtungen),4.0625E7
2022-01-01T00:00:00.000Z,Mecklenburg-Vorpommern,Verwaltungsfachhochschulen,Geisteswissenschaften,
2022-01-01T00:00:00.000Z,Baden-Württemberg,Medizinische Einrichtungen der Universitäten,Humanmedizin/Gesundheitswissenschaften,5.03918E8
2019-01-01T00:00:00.000Z,Thüringen,Fachhochschulen,Zentr.Einrichtungen (o. klinikspez. Einrichtungen),3770000.0
2021-01-01T00:00:00.000Z,Baden-Württemberg,Pädagogische Hochschulen,"Agrar-, Forst- u.Ernährungswiss., Veterinärmedizin",20000.0
2022-01-01T00:00:00.000Z,Niedersachsen,Medizinische Einrichtungen der Universitäten,"Rechts-, Wirtschafts- und Sozialwissenschaften",
2020-01-01T00:00:00.000Z,Hamburg,Kunsthochschulen,Geisteswissenschaften,
2020-01-01T00:00:00.000Z,Berlin,Kunsthochschulen,"Rechts-, Wirtschafts- und Sozialwissenschaften",
2022-01-01T00:00:00.000Z,Schleswig-Holstein,Kunsthochschulen,Sport,
2021-01-01T00:00:00.000Z,Thüringen,Medizinische Einrichtungen der Universitäten,Ingenieurwissenschaften,
2022-01-01T00:00:00.000Z,Nordrhein-Westfalen,Pädagogische Hochschulen,Humanmedizin/Gesundheitswissenschaften,
2022-01-01T00:00:00.000Z,Berlin,Kunsthochschulen,Geisteswissenschaften,1274000.0
2020-01-01T00:00:00.000Z,Hessen,Universitäten (ohne Medizinische Einrichtungen),Ingenieurwissenschaften,1.32466E8
2020-01-01T00:00:00.000Z,Sachsen-Anhalt,Fachhochschulen,Humanmedizin/Gesundheitswissenschaften,
2022-01-01T00:00:00.000Z,Bremen,Universitäten (ohne Medizinische Einrichtungen),Humanmedizin/Gesundheitswissenschaften,
2022-01-01T00:00:00.000Z,Mecklenburg-Vorpommern,Pädagogische Hochschulen,"Mathematik, Naturwissenschaften",
2021-01-01T00:00:00.000Z,Sachsen-Anhalt,Kunsthochschulen,"Mathematik, Naturwissenschaften",
2022-01-01T00:00:00.000Z,Nordrhein-Westfalen,Medizinische Einrichtungen der Universitäten,Geisteswissenschaften,
2021-01-01T00:00:00.000Z,Hessen,Theologische Hochschulen,Geisteswissenschaften,1709000.0
2019-01-01T00:00:00.000Z,Hessen,Pädagogische Hochschulen,Ingenieurwissenschaften,
2022-01-01T00:00:00.000Z,Niedersachsen,Fachhochschulen,Sport,
2020-01-01T00:00:00.000Z,Niedersachsen,Theologische Hochschulen,"Agrar-, Forst- u.Ernährungswiss., Veterinärmedizin",
2020-01-01T00:00:00.000Z,Thüringen,Medizinische Einrichtungen der Universitäten,Zentr.Einrichtungen (o. klinikspez. Einrichtungen),
2021-01-01T00:00:00.000Z,Thüringen,Universitäten (ohne Medizinische Einrichtungen),"Kunst, Kunstwissenschaft",861000.0
2022-01-01T00:00:00.000Z,Thüringen,Medizinische Einrichtungen der Universitäten,Humanmedizin/Gesundheitswissenschaften,4.1126E7
2020-01-01T00:00:00.000Z,Mecklenburg-Vorpommern,Theologische Hochschulen,Ingenieurwissenschaften,
2019-01-01T00:00:00.000Z,Berlin,Kunsthochschulen,Ingenieurwissenschaften,626000.0
2021-01-01T00:00:00.000Z,Bayern,Kunsthochschulen,"Mathematik, Naturwissenschaften",
2020-01-01T00:00:00.000Z,Berlin,Universitäten (ohne Medizinische Einrichtungen),Zentr.Einrichtungen (o. klinikspez. Einrichtungen),2659000.0
2020-01-01T00:00:00.000Z,Mecklenburg-Vorpommern,Theologische Hochschulen,"Kunst, Kunstwissenschaft",
2020-01-01T00:00:00.000Z,Sachsen-Anhalt,Theologische Hochschulen,"Rechts-, Wirtschafts- und Sozialwissenschaften",4000.0
2021-01-01T00:00:00.000Z,Berlin,Medizinische Einrichtungen der Universitäten,"Rechts-, Wirtschafts- und Sozialwissenschaften",
2020-01-01T00:00:00.000Z,Saarland,Verwaltungsfachhochschulen,Sport,
2022-01-01T00:00:00.000Z,Sachsen-Anhalt,Verwaltungsfachhochschulen,Zentr.Einrichtungen (o. klinikspez. Einrichtungen),
2022-01-01T00:00:00.000Z,Bremen,Universitäten (ohne Medizinische Einrichtungen),"Rechts-, Wirtschafts- und Sozialwissenschaften",1.4602E7
2021-01-01T00:00:00.000Z,Berlin,Theologische Hochschulen,Humanmedizin/Gesundheitswissenschaften,
2019-01-01T00:00:00.000Z,Baden-Württemberg,Pädagogische Hochschulen,"Rechts-, Wirtschafts- und Sozialwissenschaften",6274000.0
2019-01-01T00:00:00.000Z,Rheinland-Pfalz,Pädagogische Hochschulen,Humanmedizin/Gesundheitswissenschaften,
2019-01-01T00:00:00.000Z,Hamburg,Medizinische Einrichtungen der Universitäten,Zentr.Einrichtungen (o. klinikspez. Einrichtungen),
2022-01-01T00:00:00.000Z,Niedersachsen,Universitäten (ohne Medizinische Einrichtungen),Sport,675000.0
2021-01-01T00:00:00.000Z,Thüringen,Universitäten (ohne Medizinische Einrichtungen),Geisteswissenschaften,1.3661E7
2021-01-01T00:00:00.000Z,Baden-Württemberg,Pädagogische Hochschulen,Geisteswissenschaften,1949000.0
2022-01-01T00:00:00.000Z,Rheinland-Pfalz,Fachhochschulen,Humanmedizin/Gesundheitswissenschaften,892000.0
2021-01-01T00:00:00.000Z,Bremen,Theologische Hochschulen,Humanmedizin/Gesundheitswissenschaften,
2021-01-01T00:00:00.000Z,Mecklenburg-Vorpommern,Pädagogische Hochschulen,Sport,
2020-01-01T00:00:00.000Z,Nordrhein-Westfalen,Medizinische Einrichtungen der Universitäten,Ingenieurwissenschaften,
2019-01-01T00:00:00.000Z,Niedersachsen,Medizinische Einrichtungen der Universitäten,"Rechts-, Wirtschafts- und Sozialwissenschaften",
2021-01-01T00:00:00.000Z,Rheinland-Pfalz,Universitäten (ohne Medizinische Einrichtungen),"Agrar-, Forst- u.Ernährungswiss., Veterinärmedizin",0.0
2021-01-01T00:00:00.000Z,Thüringen,Verwaltungsfachhochschulen,Geisteswissenschaften,
2022-01-01T00:00:00.000Z,Brandenburg,Pädagogische Hochschulen,Sport,
2022-01-01T00:00:00.000Z,Nordrhein-Westfalen,Medizinische Einrichtungen der Universitäten,"Rechts-, Wirtschafts- und Sozialwissenschaften",
2020-01-01T00:00:00.000Z,Berlin,Universitäten (ohne Medizinische Einrichtungen),"Kunst, Kunstwissenschaft",8433000.0
2019-01-01T00:00:00.000Z,Hessen,Kunsthochschulen,Geisteswissenschaften,
2020-01-01T00:00:00.000Z,Bremen,Verwaltungsfachhochschulen,Sport,
2019-01-01T00:00:00.000Z,Brandenburg,Pädagogische Hochschulen,"Agrar-, Forst- u.Ernährungswiss., Veterinärmedizin",
2019-01-01T00:00:00.000Z,Rheinland-Pfalz,Kunsthochschulen,"Rechts-, Wirtschafts- und Sozialwissenschaften",
2020-01-01T00:00:00.000Z,Bremen,Universitäten (ohne Medizinische Einrichtungen),Ingenieurwissenschaften,3.907E7
2022-01-01T00:00:00.000Z,Baden-Württemberg,Medizinische Einrichtungen der Universitäten,Zentr.Einrichtungen (o. klinikspez. Einrichtungen),
2022-01-01T00:00:00.000Z,Bayern,Fachhochschulen,"Agrar-, Forst- u.Ernährungswiss., Veterinärmedizin",1778000.0
2021-01-01T00:00:00.000Z,Baden-Württemberg,Theologische Hochschulen,Humanmedizin/Gesundheitswissenschaften,
2022-01-01T00:00:00.000Z,Berlin,Fachhochschulen,"Kunst, Kunstwissenschaft",910000.0
2019-01-01T00:00:00.000Z,Baden-Württemberg,Verwaltungsfachhochschulen,Ingenieurwissenschaften,
2019-01-01T00:00:00.000Z,Niedersachsen,Pädagogische Hochschulen,Humanmedizin/Gesundheitswissenschaften,
2020-01-01T00:00:00.000Z,Mecklenburg-Vorpommern,Verwaltungsfachhochschulen,"Rechts-, Wirtschafts- und Sozialwissenschaften",628000.0
2019-01-01T00:00:00.000Z,Baden-Württemberg,Verwaltungsfachhochschulen,"Kunst, Kunstwissenschaft",
2022-01-01T00:00:00.000Z,Berlin,Kunsthochschulen,Zentr.Einrichtungen (o. klinikspez. Einrichtungen),
2022-01-01T00:00:00.000Z,Berlin,Verwaltungsfachhochschulen,"Mathematik, Naturwissenschaften",
2019-01-01T00:00:00.000Z,Saarland,Universitäten (ohne Medizinische Einrichtungen),Geisteswissenschaften,8979000.0
2021-01-01T00:00:00.000Z,Baden-Württemberg,Universitäten (ohne Medizinische Einrichtungen),"Kunst, Kunstwissenschaft",1857000.0
2022-01-01T00:00:00.000Z,Nordrhein-Westfalen,Kunsthochschulen,Sport,
2019-01-01T00:00:00.000Z,Mecklenburg-Vorpommern,Pädagogische Hochschulen,Geisteswissenschaften,
2020-01-01T00:00:00.000Z,Thüringen,Medizinische Einrichtungen der Universitäten,Sport,
2019-01-01T00:00:00.000Z,Bremen,Fachhochschulen,Geisteswissenschaften,
2022-01-01T00:00:00.000Z,Bayern,Pädagogische Hochschulen,Ingenieurwissenschaften,
2020-01-01T00:00:00.000Z,Saarland,Universitäten (ohne Medizinische Einrichtungen),"Agrar-, Forst- u.Ernährungswiss., Veterinärmedizin",
2022-01-01T00:00:00.000Z,Rheinland-Pfalz,Pädagogische Hochschulen,"Mathematik, Naturwissenschaften",
2022-01-01T00:00:00.000Z,Thüringen,Theologische Hochschulen,Geisteswissenschaften,
2020-01-01T00:00:00.000Z,Niedersachsen,Medizinische Einrichtungen der Universitäten,Geisteswissenschaften,
2022-01-01T00:00:00.000Z,Brandenburg,Medizinische Einrichtungen der Universitäten,Ingenieurwissenschaften,
2019-01-01T00:00:00.000Z,Brandenburg,Pädagogische Hochschulen,Ingenieurwissenschaften,
2020-01-01T00:00:00.000Z,Rheinland-Pfalz,Fachhochschulen,Zentr.Einrichtungen (o. klinikspez. Einrichtungen),6071000.0
2022-01-01T00:00:00.000Z,Brandenburg,Fachhochschulen,"Agrar-, Forst- u.Ernährungswiss., Veterinärmedizin",7365000.0
2021-01-01T00:00:00.000Z,Hessen,Medizinische Einrichtungen der Universitäten,"Mathematik, Naturwissenschaften",
2021-01-01T00:00:00.000Z,Hamburg,Fachhochschulen,"Rechts-, Wirtschafts- und Sozialwissenschaften",3932000.0
2022-01-01T00:00:00.000Z,Schleswig-Holstein,Pädagogische Hochschulen,Humanmedizin/Gesundheitswissenschaften,
2019-01-01T00:00:00.000Z,Hamburg,Medizinische Einrichtungen der Universitäten,Geisteswissenschaften,
2022-01-01T00:00:00.000Z,Bayern,Fachhochschulen,"Mathematik, Naturwissenschaften",4074000.0
2021-01-01T00:00:00.000Z,Sachsen,Verwaltungsfachhochschulen,Ingenieurwissenschaften,
2021-01-01T00:00:00.000Z,Hamburg,Theologische Hochschulen,Geisteswissenschaften,
2022-01-01T00:00:00.000Z,Rheinland-Pfalz,Fachhochschulen,Sport,
2020-01-01T00:00:00.000Z,Sachsen,Fachhochschulen,"Rechts-, Wirtschafts- und Sozialwissenschaften",5114000.0
2021-01-01T00:00:00.000Z,Brandenburg,Kunsthochschulen,Geisteswissenschaften,
2019-01-01T00:00:00.000Z,Schleswig-Holstein,Theologische Hochschulen,Zentr.Einrichtungen (o. klinikspez. Einrichtungen),
2022-01-01T00:00:00.000Z,Hessen,Medizinische Einrichtungen der Universitäten,"Kunst, Kunstwissenschaft",
2019-01-01T00:00:00.000Z,Berlin,Kunsthochschulen,"Kunst, Kunstwissenschaft",5726000.0
2022-01-01T00:00:00.000Z,Hessen,Kunsthochschulen,"Mathematik, Naturwissenschaften",
2021-01-01T00:00:00.000Z,Baden-Württemberg,Medizinische Einrichtungen der Universitäten,Geisteswissenschaften,
2021-01-01T00:00:00.000Z,Thüringen,Pädagogische Hochschulen,"Mathematik, Naturwissenschaften",
2022-01-01T00:00:00.000Z,Sachsen,Kunsthochschulen,Ingenieurwissenschaften,
2022-01-01T00:00:00.000Z,Brandenburg,Verwaltungsfachhochschulen,"Agrar-, Forst- u.Ernährungswiss., Veterinärmedizin",
2019-01-01T00:00:00.000Z,Schleswig-Holstein,Medizinische Einrichtungen der Universitäten,Sport,
2019-01-01T00:00:00.000Z,Schleswig-Holstein,Kunsthochschulen,"Agrar-, Forst- u.Ernährungswiss., Veterinärmedizin",
2021-01-01T00:00:00.000Z,Nordrhein-Westfalen,Verwaltungsfachhochschulen,Zentr.Einrichtungen (o. klinikspez. Einrichtungen),0.0
2019-01-01T00:00:00.000Z,Sachsen-Anhalt,Fachhochschulen,"Mathematik, Naturwissenschaften",
2021-01-01T00:00:00.000Z,Bremen,Pädagogische Hochschulen,Geisteswissenschaften,
2021-01-01T00:00:00.000Z,Saarland,Fachhochschulen,Geisteswissenschaften,
2020-01-01T00:00:00.000Z,Hamburg,Universitäten (ohne Medizinische Einrichtungen),"Agrar-, Forst- u.Ernährungswiss., Veterinärmedizin",
2022-01-01T00:00:00.000Z,Hessen,Kunsthochschulen,"Kunst, Kunstwissenschaft",1430000.0
2021-01-01T00:00:00.000Z,Mecklenburg-Vorpommern,Medizinische Einrichtungen der Universitäten,Sport,
2022-01-01T00:00:00.000Z,Brandenburg,Kunsthochschulen,"Mathematik, Naturwissenschaften",
2021-01-01T00:00:00.000Z,Sachsen,Medizinische Einrichtungen der Universitäten,Geisteswissenschaften,
2021-01-01T00:00:00.000Z,Brandenburg,Fachhochschulen,"Kunst, Kunstwissenschaft",377000.0
2020-01-01T00:00:00.000Z,Baden-Württemberg,Verwaltungsfachhochschulen,"Mathematik, Naturwissenschaften",
2022-01-01T00:00:00.000Z,Thüringen,Pädagogische Hochschulen,Sport,
2020-01-01T00:00:00.000Z,Berlin,Universitäten (ohne Medizinische Einrichtungen),Geisteswissenschaften,5.4431E7
2022-01-01T00:00:00.000Z,Saarland,Medizinische Einrichtungen der Universitäten,Ingenieurwissenschaften,
2020-01-01T00:00:00.000Z,Bayern,Universitäten (ohne Medizinische Einrichtungen),Sport,4878000.0
2020-01-01T00:00:00.000Z,Mecklenburg-Vorpommern,Kunsthochschulen,Humanmedizin/Gesundheitswissenschaften,
2019-01-01T00:00:00.000Z,Hamburg,Kunsthochschulen,Geisteswissenschaften,
2021-01-01T00:00:00.000Z,Sachsen-Anhalt,Universitäten (ohne Medizinische Einrichtungen),"Agrar-, Forst- u.Ernährungswiss., Veterinärmedizin",2654000.0
2019-01-01T00:00:00.000Z,Nordrhein-Westfalen,Kunsthochschulen,Ingenieurwissenschaften,0.0
2021-01-01T00:00:00.000Z,Berlin,Medizinische Einrichtungen der Universitäten,Humanmedizin/Gesundheitswissenschaften,2.08402E8
2020-01-01T00:00:00.000Z,Schleswig-Holstein,Verwaltungsfachhochschulen,Ingenieurwissenschaften,
2020-01-01T00:00:00.000Z,Bayern,Theologische Hochschulen,Humanmedizin/Gesundheitswissenschaften,
2020-01-01T00:00:00.000Z,Niedersachsen,Universitäten (ohne Medizinische Einrichtungen),"Kunst, Kunstwissenschaft",2000000.0
2021-01-01T00:00:00.000Z,Bayern,Fachhochschulen,"Kunst, Kunstwissenschaft",115000.0
2021-01-01T00:00:00.000Z,Niedersachsen,Theologische Hochschulen,"Rechts-, Wirtschafts- und Sozialwissenschaften",
2022-01-01T00:00:00.000Z,Sachsen-Anhalt,Pädagogische Hochschulen,Ingenieurwissenschaften,
2019-01-01T00:00:00.000Z,Niedersachsen,Theologische Hochschulen,Geisteswissenschaften,
2019-01-01T00:00:00.000Z,Thüringen,Verwaltungsfachhochschulen,"Kunst, Kunstwissenschaft",
2019-01-01T00:00:00.000Z,Baden-Württemberg,Kunsthochschulen,"Kunst, Kunstwissenschaft",1838000.0
2021-01-01T00:00:00.000Z,Hessen,Universitäten (ohne Medizinische Einrichtungen),Sport,1559000.0
2022-01-01T00:00:00.000Z,Nordrhein-Westfalen,Theologische Hochschulen,"Kunst, Kunstwissenschaft",49000.0
2022-01-01T00:00:00.000Z,Mecklenburg-Vorpommern,Verwaltungsfachhochschulen,"Mathematik, Naturwissenschaften",
2019-01-01T00:00:00.000Z,Schleswig-Holstein,Universitäten (ohne Medizinische Einrichtungen),"Mathematik, Naturwissenschaften",1.7547E7
2022-01-01T00:00:00.000Z,Berlin,Medizinische Einrichtungen der Universitäten,Geisteswissenschaften,
2021-01-01T00:00:00.000Z,Berlin,Theologische Hochschulen,Zentr.Einrichtungen (o. klinikspez. Einrichtungen),
2022-01-01T00:00:00.000Z,Bayern,Kunsthochschulen,Sport,
2022-01-01T00:00:00.000Z,Niedersachsen,Universitäten (ohne Medizinische Einrichtungen),Zentr.Einrichtungen (o. klinikspez. Einrichtungen),8.2764E7
2022-01-01T00:00:00.000Z,Saarland,Medizinische Einrichtungen der Universitäten,Sport,
2019-01-01T00:00:00.000Z,Hessen,Verwaltungsfachhochschulen,Ingenieurwissenschaften,0.0
2019-01-01T00:00:00.000Z,Thüringen,Theologische Hochschulen,"Mathematik, Naturwissenschaften",
2019-01-01T00:00:00.000Z,Saarland,Theologische Hochschulen,"Kunst, Kunstwissenschaft",
2019-01-01T00:00:00.000Z,Hamburg,Pädagogische Hochschulen,Zentr.Einrichtungen (o. klinikspez. Einrichtungen),
2021-01-01T00:00:00.000Z,Hamburg,Fachhochschulen,"Agrar-, Forst- u.Ernährungswiss., Veterinärmedizin",193000.0
2019-01-01T00:00:00.000Z,Rheinland-Pfalz,Fachhochschulen,"Agrar-, Forst- u.Ernährungswiss., Veterinärmedizin",235000.0
2020-01-01T00:00:00.000Z,Mecklenburg-Vorpommern,Theologische Hochschulen,Zentr.Einrichtungen (o. klinikspez. Einrichtungen),
2022-01-01T00:00:00.000Z,Bremen,Universitäten (ohne Medizinische Einrichtungen),Geisteswissenschaften,1519000.0
2020-01-01T00:00:00.000Z,Nordrhein-Westfalen,Pädagogische Hochschulen,"Agrar-, Forst- u.Ernährungswiss., Veterinärmedizin",
2021-01-01T00:00:00.000Z,Niedersachsen,Verwaltungsfachhochschulen,Humanmedizin/Gesundheitswissenschaften,
2022-01-01T00:00:00.000Z,Niedersachsen,Pädagogische Hochschulen,"Agrar-, Forst- u.Ernährungswiss., Veterinärmedizin",
2022-01-01T00:00:00.000Z,Rheinland-Pfalz,Kunsthochschulen,"Agrar-, Forst- u.Ernährungswiss., Veterinärmedizin",
2019-01-01T00:00:00.000Z,Hessen,Fachhochschulen,"Mathematik, Naturwissenschaften",1117000.0
2022-01-01T00:00:00.000Z,Sachsen,Medizinische Einrichtungen der Universitäten,"Kunst, Kunstwissenschaft",
2019-01-01T00:00:00.000Z,Hessen,Verwaltungsfachhochschulen,Sport,
2021-01-01T00:00:00.000Z,Rheinland-Pfalz,Pädagogische Hochschulen,"Kunst, Kunstwissenschaft",
2019-01-01T00:00:00.000Z,Thüringen,Fachhochschulen,"Rechts-, Wirtschafts- und Sozialwissenschaften",3128000.0
2021-01-01T00:00:00.000Z,Thüringen,Kunsthochschulen,Geisteswissenschaften,
2019-01-01T00:00:00.000Z,Brandenburg,Theologische Hochschulen,Humanmedizin/Gesundheitswissenschaften,
2022-01-01T00:00:00.000Z,Baden-Württemberg,Medizinische Einrichtungen der Universitäten,Ingenieurwissenschaften,
2019-01-01T00:00:00.000Z,Rheinland-Pfalz,Medizinische Einrichtungen der Universitäten,"Agrar-, Forst- u.Ernährungswiss., Veterinärmedizin",
2021-01-01T00:00:00.000Z,Schleswig-Holstein,Medizinische Einrichtungen der Universitäten,Zentr.Einrichtungen (o. klinikspez. Einrichtungen),
2019-01-01T00:00:00.000Z,Baden-Württemberg,Kunsthochschulen,Sport,
2021-01-01T00:00:00.000Z,Hessen,Pädagogische Hochschulen,Humanmedizin/Gesundheitswissenschaften,
2022-01-01T00:00:00.000Z,Baden-Württemberg,Verwaltungsfachhochschulen,Ingenieurwissenschaften,
2020-01-01T00:00:00.000Z,Sachsen-Anhalt,Universitäten (ohne Medizinische Einrichtungen),Sport,839000.0
2021-01-01T00:00:00.000Z,Baden-Württemberg,Fachhochschulen,Sport,
2022-01-01T00:00:00.000Z,Hessen,Pädagogische Hochschulen,Ingenieurwissenschaften,
2021-01-01T00:00:00.000Z,Sachsen-Anhalt,Universitäten (ohne Medizinische Einrichtungen),Sport,768000.0
2022-01-01T00:00:00.000Z,Mecklenburg-Vorpommern,Verwaltungsfachhochschulen,"Kunst, Kunstwissenschaft",
2021-01-01T00:00:00.000Z,Nordrhein-Westfalen,Universitäten (ohne Medizinische Einrichtungen),Humanmedizin/Gesundheitswissenschaften,
2022-01-01T00:00:00.000Z,Mecklenburg-Vorpommern,Pädagogische Hochschulen,"Kunst, Kunstwissenschaft",
2020-01-01T00:00:00.000Z,Nordrhein-Westfalen,Theologische Hochschulen,Sport,
2019-01-01T00:00:00.000Z,Baden-Württemberg,Universitäten (ohne Medizinische Einrichtungen),"Rechts-, Wirtschafts- und Sozialwissenschaften",7.1257E7
2019-01-01T00:00:00.000Z,Rheinland-Pfalz,Medizinische Einrichtungen der Universitäten,"Rechts-, Wirtschafts- und Sozialwissenschaften",
2019-01-01T00:00:00.000Z,Bremen,Verwaltungsfachhochschulen,Ingenieurwissenschaften,
2019-01-01T00:00:00.000Z,Baden-Württemberg,Medizinische Einrichtungen der Universitäten,"Kunst, Kunstwissenschaft",
2022-01-01T00:00:00.000Z,Nordrhein-Westfalen,Verwaltungsfachhochschulen,"Kunst, Kunstwissenschaft",
2019-01-01T00:00:00.000Z,Brandenburg,Universitäten (ohne Medizinische Einrichtungen),Zentr.Einrichtungen (o. klinikspez. Einrichtungen),2.1466E7
2022-01-01T00:00:00.000Z,Rheinland-Pfalz,Pädagogische Hochschulen,"Agrar-, Forst- u.Ernährungswiss., Veterinärmedizin",
2022-01-01T00:00:00.000Z,Baden-Württemberg,Kunsthochschulen,Ingenieurwissenschaften,193000.0
2022-01-01T00:00:00.000Z,Baden-Württemberg,Universitäten (ohne Medizinische Einrichtungen),"Rechts-, Wirtschafts- und Sozialwissenschaften",8.3037E7
2019-01-01T00:00:00.000Z,Mecklenburg-Vorpommern,Medizinische Einrichtungen der Universitäten,Zentr.Einrichtungen (o. klinikspez. Einrichtungen),
2019-01-01T00:00:00.000Z,Mecklenburg-Vorpommern,Fachhochschulen,"Kunst, Kunstwissenschaft",242000.0
2022-01-01T00:00:00.000Z,Mecklenburg-Vorpommern,Kunsthochschulen,"Kunst, Kunstwissenschaft",187000.0
2021-01-01T00:00:00.000Z,Bayern,Universitäten (ohne Medizinische Einrichtungen),Sport,7028000.0
2019-01-01T00:00:00.000Z,Rheinland-Pfalz,Theologische Hochschulen,"Mathematik, Naturwissenschaften",
2020-01-01T00:00:00.000Z,Baden-Württemberg,Medizinische Einrichtungen der Universitäten,"Mathematik, Naturwissenschaften",
2022-01-01T00:00:00.000Z,Nordrhein-Westfalen,Theologische Hochschulen,Zentr.Einrichtungen (o. klinikspez. Einrichtungen),1000.0
2022-01-01T00:00:00.000Z,Thüringen,Verwaltungsfachhochschulen,"Rechts-, Wirtschafts- und Sozialwissenschaften",0.0
2019-01-01T00:00:00.000Z,Rheinland-Pfalz,Theologische Hochschulen,Geisteswissenschaften,598000.0
2022-01-01T00:00:00.000Z,Sachsen-Anhalt,Verwaltungsfachhochschulen,"Mathematik, Naturwissenschaften",
2019-01-01T00:00:00.000Z,Brandenburg,Fachhochschulen,Humanmedizin/Gesundheitswissenschaften,
2022-01-01T00:00:00.000Z,Baden-Württemberg,Verwaltungsfachhochschulen,Humanmedizin/Gesundheitswissenschaften,
2022-01-01T00:00:00.000Z,Brandenburg,Pädagogische Hochschulen,Ingenieurwissenschaften,
2022-01-01T00:00:00.000Z,Rheinland-Pfalz,Fachhochschulen,"Rechts-, Wirtschafts- und Sozialwissenschaften",1.5733E7
2022-01-01T00:00:00.000Z,Sachsen,Universitäten (ohne Medizinische Einrichtungen),"Agrar-, Forst- u.Ernährungswiss., Veterinärmedizin",1.9721E7
2020-01-01T00:00:00.000Z,Saarland,Pädagogische Hochschulen,Ingenieurwissenschaften,
2019-01-01T00:00:00.000Z,Brandenburg,Fachhochschulen,"Mathematik, Naturwissenschaften",1725000.0
2021-01-01T00:00:00.000Z,Niedersachsen,Universitäten (ohne Medizinische Einrichtungen),"Mathematik, Naturwissenschaften",1.48668E8
2022-01-01T00:00:00.000Z,Niedersachsen,Pädagogische Hochschulen,Geisteswissenschaften,
2020-01-01T00:00:00.000Z,Baden-Württemberg,Universitäten (ohne Medizinische Einrichtungen),Ingenieurwissenschaften,2.86605E8
2020-01-01T00:00:00.000Z,Mecklenburg-Vorpommern,Pädagogische Hochschulen,Geisteswissenschaften,
2022-01-01T00:00:00.000Z,Sachsen-Anhalt,Universitäten (ohne Medizinische Einrichtungen),"Kunst, Kunstwissenschaft",869000.0
2019-01-01T00:00:00.000Z,Bayern,Fachhochschulen,"Mathematik, Naturwissenschaften",4703000.0
2022-01-01T00:00:00.000Z,Berlin,Kunsthochschulen,Ingenieurwissenschaften,54000.0
2019-01-01T00:00:00.000Z,Thüringen,Theologische Hochschulen,Humanmedizin/Gesundheitswissenschaften,
2022-01-01T00:00:00.000Z,Brandenburg,Pädagogische Hochschulen,Humanmedizin/Gesundheitswissenschaften,
2022-01-01T00:00:00.000Z,Bremen,Verwaltungsfachhochschulen,"Agrar-, Forst- u.Ernährungswiss., Veterinärmedizin",
2019-01-01T00:00:00.000Z,Niedersachsen,Fachhochschulen,"Agrar-, Forst- u.Ernährungswiss., Veterinärmedizin",4972000.0
2020-01-01T00:00:00.000Z,Sachsen,Medizinische Einrichtungen der Universitäten,"Agrar-, Forst- u.Ernährungswiss., Veterinärmedizin",
2021-01-01T00:00:00.000Z,Rheinland-Pfalz,Verwaltungsfachhochschulen,"Rechts-, Wirtschafts- und Sozialwissenschaften",38000.0
2022-01-01T00:00:00.000Z,Brandenburg,Universitäten (ohne Medizinische Einrichtungen),Humanmedizin/Gesundheitswissenschaften,
2022-01-01T00:00:00.000Z,Saarland,Universitäten (ohne Medizinische Einrichtungen),"Kunst, Kunstwissenschaft",85000.0
2021-01-01T00:00:00.000Z,Brandenburg,Universitäten (ohne Medizinische Einrichtungen),Sport,3053000.0
2021-01-01T00:00:00.000Z,Bayern,Pädagogische Hochschulen,Ingenieurwissenschaften,
2021-01-01T00:00:00.000Z,Bayern,Medizinische Einrichtungen der Universitäten,Humanmedizin/Gesundheitswissenschaften,4.27261E8
2020-01-01T00:00:00.000Z,Sachsen,Theologische Hochschulen,"Agrar-, Forst- u.Ernährungswiss., Veterinärmedizin",
2020-01-01T00:00:00.000Z,Hamburg,Medizinische Einrichtungen der Universitäten,Sport,
2021-01-01T00:00:00.000Z,Nordrhein-Westfalen,Kunsthochschulen,Humanmedizin/Gesundheitswissenschaften,
2020-01-01T00:00:00.000Z,Thüringen,Pädagogische Hochschulen,Zentr.Einrichtungen (o. klinikspez. Einrichtungen),
2022-01-01T00:00:00.000Z,Hamburg,Medizinische Einrichtungen der Universitäten,Geisteswissenschaften,
2019-01-01T00:00:00.000Z,Schleswig-Holstein,Universitäten (ohne Medizinische Einrichtungen),Humanmedizin/Gesundheitswissenschaften,
2022-01-01T00:00:00.000Z,Brandenburg,Universitäten (ohne Medizinische Einrichtungen),Sport,2812000.0
2020-01-01T00:00:00.000Z,Saarland,Kunsthochschulen,"Kunst, Kunstwissenschaft",0.0
2022-01-01T00:00:00.000Z,Saarland,Fachhochschulen,Sport,
2019-01-01T00:00:00.000Z,Thüringen,Universitäten (ohne Medizinische Einrichtungen),Zentr.Einrichtungen (o. klinikspez. Einrichtungen),2.0211E7
2021-01-01T00:00:00.000Z,Hamburg,Verwaltungsfachhochschulen,"Mathematik, Naturwissenschaften",
2021-01-01T00:00:00.000Z,Hessen,Verwaltungsfachhochschulen,"Kunst, Kunstwissenschaft",
2019-01-01T00:00:00.000Z,Schleswig-Holstein,Verwaltungsfachhochschulen,"Rechts-, Wirtschafts- und Sozialwissenschaften",4000.0
2020-01-01T00:00:00.000Z,Bremen,Verwaltungsfachhochschulen,"Mathematik, Naturwissenschaften",
2020-01-01T00:00:00.000Z,Baden-Württemberg,Kunsthochschulen,Sport,
2022-01-01T00:00:00.000Z,Baden-Württemberg,Theologische Hochschulen,"Rechts-, Wirtschafts- und Sozialwissenschaften",
2021-01-01T00:00:00.000Z,Bremen,Fachhochschulen,"Mathematik, Naturwissenschaften",655000.0
2019-01-01T00:00:00.000Z,Hessen,Verwaltungsfachhochschulen,Zentr.Einrichtungen (o. klinikspez. Einrichtungen),0.0
2022-01-01T00:00:00.000Z,Thüringen,Pädagogische Hochschulen,"Mathematik, Naturwissenschaften",
2022-01-01T00:00:00.000Z,Schleswig-Holstein,Fachhochschulen,"Agrar-, Forst- u.Ernährungswiss., Veterinärmedizin",63000.0
2019-01-01T00:00:00.000Z,Berlin,Verwaltungsfachhochschulen,"Mathematik, Naturwissenschaften",
2019-01-01T00:00:00.000Z,Nordrhein-Westfalen,Theologische Hochschulen,Sport,
2019-01-01T00:00:00.000Z,Mecklenburg-Vorpommern,Theologische Hochschulen,"Mathematik, Naturwissenschaften",
2022-01-01T00:00:00.000Z,Bremen,Pädagogische Hochschulen,Zentr.Einrichtungen (o. klinikspez. Einrichtungen),
2020-01-01T00:00:00.000Z,Baden-Württemberg,Kunsthochschulen,Zentr.Einrichtungen (o. klinikspez. Einrichtungen),497000.0
2022-01-01T00:00:00.000Z,Hamburg,Theologische Hochschulen,Sport,
2021-01-01T00:00:00.000Z,Nordrhein-Westfalen,Verwaltungsfachhochschulen,"Agrar-, Forst- u.Ernährungswiss., Veterinärmedizin",
2022-01-01T00:00:00.000Z,Nordrhein-Westfalen,Fachhochschulen,Geisteswissenschaften,468000.0
2022-01-01T00:00:00.000Z,Nordrhein-Westfalen,Kunsthochschulen,Ingenieurwissenschaften,186000.0
2019-01-01T00:00:00.000Z,Hamburg,Medizinische Einrichtungen der Universitäten,"Agrar-, Forst- u.Ernährungswiss., Veterinärmedizin",
2020-01-01T00:00:00.000Z,Saarland,Medizinische Einrichtungen der Universitäten,"Kunst, Kunstwissenschaft",
2021-01-01T00:00:00.000Z,Schleswig-Holstein,Medizinische Einrichtungen der Universitäten,"Kunst, Kunstwissenschaft",
2021-01-01T00:00:00.000Z,Berlin,Pädagogische Hochschulen,"Agrar-, Forst- u.Ernährungswiss., Veterinärmedizin",
2019-01-01T00:00:00.000Z,Bremen,Verwaltungsfachhochschulen,Geisteswissenschaften,
2020-01-01T00:00:00.000Z,Berlin,Fachhochschulen,Humanmedizin/Gesundheitswissenschaften,1014000.0
2021-01-01T00:00:00.000Z,Baden-Württemberg,Kunsthochschulen,Ingenieurwissenschaften,66000.0
2020-01-01T00:00:00.000Z,Berlin,Verwaltungsfachhochschulen,Humanmedizin/Gesundheitswissenschaften,
2020-01-01T00:00:00.000Z,Sachsen-Anhalt,Pädagogische Hochschulen,"Kunst, Kunstwissenschaft",
2020-01-01T00:00:00.000Z,Mecklenburg-Vorpommern,Universitäten (ohne Medizinische Einrichtungen),Humanmedizin/Gesundheitswissenschaften,
2022-01-01T00:00:00.000Z,Saarland,Fachhochschulen,Humanmedizin/Gesundheitswissenschaften,541000.0
2019-01-01T00:00:00.000Z,Brandenburg,Theologische Hochschulen,Sport,
2019-01-01T00:00:00.000Z,Hessen,Universitäten (ohne Medizinische Einrichtungen),Humanmedizin/Gesundheitswissenschaften,
2022-01-01T00:00:00.000Z,Schleswig-Holstein,Fachhochschulen,"Mathematik, Naturwissenschaften",1120000.0
2021-01-01T00:00:00.000Z,Thüringen,Verwaltungsfachhochschulen,Zentr.Einrichtungen (o. klinikspez. Einrichtungen),0.0
2020-01-01T00:00:00.000Z,Sachsen-Anhalt,Medizinische Einrichtungen der Universitäten,"Kunst, Kunstwissenschaft",
2022-01-01T00:00:00.000Z,Bayern,Universitäten (ohne Medizinische Einrichtungen),Ingenieurwissenschaften,3.47328E8
2019-01-01T00:00:00.000Z,Thüringen,Verwaltungsfachhochschulen,"Rechts-, Wirtschafts- und Sozialwissenschaften",0.0
2019-01-01T00:00:00.000Z,Hamburg,Universitäten (ohne Medizinische Einrichtungen),"Rechts-, Wirtschafts- und Sozialwissenschaften",2.1577E7
2021-01-01T00:00:00.000Z,Hessen,Pädagogische Hochschulen,Sport,
2021-01-01T00:00:00.000Z,Bayern,Kunsthochschulen,Geisteswissenschaften,0.0
2019-01-01T00:00:00.000Z,Mecklenburg-Vorpommern,Kunsthochschulen,"Rechts-, Wirtschafts- und Sozialwissenschaften",
2019-01-01T00:00:00.000Z,Brandenburg,Universitäten (ohne Medizinische Einrichtungen),"Kunst, Kunstwissenschaft",1049000.0
2019-01-01T00:00:00.000Z,Baden-Württemberg,Medizinische Einrichtungen der Universitäten,Ingenieurwissenschaften,
2019-01-01T00:00:00.000Z,Brandenburg,Kunsthochschulen,"Agrar-, Forst- u.Ernährungswiss., Veterinärmedizin",
2022-01-01T00:00:00.000Z,Hamburg,Theologische Hochschulen,"Mathematik, Naturwissenschaften",
2022-01-01T00:00:00.000Z,Bremen,Verwaltungsfachhochschulen,Zentr.Einrichtungen (o. klinikspez. Einrichtungen),215000.0
2022-01-01T00:00:00.000Z,Mecklenburg-Vorpommern,Medizinische Einrichtungen der Universitäten,"Agrar-, Forst- u.Ernährungswiss., Veterinärmedizin",
2021-01-01T00:00:00.000Z,Bayern,Medizinische Einrichtungen der Universitäten,Zentr.Einrichtungen (o. klinikspez. Einrichtungen),
2022-01-01T00:00:00.000Z,Sachsen-Anhalt,Kunsthochschulen,"Mathematik, Naturwissenschaften",
2019-01-01T00:00:00.000Z,Berlin,Universitäten (ohne Medizinische Einrichtungen),"Agrar-, Forst- u.Ernährungswiss., Veterinärmedizin",1.4848E7
2019-01-01T00:00:00.000Z,Niedersachsen,Medizinische Einrichtungen der Universitäten,"Kunst, Kunstwissenschaft",
2022-01-01T00:00:00.000Z,Hamburg,Pädagogische Hochschulen,Zentr.Einrichtungen (o. klinikspez. Einrichtungen),
2021-01-01T00:00:00.000Z,Rheinland-Pfalz,Universitäten (ohne Medizinische Einrichtungen),"Mathematik, Naturwissenschaften",8.9678E7
2021-01-01T00:00:00.000Z,Nordrhein-Westfalen,Theologische Hochschulen,"Mathematik, Naturwissenschaften",
2022-01-01T00:00:00.000Z,Saarland,Theologische Hochschulen,Humanmedizin/Gesundheitswissenschaften,
2022-01-01T00:00:00.000Z,Sachsen,Fachhochschulen,Humanmedizin/Gesundheitswissenschaften,96000.0
2022-01-01T00:00:00.000Z,Sachsen,Fachhochschulen,Ingenieurwissenschaften,3.0511E7
2022-01-01T00:00:00.000Z,Hamburg,Verwaltungsfachhochschulen,Humanmedizin/Gesundheitswissenschaften,
2019-01-01T00:00:00.000Z,Nordrhein-Westfalen,Pädagogische Hochschulen,"Agrar-, Forst- u.Ernährungswiss., Veterinärmedizin",
2021-01-01T00:00:00.000Z,Hessen,Fachhochschulen,"Agrar-, Forst- u.Ernährungswiss., Veterinärmedizin",4737000.0
2019-01-01T00:00:00.000Z,Bayern,Kunsthochschulen,"Agrar-, Forst- u.Ernährungswiss., Veterinärmedizin",
2020-01-01T00:00:00.000Z,Baden-Württemberg,Fachhochschulen,Geisteswissenschaften,1217000.0
2022-01-01T00:00:00.000Z,Bayern,Kunsthochschulen,"Mathematik, Naturwissenschaften",
2021-01-01T00:00:00.000Z,Berlin,Theologische Hochschulen,"Mathematik, Naturwissenschaften",
2020-01-01T00:00:00.000Z,Schleswig-Holstein,Fachhochschulen,Sport,
2021-01-01T00:00:00.000Z,Mecklenburg-Vorpommern,Fachhochschulen,"Agrar-, Forst- u.Ernährungswiss., Veterinärmedizin",904000.0
2022-01-01T00:00:00.000Z,Schleswig-Holstein,Theologische Hochschulen,Zentr.Einrichtungen (o. klinikspez. Einrichtungen),
2022-01-01T00:00:00.000Z,Bremen,Pädagogische Hochschulen,Sport,
2020-01-01T00:00:00.000Z,Bremen,Universitäten (ohne Medizinische Einrichtungen),Zentr.Einrichtungen (o. klinikspez. Einrichtungen),1.4354E7
2022-01-01T00:00:00.000Z,Rheinland-Pfalz,Theologische Hochschulen,Humanmedizin/Gesundheitswissenschaften,411000.0
2021-01-01T00:00:00.000Z,Bayern,Verwaltungsfachhochschulen,Humanmedizin/Gesundheitswissenschaften,
2020-01-01T00:00:00.000Z,Saarland,Pädagogische Hochschulen,Zentr.Einrichtungen (o. klinikspez. Einrichtungen),
2021-01-01T00:00:00.000Z,Baden-Württemberg,Universitäten (ohne Medizinische Einrichtungen),"Rechts-, Wirtschafts- und Sozialwissenschaften",7.978E7
2021-01-01T00:00:00.000Z,Thüringen,Fachhochschulen,"Kunst, Kunstwissenschaft",0.0
2019-01-01T00:00:00.000Z,Niedersachsen,Verwaltungsfachhochschulen,"Rechts-, Wirtschafts- und Sozialwissenschaften",0.0
2022-01-01T00:00:00.000Z,Bremen,Verwaltungsfachhochschulen,Ingenieurwissenschaften,
2019-01-01T00:00:00.000Z,Niedersachsen,Theologische Hochschulen,"Rechts-, Wirtschafts- und Sozialwissenschaften",
2022-01-01T00:00:00.000Z,Baden-Württemberg,Fachhochschulen,Ingenieurwissenschaften,7.8012E7
2020-01-01T00:00:00.000Z,Hamburg,Verwaltungsfachhochschulen,"Mathematik, Naturwissenschaften",
2019-01-01T00:00:00.000Z,Sachsen,Pädagogische Hochschulen,Humanmedizin/Gesundheitswissenschaften,
2022-01-01T00:00:00.000Z,Bayern,Kunsthochschulen,Zentr.Einrichtungen (o. klinikspez. Einrichtungen),307000.0
2020-01-01T00:00:00.000Z,Bayern,Pädagogische Hochschulen,Geisteswissenschaften,
2021-01-01T00:00:00.000Z,Sachsen,Kunsthochschulen,Sport,
2022-01-01T00:00:00.000Z,Rheinland-Pfalz,Universitäten (ohne Medizinische Einrichtungen),Zentr.Einrichtungen (o. klinikspez. Einrichtungen),3.2756E7
2021-01-01T00:00:00.000Z,Schleswig-Holstein,Pädagogische Hochschulen,Ingenieurwissenschaften,
2019-01-01T00:00:00.000Z,Nordrhein-Westfalen,Kunsthochschulen,"Agrar-, Forst- u.Ernährungswiss., Veterinärmedizin",
2022-01-01T00:00:00.000Z,Hamburg,Verwaltungsfachhochschulen,Ingenieurwissenschaften,
2020-01-01T00:00:00.000Z,Saarland,Theologische Hochschulen,"Agrar-, Forst- u.Ernährungswiss., Veterinärmedizin",
2022-01-01T00:00:00.000Z,Bremen,Kunsthochschulen,"Rechts-, Wirtschafts- und Sozialwissenschaften",
2021-01-01T00:00:00.000Z,Sachsen-Anhalt,Pädagogische Hochschulen,Ingenieurwissenschaften,
2020-01-01T00:00:00.000Z,Hamburg,Kunsthochschulen,Humanmedizin/Gesundheitswissenschaften,
2020-01-01T00:00:00.000Z,Rheinland-Pfalz,Theologische Hochschulen,Ingenieurwissenschaften,
2020-01-01T00:00:00.000Z,Mecklenburg-Vorpommern,Fachhochschulen,Sport,
2021-01-01T00:00:00.000Z,Schleswig-Holstein,Verwaltungsfachhochschulen,"Rechts-, Wirtschafts- und Sozialwissenschaften",0.0
2019-01-01T00:00:00.000Z,Schleswig-Holstein,Medizinische Einrichtungen der Universitäten,"Agrar-, Forst- u.Ernährungswiss., Veterinärmedizin",
2021-01-01T00:00:00.000Z,Brandenburg,Fachhochschulen,Sport,10000.0
2022-01-01T00:00:00.000Z,Saarland,Universitäten (ohne Medizinische Einrichtungen),Zentr.Einrichtungen (o. klinikspez. Einrichtungen),1.1914E7
2020-01-01T00:00:00.000Z,Rheinland-Pfalz,Theologische Hochschulen,Geisteswissenschaften,493000.0
2019-01-01T00:00:00.000Z,Thüringen,Universitäten (ohne Medizinische Einrichtungen),"Mathematik, Naturwissenschaften",5.514E7
2022-01-01T00:00:00.000Z,Bayern,Theologische Hochschulen,Ingenieurwissenschaften,
2020-01-01T00:00:00.000Z,Brandenburg,Verwaltungsfachhochschulen,Humanmedizin/Gesundheitswissenschaften,
2019-01-01T00:00:00.000Z,Bremen,Medizinische Einrichtungen der Universitäten,Sport,
2022-01-01T00:00:00.000Z,Hessen,Universitäten (ohne Medizinische Einrichtungen),Sport,2469000.0
2019-01-01T00:00:00.000Z,Nordrhein-Westfalen,Medizinische Einrichtungen der Universitäten,Humanmedizin/Gesundheitswissenschaften,3.44776E8
2021-01-01T00:00:00.000Z,Rheinland-Pfalz,Medizinische Einrichtungen der Universitäten,"Rechts-, Wirtschafts- und Sozialwissenschaften",
2020-01-01T00:00:00.000Z,Rheinland-Pfalz,Fachhochschulen,"Mathematik, Naturwissenschaften",1172000.0
2020-01-01T00:00:00.000Z,Sachsen-Anhalt,Kunsthochschulen,Sport,
2021-01-01T00:00:00.000Z,Schleswig-Holstein,Verwaltungsfachhochschulen,"Kunst, Kunstwissenschaft",
2019-01-01T00:00:00.000Z,Sachsen-Anhalt,Kunsthochschulen,"Kunst, Kunstwissenschaft",296000.0
2021-01-01T00:00:00.000Z,Berlin,Medizinische Einrichtungen der Universitäten,Geisteswissenschaften,
2019-01-01T00:00:00.000Z,Sachsen-Anhalt,Kunsthochschulen,Sport,
2019-01-01T00:00:00.000Z,Bremen,Universitäten (ohne Medizinische Einrichtungen),"Rechts-, Wirtschafts- und Sozialwissenschaften",1.4223E7
2019-01-01T00:00:00.000Z,Hamburg,Fachhochschulen,"Rechts-, Wirtschafts- und Sozialwissenschaften",4013000.0
2020-01-01T00:00:00.000Z,Sachsen,Medizinische Einrichtungen der Universitäten,Geisteswissenschaften,
2020-01-01T00:00:00.000Z,Berlin,Theologische Hochschulen,Geisteswissenschaften,
2022-01-01T00:00:00.000Z,Berlin,Verwaltungsfachhochschulen,Zentr.Einrichtungen (o. klinikspez. Einrichtungen),
2020-01-01T00:00:00.000Z,Sachsen-Anhalt,Fachhochschulen,Geisteswissenschaften,34000.0
2020-01-01T00:00:00.000Z,Brandenburg,Theologische Hochschulen,Sport,
2021-01-01T00:00:00.000Z,Bayern,Universitäten (ohne Medizinische Einrichtungen),"Mathematik, Naturwissenschaften",2.87818E8
2021-01-01T00:00:00.000Z,Rheinland-Pfalz,Medizinische Einrichtungen der Universitäten,"Kunst, Kunstwissenschaft",
2019-01-01T00:00:00.000Z,Rheinland-Pfalz,Universitäten (ohne Medizinische Einrichtungen),Geisteswissenschaften,1.2575E7
2020-01-01T00:00:00.000Z,Bremen,Fachhochschulen,Humanmedizin/Gesundheitswissenschaften,0.0
2021-01-01T00:00:00.000Z,Thüringen,Theologische Hochschulen,"Kunst, Kunstwissenschaft",
2021-01-01T00:00:00.000Z,Schleswig-Holstein,Universitäten (ohne Medizinische Einrichtungen),"Agrar-, Forst- u.Ernährungswiss., Veterinärmedizin",8513000.0
2019-01-01T00:00:00.000Z,Mecklenburg-Vorpommern,Fachhochschulen,Sport,
2021-01-01T00:00:00.000Z,Nordrhein-Westfalen,Medizinische Einrichtungen der Universitäten,Zentr.Einrichtungen (o. klinikspez. Einrichtungen),
2021-01-01T00:00:00.000Z,Niedersachsen,Verwaltungsfachhochschulen,"Rechts-, Wirtschafts- und Sozialwissenschaften",0.0
2019-01-01T00:00:00.000Z,Hessen,Medizinische Einrichtungen der Universitäten,Zentr.Einrichtungen (o. klinikspez. Einrichtungen),
2019-01-01T00:00:00.000Z,Mecklenburg-Vorpommern,Verwaltungsfachhochschulen,Zentr.Einrichtungen (o. klinikspez. Einrichtungen),0.0
2022-01-01T00:00:00.000Z,Baden-Württemberg,Verwaltungsfachhochschulen,Zentr.Einrichtungen (o. klinikspez. Einrichtungen),103000.0
2020-01-01T00:00:00.000Z,Brandenburg,Pädagogische Hochschulen,Zentr.Einrichtungen (o. klinikspez. Einrichtungen),
2021-01-01T00:00:00.000Z,Bayern,Verwaltungsfachhochschulen,Zentr.Einrichtungen (o. klinikspez. Einrichtungen),67000.0
2022-01-01T00:00:00.000Z,Hamburg,Medizinische Einrichtungen der Universitäten,Humanmedizin/Gesundheitswissenschaften,1.12732E8
2022-01-01T00:00:00.000Z,Saarland,Pädagogische Hochschulen,Geisteswissenschaften,
2021-01-01T00:00:00.000Z,Hamburg,Universitäten (ohne Medizinische Einrichtungen),"Kunst, Kunstwissenschaft",
2022-01-01T00:00:00.000Z,Bremen,Medizinische Einrichtungen der Universitäten,Zentr.Einrichtungen (o. klinikspez. Einrichtungen),
2019-01-01T00:00:00.000Z,Mecklenburg-Vorpommern,Universitäten (ohne Medizinische Einrichtungen),Geisteswissenschaften,3355000.0
2020-01-01T00:00:00.000Z,Sachsen,Pädagogische Hochschulen,Sport,
2021-01-01T00:00:00.000Z,Brandenburg,Verwaltungsfachhochschulen,Zentr.Einrichtungen (o. klinikspez. Einrichtungen),0.0
2020-01-01T00:00:00.000Z,Brandenburg,Medizinische Einrichtungen der Universitäten,Humanmedizin/Gesundheitswissenschaften,5324000.0
2019-01-01T00:00:00.000Z,Nordrhein-Westfalen,Verwaltungsfachhochschulen,Humanmedizin/Gesundheitswissenschaften,
2019-01-01T00:00:00.000Z,Schleswig-Holstein,Pädagogische Hochschulen,"Kunst, Kunstwissenschaft",
2021-01-01T00:00:00.000Z,Sachsen,Kunsthochschulen,Ingenieurwissenschaften,
2020-01-01T00:00:00.000Z,Bayern,Pädagogische Hochschulen,"Agrar-, Forst- u.Ernährungswiss., Veterinärmedizin",
2022-01-01T00:00:00.000Z,Niedersachsen,Kunsthochschulen,"Agrar-, Forst- u.Ernährungswiss., Veterinärmedizin",
2019-01-01T00:00:00.000Z,Nordrhein-Westfalen,Fachhochschulen,Ingenieurwissenschaften,8.0987E7
2022-01-01T00:00:00.000Z,Rheinland-Pfalz,Verwaltungsfachhochschulen,Humanmedizin/Gesundheitswissenschaften,
2021-01-01T00:00:00.000Z,Hessen,Theologische Hochschulen,"Agrar-, Forst- u.Ernährungswiss., Veterinärmedizin",
2019-01-01T00:00:00.000Z,Brandenburg,Verwaltungsfachhochschulen,Sport,
2020-01-01T00:00:00.000Z,Mecklenburg-Vorpommern,Fachhochschulen,"Mathematik, Naturwissenschaften",
2022-01-01T00:00:00.000Z,Sachsen,Verwaltungsfachhochschulen,"Kunst, Kunstwissenschaft",
2022-01-01T00:00:00.000Z,Sachsen-Anhalt,Theologische Hochschulen,Ingenieurwissenschaften,
2019-01-01T00:00:00.000Z,Hamburg,Verwaltungsfachhochschulen,"Kunst, Kunstwissenschaft",
2019-01-01T00:00:00.000Z,Schleswig-Holstein,Verwaltungsfachhochschulen,"Agrar-, Forst- u.Ernährungswiss., Veterinärmedizin",
2019-01-01T00:00:00.000Z,Bayern,Medizinische Einrichtungen der Universitäten,"Rechts-, Wirtschafts- und Sozialwissenschaften",
2020-01-01T00:00:00.000Z,Thüringen,Verwaltungsfachhochschulen,Ingenieurwissenschaften,
2020-01-01T00:00:00.000Z,Bremen,Pädagogische Hochschulen,Ingenieurwissenschaften,
2019-01-01T00:00:00.000Z,Sachsen-Anhalt,Verwaltungsfachhochschulen,"Mathematik, Naturwissenschaften",
2021-01-01T00:00:00.000Z,Sachsen-Anhalt,Theologische Hochschulen,Humanmedizin/Gesundheitswissenschaften,
2021-01-01T00:00:00.000Z,Hamburg,Theologische Hochschulen,"Kunst, Kunstwissenschaft",
2021-01-01T00:00:00.000Z,Mecklenburg-Vorpommern,Pädagogische Hochschulen,"Rechts-, Wirtschafts- und Sozialwissenschaften",
2019-01-01T00:00:00.000Z,Niedersachsen,Universitäten (ohne Medizinische Einrichtungen),Zentr.Einrichtungen (o. klinikspez. Einrichtungen),6.8727E7
2022-01-01T00:00:00.000Z,Niedersachsen,Pädagogische Hochschulen,"Mathematik, Naturwissenschaften",
2021-01-01T00:00:00.000Z,Rheinland-Pfalz,Pädagogische Hochschulen,"Rechts-, Wirtschafts- und Sozialwissenschaften",
2019-01-01T00:00:00.000Z,Sachsen-Anhalt,Fachhochschulen,Zentr.Einrichtungen (o. klinikspez. Einrichtungen),1.2215E7
2019-01-01T00:00:00.000Z,Nordrhein-Westfalen,Theologische Hochschulen,"Kunst, Kunstwissenschaft",78000.0
2020-01-01T00:00:00.000Z,Bremen,Kunsthochschulen,Geisteswissenschaften,
2020-01-01T00:00:00.000Z,Hessen,Pädagogische Hochschulen,"Kunst, Kunstwissenschaft",
2022-01-01T00:00:00.000Z,Sachsen-Anhalt,Medizinische Einrichtungen der Universitäten,Geisteswissenschaften,
2021-01-01T00:00:00.000Z,Brandenburg,Kunsthochschulen,"Rechts-, Wirtschafts- und Sozialwissenschaften",
2022-01-01T00:00:00.000Z,Hamburg,Medizinische Einrichtungen der Universitäten,Zentr.Einrichtungen (o. klinikspez. Einrichtungen),
2022-01-01T00:00:00.000Z,Schleswig-Holstein,Pädagogische Hochschulen,Zentr.Einrichtungen (o. klinikspez. Einrichtungen),
2022-01-01T00:00:00.000Z,Bayern,Fachhochschulen,Sport,0.0
2021-01-01T00:00:00.000Z,Sachsen-Anhalt,Theologische Hochschulen,"Mathematik, Naturwissenschaften",
2022-01-01T00:00:00.000Z,Niedersachsen,Pädagogische Hochschulen,Humanmedizin/Gesundheitswissenschaften,
2021-01-01T00:00:00.000Z,Niedersachsen,Verwaltungsfachhochschulen,Zentr.Einrichtungen (o. klinikspez. Einrichtungen),
2021-01-01T00:00:00.000Z,Hamburg,Pädagogische Hochschulen,Geisteswissenschaften,
2020-01-01T00:00:00.000Z,Bayern,Pädagogische Hochschulen,Sport,
2020-01-01T00:00:00.000Z,Brandenburg,Verwaltungsfachhochschulen,"Rechts-, Wirtschafts- und Sozialwissenschaften",9000.0
2021-01-01T00:00:00.000Z,Brandenburg,Verwaltungsfachhochschulen,Geisteswissenschaften,
2020-01-01T00:00:00.000Z,Baden-Württemberg,Kunsthochschulen,Humanmedizin/Gesundheitswissenschaften,
2021-01-01T00:00:00.000Z,Hessen,Universitäten (ohne Medizinische Einrichtungen),"Mathematik, Naturwissenschaften",1.42144E8
2022-01-01T00:00:00.000Z,Hamburg,Theologische Hochschulen,Zentr.Einrichtungen (o. klinikspez. Einrichtungen),
2019-01-01T00:00:00.000Z,Rheinland-Pfalz,Universitäten (ohne Medizinische Einrichtungen),Zentr.Einrichtungen (o. klinikspez. Einrichtungen),4.0928E7
2021-01-01T00:00:00.000Z,Sachsen,Kunsthochschulen,Humanmedizin/Gesundheitswissenschaften,
2022-01-01T00:00:00.000Z,Brandenburg,Pädagogische Hochschulen,"Agrar-, Forst- u.Ernährungswiss., Veterinärmedizin",
2019-01-01T00:00:00.000Z,Schleswig-Holstein,Kunsthochschulen,Ingenieurwissenschaften,
2019-01-01T00:00:00.000Z,Bayern,Theologische Hochschulen,"Kunst, Kunstwissenschaft",
2021-01-01T00:00:00.000Z,Brandenburg,Fachhochschulen,Geisteswissenschaften,577000.0
2020-01-01T00:00:00.000Z,Bayern,Verwaltungsfachhochschulen,"Agrar-, Forst- u.Ernährungswiss., Veterinärmedizin",
2022-01-01T00:00:00.000Z,Nordrhein-Westfalen,Verwaltungsfachhochschulen,Ingenieurwissenschaften,0.0
2021-01-01T00:00:00.000Z,Rheinland-Pfalz,Pädagogische Hochschulen,Zentr.Einrichtungen (o. klinikspez. Einrichtungen),
2019-01-01T00:00:00.000Z,Bremen,Medizinische Einrichtungen der Universitäten,"Rechts-, Wirtschafts- und Sozialwissenschaften",
2020-01-01T00:00:00.000Z,Bremen,Medizinische Einrichtungen der Universitäten,Ingenieurwissenschaften,
2019-01-01T00:00:00.000Z,Berlin,Medizinische Einrichtungen der Universitäten,Ingenieurwissenschaften,
2021-01-01T00:00:00.000Z,Thüringen,Verwaltungsfachhochschulen,"Agrar-, Forst- u.Ernährungswiss., Veterinärmedizin",
2022-01-01T00:00:00.000Z,Nordrhein-Westfalen,Universitäten (ohne Medizinische Einrichtungen),"Rechts-, Wirtschafts- und Sozialwissenschaften",1.55228E8
2020-01-01T00:00:00.000Z,Thüringen,Pädagogische Hochschulen,"Rechts-, Wirtschafts- und Sozialwissenschaften",
2021-01-01T00:00:00.000Z,Rheinland-Pfalz,Verwaltungsfachhochschulen,Zentr.Einrichtungen (o. klinikspez. Einrichtungen),
2022-01-01T00:00:00.000Z,Thüringen,Theologische Hochschulen,Humanmedizin/Gesundheitswissenschaften,
2022-01-01T00:00:00.000Z,Bremen,Pädagogische Hochschulen,"Rechts-, Wirtschafts- und Sozialwissenschaften",
2022-01-01T00:00:00.000Z,Mecklenburg-Vorpommern,Kunsthochschulen,Geisteswissenschaften,
2020-01-01T00:00:00.000Z,Rheinland-Pfalz,Kunsthochschulen,Zentr.Einrichtungen (o. klinikspez. Einrichtungen),
2019-01-01T00:00:00.000Z,Hamburg,Medizinische Einrichtungen der Universitäten,Humanmedizin/Gesundheitswissenschaften,1.08176E8
2020-01-01T00:00:00.000Z,Sachsen-Anhalt,Fachhochschulen,Sport,
2020-01-01T00:00:00.000Z,Berlin,Verwaltungsfachhochschulen,"Agrar-, Forst- u.Ernährungswiss., Veterinärmedizin",
2021-01-01T00:00:00.000Z,Berlin,Universitäten (ohne Medizinische Einrichtungen),"Rechts-, Wirtschafts- und Sozialwissenschaften",6.9646E7
2020-01-01T00:00:00.000Z,Hamburg,Pädagogische Hochschulen,"Kunst, Kunstwissenschaft",
2020-01-01T00:00:00.000Z,Mecklenburg-Vorpommern,Universitäten (ohne Medizinische Einrichtungen),"Agrar-, Forst- u.Ernährungswiss., Veterinärmedizin",6225000.0
2019-01-01T00:00:00.000Z,Bayern,Pädagogische Hochschulen,Sport,
2022-01-01T00:00:00.000Z,Brandenburg,Kunsthochschulen,Zentr.Einrichtungen (o. klinikspez. Einrichtungen),
2019-01-01T00:00:00.000Z,Niedersachsen,Kunsthochschulen,"Agrar-, Forst- u.Ernährungswiss., Veterinärmedizin",
2020-01-01T00:00:00.000Z,Bremen,Fachhochschulen,"Kunst, Kunstwissenschaft",
2021-01-01T00:00:00.000Z,Mecklenburg-Vorpommern,Theologische Hochschulen,Sport,
2020-01-01T00:00:00.000Z,Schleswig-Holstein,Theologische Hochschulen,Geisteswissenschaften,
2020-01-01T00:00:00.000Z,Sachsen,Universitäten (ohne Medizinische Einrichtungen),"Kunst, Kunstwissenschaft",1109000.0
2019-01-01T00:00:00.000Z,Sachsen,Kunsthochschulen,Zentr.Einrichtungen (o. klinikspez. Einrichtungen),212000.0
2020-01-01T00:00:00.000Z,Thüringen,Theologische Hochschulen,Zentr.Einrichtungen (o. klinikspez. Einrichtungen),
2020-01-01T00:00:00.000Z,Baden-Württemberg,Verwaltungsfachhochschulen,Sport,
2020-01-01T00:00:00.000Z,Berlin,Medizinische Einrichtungen der Universitäten,"Mathematik, Naturwissenschaften",
2021-01-01T00:00:00.000Z,Berlin,Kunsthochschulen,"Mathematik, Naturwissenschaften",
2021-01-01T00:00:00.000Z,Berlin,Theologische Hochschulen,"Agrar-, Forst- u.Ernährungswiss., Veterinärmedizin",
2019-01-01T00:00:00.000Z,Baden-Württemberg,Medizinische Einrichtungen der Universitäten,Zentr.Einrichtungen (o. klinikspez. Einrichtungen),
2020-01-01T00:00:00.000Z,Mecklenburg-Vorpommern,Medizinische Einrichtungen der Universitäten,Geisteswissenschaften,
2022-01-01T00:00:00.000Z,Niedersachsen,Verwaltungsfachhochschulen,Geisteswissenschaften,
2021-01-01T00:00:00.000Z,Bayern,Theologische Hochschulen,"Mathematik, Naturwissenschaften",
2022-01-01T00:00:00.000Z,Saarland,Fachhochschulen,Ingenieurwissenschaften,4954000.0
2022-01-01T00:00:00.000Z,Sachsen,Theologische Hochschulen,Geisteswissenschaften,
2020-01-01T00:00:00.000Z,Nordrhein-Westfalen,Universitäten (ohne Medizinische Einrichtungen),Ingenieurwissenschaften,4.20056E8
2020-01-01T00:00:00.000Z,Bayern,Verwaltungsfachhochschulen,Geisteswissenschaften,
2022-01-01T00:00:00.000Z,Schleswig-Holstein,Fachhochschulen,Humanmedizin/Gesundheitswissenschaften,
2022-01-01T00:00:00.000Z,Brandenburg,Theologische Hochschulen,"Mathematik, Naturwissenschaften",
2022-01-01T00:00:00.000Z,Niedersachsen,Kunsthochschulen,Sport,
2022-01-01T00:00:00.000Z,Bremen,Medizinische Einrichtungen der Universitäten,"Rechts-, Wirtschafts- und Sozialwissenschaften",
2021-01-01T00:00:00.000Z,Saarland,Fachhochschulen,"Kunst, Kunstwissenschaft",
2019-01-01T00:00:00.000Z,Brandenburg,Universitäten (ohne Medizinische Einrichtungen),Ingenieurwissenschaften,2.4868E7
2021-01-01T00:00:00.000Z,Mecklenburg-Vorpommern,Fachhochschulen,Ingenieurwissenschaften,1.0367E7
2021-01-01T00:00:00.000Z,Baden-Württemberg,Fachhochschulen,"Mathematik, Naturwissenschaften",5261000.0
2020-01-01T00:00:00.000Z,Schleswig-Holstein,Pädagogische Hochschulen,"Mathematik, Naturwissenschaften",
2019-01-01T00:00:00.000Z,Sachsen-Anhalt,Verwaltungsfachhochschulen,Zentr.Einrichtungen (o. klinikspez. Einrichtungen),
2019-01-01T00:00:00.000Z,Mecklenburg-Vorpommern,Kunsthochschulen,"Kunst, Kunstwissenschaft",362000.0
2020-01-01T00:00:00.000Z,Hamburg,Fachhochschulen,Ingenieurwissenschaften,6586000.0
2022-01-01T00:00:00.000Z,Mecklenburg-Vorpommern,Verwaltungsfachhochschulen,Zentr.Einrichtungen (o. klinikspez. Einrichtungen),0.0
2022-01-01T00:00:00.000Z,Baden-Württemberg,Kunsthochschulen,"Kunst, Kunstwissenschaft",4580000.0
2021-01-01T00:00:00.000Z,Berlin,Verwaltungsfachhochschulen,Ingenieurwissenschaften,
2019-01-01T00:00:00.000Z,Niedersachsen,Fachhochschulen,"Rechts-, Wirtschafts- und Sozialwissenschaften",1.1267E7
2019-01-01T00:00:00.000Z,Mecklenburg-Vorpommern,Universitäten (ohne Medizinische Einrichtungen),Sport,49000.0
2019-01-01T00:00:00.000Z,Saarland,Pädagogische Hochschulen,"Agrar-, Forst- u.Ernährungswiss., Veterinärmedizin",
2019-01-01T00:00:00.000Z,Niedersachsen,Pädagogische Hochschulen,"Mathematik, Naturwissenschaften",
2020-01-01T00:00:00.000Z,Thüringen,Medizinische Einrichtungen der Universitäten,"Rechts-, Wirtschafts- und Sozialwissenschaften",
2022-01-01T00:00:00.000Z,Bayern,Medizinische Einrichtungen der Universitäten,Geisteswissenschaften,
2021-01-01T00:00:00.000Z,Hamburg,Pädagogische Hochschulen,"Agrar-, Forst- u.Ernährungswiss., Veterinärmedizin",
2019-01-01T00:00:00.000Z,Brandenburg,Verwaltungsfachhochschulen,"Mathematik, Naturwissenschaften",
2019-01-01T00:00:00.000Z,Thüringen,Kunsthochschulen,"Mathematik, Naturwissenschaften",
2019-01-01T00:00:00.000Z,Nordrhein-Westfalen,Theologische Hochschulen,Ingenieurwissenschaften,
2020-01-01T00:00:00.000Z,Nordrhein-Westfalen,Verwaltungsfachhochschulen,"Mathematik, Naturwissenschaften",
2020-01-01T00:00:00.000Z,Sachsen,Kunsthochschulen,"Mathematik, Naturwissenschaften",
2020-01-01T00:00:00.000Z,Brandenburg,Verwaltungsfachhochschulen,"Kunst, Kunstwissenschaft",
2020-01-01T00:00:00.000Z,Niedersachsen,Theologische Hochschulen,Ingenieurwissenschaften,
2022-01-01T00:00:00.000Z,Mecklenburg-Vorpommern,Medizinische Einrichtungen der Universitäten,Humanmedizin/Gesundheitswissenschaften,4.667E7
2022-01-01T00:00:00.000Z,Hessen,Medizinische Einrichtungen der Universitäten,Zentr.Einrichtungen (o. klinikspez. Einrichtungen),
2022-01-01T00:00:00.000Z,Mecklenburg-Vorpommern,Fachhochschulen,Zentr.Einrichtungen (o. klinikspez. Einrichtungen),4430000.0
2021-01-01T00:00:00.000Z,Thüringen,Fachhochschulen,Geisteswissenschaften,
2022-01-01T00:00:00.000Z,Niedersachsen,Medizinische Einrichtungen der Universitäten,"Kunst, Kunstwissenschaft",
2021-01-01T00:00:00.000Z,Thüringen,Kunsthochschulen,Sport,
2020-01-01T00:00:00.000Z,Bayern,Pädagogische Hochschulen,"Mathematik, Naturwissenschaften",
2019-01-01T00:00:00.000Z,Sachsen,Universitäten (ohne Medizinische Einrichtungen),Ingenieurwissenschaften,2.45248E8
2019-01-01T00:00:00.000Z,Nordrhein-Westfalen,Medizinische Einrichtungen der Universitäten,Sport,
2020-01-01T00:00:00.000Z,Rheinland-Pfalz,Verwaltungsfachhochschulen,"Mathematik, Naturwissenschaften",
2021-01-01T00:00:00.000Z,Hessen,Theologische Hochschulen,Humanmedizin/Gesundheitswissenschaften,
2022-01-01T00:00:00.000Z,Sachsen-Anhalt,Verwaltungsfachhochschulen,"Agrar-, Forst- u.Ernährungswiss., Veterinärmedizin",
2021-01-01T00:00:00.000Z,Saarland,Medizinische Einrichtungen der Universitäten,Geisteswissenschaften,
2020-01-01T00:00:00.000Z,Nordrhein-Westfalen,Kunsthochschulen,Zentr.Einrichtungen (o. klinikspez. Einrichtungen),1833000.0
2020-01-01T00:00:00.000Z,Berlin,Fachhochschulen,Sport,0.0
2021-01-01T00:00:00.000Z,Thüringen,Theologische Hochschulen,"Rechts-, Wirtschafts- und Sozialwissenschaften",
2020-01-01T00:00:00.000Z,Nordrhein-Westfalen,Universitäten (ohne Medizinische Einrichtungen),"Agrar-, Forst- u.Ernährungswiss., Veterinärmedizin",1.4275E7
2021-01-01T00:00:00.000Z,Sachsen,Fachhochschulen,"Kunst, Kunstwissenschaft",302000.0
2021-01-01T00:00:00.000Z,Berlin,Verwaltungsfachhochschulen,Sport,
2020-01-01T00:00:00.000Z,Berlin,Theologische Hochschulen,"Kunst, Kunstwissenschaft",
2022-01-01T00:00:00.000Z,Thüringen,Medizinische Einrichtungen der Universitäten,"Mathematik, Naturwissenschaften",
2019-01-01T00:00:00.000Z,Mecklenburg-Vorpommern,Kunsthochschulen,Sport,
2020-01-01T00:00:00.000Z,Nordrhein-Westfalen,Theologische Hochschulen,Geisteswissenschaften,853000.0
2022-01-01T00:00:00.000Z,Nordrhein-Westfalen,Fachhochschulen,"Mathematik, Naturwissenschaften",8489000.0
2019-01-01T00:00:00.000Z,Saarland,Theologische Hochschulen,"Rechts-, Wirtschafts- und Sozialwissenschaften",
2022-01-01T00:00:00.000Z,Hamburg,Medizinische Einrichtungen der Universitäten,"Agrar-, Forst- u.Ernährungswiss., Veterinärmedizin",
2020-01-01T00:00:00.000Z,Sachsen-Anhalt,Universitäten (ohne Medizinische Einrichtungen),Geisteswissenschaften,2681000.0
2020-01-01T00:00:00.000Z,Schleswig-Holstein,Theologische Hochschulen,"Agrar-, Forst- u.Ernährungswiss., Veterinärmedizin",
2022-01-01T00:00:00.000Z,Nordrhein-Westfalen,Universitäten (ohne Medizinische Einrichtungen),Zentr.Einrichtungen (o. klinikspez. Einrichtungen),2.1218E8
2022-01-01T00:00:00.000Z,Rheinland-Pfalz,Theologische Hochschulen,"Kunst, Kunstwissenschaft",
2021-01-01T00:00:00.000Z,Saarland,Theologische Hochschulen,Zentr.Einrichtungen (o. klinikspez. Einrichtungen),
2020-01-01T00:00:00.000Z,Mecklenburg-Vorpommern,Kunsthochschulen,Sport,
2020-01-01T00:00:00.000Z,Mecklenburg-Vorpommern,Fachhochschulen,Humanmedizin/Gesundheitswissenschaften,260000.0
2019-01-01T00:00:00.000Z,Niedersachsen,Pädagogische Hochschulen,Zentr.Einrichtungen (o. klinikspez. Einrichtungen),
2020-01-01T00:00:00.000Z,Rheinland-Pfalz,Theologische Hochschulen,Humanmedizin/Gesundheitswissenschaften,527000.0
2019-01-01T00:00:00.000Z,Nordrhein-Westfalen,Verwaltungsfachhochschulen,Ingenieurwissenschaften,0.0
2019-01-01T00:00:00.000Z,Mecklenburg-Vorpommern,Verwaltungsfachhochschulen,"Kunst, Kunstwissenschaft",
2022-01-01T00:00:00.000Z,Schleswig-Holstein,Universitäten (ohne Medizinische Einrichtungen),Zentr.Einrichtungen (o. klinikspez. Einrichtungen),3.6105E7
2022-01-01T00:00:00.000Z,Niedersachsen,Theologische Hochschulen,"Kunst, Kunstwissenschaft",
2019-01-01T00:00:00.000Z,Berlin,Fachhochschulen,Sport,0.0
2021-01-01T00:00:00.000Z,Sachsen-Anhalt,Fachhochschulen,"Rechts-, Wirtschafts- und Sozialwissenschaften",2955000.0
2020-01-01T00:00:00.000Z,Mecklenburg-Vorpommern,Universitäten (ohne Medizinische Einrichtungen),Zentr.Einrichtungen (o. klinikspez. Einrichtungen),3776000.0
2021-01-01T00:00:00.000Z,Bremen,Fachhochschulen,"Agrar-, Forst- u.Ernährungswiss., Veterinärmedizin",624000.0
2021-01-01T00:00:00.000Z,Mecklenburg-Vorpommern,Verwaltungsfachhochschulen,Ingenieurwissenschaften,
2020-01-01T00:00:00.000Z,Saarland,Theologische Hochschulen,Sport,
2022-01-01T00:00:00.000Z,Hessen,Theologische Hochschulen,"Mathematik, Naturwissenschaften",
2020-01-01T00:00:00.000Z,Baden-Württemberg,Kunsthochschulen,"Mathematik, Naturwissenschaften",
2020-01-01T00:00:00.000Z,Schleswig-Holstein,Pädagogische Hochschulen,Sport,
2021-01-01T00:00:00.000Z,Niedersachsen,Medizinische Einrichtungen der Universitäten,"Mathematik, Naturwissenschaften",
2021-01-01T00:00:00.000Z,Brandenburg,Pädagogische Hochschulen,"Mathematik, Naturwissenschaften",
2022-01-01T00:00:00.000Z,Bremen,Kunsthochschulen,"Kunst, Kunstwissenschaft",531000.0
2019-01-01T00:00:00.000Z,Bremen,Theologische Hochschulen,Zentr.Einrichtungen (o. klinikspez. Einrichtungen),
2020-01-01T00:00:00.000Z,Nordrhein-Westfalen,Theologische Hochschulen,"Agrar-, Forst- u.Ernährungswiss., Veterinärmedizin",
2020-01-01T00:00:00.000Z,Schleswig-Holstein,Medizinische Einrichtungen der Universitäten,Humanmedizin/Gesundheitswissenschaften,9.6934E7
2020-01-01T00:00:00.000Z,Nordrhein-Westfalen,Universitäten (ohne Medizinische Einrichtungen),Sport,1.5005E7
2019-01-01T00:00:00.000Z,Brandenburg,Verwaltungsfachhochschulen,"Agrar-, Forst- u.Ernährungswiss., Veterinärmedizin",
2021-01-01T00:00:00.000Z,Brandenburg,Universitäten (ohne Medizinische Einrichtungen),"Agrar-, Forst- u.Ernährungswiss., Veterinärmedizin",1216000.0
2019-01-01T00:00:00.000Z,Rheinland-Pfalz,Theologische Hochschulen,Sport,
2020-01-01T00:00:00.000Z,Hessen,Universitäten (ohne Medizinische Einrichtungen),"Kunst, Kunstwissenschaft",3238000.0
2020-01-01T00:00:00.000Z,Sachsen-Anhalt,Theologische Hochschulen,"Kunst, Kunstwissenschaft",0.0
2020-01-01T00:00:00.000Z,Sachsen,Verwaltungsfachhochschulen,Sport,
2019-01-01T00:00:00.000Z,Sachsen-Anhalt,Kunsthochschulen,Ingenieurwissenschaften,5000.0
2021-01-01T00:00:00.000Z,Saarland,Kunsthochschulen,Humanmedizin/Gesundheitswissenschaften,
2022-01-01T00:00:00.000Z,Berlin,Medizinische Einrichtungen der Universitäten,"Kunst, Kunstwissenschaft",
2022-01-01T00:00:00.000Z,Sachsen,Verwaltungsfachhochschulen,"Mathematik, Naturwissenschaften",
2021-01-01T00:00:00.000Z,Brandenburg,Universitäten (ohne Medizinische Einrichtungen),Geisteswissenschaften,8818000.0
2022-01-01T00:00:00.000Z,Bayern,Pädagogische Hochschulen,"Agrar-, Forst- u.Ernährungswiss., Veterinärmedizin",
2020-01-01T00:00:00.000Z,Sachsen-Anhalt,Verwaltungsfachhochschulen,Geisteswissenschaften,
2022-01-01T00:00:00.000Z,Rheinland-Pfalz,Verwaltungsfachhochschulen,"Agrar-, Forst- u.Ernährungswiss., Veterinärmedizin",
2020-01-01T00:00:00.000Z,Sachsen-Anhalt,Pädagogische Hochschulen,Geisteswissenschaften,
2020-01-01T00:00:00.000Z,Thüringen,Universitäten (ohne Medizinische Einrichtungen),Humanmedizin/Gesundheitswissenschaften,
2022-01-01T00:00:00.000Z,Schleswig-Holstein,Medizinische Einrichtungen der Universitäten,Geisteswissenschaften,
2019-01-01T00:00:00.000Z,Rheinland-Pfalz,Verwaltungsfachhochschulen,Ingenieurwissenschaften,
2022-01-01T00:00:00.000Z,Baden-Württemberg,Verwaltungsfachhochschulen,"Kunst, Kunstwissenschaft",
2020-01-01T00:00:00.000Z,Bayern,Theologische Hochschulen,Geisteswissenschaften,3430000.0
2022-01-01T00:00:00.000Z,Sachsen,Medizinische Einrichtungen der Universitäten,Sport,
2019-01-01T00:00:00.000Z,Sachsen,Pädagogische Hochschulen,"Agrar-, Forst- u.Ernährungswiss., Veterinärmedizin",
2019-01-01T00:00:00.000Z,Schleswig-Holstein,Pädagogische Hochschulen,Zentr.Einrichtungen (o. klinikspez. Einrichtungen),
2022-01-01T00:00:00.000Z,Niedersachsen,Fachhochschulen,"Rechts-, Wirtschafts- und Sozialwissenschaften",8708000.0
2019-01-01T00:00:00.000Z,Bayern,Kunsthochschulen,Ingenieurwissenschaften,0.0
2020-01-01T00:00:00.000Z,Hessen,Fachhochschulen,Zentr.Einrichtungen (o. klinikspez. Einrichtungen),1.8795E7
2021-01-01T00:00:00.000Z,Hamburg,Universitäten (ohne Medizinische Einrichtungen),Sport,189000.0
2022-01-01T00:00:00.000Z,Berlin,Medizinische Einrichtungen der Universitäten,Ingenieurwissenschaften,
2020-01-01T00:00:00.000Z,Baden-Württemberg,Kunsthochschulen,Geisteswissenschaften,
2019-01-01T00:00:00.000Z,Hamburg,Pädagogische Hochschulen,Ingenieurwissenschaften,
2022-01-01T00:00:00.000Z,Thüringen,Kunsthochschulen,"Mathematik, Naturwissenschaften",
2020-01-01T00:00:00.000Z,Sachsen,Theologische Hochschulen,Sport,
2021-01-01T00:00:00.000Z,Bayern,Kunsthochschulen,"Kunst, Kunstwissenschaft",4707000.0
2021-01-01T00:00:00.000Z,Thüringen,Kunsthochschulen,"Agrar-, Forst- u.Ernährungswiss., Veterinärmedizin",
2022-01-01T00:00:00.000Z,Sachsen,Fachhochschulen,"Agrar-, Forst- u.Ernährungswiss., Veterinärmedizin",787000.0
2020-01-01T00:00:00.000Z,Rheinland-Pfalz,Medizinische Einrichtungen der Universitäten,Geisteswissenschaften,
2021-01-01T00:00:00.000Z,Nordrhein-Westfalen,Kunsthochschulen,"Mathematik, Naturwissenschaften",
2020-01-01T00:00:00.000Z,Schleswig-Holstein,Verwaltungsfachhochschulen,Geisteswissenschaften,
2019-01-01T00:00:00.000Z,Hamburg,Theologische Hochschulen,Zentr.Einrichtungen (o. klinikspez. Einrichtungen),
2019-01-01T00:00:00.000Z,Thüringen,Pädagogische Hochschulen,Ingenieurwissenschaften,
2019-01-01T00:00:00.000Z,Berlin,Medizinische Einrichtungen der Universitäten,Sport,
2019-01-01T00:00:00.000Z,Nordrhein-Westfalen,Pädagogische Hochschulen,Humanmedizin/Gesundheitswissenschaften,
2021-01-01T00:00:00.000Z,Nordrhein-Westfalen,Medizinische Einrichtungen der Universitäten,"Mathematik, Naturwissenschaften",
2019-01-01T00:00:00.000Z,Rheinland-Pfalz,Fachhochschulen,Humanmedizin/Gesundheitswissenschaften,145000.0
2019-01-01T00:00:00.000Z,Sachsen-Anhalt,Fachhochschulen,Sport,
2020-01-01T00:00:00.000Z,Nordrhein-Westfalen,Pädagogische Hochschulen,Sport,
2020-01-01T00:00:00.000Z,Hessen,Fachhochschulen,Geisteswissenschaften,786000.0
2019-01-01T00:00:00.000Z,Saarland,Fachhochschulen,Humanmedizin/Gesundheitswissenschaften,1365000.0
2022-01-01T00:00:00.000Z,Nordrhein-Westfalen,Fachhochschulen,Humanmedizin/Gesundheitswissenschaften,5710000.0
2021-01-01T00:00:00.000Z,Baden-Württemberg,Pädagogische Hochschulen,Ingenieurwissenschaften,545000.0
2021-01-01T00:00:00.000Z,Sachsen-Anhalt,Theologische Hochschulen,"Agrar-, Forst- u.Ernährungswiss., Veterinärmedizin",
2019-01-01T00:00:00.000Z,Thüringen,Fachhochschulen,"Agrar-, Forst- u.Ernährungswiss., Veterinärmedizin",1538000.0
2022-01-01T00:00:00.000Z,Niedersachsen,Universitäten (ohne Medizinische Einrichtungen),"Rechts-, Wirtschafts- und Sozialwissenschaften",4.6593E7
2022-01-01T00:00:00.000Z,Schleswig-Holstein,Universitäten (ohne Medizinische Einrichtungen),Humanmedizin/Gesundheitswissenschaften,
2021-01-01T00:00:00.000Z,Hessen,Medizinische Einrichtungen der Universitäten,Humanmedizin/Gesundheitswissenschaften,1.16607E8
2022-01-01T00:00:00.000Z,Mecklenburg-Vorpommern,Universitäten (ohne Medizinische Einrichtungen),Sport,123000.0
2021-01-01T00:00:00.000Z,Bremen,Medizinische Einrichtungen der Universitäten,Geisteswissenschaften,
2020-01-01T00:00:00.000Z,Hessen,Medizinische Einrichtungen der Universitäten,Ingenieurwissenschaften,
2021-01-01T00:00:00.000Z,Hessen,Pädagogische Hochschulen,"Mathematik, Naturwissenschaften",
2022-01-01T00:00:00.000Z,Hamburg,Kunsthochschulen,"Mathematik, Naturwissenschaften",
2019-01-01T00:00:00.000Z,Hamburg,Medizinische Einrichtungen der Universitäten,"Rechts-, Wirtschafts- und Sozialwissenschaften",
2020-01-01T00:00:00.000Z,Berlin,Theologische Hochschulen,"Rechts-, Wirtschafts- und Sozialwissenschaften",
2022-01-01T00:00:00.000Z,Hessen,Medizinische Einrichtungen der Universitäten,"Rechts-, Wirtschafts- und Sozialwissenschaften",
2020-01-01T00:00:00.000Z,Hessen,Verwaltungsfachhochschulen,Humanmedizin/Gesundheitswissenschaften,
2020-01-01T00:00:00.000Z,Mecklenburg-Vorpommern,Pädagogische Hochschulen,"Kunst, Kunstwissenschaft",
2021-01-01T00:00:00.000Z,Nordrhein-Westfalen,Pädagogische Hochschulen,Zentr.Einrichtungen (o. klinikspez. Einrichtungen),
2022-01-01T00:00:00.000Z,Niedersachsen,Fachhochschulen,Geisteswissenschaften,343000.0
2019-01-01T00:00:00.000Z,Sachsen,Fachhochschulen,Humanmedizin/Gesundheitswissenschaften,282000.0
2019-01-01T00:00:00.000Z,Saarland,Universitäten (ohne Medizinische Einrichtungen),Zentr.Einrichtungen (o. klinikspez. Einrichtungen),8916000.0
2022-01-01T00:00:00.000Z,Nordrhein-Westfalen,Medizinische Einrichtungen der Universitäten,Sport,
2019-01-01T00:00:00.000Z,Sachsen,Theologische Hochschulen,Sport,
2022-01-01T00:00:00.000Z,Berlin,Pädagogische Hochschulen,"Kunst, Kunstwissenschaft",
2019-01-01T00:00:00.000Z,Bayern,Theologische Hochschulen,Geisteswissenschaften,3579000.0
2019-01-01T00:00:00.000Z,Sachsen-Anhalt,Fachhochschulen,"Kunst, Kunstwissenschaft",23000.0
2019-01-01T00:00:00.000Z,Schleswig-Holstein,Pädagogische Hochschulen,"Rechts-, Wirtschafts- und Sozialwissenschaften",
2022-01-01T00:00:00.000Z,Sachsen-Anhalt,Kunsthochschulen,"Kunst, Kunstwissenschaft",1038000.0
2020-01-01T00:00:00.000Z,Nordrhein-Westfalen,Theologische Hochschulen,"Rechts-, Wirtschafts- und Sozialwissenschaften",
2020-01-01T00:00:00.000Z,Sachsen,Verwaltungsfachhochschulen,"Rechts-, Wirtschafts- und Sozialwissenschaften",41000.0
2020-01-01T00:00:00.000Z,Niedersachsen,Pädagogische Hochschulen,"Agrar-, Forst- u.Ernährungswiss., Veterinärmedizin",
2022-01-01T00:00:00.000Z,Hamburg,Verwaltungsfachhochschulen,Zentr.Einrichtungen (o. klinikspez. Einrichtungen),
2022-01-01T00:00:00.000Z,Mecklenburg-Vorpommern,Verwaltungsfachhochschulen,Humanmedizin/Gesundheitswissenschaften,
2020-01-01T00:00:00.000Z,Mecklenburg-Vorpommern,Medizinische Einrichtungen der Universitäten,"Mathematik, Naturwissenschaften",
2022-01-01T00:00:00.000Z,Schleswig-Holstein,Pädagogische Hochschulen,Geisteswissenschaften,
2019-01-01T00:00:00.000Z,Saarland,Universitäten (ohne Medizinische Einrichtungen),Ingenieurwissenschaften,1.2423E7
2022-01-01T00:00:00.000Z,Niedersachsen,Universitäten (ohne Medizinische Einrichtungen),Geisteswissenschaften,2.6067E7
2019-01-01T00:00:00.000Z,Bayern,Verwaltungsfachhochschulen,Ingenieurwissenschaften,3300000.0
2022-01-01T00:00:00.000Z,Saarland,Kunsthochschulen,Zentr.Einrichtungen (o. klinikspez. Einrichtungen),131000.0
2021-01-01T00:00:00.000Z,Baden-Württemberg,Pädagogische Hochschulen,Sport,321000.0
2021-01-01T00:00:00.000Z,Niedersachsen,Universitäten (ohne Medizinische Einrichtungen),Geisteswissenschaften,2.5206E7
2019-01-01T00:00:00.000Z,Thüringen,Kunsthochschulen,Zentr.Einrichtungen (o. klinikspez. Einrichtungen),234000.0
2021-01-01T00:00:00.000Z,Thüringen,Medizinische Einrichtungen der Universitäten,"Agrar-, Forst- u.Ernährungswiss., Veterinärmedizin",
2021-01-01T00:00:00.000Z,Bayern,Pädagogische Hochschulen,"Kunst, Kunstwissenschaft",
2022-01-01T00:00:00.000Z,Mecklenburg-Vorpommern,Medizinische Einrichtungen der Universitäten,Ingenieurwissenschaften,
2022-01-01T00:00:00.000Z,Saarland,Pädagogische Hochschulen,Humanmedizin/Gesundheitswissenschaften,
2022-01-01T00:00:00.000Z,Baden-Württemberg,Theologische Hochschulen,Sport,
2022-01-01T00:00:00.000Z,Bayern,Kunsthochschulen,"Agrar-, Forst- u.Ernährungswiss., Veterinärmedizin",
2021-01-01T00:00:00.000Z,Rheinland-Pfalz,Kunsthochschulen,Ingenieurwissenschaften,
2021-01-01T00:00:00.000Z,Schleswig-Holstein,Universitäten (ohne Medizinische Einrichtungen),Ingenieurwissenschaften,1.8933E7
2020-01-01T00:00:00.000Z,Niedersachsen,Universitäten (ohne Medizinische Einrichtungen),Humanmedizin/Gesundheitswissenschaften,
2021-01-01T00:00:00.000Z,Sachsen-Anhalt,Medizinische Einrichtungen der Universitäten,Ingenieurwissenschaften,
2019-01-01T00:00:00.000Z,Brandenburg,Medizinische Einrichtungen der Universitäten,"Agrar-, Forst- u.Ernährungswiss., Veterinärmedizin",
2020-01-01T00:00:00.000Z,Hessen,Universitäten (ohne Medizinische Einrichtungen),Geisteswissenschaften,2.7308E7
2022-01-01T00:00:00.000Z,Saarland,Kunsthochschulen,Ingenieurwissenschaften,
2022-01-01T00:00:00.000Z,Nordrhein-Westfalen,Kunsthochschulen,"Agrar-, Forst- u.Ernährungswiss., Veterinärmedizin",
2021-01-01T00:00:00.000Z,Brandenburg,Fachhochschulen,"Rechts-, Wirtschafts- und Sozialwissenschaften",1.1328E7
2020-01-01T00:00:00.000Z,Bremen,Fachhochschulen,"Rechts-, Wirtschafts- und Sozialwissenschaften",557000.0
2020-01-01T00:00:00.000Z,Rheinland-Pfalz,Pädagogische Hochschulen,"Agrar-, Forst- u.Ernährungswiss., Veterinärmedizin",
2020-01-01T00:00:00.000Z,Thüringen,Theologische Hochschulen,"Agrar-, Forst- u.Ernährungswiss., Veterinärmedizin",
2021-01-01T00:00:00.000Z,Saarland,Universitäten (ohne Medizinische Einrichtungen),Humanmedizin/Gesundheitswissenschaften,
2022-01-01T00:00:00.000Z,Schleswig-Holstein,Pädagogische Hochschulen,"Agrar-, Forst- u.Ernährungswiss., Veterinärmedizin",
2020-01-01T00:00:00.000Z,Hamburg,Fachhochschulen,Geisteswissenschaften,892000.0
2020-01-01T00:00:00.000Z,Rheinland-Pfalz,Medizinische Einrichtungen der Universitäten,Humanmedizin/Gesundheitswissenschaften,6.5733E7
2020-01-01T00:00:00.000Z,Sachsen,Medizinische Einrichtungen der Universitäten,"Rechts-, Wirtschafts- und Sozialwissenschaften",
2019-01-01T00:00:00.000Z,Brandenburg,Theologische Hochschulen,"Mathematik, Naturwissenschaften",
2021-01-01T00:00:00.000Z,Brandenburg,Medizinische Einrichtungen der Universitäten,"Rechts-, Wirtschafts- und Sozialwissenschaften",
2022-01-01T00:00:00.000Z,Berlin,Pädagogische Hochschulen,Ingenieurwissenschaften,
2019-01-01T00:00:00.000Z,Bayern,Fachhochschulen,"Agrar-, Forst- u.Ernährungswiss., Veterinärmedizin",1468000.0
2020-01-01T00:00:00.000Z,Niedersachsen,Medizinische Einrichtungen der Universitäten,Sport,
2020-01-01T00:00:00.000Z,Berlin,Kunsthochschulen,Humanmedizin/Gesundheitswissenschaften,
2019-01-01T00:00:00.000Z,Baden-Württemberg,Verwaltungsfachhochschulen,Zentr.Einrichtungen (o. klinikspez. Einrichtungen),186000.0
2022-01-01T00:00:00.000Z,Hessen,Fachhochschulen,"Rechts-, Wirtschafts- und Sozialwissenschaften",1.8285E7
2019-01-01T00:00:00.000Z,Berlin,Fachhochschulen,"Mathematik, Naturwissenschaften",389000.0
2019-01-01T00:00:00.000Z,Saarland,Theologische Hochschulen,Humanmedizin/Gesundheitswissenschaften,
2019-01-01T00:00:00.000Z,Rheinland-Pfalz,Verwaltungsfachhochschulen,Sport,
2021-01-01T00:00:00.000Z,Mecklenburg-Vorpommern,Universitäten (ohne Medizinische Einrichtungen),"Kunst, Kunstwissenschaft",185000.0
2019-01-01T00:00:00.000Z,Baden-Württemberg,Universitäten (ohne Medizinische Einrichtungen),Geisteswissenschaften,7.6139E7
2020-01-01T00:00:00.000Z,Saarland,Universitäten (ohne Medizinische Einrichtungen),"Mathematik, Naturwissenschaften",1.0993E7
2022-01-01T00:00:00.000Z,Hamburg,Verwaltungsfachhochschulen,Sport,
2020-01-01T00:00:00.000Z,Niedersachsen,Pädagogische Hochschulen,Geisteswissenschaften,
2020-01-01T00:00:00.000Z,Hamburg,Medizinische Einrichtungen der Universitäten,Ingenieurwissenschaften,
2021-01-01T00:00:00.000Z,Baden-Württemberg,Medizinische Einrichtungen der Universitäten,Sport,
2022-01-01T00:00:00.000Z,Hamburg,Universitäten (ohne Medizinische Einrichtungen),"Mathematik, Naturwissenschaften",6.4252E7
2022-01-01T00:00:00.000Z,Schleswig-Holstein,Kunsthochschulen,"Agrar-, Forst- u.Ernährungswiss., Veterinärmedizin",
2021-01-01T00:00:00.000Z,Sachsen,Pädagogische Hochschulen,Ingenieurwissenschaften,
2022-01-01T00:00:00.000Z,Saarland,Universitäten (ohne Medizinische Einrichtungen),Ingenieurwissenschaften,1.5173E7
2022-01-01T00:00:00.000Z,Baden-Württemberg,Medizinische Einrichtungen der Universitäten,Sport,
2021-01-01T00:00:00.000Z,Berlin,Verwaltungsfachhochschulen,"Kunst, Kunstwissenschaft",
2019-01-01T00:00:00.000Z,Niedersachsen,Pädagogische Hochschulen,"Kunst, Kunstwissenschaft",
2021-01-01T00:00:00.000Z,Baden-Württemberg,Theologische Hochschulen,"Agrar-, Forst- u.Ernährungswiss., Veterinärmedizin",
2020-01-01T00:00:00.000Z,Hamburg,Kunsthochschulen,"Agrar-, Forst- u.Ernährungswiss., Veterinärmedizin",
2019-01-01T00:00:00.000Z,Berlin,Medizinische Einrichtungen der Universitäten,Zentr.Einrichtungen (o. klinikspez. Einrichtungen),
2022-01-01T00:00:00.000Z,Rheinland-Pfalz,Universitäten (ohne Medizinische Einrichtungen),Sport,1137000.0
2021-01-01T00:00:00.000Z,Bayern,Fachhochschulen,"Rechts-, Wirtschafts- und Sozialwissenschaften",1.5747E7
2019-01-01T00:00:00.000Z,Mecklenburg-Vorpommern,Verwaltungsfachhochschulen,Sport,
2022-01-01T00:00:00.000Z,Sachsen,Medizinische Einrichtungen der Universitäten,"Mathematik, Naturwissenschaften",
2020-01-01T00:00:00.000Z,Bayern,Medizinische Einrichtungen der Universitäten,"Agrar-, Forst- u.Ernährungswiss., Veterinärmedizin",
2022-01-01T00:00:00.000Z,Rheinland-Pfalz,Universitäten (ohne Medizinische Einrichtungen),Humanmedizin/Gesundheitswissenschaften,
2020-01-01T00:00:00.000Z,Hamburg,Theologische Hochschulen,"Rechts-, Wirtschafts- und Sozialwissenschaften",
2021-01-01T00:00:00.000Z,Sachsen,Medizinische Einrichtungen der Universitäten,Sport,
2022-01-01T00:00:00.000Z,Nordrhein-Westfalen,Universitäten (ohne Medizinische Einrichtungen),"Kunst, Kunstwissenschaft",6233000.0
2019-01-01T00:00:00.000Z,Mecklenburg-Vorpommern,Medizinische Einrichtungen der Universitäten,"Kunst, Kunstwissenschaft",
2021-01-01T00:00:00.000Z,Sachsen,Medizinische Einrichtungen der Universitäten,Humanmedizin/Gesundheitswissenschaften,1.17706E8
2020-01-01T00:00:00.000Z,Bayern,Universitäten (ohne Medizinische Einrichtungen),Geisteswissenschaften,5.2159E7
2021-01-01T00:00:00.000Z,Niedersachsen,Kunsthochschulen,Humanmedizin/Gesundheitswissenschaften,
2020-01-01T00:00:00.000Z,Brandenburg,Kunsthochschulen,"Kunst, Kunstwissenschaft",
2020-01-01T00:00:00.000Z,Sachsen-Anhalt,Fachhochschulen,"Rechts-, Wirtschafts- und Sozialwissenschaften",2779000.0
2022-01-01T00:00:00.000Z,Saarland,Verwaltungsfachhochschulen,"Mathematik, Naturwissenschaften",
2021-01-01T00:00:00.000Z,Saarland,Verwaltungsfachhochschulen,"Agrar-, Forst- u.Ernährungswiss., Veterinärmedizin",
2019-01-01T00:00:00.000Z,Rheinland-Pfalz,Universitäten (ohne Medizinische Einrichtungen),"Kunst, Kunstwissenschaft",1202000.0
2022-01-01T00:00:00.000Z,Sachsen-Anhalt,Pädagogische Hochschulen,"Kunst, Kunstwissenschaft",
2021-01-01T00:00:00.000Z,Sachsen,Theologische Hochschulen,"Kunst, Kunstwissenschaft",
2019-01-01T00:00:00.000Z,Bayern,Kunsthochschulen,Humanmedizin/Gesundheitswissenschaften,
2020-01-01T00:00:00.000Z,Schleswig-Holstein,Kunsthochschulen,"Rechts-, Wirtschafts- und Sozialwissenschaften",
2019-01-01T00:00:00.000Z,Nordrhein-Westfalen,Pädagogische Hochschulen,Zentr.Einrichtungen (o. klinikspez. Einrichtungen),
2022-01-01T00:00:00.000Z,Berlin,Medizinische Einrichtungen der Universitäten,Sport,
2020-01-01T00:00:00.000Z,Saarland,Verwaltungsfachhochschulen,"Rechts-, Wirtschafts- und Sozialwissenschaften",1177000.0
2021-01-01T00:00:00.000Z,Niedersachsen,Medizinische Einrichtungen der Universitäten,Zentr.Einrichtungen (o. klinikspez. Einrichtungen),
2022-01-01T00:00:00.000Z,Niedersachsen,Universitäten (ohne Medizinische Einrichtungen),"Agrar-, Forst- u.Ernährungswiss., Veterinärmedizin",4.2703E7
2021-01-01T00:00:00.000Z,Hamburg,Theologische Hochschulen,"Rechts-, Wirtschafts- und Sozialwissenschaften",
2019-01-01T00:00:00.000Z,Schleswig-Holstein,Medizinische Einrichtungen der Universitäten,Geisteswissenschaften,
2021-01-01T00:00:00.000Z,Mecklenburg-Vorpommern,Kunsthochschulen,Ingenieurwissenschaften,
2020-01-01T00:00:00.000Z,Nordrhein-Westfalen,Medizinische Einrichtungen der Universitäten,"Kunst, Kunstwissenschaft",
2019-01-01T00:00:00.000Z,Nordrhein-Westfalen,Fachhochschulen,"Agrar-, Forst- u.Ernährungswiss., Veterinärmedizin",6824000.0
2020-01-01T00:00:00.000Z,Schleswig-Holstein,Fachhochschulen,"Rechts-, Wirtschafts- und Sozialwissenschaften",2075000.0
2022-01-01T00:00:00.000Z,Brandenburg,Fachhochschulen,"Rechts-, Wirtschafts- und Sozialwissenschaften",1.0406E7
2022-01-01T00:00:00.000Z,Thüringen,Pädagogische Hochschulen,Geisteswissenschaften,
2019-01-01T00:00:00.000Z,Sachsen-Anhalt,Medizinische Einrichtungen der Universitäten,Geisteswissenschaften,
2022-01-01T00:00:00.000Z,Mecklenburg-Vorpommern,Theologische Hochschulen,"Rechts-, Wirtschafts- und Sozialwissenschaften",
2020-01-01T00:00:00.000Z,Hamburg,Kunsthochschulen,Ingenieurwissenschaften,
2020-01-01T00:00:00.000Z,Schleswig-Holstein,Verwaltungsfachhochschulen,Humanmedizin/Gesundheitswissenschaften,
2022-01-01T00:00:00.000Z,Sachsen,Pädagogische Hochschulen,Humanmedizin/Gesundheitswissenschaften,
2019-01-01T00:00:00.000Z,Thüringen,Medizinische Einrichtungen der Universitäten,Humanmedizin/Gesundheitswissenschaften,3.358E7
2019-01-01T00:00:00.000Z,Sachsen,Universitäten (ohne Medizinische Einrichtungen),Geisteswissenschaften,1.4945E7
2019-01-01T00:00:00.000Z,Hessen,Universitäten (ohne Medizinische Einrichtungen),"Agrar-, Forst- u.Ernährungswiss., Veterinärmedizin",1.6032E7
2022-01-01T00:00:00.000Z,Nordrhein-Westfalen,Pädagogische Hochschulen,"Agrar-, Forst- u.Ernährungswiss., Veterinärmedizin",
2020-01-01T00:00:00.000Z,Brandenburg,Universitäten (ohne Medizinische Einrichtungen),Geisteswissenschaften,6222000.0
2021-01-01T00:00:00.000Z,Bayern,Verwaltungsfachhochschulen,Ingenieurwissenschaften,1115000.0
2022-01-01T00:00:00.000Z,Baden-Württemberg,Medizinische Einrichtungen der Universitäten,"Agrar-, Forst- u.Ernährungswiss., Veterinärmedizin",
2021-01-01T00:00:00.000Z,Saarland,Verwaltungsfachhochschulen,Zentr.Einrichtungen (o. klinikspez. Einrichtungen),1692000.0
2019-01-01T00:00:00.000Z,Schleswig-Holstein,Medizinische Einrichtungen der Universitäten,"Mathematik, Naturwissenschaften",
2019-01-01T00:00:00.000Z,Thüringen,Pädagogische Hochschulen,Humanmedizin/Gesundheitswissenschaften,
2020-01-01T00:00:00.000Z,Thüringen,Kunsthochschulen,Ingenieurwissenschaften,
2021-01-01T00:00:00.000Z,Schleswig-Holstein,Medizinische Einrichtungen der Universitäten,"Mathematik, Naturwissenschaften",
2021-01-01T00:00:00.000Z,Hessen,Theologische Hochschulen,Zentr.Einrichtungen (o. klinikspez. Einrichtungen),0.0
2019-01-01T00:00:00.000Z,Hessen,Theologische Hochschulen,Zentr.Einrichtungen (o. klinikspez. Einrichtungen),0.0
2020-01-01T00:00:00.000Z,Niedersachsen,Pädagogische Hochschulen,Ingenieurwissenschaften,
2020-01-01T00:00:00.000Z,Schleswig-Holstein,Theologische Hochschulen,"Mathematik, Naturwissenschaften",
2021-01-01T00:00:00.000Z,Baden-Württemberg,Pädagogische Hochschulen,Humanmedizin/Gesundheitswissenschaften,1380000.0
2022-01-01T00:00:00.000Z,Berlin,Kunsthochschulen,"Kunst, Kunstwissenschaft",8786000.0
2019-01-01T00:00:00.000Z,Hamburg,Kunsthochschulen,Sport,
2022-01-01T00:00:00.000Z,Bayern,Medizinische Einrichtungen der Universitäten,"Kunst, Kunstwissenschaft",
2021-01-01T00:00:00.000Z,Nordrhein-Westfalen,Verwaltungsfachhochschulen,Sport,
2020-01-01T00:00:00.000Z,Baden-Württemberg,Universitäten (ohne Medizinische Einrichtungen),Humanmedizin/Gesundheitswissenschaften,
2021-01-01T00:00:00.000Z,Hessen,Universitäten (ohne Medizinische Einrichtungen),Geisteswissenschaften,3.025E7
2020-01-01T00:00:00.000Z,Hessen,Universitäten (ohne Medizinische Einrichtungen),Zentr.Einrichtungen (o. klinikspez. Einrichtungen),5.7206E7
2021-01-01T00:00:00.000Z,Sachsen-Anhalt,Pädagogische Hochschulen,Sport,
2022-01-01T00:00:00.000Z,Sachsen,Pädagogische Hochschulen,Sport,
2019-01-01T00:00:00.000Z,Brandenburg,Pädagogische Hochschulen,Humanmedizin/Gesundheitswissenschaften,
2019-01-01T00:00:00.000Z,Berlin,Universitäten (ohne Medizinische Einrichtungen),Humanmedizin/Gesundheitswissenschaften,
2022-01-01T00:00:00.000Z,Saarland,Fachhochschulen,"Agrar-, Forst- u.Ernährungswiss., Veterinärmedizin",
2019-01-01T00:00:00.000Z,Mecklenburg-Vorpommern,Theologische Hochschulen,Geisteswissenschaften,
2019-01-01T00:00:00.000Z,Bremen,Theologische Hochschulen,"Rechts-, Wirtschafts- und Sozialwissenschaften",
2022-01-01T00:00:00.000Z,Schleswig-Holstein,Medizinische Einrichtungen der Universitäten,"Mathematik, Naturwissenschaften",
2019-01-01T00:00:00.000Z,Saarland,Medizinische Einrichtungen der Universitäten,Humanmedizin/Gesundheitswissenschaften,2.3163E7
2019-01-01T00:00:00.000Z,Sachsen-Anhalt,Medizinische Einrichtungen der Universitäten,Ingenieurwissenschaften,
2022-01-01T00:00:00.000Z,Bayern,Fachhochschulen,Humanmedizin/Gesundheitswissenschaften,4784000.0
2021-01-01T00:00:00.000Z,Sachsen,Verwaltungsfachhochschulen,Humanmedizin/Gesundheitswissenschaften,
2022-01-01T00:00:00.000Z,Sachsen,Kunsthochschulen,Zentr.Einrichtungen (o. klinikspez. Einrichtungen),674000.0
2019-01-01T00:00:00.000Z,Schleswig-Holstein,Theologische Hochschulen,Geisteswissenschaften,
2020-01-01T00:00:00.000Z,Berlin,Verwaltungsfachhochschulen,Sport,
2021-01-01T00:00:00.000Z,Berlin,Fachhochschulen,"Mathematik, Naturwissenschaften",391000.0
2022-01-01T00:00:00.000Z,Bremen,Universitäten (ohne Medizinische Einrichtungen),"Kunst, Kunstwissenschaft",1137000.0
2021-01-01T00:00:00.000Z,Bremen,Kunsthochschulen,Sport,
2021-01-01T00:00:00.000Z,Berlin,Fachhochschulen,"Agrar-, Forst- u.Ernährungswiss., Veterinärmedizin",141000.0
2019-01-01T00:00:00.000Z,Mecklenburg-Vorpommern,Pädagogische Hochschulen,"Kunst, Kunstwissenschaft",
2019-01-01T00:00:00.000Z,Rheinland-Pfalz,Kunsthochschulen,"Agrar-, Forst- u.Ernährungswiss., Veterinärmedizin",
2019-01-01T00:00:00.000Z,Baden-Württemberg,Kunsthochschulen,"Rechts-, Wirtschafts- und Sozialwissenschaften",
2020-01-01T00:00:00.000Z,Bayern,Fachhochschulen,"Agrar-, Forst- u.Ernährungswiss., Veterinärmedizin",2258000.0
2022-01-01T00:00:00.000Z,Sachsen,Theologische Hochschulen,Ingenieurwissenschaften,
2019-01-01T00:00:00.000Z,Bremen,Fachhochschulen,Ingenieurwissenschaften,2713000.0
2019-01-01T00:00:00.000Z,Thüringen,Universitäten (ohne Medizinische Einrichtungen),Sport,430000.0
2022-01-01T00:00:00.000Z,Niedersachsen,Kunsthochschulen,"Rechts-, Wirtschafts- und Sozialwissenschaften",818000.0
2019-01-01T00:00:00.000Z,Sachsen-Anhalt,Pädagogische Hochschulen,Geisteswissenschaften,
2022-01-01T00:00:00.000Z,Mecklenburg-Vorpommern,Fachhochschulen,"Kunst, Kunstwissenschaft",97000.0
2021-01-01T00:00:00.000Z,Mecklenburg-Vorpommern,Universitäten (ohne Medizinische Einrichtungen),"Rechts-, Wirtschafts- und Sozialwissenschaften",5245000.0
2019-01-01T00:00:00.000Z,Schleswig-Holstein,Fachhochschulen,"Kunst, Kunstwissenschaft",
2022-01-01T00:00:00.000Z,Rheinland-Pfalz,Fachhochschulen,"Agrar-, Forst- u.Ernährungswiss., Veterinärmedizin",349000.0
2019-01-01T00:00:00.000Z,Hamburg,Universitäten (ohne Medizinische Einrichtungen),"Kunst, Kunstwissenschaft",1825000.0
2021-01-01T00:00:00.000Z,Hamburg,Fachhochschulen,Zentr.Einrichtungen (o. klinikspez. Einrichtungen),7408000.0
2020-01-01T00:00:00.000Z,Niedersachsen,Verwaltungsfachhochschulen,"Agrar-, Forst- u.Ernährungswiss., Veterinärmedizin",
2020-01-01T00:00:00.000Z,Bremen,Verwaltungsfachhochschulen,"Kunst, Kunstwissenschaft",
2019-01-01T00:00:00.000Z,Rheinland-Pfalz,Pädagogische Hochschulen,"Agrar-, Forst- u.Ernährungswiss., Veterinärmedizin",
2019-01-01T00:00:00.000Z,Berlin,Fachhochschulen,Zentr.Einrichtungen (o. klinikspez. Einrichtungen),3595000.0
2022-01-01T00:00:00.000Z,Hamburg,Medizinische Einrichtungen der Universitäten,"Rechts-, Wirtschafts- und Sozialwissenschaften",
2021-01-01T00:00:00.000Z,Bremen,Theologische Hochschulen,"Agrar-, Forst- u.Ernährungswiss., Veterinärmedizin",
2021-01-01T00:00:00.000Z,Nordrhein-Westfalen,Fachhochschulen,"Mathematik, Naturwissenschaften",9968000.0
2020-01-01T00:00:00.000Z,Hamburg,Universitäten (ohne Medizinische Einrichtungen),Zentr.Einrichtungen (o. klinikspez. Einrichtungen),4.5012E7
2021-01-01T00:00:00.000Z,Bremen,Theologische Hochschulen,"Kunst, Kunstwissenschaft",
2022-01-01T00:00:00.000Z,Bremen,Universitäten (ohne Medizinische Einrichtungen),"Agrar-, Forst- u.Ernährungswiss., Veterinärmedizin",
2019-01-01T00:00:00.000Z,Saarland,Kunsthochschulen,"Agrar-, Forst- u.Ernährungswiss., Veterinärmedizin",
2020-01-01T00:00:00.000Z,Baden-Württemberg,Fachhochschulen,"Mathematik, Naturwissenschaften",5768000.0
2022-01-01T00:00:00.000Z,Mecklenburg-Vorpommern,Fachhochschulen,Ingenieurwissenschaften,6067000.0
2020-01-01T00:00:00.000Z,Bremen,Medizinische Einrichtungen der Universitäten,"Kunst, Kunstwissenschaft",
2021-01-01T00:00:00.000Z,Sachsen-Anhalt,Theologische Hochschulen,Geisteswissenschaften,25000.0
2021-01-01T00:00:00.000Z,Brandenburg,Theologische Hochschulen,"Mathematik, Naturwissenschaften",
2021-01-01T00:00:00.000Z,Sachsen,Verwaltungsfachhochschulen,Zentr.Einrichtungen (o. klinikspez. Einrichtungen),122000.0
2021-01-01T00:00:00.000Z,Thüringen,Fachhochschulen,Ingenieurwissenschaften,1.2694E7
2021-01-01T00:00:00.000Z,Schleswig-Holstein,Kunsthochschulen,Zentr.Einrichtungen (o. klinikspez. Einrichtungen),692000.0
2021-01-01T00:00:00.000Z,Baden-Württemberg,Theologische Hochschulen,Geisteswissenschaften,
2021-01-01T00:00:00.000Z,Baden-Württemberg,Theologische Hochschulen,Zentr.Einrichtungen (o. klinikspez. Einrichtungen),
2019-01-01T00:00:00.000Z,Saarland,Kunsthochschulen,Zentr.Einrichtungen (o. klinikspez. Einrichtungen),179000.0
2020-01-01T00:00:00.000Z,Brandenburg,Theologische Hochschulen,Ingenieurwissenschaften,
2021-01-01T00:00:00.000Z,Mecklenburg-Vorpommern,Theologische Hochschulen,Humanmedizin/Gesundheitswissenschaften,
2022-01-01T00:00:00.000Z,Schleswig-Holstein,Fachhochschulen,Sport,
2022-01-01T00:00:00.000Z,Niedersachsen,Fachhochschulen,"Agrar-, Forst- u.Ernährungswiss., Veterinärmedizin",6616000.0
2022-01-01T00:00:00.000Z,Sachsen-Anhalt,Kunsthochschulen,Sport,
2022-01-01T00:00:00.000Z,Bayern,Pädagogische Hochschulen,Geisteswissenschaften,
2020-01-01T00:00:00.000Z,Hamburg,Pädagogische Hochschulen,"Rechts-, Wirtschafts- und Sozialwissenschaften",
2022-01-01T00:00:00.000Z,Sachsen-Anhalt,Fachhochschulen,Zentr.Einrichtungen (o. klinikspez. Einrichtungen),1.8184E7
2019-01-01T00:00:00.000Z,Bremen,Medizinische Einrichtungen der Universitäten,Zentr.Einrichtungen (o. klinikspez. Einrichtungen),
2020-01-01T00:00:00.000Z,Sachsen,Universitäten (ohne Medizinische Einrichtungen),"Mathematik, Naturwissenschaften",9.8079E7
2019-01-01T00:00:00.000Z,Niedersachsen,Pädagogische Hochschulen,"Agrar-, Forst- u.Ernährungswiss., Veterinärmedizin",
2022-01-01T00:00:00.000Z,Thüringen,Universitäten (ohne Medizinische Einrichtungen),Ingenieurwissenschaften,4.6859E7
2020-01-01T00:00:00.000Z,Niedersachsen,Medizinische Einrichtungen der Universitäten,"Agrar-, Forst- u.Ernährungswiss., Veterinärmedizin",
2020-01-01T00:00:00.000Z,Hamburg,Universitäten (ohne Medizinische Einrichtungen),"Rechts-, Wirtschafts- und Sozialwissenschaften",2.1347E7
2019-01-01T00:00:00.000Z,Niedersachsen,Pädagogische Hochschulen,Geisteswissenschaften,
2021-01-01T00:00:00.000Z,Hamburg,Fachhochschulen,Sport,
2019-01-01T00:00:00.000Z,Bayern,Pädagogische Hochschulen,Humanmedizin/Gesundheitswissenschaften,
2022-01-01T00:00:00.000Z,Brandenburg,Fachhochschulen,Humanmedizin/Gesundheitswissenschaften,
2022-01-01T00:00:00.000Z,Rheinland-Pfalz,Theologische Hochschulen,Geisteswissenschaften,656000.0
2022-01-01T00:00:00.000Z,Thüringen,Kunsthochschulen,Zentr.Einrichtungen (o. klinikspez. Einrichtungen),200000.0
2019-01-01T00:00:00.000Z,Mecklenburg-Vorpommern,Medizinische Einrichtungen der Universitäten,Ingenieurwissenschaften,
2021-01-01T00:00:00.000Z,Sachsen-Anhalt,Universitäten (ohne Medizinische Einrichtungen),Humanmedizin/Gesundheitswissenschaften,
2022-01-01T00:00:00.000Z,Rheinland-Pfalz,Theologische Hochschulen,"Rechts-, Wirtschafts- und Sozialwissenschaften",0.0
2019-01-01T00:00:00.000Z,Schleswig-Holstein,Pädagogische Hochschulen,Sport,
2019-01-01T00:00:00.000Z,Bremen,Kunsthochschulen,Geisteswissenschaften,
2019-01-01T00:00:00.000Z,Berlin,Verwaltungsfachhochschulen,Zentr.Einrichtungen (o. klinikspez. Einrichtungen),
2021-01-01T00:00:00.000Z,Berlin,Medizinische Einrichtungen der Universitäten,"Agrar-, Forst- u.Ernährungswiss., Veterinärmedizin",
2019-01-01T00:00:00.000Z,Niedersachsen,Verwaltungsfachhochschulen,Geisteswissenschaften,
2022-01-01T00:00:00.000Z,Hessen,Verwaltungsfachhochschulen,Zentr.Einrichtungen (o. klinikspez. Einrichtungen),
2020-01-01T00:00:00.000Z,Bayern,Theologische Hochschulen,"Agrar-, Forst- u.Ernährungswiss., Veterinärmedizin",
2019-01-01T00:00:00.000Z,Schleswig-Holstein,Theologische Hochschulen,"Kunst, Kunstwissenschaft",
2021-01-01T00:00:00.000Z,Hessen,Kunsthochschulen,"Rechts-, Wirtschafts- und Sozialwissenschaften",
2020-01-01T00:00:00.000Z,Rheinland-Pfalz,Verwaltungsfachhochschulen,Humanmedizin/Gesundheitswissenschaften,
2021-01-01T00:00:00.000Z,Sachsen-Anhalt,Verwaltungsfachhochschulen,Geisteswissenschaften,
2020-01-01T00:00:00.000Z,Sachsen-Anhalt,Medizinische Einrichtungen der Universitäten,"Mathematik, Naturwissenschaften",
2019-01-01T00:00:00.000Z,Sachsen-Anhalt,Pädagogische Hochschulen,"Rechts-, Wirtschafts- und Sozialwissenschaften",
2021-01-01T00:00:00.000Z,Brandenburg,Medizinische Einrichtungen der Universitäten,"Kunst, Kunstwissenschaft",
2020-01-01T00:00:00.000Z,Hessen,Fachhochschulen,Humanmedizin/Gesundheitswissenschaften,1712000.0
2019-01-01T00:00:00.000Z,Hamburg,Fachhochschulen,Geisteswissenschaften,1107000.0
2019-01-01T00:00:00.000Z,Saarland,Verwaltungsfachhochschulen,Humanmedizin/Gesundheitswissenschaften,
2021-01-01T00:00:00.000Z,Saarland,Kunsthochschulen,Geisteswissenschaften,
2019-01-01T00:00:00.000Z,Berlin,Theologische Hochschulen,Ingenieurwissenschaften,
2022-01-01T00:00:00.000Z,Brandenburg,Verwaltungsfachhochschulen,Humanmedizin/Gesundheitswissenschaften,
2021-01-01T00:00:00.000Z,Rheinland-Pfalz,Medizinische Einrichtungen der Universitäten,Zentr.Einrichtungen (o. klinikspez. Einrichtungen),
2021-01-01T00:00:00.000Z,Bremen,Fachhochschulen,Zentr.Einrichtungen (o. klinikspez. Einrichtungen),2.3996E7
2021-01-01T00:00:00.000Z,Sachsen-Anhalt,Universitäten (ohne Medizinische Einrichtungen),"Rechts-, Wirtschafts- und Sozialwissenschaften",7625000.0
2022-01-01T00:00:00.000Z,Bayern,Universitäten (ohne Medizinische Einrichtungen),"Agrar-, Forst- u.Ernährungswiss., Veterinärmedizin",4.4867E7
2020-01-01T00:00:00.000Z,Bayern,Theologische Hochschulen,"Mathematik, Naturwissenschaften",
2019-01-01T00:00:00.000Z,Bayern,Medizinische Einrichtungen der Universitäten,Geisteswissenschaften,
2021-01-01T00:00:00.000Z,Thüringen,Pädagogische Hochschulen,"Kunst, Kunstwissenschaft",
2020-01-01T00:00:00.000Z,Hamburg,Universitäten (ohne Medizinische Einrichtungen),Humanmedizin/Gesundheitswissenschaften,
2021-01-01T00:00:00.000Z,Schleswig-Holstein,Theologische Hochschulen,Sport,
2019-01-01T00:00:00.000Z,Mecklenburg-Vorpommern,Fachhochschulen,Zentr.Einrichtungen (o. klinikspez. Einrichtungen),1131000.0
2021-01-01T00:00:00.000Z,Bayern,Verwaltungsfachhochschulen,Geisteswissenschaften,
2020-01-01T00:00:00.000Z,Hessen,Theologische Hochschulen,Ingenieurwissenschaften,
2019-01-01T00:00:00.000Z,Saarland,Fachhochschulen,Ingenieurwissenschaften,6029000.0
2019-01-01T00:00:00.000Z,Sachsen-Anhalt,Verwaltungsfachhochschulen,Humanmedizin/Gesundheitswissenschaften,
2020-01-01T00:00:00.000Z,Nordrhein-Westfalen,Fachhochschulen,Ingenieurwissenschaften,8.5374E7
2022-01-01T00:00:00.000Z,Thüringen,Fachhochschulen,"Mathematik, Naturwissenschaften",1000.0
2020-01-01T00:00:00.000Z,Brandenburg,Medizinische Einrichtungen der Universitäten,"Rechts-, Wirtschafts- und Sozialwissenschaften",
2021-01-01T00:00:00.000Z,Niedersachsen,Kunsthochschulen,Zentr.Einrichtungen (o. klinikspez. Einrichtungen),146000.0
2022-01-01T00:00:00.000Z,Brandenburg,Universitäten (ohne Medizinische Einrichtungen),Zentr.Einrichtungen (o. klinikspez. Einrichtungen),3.5643E7
2022-01-01T00:00:00.000Z,Brandenburg,Theologische Hochschulen,Humanmedizin/Gesundheitswissenschaften,
2022-01-01T00:00:00.000Z,Thüringen,Fachhochschulen,Sport,
2022-01-01T00:00:00.000Z,Brandenburg,Verwaltungsfachhochschulen,Geisteswissenschaften,
2021-01-01T00:00:00.000Z,Mecklenburg-Vorpommern,Medizinische Einrichtungen der Universitäten,Ingenieurwissenschaften,
2022-01-01T00:00:00.000Z,Saarland,Pädagogische Hochschulen,"Rechts-, Wirtschafts- und Sozialwissenschaften",
2019-01-01T00:00:00.000Z,Brandenburg,Kunsthochschulen,Zentr.Einrichtungen (o. klinikspez. Einrichtungen),
2022-01-01T00:00:00.000Z,Niedersachsen,Theologische Hochschulen,"Mathematik, Naturwissenschaften",
2021-01-01T00:00:00.000Z,Niedersachsen,Kunsthochschulen,Geisteswissenschaften,27000.0
2019-01-01T00:00:00.000Z,Sachsen,Theologische Hochschulen,Humanmedizin/Gesundheitswissenschaften,
2022-01-01T00:00:00.000Z,Bayern,Universitäten (ohne Medizinische Einrichtungen),Zentr.Einrichtungen (o. klinikspez. Einrichtungen),9.1405E7
2022-01-01T00:00:00.000Z,Brandenburg,Theologische Hochschulen,Sport,
2022-01-01T00:00:00.000Z,Sachsen-Anhalt,Fachhochschulen,Geisteswissenschaften,0.0
2019-01-01T00:00:00.000Z,Sachsen,Universitäten (ohne Medizinische Einrichtungen),Zentr.Einrichtungen (o. klinikspez. Einrichtungen),5.5408E7
2022-01-01T00:00:00.000Z,Hamburg,Fachhochschulen,"Mathematik, Naturwissenschaften",4000.0
2020-01-01T00:00:00.000Z,Brandenburg,Theologische Hochschulen,"Agrar-, Forst- u.Ernährungswiss., Veterinärmedizin",
2020-01-01T00:00:00.000Z,Bremen,Kunsthochschulen,Humanmedizin/Gesundheitswissenschaften,
2021-01-01T00:00:00.000Z,Hessen,Theologische Hochschulen,"Mathematik, Naturwissenschaften",
2022-01-01T00:00:00.000Z,Sachsen,Universitäten (ohne Medizinische Einrichtungen),Ingenieurwissenschaften,2.74825E8
2020-01-01T00:00:00.000Z,Brandenburg,Universitäten (ohne Medizinische Einrichtungen),"Mathematik, Naturwissenschaften",2.9818E7
2021-01-01T00:00:00.000Z,Baden-Württemberg,Fachhochschulen,"Agrar-, Forst- u.Ernährungswiss., Veterinärmedizin",2867000.0
2019-01-01T00:00:00.000Z,Sachsen,Kunsthochschulen,"Rechts-, Wirtschafts- und Sozialwissenschaften",
2022-01-01T00:00:00.000Z,Bayern,Theologische Hochschulen,Humanmedizin/Gesundheitswissenschaften,
2021-01-01T00:00:00.000Z,Bayern,Pädagogische Hochschulen,Zentr.Einrichtungen (o. klinikspez. Einrichtungen),
2022-01-01T00:00:00.000Z,Baden-Württemberg,Verwaltungsfachhochschulen,"Agrar-, Forst- u.Ernährungswiss., Veterinärmedizin",
2020-01-01T00:00:00.000Z,Baden-Württemberg,Pädagogische Hochschulen,Humanmedizin/Gesundheitswissenschaften,1158000.0
2019-01-01T00:00:00.000Z,Baden-Württemberg,Theologische Hochschulen,Zentr.Einrichtungen (o. klinikspez. Einrichtungen),
2019-01-01T00:00:00.000Z,Bremen,Verwaltungsfachhochschulen,"Rechts-, Wirtschafts- und Sozialwissenschaften",208000.0
2021-01-01T00:00:00.000Z,Hessen,Theologische Hochschulen,Sport,
2020-01-01T00:00:00.000Z,Sachsen-Anhalt,Verwaltungsfachhochschulen,Humanmedizin/Gesundheitswissenschaften,
2022-01-01T00:00:00.000Z,Hessen,Kunsthochschulen,Geisteswissenschaften,
2021-01-01T00:00:00.000Z,Hessen,Fachhochschulen,Zentr.Einrichtungen (o. klinikspez. Einrichtungen),1.7802E7
2022-01-01T00:00:00.000Z,Saarland,Medizinische Einrichtungen der Universitäten,"Kunst, Kunstwissenschaft",
2021-01-01T00:00:00.000Z,Brandenburg,Verwaltungsfachhochschulen,"Kunst, Kunstwissenschaft",
2021-01-01T00:00:00.000Z,Thüringen,Kunsthochschulen,"Kunst, Kunstwissenschaft",515000.0
2019-01-01T00:00:00.000Z,Baden-Württemberg,Verwaltungsfachhochschulen,"Mathematik, Naturwissenschaften",
2022-01-01T00:00:00.000Z,Sachsen,Kunsthochschulen,"Rechts-, Wirtschafts- und Sozialwissenschaften",
2019-01-01T00:00:00.000Z,Sachsen,Theologische Hochschulen,Ingenieurwissenschaften,
2020-01-01T00:00:00.000Z,Berlin,Kunsthochschulen,Zentr.Einrichtungen (o. klinikspez. Einrichtungen),59000.0
2019-01-01T00:00:00.000Z,Berlin,Kunsthochschulen,Geisteswissenschaften,1087000.0
2019-01-01T00:00:00.000Z,Sachsen,Pädagogische Hochschulen,"Mathematik, Naturwissenschaften",
2020-01-01T00:00:00.000Z,Rheinland-Pfalz,Pädagogische Hochschulen,"Rechts-, Wirtschafts- und Sozialwissenschaften",
2019-01-01T00:00:00.000Z,Baden-Württemberg,Theologische Hochschulen,Humanmedizin/Gesundheitswissenschaften,
2021-01-01T00:00:00.000Z,Mecklenburg-Vorpommern,Medizinische Einrichtungen der Universitäten,Humanmedizin/Gesundheitswissenschaften,4.921E7
2021-01-01T00:00:00.000Z,Sachsen-Anhalt,Kunsthochschulen,"Kunst, Kunstwissenschaft",731000.0
2022-01-01T00:00:00.000Z,Hessen,Universitäten (ohne Medizinische Einrichtungen),Humanmedizin/Gesundheitswissenschaften,
2019-01-01T00:00:00.000Z,Baden-Württemberg,Theologische Hochschulen,Ingenieurwissenschaften,
2021-01-01T00:00:00.000Z,Nordrhein-Westfalen,Theologische Hochschulen,Sport,
2022-01-01T00:00:00.000Z,Brandenburg,Medizinische Einrichtungen der Universitäten,"Mathematik, Naturwissenschaften",
2020-01-01T00:00:00.000Z,Bayern,Pädagogische Hochschulen,Humanmedizin/Gesundheitswissenschaften,
2021-01-01T00:00:00.000Z,Hamburg,Fachhochschulen,Ingenieurwissenschaften,6874000.0
2021-01-01T00:00:00.000Z,Sachsen,Verwaltungsfachhochschulen,"Mathematik, Naturwissenschaften",
2022-01-01T00:00:00.000Z,Baden-Württemberg,Kunsthochschulen,"Rechts-, Wirtschafts- und Sozialwissenschaften",
2021-01-01T00:00:00.000Z,Saarland,Pädagogische Hochschulen,Geisteswissenschaften,
2020-01-01T00:00:00.000Z,Mecklenburg-Vorpommern,Pädagogische Hochschulen,"Rechts-, Wirtschafts- und Sozialwissenschaften",
2021-01-01T00:00:00.000Z,Schleswig-Holstein,Fachhochschulen,Geisteswissenschaften,19000.0
2019-01-01T00:00:00.000Z,Bremen,Universitäten (ohne Medizinische Einrichtungen),Sport,0.0
2019-01-01T00:00:00.000Z,Brandenburg,Pädagogische Hochschulen,"Mathematik, Naturwissenschaften",
2020-01-01T00:00:00.000Z,Bremen,Pädagogische Hochschulen,"Mathematik, Naturwissenschaften",
2019-01-01T00:00:00.000Z,Baden-Württemberg,Fachhochschulen,"Kunst, Kunstwissenschaft",1036000.0
2020-01-01T00:00:00.000Z,Thüringen,Kunsthochschulen,Geisteswissenschaften,
2021-01-01T00:00:00.000Z,Hamburg,Kunsthochschulen,"Mathematik, Naturwissenschaften",
2021-01-01T00:00:00.000Z,Sachsen-Anhalt,Pädagogische Hochschulen,Humanmedizin/Gesundheitswissenschaften,
2019-01-01T00:00:00.000Z,Schleswig-Holstein,Universitäten (ohne Medizinische Einrichtungen),"Rechts-, Wirtschafts- und Sozialwissenschaften",5294000.0
2019-01-01T00:00:00.000Z,Bremen,Theologische Hochschulen,Humanmedizin/Gesundheitswissenschaften,
2019-01-01T00:00:00.000Z,Hessen,Verwaltungsfachhochschulen,"Kunst, Kunstwissenschaft",
2022-01-01T00:00:00.000Z,Schleswig-Holstein,Fachhochschulen,Ingenieurwissenschaften,1.0248E7
2019-01-01T00:00:00.000Z,Sachsen-Anhalt,Universitäten (ohne Medizinische Einrichtungen),"Mathematik, Naturwissenschaften",2.0306E7
2021-01-01T00:00:00.000Z,Rheinland-Pfalz,Verwaltungsfachhochschulen,Ingenieurwissenschaften,
2020-01-01T00:00:00.000Z,Bremen,Pädagogische Hochschulen,Humanmedizin/Gesundheitswissenschaften,
2019-01-01T00:00:00.000Z,Rheinland-Pfalz,Pädagogische Hochschulen,Zentr.Einrichtungen (o. klinikspez. Einrichtungen),
2020-01-01T00:00:00.000Z,Bayern,Pädagogische Hochschulen,Zentr.Einrichtungen (o. klinikspez. Einrichtungen),
2019-01-01T00:00:00.000Z,Saarland,Universitäten (ohne Medizinische Einrichtungen),Sport,151000.0
2022-01-01T00:00:00.000Z,Baden-Württemberg,Verwaltungsfachhochschulen,Geisteswissenschaften,
2022-01-01T00:00:00.000Z,Hessen,Kunsthochschulen,"Rechts-, Wirtschafts- und Sozialwissenschaften",
2020-01-01T00:00:00.000Z,Berlin,Fachhochschulen,Ingenieurwissenschaften,9135000.0
2019-01-01T00:00:00.000Z,Niedersachsen,Fachhochschulen,Sport,
2019-01-01T00:00:00.000Z,Thüringen,Pädagogische Hochschulen,Zentr.Einrichtungen (o. klinikspez. Einrichtungen),
2021-01-01T00:00:00.000Z,Saarland,Verwaltungsfachhochschulen,"Rechts-, Wirtschafts- und Sozialwissenschaften",
2022-01-01T00:00:00.000Z,Thüringen,Universitäten (ohne Medizinische Einrichtungen),Zentr.Einrichtungen (o. klinikspez. Einrichtungen),5.0036E7
2022-01-01T00:00:00.000Z,Nordrhein-Westfalen,Kunsthochschulen,Geisteswissenschaften,
2020-01-01T00:00:00.000Z,Sachsen-Anhalt,Kunsthochschulen,Geisteswissenschaften,
2021-01-01T00:00:00.000Z,Hamburg,Medizinische Einrichtungen der Universitäten,Ingenieurwissenschaften,
2022-01-01T00:00:00.000Z,Hamburg,Fachhochschulen,"Kunst, Kunstwissenschaft",94000.0
2021-01-01T00:00:00.000Z,Bremen,Theologische Hochschulen,Zentr.Einrichtungen (o. klinikspez. Einrichtungen),
2020-01-01T00:00:00.000Z,Thüringen,Medizinische Einrichtungen der Universitäten,Geisteswissenschaften,
2022-01-01T00:00:00.000Z,Berlin,Kunsthochschulen,"Agrar-, Forst- u.Ernährungswiss., Veterinärmedizin",
2022-01-01T00:00:00.000Z,Baden-Württemberg,Pädagogische Hochschulen,"Kunst, Kunstwissenschaft",824000.0
2019-01-01T00:00:00.000Z,Niedersachsen,Medizinische Einrichtungen der Universitäten,"Mathematik, Naturwissenschaften",
2019-01-01T00:00:00.000Z,Baden-Württemberg,Universitäten (ohne Medizinische Einrichtungen),"Kunst, Kunstwissenschaft",1968000.0
2019-01-01T00:00:00.000Z,Baden-Württemberg,Pädagogische Hochschulen,"Mathematik, Naturwissenschaften",4852000.0
2020-01-01T00:00:00.000Z,Brandenburg,Fachhochschulen,Zentr.Einrichtungen (o. klinikspez. Einrichtungen),5374000.0
2020-01-01T00:00:00.000Z,Hamburg,Fachhochschulen,Zentr.Einrichtungen (o. klinikspez. Einrichtungen),5990000.0
2021-01-01T00:00:00.000Z,Nordrhein-Westfalen,Fachhochschulen,Geisteswissenschaften,596000.0
2020-01-01T00:00:00.000Z,Bremen,Fachhochschulen,Sport,
2021-01-01T00:00:00.000Z,Thüringen,Pädagogische Hochschulen,"Rechts-, Wirtschafts- und Sozialwissenschaften",
2020-01-01T00:00:00.000Z,Nordrhein-Westfalen,Pädagogische Hochschulen,"Rechts-, Wirtschafts- und Sozialwissenschaften",
2022-01-01T00:00:00.000Z,Berlin,Kunsthochschulen,"Mathematik, Naturwissenschaften",
2022-01-01T00:00:00.000Z,Hessen,Pädagogische Hochschulen,Sport,
2019-01-01T00:00:00.000Z,Sachsen,Verwaltungsfachhochschulen,Geisteswissenschaften,
2021-01-01T00:00:00.000Z,Nordrhein-Westfalen,Theologische Hochschulen,Ingenieurwissenschaften,
2020-01-01T00:00:00.000Z,Niedersachsen,Fachhochschulen,Humanmedizin/Gesundheitswissenschaften,695000.0
2022-01-01T00:00:00.000Z,Rheinland-Pfalz,Fachhochschulen,Ingenieurwissenschaften,1.5012E7
2022-01-01T00:00:00.000Z,Rheinland-Pfalz,Theologische Hochschulen,"Agrar-, Forst- u.Ernährungswiss., Veterinärmedizin",
2021-01-01T00:00:00.000Z,Hessen,Medizinische Einrichtungen der Universitäten,"Rechts-, Wirtschafts- und Sozialwissenschaften",
2019-01-01T00:00:00.000Z,Berlin,Kunsthochschulen,Humanmedizin/Gesundheitswissenschaften,
2021-01-01T00:00:00.000Z,Sachsen,Kunsthochschulen,Zentr.Einrichtungen (o. klinikspez. Einrichtungen),261000.0
2021-01-01T00:00:00.000Z,Niedersachsen,Universitäten (ohne Medizinische Einrichtungen),Ingenieurwissenschaften,2.09134E8
2022-01-01T00:00:00.000Z,Sachsen-Anhalt,Medizinische Einrichtungen der Universitäten,Ingenieurwissenschaften,
2021-01-01T00:00:00.000Z,Nordrhein-Westfalen,Kunsthochschulen,Zentr.Einrichtungen (o. klinikspez. Einrichtungen),1720000.0
2022-01-01T00:00:00.000Z,Nordrhein-Westfalen,Kunsthochschulen,"Mathematik, Naturwissenschaften",
2022-01-01T00:00:00.000Z,Baden-Württemberg,Universitäten (ohne Medizinische Einrichtungen),Ingenieurwissenschaften,3.34338E8
2022-01-01T00:00:00.000Z,Bremen,Verwaltungsfachhochschulen,"Rechts-, Wirtschafts- und Sozialwissenschaften",0.0
2019-01-01T00:00:00.000Z,Thüringen,Universitäten (ohne Medizinische Einrichtungen),"Kunst, Kunstwissenschaft",601000.0
2022-01-01T00:00:00.000Z,Sachsen-Anhalt,Kunsthochschulen,"Agrar-, Forst- u.Ernährungswiss., Veterinärmedizin",
2021-01-01T00:00:00.000Z,Sachsen-Anhalt,Fachhochschulen,Zentr.Einrichtungen (o. klinikspez. Einrichtungen),1.7372E7
2020-01-01T00:00:00.000Z,Schleswig-Holstein,Universitäten (ohne Medizinische Einrichtungen),"Kunst, Kunstwissenschaft",392000.0
2020-01-01T00:00:00.000Z,Mecklenburg-Vorpommern,Universitäten (ohne Medizinische Einrichtungen),"Rechts-, Wirtschafts- und Sozialwissenschaften",4652000.0
2022-01-01T00:00:00.000Z,Mecklenburg-Vorpommern,Kunsthochschulen,"Mathematik, Naturwissenschaften",
2020-01-01T00:00:00.000Z,Nordrhein-Westfalen,Pädagogische Hochschulen,Humanmedizin/Gesundheitswissenschaften,
2022-01-01T00:00:00.000Z,Mecklenburg-Vorpommern,Verwaltungsfachhochschulen,"Rechts-, Wirtschafts- und Sozialwissenschaften",749000.0
2022-01-01T00:00:00.000Z,Saarland,Verwaltungsfachhochschulen,"Agrar-, Forst- u.Ernährungswiss., Veterinärmedizin",
2022-01-01T00:00:00.000Z,Thüringen,Fachhochschulen,Humanmedizin/Gesundheitswissenschaften,70000.0
2019-01-01T00:00:00.000Z,Baden-Württemberg,Verwaltungsfachhochschulen,Humanmedizin/Gesundheitswissenschaften,
2019-01-01T00:00:00.000Z,Berlin,Universitäten (ohne Medizinische Einrichtungen),"Rechts-, Wirtschafts- und Sozialwissenschaften",5.3877E7
2021-01-01T00:00:00.000Z,Mecklenburg-Vorpommern,Universitäten (ohne Medizinische Einrichtungen),"Agrar-, Forst- u.Ernährungswiss., Veterinärmedizin",6241000.0
2020-01-01T00:00:00.000Z,Berlin,Kunsthochschulen,Geisteswissenschaften,45000.0
2021-01-01T00:00:00.000Z,Bayern,Universitäten (ohne Medizinische Einrichtungen),Zentr.Einrichtungen (o. klinikspez. Einrichtungen),8.195E7
2019-01-01T00:00:00.000Z,Rheinland-Pfalz,Fachhochschulen,Sport,
2020-01-01T00:00:00.000Z,Sachsen,Fachhochschulen,"Mathematik, Naturwissenschaften",6004000.0
2020-01-01T00:00:00.000Z,Mecklenburg-Vorpommern,Theologische Hochschulen,"Mathematik, Naturwissenschaften",
2019-01-01T00:00:00.000Z,Brandenburg,Kunsthochschulen,Humanmedizin/Gesundheitswissenschaften,
2022-01-01T00:00:00.000Z,Brandenburg,Medizinische Einrichtungen der Universitäten,Geisteswissenschaften,
2019-01-01T00:00:00.000Z,Mecklenburg-Vorpommern,Verwaltungsfachhochschulen,"Agrar-, Forst- u.Ernährungswiss., Veterinärmedizin",
2020-01-01T00:00:00.000Z,Sachsen,Pädagogische Hochschulen,"Agrar-, Forst- u.Ernährungswiss., Veterinärmedizin",
2020-01-01T00:00:00.000Z,Schleswig-Holstein,Kunsthochschulen,Zentr.Einrichtungen (o. klinikspez. Einrichtungen),712000.0
2022-01-01T00:00:00.000Z,Brandenburg,Kunsthochschulen,"Rechts-, Wirtschafts- und Sozialwissenschaften",
2019-01-01T00:00:00.000Z,Nordrhein-Westfalen,Pädagogische Hochschulen,Ingenieurwissenschaften,
2020-01-01T00:00:00.000Z,Baden-Württemberg,Fachhochschulen,"Agrar-, Forst- u.Ernährungswiss., Veterinärmedizin",2403000.0
2022-01-01T00:00:00.000Z,Nordrhein-Westfalen,Medizinische Einrichtungen der Universitäten,Ingenieurwissenschaften,
2019-01-01T00:00:00.000Z,Berlin,Verwaltungsfachhochschulen,Ingenieurwissenschaften,
2019-01-01T00:00:00.000Z,Brandenburg,Kunsthochschulen,Geisteswissenschaften,
2020-01-01T00:00:00.000Z,Bremen,Universitäten (ohne Medizinische Einrichtungen),"Rechts-, Wirtschafts- und Sozialwissenschaften",1.6978E7
2020-01-01T00:00:00.000Z,Rheinland-Pfalz,Pädagogische Hochschulen,Geisteswissenschaften,
2019-01-01T00:00:00.000Z,Mecklenburg-Vorpommern,Kunsthochschulen,"Agrar-, Forst- u.Ernährungswiss., Veterinärmedizin",
2021-01-01T00:00:00.000Z,Nordrhein-Westfalen,Universitäten (ohne Medizinische Einrichtungen),Zentr.Einrichtungen (o. klinikspez. Einrichtungen),1.83732E8
2021-01-01T00:00:00.000Z,Berlin,Pädagogische Hochschulen,Zentr.Einrichtungen (o. klinikspez. Einrichtungen),
2020-01-01T00:00:00.000Z,Thüringen,Theologische Hochschulen,"Rechts-, Wirtschafts- und Sozialwissenschaften",
2019-01-01T00:00:00.000Z,Hessen,Verwaltungsfachhochschulen,Geisteswissenschaften,
2020-01-01T00:00:00.000Z,Saarland,Theologische Hochschulen,Humanmedizin/Gesundheitswissenschaften,
2021-01-01T00:00:00.000Z,Saarland,Theologische Hochschulen,"Kunst, Kunstwissenschaft",
2019-01-01T00:00:00.000Z,Berlin,Pädagogische Hochschulen,Ingenieurwissenschaften,
2021-01-01T00:00:00.000Z,Nordrhein-Westfalen,Verwaltungsfachhochschulen,Humanmedizin/Gesundheitswissenschaften,
2022-01-01T00:00:00.000Z,Mecklenburg-Vorpommern,Universitäten (ohne Medizinische Einrichtungen),"Kunst, Kunstwissenschaft",455000.0
2020-01-01T00:00:00.000Z,Baden-Württemberg,Verwaltungsfachhochschulen,"Rechts-, Wirtschafts- und Sozialwissenschaften",2599000.0
2022-01-01T00:00:00.000Z,Saarland,Medizinische Einrichtungen der Universitäten,Geisteswissenschaften,
2021-01-01T00:00:00.000Z,Bayern,Fachhochschulen,Humanmedizin/Gesundheitswissenschaften,3479000.0
2021-01-01T00:00:00.000Z,Niedersachsen,Kunsthochschulen,"Rechts-, Wirtschafts- und Sozialwissenschaften",275000.0
2019-01-01T00:00:00.000Z,Schleswig-Holstein,Medizinische Einrichtungen der Universitäten,Humanmedizin/Gesundheitswissenschaften,8.9074E7
2020-01-01T00:00:00.000Z,Thüringen,Theologische Hochschulen,Geisteswissenschaften,
2021-01-01T00:00:00.000Z,Sachsen,Fachhochschulen,Sport,
2020-01-01T00:00:00.000Z,Baden-Württemberg,Pädagogische Hochschulen,Geisteswissenschaften,6565000.0
2020-01-01T00:00:00.000Z,Bayern,Theologische Hochschulen,"Kunst, Kunstwissenschaft",
2021-01-01T00:00:00.000Z,Schleswig-Holstein,Theologische Hochschulen,"Agrar-, Forst- u.Ernährungswiss., Veterinärmedizin",
2022-01-01T00:00:00.000Z,Hessen,Medizinische Einrichtungen der Universitäten,Geisteswissenschaften,
2020-01-01T00:00:00.000Z,Rheinland-Pfalz,Universitäten (ohne Medizinische Einrichtungen),Zentr.Einrichtungen (o. klinikspez. Einrichtungen),3.3338E7
2021-01-01T00:00:00.000Z,Hamburg,Universitäten (ohne Medizinische Einrichtungen),"Mathematik, Naturwissenschaften",5.4006E7
2022-01-01T00:00:00.000Z,Berlin,Universitäten (ohne Medizinische Einrichtungen),"Rechts-, Wirtschafts- und Sozialwissenschaften",7.5948E7
2020-01-01T00:00:00.000Z,Rheinland-Pfalz,Theologische Hochschulen,"Mathematik, Naturwissenschaften",
2021-01-01T00:00:00.000Z,Mecklenburg-Vorpommern,Medizinische Einrichtungen der Universitäten,Zentr.Einrichtungen (o. klinikspez. Einrichtungen),
2020-01-01T00:00:00.000Z,Sachsen-Anhalt,Medizinische Einrichtungen der Universitäten,Sport,
2020-01-01T00:00:00.000Z,Nordrhein-Westfalen,Kunsthochschulen,Sport,
2019-01-01T00:00:00.000Z,Brandenburg,Medizinische Einrichtungen der Universitäten,"Mathematik, Naturwissenschaften",
2020-01-01T00:00:00.000Z,Sachsen,Theologische Hochschulen,Humanmedizin/Gesundheitswissenschaften,
2019-01-01T00:00:00.000Z,Sachsen,Fachhochschulen,Geisteswissenschaften,144000.0
2021-01-01T00:00:00.000Z,Brandenburg,Universitäten (ohne Medizinische Einrichtungen),"Mathematik, Naturwissenschaften",3.0883E7
2020-01-01T00:00:00.000Z,Mecklenburg-Vorpommern,Theologische Hochschulen,Humanmedizin/Gesundheitswissenschaften,
2021-01-01T00:00:00.000Z,Hessen,Fachhochschulen,Humanmedizin/Gesundheitswissenschaften,2873000.0
2021-01-01T00:00:00.000Z,Sachsen-Anhalt,Pädagogische Hochschulen,"Mathematik, Naturwissenschaften",
2022-01-01T00:00:00.000Z,Hamburg,Theologische Hochschulen,Humanmedizin/Gesundheitswissenschaften,
2020-01-01T00:00:00.000Z,Bremen,Fachhochschulen,"Agrar-, Forst- u.Ernährungswiss., Veterinärmedizin",333000.0
2019-01-01T00:00:00.000Z,Saarland,Pädagogische Hochschulen,"Kunst, Kunstwissenschaft",
2021-01-01T00:00:00.000Z,Berlin,Universitäten (ohne Medizinische Einrichtungen),Sport,852000.0
2022-01-01T00:00:00.000Z,Rheinland-Pfalz,Verwaltungsfachhochschulen,Sport,
2022-01-01T00:00:00.000Z,Hessen,Theologische Hochschulen,Geisteswissenschaften,1843000.0
2020-01-01T00:00:00.000Z,Mecklenburg-Vorpommern,Fachhochschulen,Ingenieurwissenschaften,7188000.0
2019-01-01T00:00:00.000Z,Hessen,Medizinische Einrichtungen der Universitäten,"Kunst, Kunstwissenschaft",
2022-01-01T00:00:00.000Z,Rheinland-Pfalz,Kunsthochschulen,"Mathematik, Naturwissenschaften",
2021-01-01T00:00:00.000Z,Berlin,Medizinische Einrichtungen der Universitäten,"Kunst, Kunstwissenschaft",
2022-01-01T00:00:00.000Z,Hessen,Verwaltungsfachhochschulen,"Mathematik, Naturwissenschaften",0.0
2021-01-01T00:00:00.000Z,Thüringen,Theologische Hochschulen,Geisteswissenschaften,
2022-01-01T00:00:00.000Z,Schleswig-Holstein,Universitäten (ohne Medizinische Einrichtungen),"Rechts-, Wirtschafts- und Sozialwissenschaften",6770000.0
2020-01-01T00:00:00.000Z,Baden-Württemberg,Medizinische Einrichtungen der Universitäten,Ingenieurwissenschaften,
2021-01-01T00:00:00.000Z,Sachsen-Anhalt,Fachhochschulen,"Agrar-, Forst- u.Ernährungswiss., Veterinärmedizin",2420000.0
2022-01-01T00:00:00.000Z,Baden-Württemberg,Fachhochschulen,"Mathematik, Naturwissenschaften",5005000.0
2020-01-01T00:00:00.000Z,Hamburg,Verwaltungsfachhochschulen,Ingenieurwissenschaften,
2020-01-01T00:00:00.000Z,Schleswig-Holstein,Kunsthochschulen,"Kunst, Kunstwissenschaft",1166000.0
2020-01-01T00:00:00.000Z,Mecklenburg-Vorpommern,Verwaltungsfachhochschulen,"Kunst, Kunstwissenschaft",
2019-01-01T00:00:00.000Z,Hessen,Kunsthochschulen,"Rechts-, Wirtschafts- und Sozialwissenschaften",
2022-01-01T00:00:00.000Z,Baden-Württemberg,Medizinische Einrichtungen der Universitäten,"Kunst, Kunstwissenschaft",
2022-01-01T00:00:00.000Z,Niedersachsen,Verwaltungsfachhochschulen,"Kunst, Kunstwissenschaft",
2021-01-01T00:00:00.000Z,Nordrhein-Westfalen,Kunsthochschulen,Sport,
2019-01-01T00:00:00.000Z,Schleswig-Holstein,Fachhochschulen,"Agrar-, Forst- u.Ernährungswiss., Veterinärmedizin",251000.0
2021-01-01T00:00:00.000Z,Niedersachsen,Fachhochschulen,"Mathematik, Naturwissenschaften",
2021-01-01T00:00:00.000Z,Mecklenburg-Vorpommern,Verwaltungsfachhochschulen,Humanmedizin/Gesundheitswissenschaften,
2021-01-01T00:00:00.000Z,Hessen,Universitäten (ohne Medizinische Einrichtungen),"Kunst, Kunstwissenschaft",3827000.0
2020-01-01T00:00:00.000Z,Baden-Württemberg,Verwaltungsfachhochschulen,Zentr.Einrichtungen (o. klinikspez. Einrichtungen),203000.0
2022-01-01T00:00:00.000Z,Baden-Württemberg,Theologische Hochschulen,Zentr.Einrichtungen (o. klinikspez. Einrichtungen),
2020-01-01T00:00:00.000Z,Nordrhein-Westfalen,Verwaltungsfachhochschulen,"Kunst, Kunstwissenschaft",
2019-01-01T00:00:00.000Z,Mecklenburg-Vorpommern,Pädagogische Hochschulen,Sport,
2020-01-01T00:00:00.000Z,Thüringen,Verwaltungsfachhochschulen,"Rechts-, Wirtschafts- und Sozialwissenschaften",0.0
2019-01-01T00:00:00.000Z,Thüringen,Universitäten (ohne Medizinische Einrichtungen),Ingenieurwissenschaften,4.639E7
2021-01-01T00:00:00.000Z,Niedersachsen,Pädagogische Hochschulen,Zentr.Einrichtungen (o. klinikspez. Einrichtungen),
2022-01-01T00:00:00.000Z,Schleswig-Holstein,Kunsthochschulen,Geisteswissenschaften,
2019-01-01T00:00:00.000Z,Schleswig-Holstein,Verwaltungsfachhochschulen,Humanmedizin/Gesundheitswissenschaften,
2020-01-01T00:00:00.000Z,Schleswig-Holstein,Universitäten (ohne Medizinische Einrichtungen),Geisteswissenschaften,3359000.0
2022-01-01T00:00:00.000Z,Sachsen,Fachhochschulen,"Mathematik, Naturwissenschaften",7401000.0
2020-01-01T00:00:00.000Z,Bayern,Verwaltungsfachhochschulen,"Mathematik, Naturwissenschaften",
2022-01-01T00:00:00.000Z,Saarland,Verwaltungsfachhochschulen,"Kunst, Kunstwissenschaft",
2022-01-01T00:00:00.000Z,Baden-Württemberg,Theologische Hochschulen,"Agrar-, Forst- u.Ernährungswiss., Veterinärmedizin",
2021-01-01T00:00:00.000Z,Mecklenburg-Vorpommern,Pädagogische Hochschulen,"Agrar-, Forst- u.Ernährungswiss., Veterinärmedizin",
2021-01-01T00:00:00.000Z,Brandenburg,Theologische Hochschulen,Zentr.Einrichtungen (o. klinikspez. Einrichtungen),
2021-01-01T00:00:00.000Z,Brandenburg,Kunsthochschulen,"Kunst, Kunstwissenschaft",
2021-01-01T00:00:00.000Z,Sachsen-Anhalt,Verwaltungsfachhochschulen,Ingenieurwissenschaften,
2021-01-01T00:00:00.000Z,Hamburg,Verwaltungsfachhochschulen,Sport,
2021-01-01T00:00:00.000Z,Niedersachsen,Verwaltungsfachhochschulen,Geisteswissenschaften,
2020-01-01T00:00:00.000Z,Rheinland-Pfalz,Fachhochschulen,Ingenieurwissenschaften,1.6064E7
2020-01-01T00:00:00.000Z,Saarland,Pädagogische Hochschulen,"Mathematik, Naturwissenschaften",
2019-01-01T00:00:00.000Z,Mecklenburg-Vorpommern,Medizinische Einrichtungen der Universitäten,"Agrar-, Forst- u.Ernährungswiss., Veterinärmedizin",
2019-01-01T00:00:00.000Z,Brandenburg,Medizinische Einrichtungen der Universitäten,Geisteswissenschaften,
2019-01-01T00:00:00.000Z,Brandenburg,Fachhochschulen,"Kunst, Kunstwissenschaft",764000.0
2020-01-01T00:00:00.000Z,Bayern,Kunsthochschulen,Sport,
2019-01-01T00:00:00.000Z,Brandenburg,Kunsthochschulen,"Rechts-, Wirtschafts- und Sozialwissenschaften",
2020-01-01T00:00:00.000Z,Mecklenburg-Vorpommern,Medizinische Einrichtungen der Universitäten,"Kunst, Kunstwissenschaft",
2021-01-01T00:00:00.000Z,Thüringen,Universitäten (ohne Medizinische Einrichtungen),Ingenieurwissenschaften,4.8677E7
2019-01-01T00:00:00.000Z,Baden-Württemberg,Fachhochschulen,Sport,
2022-01-01T00:00:00.000Z,Thüringen,Pädagogische Hochschulen,Zentr.Einrichtungen (o. klinikspez. Einrichtungen),
2021-01-01T00:00:00.000Z,Schleswig-Holstein,Universitäten (ohne Medizinische Einrichtungen),Humanmedizin/Gesundheitswissenschaften,
2019-01-01T00:00:00.000Z,Hessen,Pädagogische Hochschulen,"Kunst, Kunstwissenschaft",
2022-01-01T00:00:00.000Z,Saarland,Theologische Hochschulen,"Rechts-, Wirtschafts- und Sozialwissenschaften",
2022-01-01T00:00:00.000Z,Sachsen-Anhalt,Medizinische Einrichtungen der Universitäten,"Agrar-, Forst- u.Ernährungswiss., Veterinärmedizin",
2022-01-01T00:00:00.000Z,Brandenburg,Medizinische Einrichtungen der Universitäten,Zentr.Einrichtungen (o. klinikspez. Einrichtungen),
2019-01-01T00:00:00.000Z,Bremen,Verwaltungsfachhochschulen,Zentr.Einrichtungen (o. klinikspez. Einrichtungen),
2020-01-01T00:00:00.000Z,Hessen,Medizinische Einrichtungen der Universitäten,Humanmedizin/Gesundheitswissenschaften,1.18401E8
2022-01-01T00:00:00.000Z,Hessen,Fachhochschulen,"Kunst, Kunstwissenschaft",355000.0
2022-01-01T00:00:00.000Z,Bremen,Pädagogische Hochschulen,"Kunst, Kunstwissenschaft",
2021-01-01T00:00:00.000Z,Niedersachsen,Medizinische Einrichtungen der Universitäten,"Kunst, Kunstwissenschaft",
2022-01-01T00:00:00.000Z,Sachsen-Anhalt,Universitäten (ohne Medizinische Einrichtungen),"Mathematik, Naturwissenschaften",2.762E7
2021-01-01T00:00:00.000Z,Hessen,Fachhochschulen,"Rechts-, Wirtschafts- und Sozialwissenschaften",6749000.0
2022-01-01T00:00:00.000Z,Bremen,Kunsthochschulen,Ingenieurwissenschaften,
2022-01-01T00:00:00.000Z,Rheinland-Pfalz,Pädagogische Hochschulen,Zentr.Einrichtungen (o. klinikspez. Einrichtungen),
2020-01-01T00:00:00.000Z,Thüringen,Pädagogische Hochschulen,Sport,
2021-01-01T00:00:00.000Z,Baden-Württemberg,Theologische Hochschulen,"Kunst, Kunstwissenschaft",
2021-01-01T00:00:00.000Z,Hessen,Universitäten (ohne Medizinische Einrichtungen),Zentr.Einrichtungen (o. klinikspez. Einrichtungen),3.8674E7
2022-01-01T00:00:00.000Z,Schleswig-Holstein,Theologische Hochschulen,"Mathematik, Naturwissenschaften",
2021-01-01T00:00:00.000Z,Berlin,Kunsthochschulen,"Kunst, Kunstwissenschaft",8471000.0
2022-01-01T00:00:00.000Z,Mecklenburg-Vorpommern,Verwaltungsfachhochschulen,Sport,
2020-01-01T00:00:00.000Z,Rheinland-Pfalz,Verwaltungsfachhochschulen,Zentr.Einrichtungen (o. klinikspez. Einrichtungen),
2021-01-01T00:00:00.000Z,Niedersachsen,Medizinische Einrichtungen der Universitäten,Sport,
2020-01-01T00:00:00.000Z,Nordrhein-Westfalen,Fachhochschulen,"Agrar-, Forst- u.Ernährungswiss., Veterinärmedizin",7064000.0
2019-01-01T00:00:00.000Z,Baden-Württemberg,Universitäten (ohne Medizinische Einrichtungen),Ingenieurwissenschaften,2.76742E8
2022-01-01T00:00:00.000Z,Sachsen,Universitäten (ohne Medizinische Einrichtungen),Geisteswissenschaften,1.4165E7
2022-01-01T00:00:00.000Z,Hessen,Universitäten (ohne Medizinische Einrichtungen),"Mathematik, Naturwissenschaften",1.54333E8
2020-01-01T00:00:00.000Z,Niedersachsen,Theologische Hochschulen,Sport,
2021-01-01T00:00:00.000Z,Berlin,Theologische Hochschulen,Ingenieurwissenschaften,
2022-01-01T00:00:00.000Z,Sachsen,Verwaltungsfachhochschulen,Geisteswissenschaften,
2020-01-01T00:00:00.000Z,Berlin,Universitäten (ohne Medizinische Einrichtungen),Humanmedizin/Gesundheitswissenschaften,
2019-01-01T00:00:00.000Z,Niedersachsen,Medizinische Einrichtungen der Universitäten,Humanmedizin/Gesundheitswissenschaften,1.59384E8
2021-01-01T00:00:00.000Z,Bremen,Theologische Hochschulen,"Rechts-, Wirtschafts- und Sozialwissenschaften",
2021-01-01T00:00:00.000Z,Nordrhein-Westfalen,Medizinische Einrichtungen der Universitäten,Sport,
2022-01-01T00:00:00.000Z,Brandenburg,Pädagogische Hochschulen,"Kunst, Kunstwissenschaft",
2021-01-01T00:00:00.000Z,Saarland,Fachhochschulen,"Rechts-, Wirtschafts- und Sozialwissenschaften",2512000.0
2022-01-01T00:00:00.000Z,Sachsen,Fachhochschulen,Geisteswissenschaften,132000.0
2021-01-01T00:00:00.000Z,Brandenburg,Kunsthochschulen,"Agrar-, Forst- u.Ernährungswiss., Veterinärmedizin",
2022-01-01T00:00:00.000Z,Niedersachsen,Verwaltungsfachhochschulen,Ingenieurwissenschaften,
2022-01-01T00:00:00.000Z,Sachsen,Medizinische Einrichtungen der Universitäten,Humanmedizin/Gesundheitswissenschaften,1.33665E8
2022-01-01T00:00:00.000Z,Bremen,Theologische Hochschulen,"Rechts-, Wirtschafts- und Sozialwissenschaften",
2019-01-01T00:00:00.000Z,Thüringen,Fachhochschulen,"Kunst, Kunstwissenschaft",5000.0
2020-01-01T00:00:00.000Z,Bayern,Kunsthochschulen,Zentr.Einrichtungen (o. klinikspez. Einrichtungen),569000.0
2020-01-01T00:00:00.000Z,Brandenburg,Universitäten (ohne Medizinische Einrichtungen),"Agrar-, Forst- u.Ernährungswiss., Veterinärmedizin",1213000.0
2020-01-01T00:00:00.000Z,Niedersachsen,Universitäten (ohne Medizinische Einrichtungen),Ingenieurwissenschaften,1.97344E8
2020-01-01T00:00:00.000Z,Niedersachsen,Theologische Hochschulen,Zentr.Einrichtungen (o. klinikspez. Einrichtungen),
2021-01-01T00:00:00.000Z,Rheinland-Pfalz,Pädagogische Hochschulen,Humanmedizin/Gesundheitswissenschaften,
2021-01-01T00:00:00.000Z,Niedersachsen,Verwaltungsfachhochschulen,"Kunst, Kunstwissenschaft",
2019-01-01T00:00:00.000Z,Sachsen-Anhalt,Theologische Hochschulen,"Rechts-, Wirtschafts- und Sozialwissenschaften",0.0
2020-01-01T00:00:00.000Z,Hessen,Fachhochschulen,"Rechts-, Wirtschafts- und Sozialwissenschaften",5393000.0
2020-01-01T00:00:00.000Z,Thüringen,Kunsthochschulen,"Kunst, Kunstwissenschaft",313000.0
2021-01-01T00:00:00.000Z,Niedersachsen,Medizinische Einrichtungen der Universitäten,"Agrar-, Forst- u.Ernährungswiss., Veterinärmedizin",
2019-01-01T00:00:00.000Z,Hessen,Kunsthochschulen,Zentr.Einrichtungen (o. klinikspez. Einrichtungen),736000.0
2021-01-01T00:00:00.000Z,Thüringen,Universitäten (ohne Medizinische Einrichtungen),Sport,448000.0
2021-01-01T00:00:00.000Z,Bremen,Universitäten (ohne Medizinische Einrichtungen),"Agrar-, Forst- u.Ernährungswiss., Veterinärmedizin",
2020-01-01T00:00:00.000Z,Sachsen-Anhalt,Kunsthochschulen,Humanmedizin/Gesundheitswissenschaften,
2019-01-01T00:00:00.000Z,Bayern,Medizinische Einrichtungen der Universitäten,Ingenieurwissenschaften,
2020-01-01T00:00:00.000Z,Berlin,Medizinische Einrichtungen der Universitäten,"Agrar-, Forst- u.Ernährungswiss., Veterinärmedizin",
2019-01-01T00:00:00.000Z,Hamburg,Universitäten (ohne Medizinische Einrichtungen),"Mathematik, Naturwissenschaften",4.399E7
2020-01-01T00:00:00.000Z,Saarland,Fachhochschulen,"Rechts-, Wirtschafts- und Sozialwissenschaften",1521000.0
2020-01-01T00:00:00.000Z,Brandenburg,Pädagogische Hochschulen,Ingenieurwissenschaften,
2019-01-01T00:00:00.000Z,Bremen,Universitäten (ohne Medizinische Einrichtungen),Humanmedizin/Gesundheitswissenschaften,
2019-01-01T00:00:00.000Z,Saarland,Medizinische Einrichtungen der Universitäten,Geisteswissenschaften,
2022-01-01T00:00:00.000Z,Rheinland-Pfalz,Fachhochschulen,Zentr.Einrichtungen (o. klinikspez. Einrichtungen),9365000.0
2022-01-01T00:00:00.000Z,Mecklenburg-Vorpommern,Kunsthochschulen,Humanmedizin/Gesundheitswissenschaften,
2021-01-01T00:00:00.000Z,Sachsen-Anhalt,Pädagogische Hochschulen,Zentr.Einrichtungen (o. klinikspez. Einrichtungen),
2022-01-01T00:00:00.000Z,Thüringen,Universitäten (ohne Medizinische Einrichtungen),Sport,450000.0
2019-01-01T00:00:00.000Z,Hamburg,Theologische Hochschulen,"Agrar-, Forst- u.Ernährungswiss., Veterinärmedizin",
2020-01-01T00:00:00.000Z,Hessen,Pädagogische Hochschulen,"Agrar-, Forst- u.Ernährungswiss., Veterinärmedizin",
2019-01-01T00:00:00.000Z,Bayern,Theologische Hochschulen,"Rechts-, Wirtschafts- und Sozialwissenschaften",
2019-01-01T00:00:00.000Z,Hessen,Theologische Hochschulen,"Mathematik, Naturwissenschaften",
2022-01-01T00:00:00.000Z,Niedersachsen,Medizinische Einrichtungen der Universitäten,Sport,
2019-01-01T00:00:00.000Z,Bayern,Universitäten (ohne Medizinische Einrichtungen),Humanmedizin/Gesundheitswissenschaften,
2021-01-01T00:00:00.000Z,Nordrhein-Westfalen,Pädagogische Hochschulen,"Kunst, Kunstwissenschaft",
2022-01-01T00:00:00.000Z,Bremen,Pädagogische Hochschulen,Geisteswissenschaften,
2022-01-01T00:00:00.000Z,Hamburg,Theologische Hochschulen,"Rechts-, Wirtschafts- und Sozialwissenschaften",
2020-01-01T00:00:00.000Z,Niedersachsen,Universitäten (ohne Medizinische Einrichtungen),Geisteswissenschaften,2.3976E7
2019-01-01T00:00:00.000Z,Bremen,Medizinische Einrichtungen der Universitäten,Geisteswissenschaften,
2021-01-01T00:00:00.000Z,Baden-Württemberg,Verwaltungsfachhochschulen,"Kunst, Kunstwissenschaft",
2021-01-01T00:00:00.000Z,Bayern,Universitäten (ohne Medizinische Einrichtungen),"Agrar-, Forst- u.Ernährungswiss., Veterinärmedizin",4.5216E7
2021-01-01T00:00:00.000Z,Rheinland-Pfalz,Medizinische Einrichtungen der Universitäten,"Mathematik, Naturwissenschaften",
2020-01-01T00:00:00.000Z,Sachsen-Anhalt,Medizinische Einrichtungen der Universitäten,Humanmedizin/Gesundheitswissenschaften,3.6427E7
2021-01-01T00:00:00.000Z,Berlin,Medizinische Einrichtungen der Universitäten,Sport,
2021-01-01T00:00:00.000Z,Schleswig-Holstein,Verwaltungsfachhochschulen,"Mathematik, Naturwissenschaften",
2021-01-01T00:00:00.000Z,Thüringen,Theologische Hochschulen,Zentr.Einrichtungen (o. klinikspez. Einrichtungen),
2021-01-01T00:00:00.000Z,Saarland,Theologische Hochschulen,"Rechts-, Wirtschafts- und Sozialwissenschaften",
2021-01-01T00:00:00.000Z,Bremen,Pädagogische Hochschulen,Humanmedizin/Gesundheitswissenschaften,
2020-01-01T00:00:00.000Z,Mecklenburg-Vorpommern,Kunsthochschulen,"Kunst, Kunstwissenschaft",166000.0
2021-01-01T00:00:00.000Z,Schleswig-Holstein,Theologische Hochschulen,"Mathematik, Naturwissenschaften",
2022-01-01T00:00:00.000Z,Bayern,Kunsthochschulen,Ingenieurwissenschaften,0.0
2019-01-01T00:00:00.000Z,Hessen,Kunsthochschulen,Sport,
2020-01-01T00:00:00.000Z,Berlin,Verwaltungsfachhochschulen,Ingenieurwissenschaften,
2022-01-01T00:00:00.000Z,Saarland,Medizinische Einrichtungen der Universitäten,"Agrar-, Forst- u.Ernährungswiss., Veterinärmedizin",
2020-01-01T00:00:00.000Z,Berlin,Pädagogische Hochschulen,Zentr.Einrichtungen (o. klinikspez. Einrichtungen),
2020-01-01T00:00:00.000Z,Berlin,Verwaltungsfachhochschulen,"Kunst, Kunstwissenschaft",
2022-01-01T00:00:00.000Z,Brandenburg,Pädagogische Hochschulen,Geisteswissenschaften,
2021-01-01T00:00:00.000Z,Bremen,Kunsthochschulen,Ingenieurwissenschaften,
2020-01-01T00:00:00.000Z,Bremen,Verwaltungsfachhochschulen,"Rechts-, Wirtschafts- und Sozialwissenschaften",107000.0
2020-01-01T00:00:00.000Z,Baden-Württemberg,Pädagogische Hochschulen,Ingenieurwissenschaften,465000.0
2021-01-01T00:00:00.000Z,Rheinland-Pfalz,Medizinische Einrichtungen der Universitäten,Humanmedizin/Gesundheitswissenschaften,7.829E7
2019-01-01T00:00:00.000Z,Hessen,Medizinische Einrichtungen der Universitäten,Geisteswissenschaften,
2022-01-01T00:00:00.000Z,Hessen,Universitäten (ohne Medizinische Einrichtungen),Geisteswissenschaften,3.2514E7
2020-01-01T00:00:00.000Z,Hessen,Verwaltungsfachhochschulen,Ingenieurwissenschaften,0.0
2019-01-01T00:00:00.000Z,Saarland,Verwaltungsfachhochschulen,"Mathematik, Naturwissenschaften",
2020-01-01T00:00:00.000Z,Hamburg,Pädagogische Hochschulen,Zentr.Einrichtungen (o. klinikspez. Einrichtungen),
2019-01-01T00:00:00.000Z,Saarland,Medizinische Einrichtungen der Universitäten,Zentr.Einrichtungen (o. klinikspez. Einrichtungen),
2021-01-01T00:00:00.000Z,Bayern,Theologische Hochschulen,"Agrar-, Forst- u.Ernährungswiss., Veterinärmedizin",
2019-01-01T00:00:00.000Z,Hamburg,Pädagogische Hochschulen,"Kunst, Kunstwissenschaft",
2019-01-01T00:00:00.000Z,Bayern,Universitäten (ohne Medizinische Einrichtungen),"Rechts-, Wirtschafts- und Sozialwissenschaften",8.3443E7
2019-01-01T00:00:00.000Z,Niedersachsen,Verwaltungsfachhochschulen,Ingenieurwissenschaften,
2019-01-01T00:00:00.000Z,Schleswig-Holstein,Fachhochschulen,Geisteswissenschaften,0.0
2021-01-01T00:00:00.000Z,Berlin,Kunsthochschulen,Geisteswissenschaften,1393000.0
2022-01-01T00:00:00.000Z,Saarland,Kunsthochschulen,"Kunst, Kunstwissenschaft",0.0
2021-01-01T00:00:00.000Z,Brandenburg,Kunsthochschulen,Sport,
2019-01-01T00:00:00.000Z,Hessen,Medizinische Einrichtungen der Universitäten,"Rechts-, Wirtschafts- und Sozialwissenschaften",
2022-01-01T00:00:00.000Z,Bremen,Theologische Hochschulen,Zentr.Einrichtungen (o. klinikspez. Einrichtungen),
2019-01-01T00:00:00.000Z,Rheinland-Pfalz,Theologische Hochschulen,"Rechts-, Wirtschafts- und Sozialwissenschaften",
2020-01-01T00:00:00.000Z,Bayern,Medizinische Einrichtungen der Universitäten,Sport,
2022-01-01T00:00:00.000Z,Rheinland-Pfalz,Fachhochschulen,Geisteswissenschaften,0.0
2020-01-01T00:00:00.000Z,Saarland,Medizinische Einrichtungen der Universitäten,Zentr.Einrichtungen (o. klinikspez. Einrichtungen),
2020-01-01T00:00:00.000Z,Schleswig-Holstein,Fachhochschulen,"Agrar-, Forst- u.Ernährungswiss., Veterinärmedizin",112000.0
2022-01-01T00:00:00.000Z,Hamburg,Pädagogische Hochschulen,Ingenieurwissenschaften,
2019-01-01T00:00:00.000Z,Bremen,Pädagogische Hochschulen,"Rechts-, Wirtschafts- und Sozialwissenschaften",
2021-01-01T00:00:00.000Z,Baden-Württemberg,Universitäten (ohne Medizinische Einrichtungen),Humanmedizin/Gesundheitswissenschaften,
2022-01-01T00:00:00.000Z,Baden-Württemberg,Universitäten (ohne Medizinische Einrichtungen),Geisteswissenschaften,6.8013E7
2022-01-01T00:00:00.000Z,Bayern,Fachhochschulen,"Rechts-, Wirtschafts- und Sozialwissenschaften",1.8867E7
2019-01-01T00:00:00.000Z,Thüringen,Medizinische Einrichtungen der Universitäten,"Mathematik, Naturwissenschaften",
2019-01-01T00:00:00.000Z,Sachsen,Medizinische Einrichtungen der Universitäten,Sport,
2020-01-01T00:00:00.000Z,Saarland,Medizinische Einrichtungen der Universitäten,Humanmedizin/Gesundheitswissenschaften,2.323E7
2021-01-01T00:00:00.000Z,Bremen,Pädagogische Hochschulen,Sport,
2021-01-01T00:00:00.000Z,Baden-Württemberg,Universitäten (ohne Medizinische Einrichtungen),Geisteswissenschaften,6.3561E7
2019-01-01T00:00:00.000Z,Hamburg,Fachhochschulen,"Mathematik, Naturwissenschaften",571000.0
2020-01-01T00:00:00.000Z,Berlin,Theologische Hochschulen,Sport,
2022-01-01T00:00:00.000Z,Sachsen-Anhalt,Kunsthochschulen,Ingenieurwissenschaften,0.0
2019-01-01T00:00:00.000Z,Schleswig-Holstein,Pädagogische Hochschulen,Humanmedizin/Gesundheitswissenschaften,
2020-01-01T00:00:00.000Z,Sachsen,Pädagogische Hochschulen,Geisteswissenschaften,
2021-01-01T00:00:00.000Z,Baden-Württemberg,Verwaltungsfachhochschulen,"Rechts-, Wirtschafts- und Sozialwissenschaften",2541000.0
2022-01-01T00:00:00.000Z,Thüringen,Pädagogische Hochschulen,"Kunst, Kunstwissenschaft",
2019-01-01T00:00:00.000Z,Saarland,Pädagogische Hochschulen,"Rechts-, Wirtschafts- und Sozialwissenschaften",
2021-01-01T00:00:00.000Z,Thüringen,Medizinische Einrichtungen der Universitäten,"Mathematik, Naturwissenschaften",
2020-01-01T00:00:00.000Z,Sachsen,Theologische Hochschulen,"Rechts-, Wirtschafts- und Sozialwissenschaften",
2021-01-01T00:00:00.000Z,Schleswig-Holstein,Medizinische Einrichtungen der Universitäten,Geisteswissenschaften,
2021-01-01T00:00:00.000Z,Baden-Württemberg,Medizinische Einrichtungen der Universitäten,"Agrar-, Forst- u.Ernährungswiss., Veterinärmedizin",
2021-01-01T00:00:00.000Z,Bayern,Universitäten (ohne Medizinische Einrichtungen),"Rechts-, Wirtschafts- und Sozialwissenschaften",9.204E7
2020-01-01T00:00:00.000Z,Bremen,Verwaltungsfachhochschulen,Zentr.Einrichtungen (o. klinikspez. Einrichtungen),
2019-01-01T00:00:00.000Z,Rheinland-Pfalz,Pädagogische Hochschulen,Ingenieurwissenschaften,
2020-01-01T00:00:00.000Z,Sachsen-Anhalt,Theologische Hochschulen,Ingenieurwissenschaften,
2021-01-01T00:00:00.000Z,Rheinland-Pfalz,Fachhochschulen,"Kunst, Kunstwissenschaft",825000.0
2020-01-01T00:00:00.000Z,Sachsen-Anhalt,Pädagogische Hochschulen,"Mathematik, Naturwissenschaften",
2020-01-01T00:00:00.000Z,Berlin,Universitäten (ohne Medizinische Einrichtungen),Sport,614000.0
2022-01-01T00:00:00.000Z,Schleswig-Holstein,Verwaltungsfachhochschulen,"Agrar-, Forst- u.Ernährungswiss., Veterinärmedizin",
2022-01-01T00:00:00.000Z,Nordrhein-Westfalen,Pädagogische Hochschulen,Geisteswissenschaften,
2021-01-01T00:00:00.000Z,Brandenburg,Theologische Hochschulen,Humanmedizin/Gesundheitswissenschaften,
2022-01-01T00:00:00.000Z,Rheinland-Pfalz,Verwaltungsfachhochschulen,Ingenieurwissenschaften,
2022-01-01T00:00:00.000Z,Brandenburg,Pädagogische Hochschulen,Zentr.Einrichtungen (o. klinikspez. Einrichtungen),
2019-01-01T00:00:00.000Z,Brandenburg,Pädagogische Hochschulen,"Rechts-, Wirtschafts- und Sozialwissenschaften",
2022-01-01T00:00:00.000Z,Hessen,Theologische Hochschulen,Humanmedizin/Gesundheitswissenschaften,
2021-01-01T00:00:00.000Z,Hessen,Fachhochschulen,Sport,0.0
2022-01-01T00:00:00.000Z,Niedersachsen,Pädagogische Hochschulen,Zentr.Einrichtungen (o. klinikspez. Einrichtungen),
2022-01-01T00:00:00.000Z,Nordrhein-Westfalen,Verwaltungsfachhochschulen,Humanmedizin/Gesundheitswissenschaften,
2019-01-01T00:00:00.000Z,Rheinland-Pfalz,Fachhochschulen,Zentr.Einrichtungen (o. klinikspez. Einrichtungen),1.0635E7
2021-01-01T00:00:00.000Z,Nordrhein-Westfalen,Universitäten (ohne Medizinische Einrichtungen),Sport,1.5364E7
2020-01-01T00:00:00.000Z,Sachsen-Anhalt,Theologische Hochschulen,"Agrar-, Forst- u.Ernährungswiss., Veterinärmedizin",
2020-01-01T00:00:00.000Z,Niedersachsen,Medizinische Einrichtungen der Universitäten,"Mathematik, Naturwissenschaften",
2021-01-01T00:00:00.000Z,Mecklenburg-Vorpommern,Fachhochschulen,Sport,
2022-01-01T00:00:00.000Z,Thüringen,Medizinische Einrichtungen der Universitäten,Sport,
2019-01-01T00:00:00.000Z,Rheinland-Pfalz,Kunsthochschulen,Ingenieurwissenschaften,
2022-01-01T00:00:00.000Z,Nordrhein-Westfalen,Verwaltungsfachhochschulen,Sport,
2021-01-01T00:00:00.000Z,Rheinland-Pfalz,Fachhochschulen,"Agrar-, Forst- u.Ernährungswiss., Veterinärmedizin",257000.0
2019-01-01T00:00:00.000Z,Thüringen,Kunsthochschulen,"Kunst, Kunstwissenschaft",1183000.0
2022-01-01T00:00:00.000Z,Bayern,Universitäten (ohne Medizinische Einrichtungen),"Rechts-, Wirtschafts- und Sozialwissenschaften",1.10216E8
2022-01-01T00:00:00.000Z,Hessen,Verwaltungsfachhochschulen,"Agrar-, Forst- u.Ernährungswiss., Veterinärmedizin",
2022-01-01T00:00:00.000Z,Sachsen,Fachhochschulen,"Kunst, Kunstwissenschaft",209000.0
2019-01-01T00:00:00.000Z,Bremen,Pädagogische Hochschulen,Geisteswissenschaften,
2020-01-01T00:00:00.000Z,Sachsen-Anhalt,Verwaltungsfachhochschulen,Ingenieurwissenschaften,
2019-01-01T00:00:00.000Z,Schleswig-Holstein,Kunsthochschulen,Sport,
2022-01-01T00:00:00.000Z,Berlin,Verwaltungsfachhochschulen,Sport,
2019-01-01T00:00:00.000Z,Sachsen,Pädagogische Hochschulen,"Kunst, Kunstwissenschaft",
2020-01-01T00:00:00.000Z,Hessen,Universitäten (ohne Medizinische Einrichtungen),"Mathematik, Naturwissenschaften",1.28724E8
2022-01-01T00:00:00.000Z,Bremen,Theologische Hochschulen,"Agrar-, Forst- u.Ernährungswiss., Veterinärmedizin",
2022-01-01T00:00:00.000Z,Schleswig-Holstein,Theologische Hochschulen,Sport,
2022-01-01T00:00:00.000Z,Rheinland-Pfalz,Kunsthochschulen,Sport,
2019-01-01T00:00:00.000Z,Hessen,Fachhochschulen,Geisteswissenschaften,474000.0
2019-01-01T00:00:00.000Z,Brandenburg,Verwaltungsfachhochschulen,Geisteswissenschaften,
2019-01-01T00:00:00.000Z,Brandenburg,Theologische Hochschulen,Geisteswissenschaften,
2021-01-01T00:00:00.000Z,Schleswig-Holstein,Kunsthochschulen,"Rechts-, Wirtschafts- und Sozialwissenschaften",
2021-01-01T00:00:00.000Z,Bayern,Pädagogische Hochschulen,"Mathematik, Naturwissenschaften",
2019-01-01T00:00:00.000Z,Bayern,Medizinische Einrichtungen der Universitäten,"Agrar-, Forst- u.Ernährungswiss., Veterinärmedizin",
2020-01-01T00:00:00.000Z,Sachsen,Medizinische Einrichtungen der Universitäten,Zentr.Einrichtungen (o. klinikspez. Einrichtungen),
2020-01-01T00:00:00.000Z,Rheinland-Pfalz,Universitäten (ohne Medizinische Einrichtungen),Ingenieurwissenschaften,4.662E7
2019-01-01T00:00:00.000Z,Bremen,Verwaltungsfachhochschulen,"Agrar-, Forst- u.Ernährungswiss., Veterinärmedizin",
2019-01-01T00:00:00.000Z,Hessen,Universitäten (ohne Medizinische Einrichtungen),"Mathematik, Naturwissenschaften",1.15862E8
2019-01-01T00:00:00.000Z,Nordrhein-Westfalen,Medizinische Einrichtungen der Universitäten,Ingenieurwissenschaften,
2020-01-01T00:00:00.000Z,Saarland,Medizinische Einrichtungen der Universitäten,Ingenieurwissenschaften,
2019-01-01T00:00:00.000Z,Bremen,Verwaltungsfachhochschulen,"Kunst, Kunstwissenschaft",
2022-01-01T00:00:00.000Z,Schleswig-Holstein,Pädagogische Hochschulen,"Rechts-, Wirtschafts- und Sozialwissenschaften",
2019-01-01T00:00:00.000Z,Hessen,Pädagogische Hochschulen,"Rechts-, Wirtschafts- und Sozialwissenschaften",
2020-01-01T00:00:00.000Z,Brandenburg,Theologische Hochschulen,Zentr.Einrichtungen (o. klinikspez. Einrichtungen),
2021-01-01T00:00:00.000Z,Nordrhein-Westfalen,Verwaltungsfachhochschulen,"Mathematik, Naturwissenschaften",
2021-01-01T00:00:00.000Z,Sachsen,Universitäten (ohne Medizinische Einrichtungen),Geisteswissenschaften,1.3636E7
2021-01-01T00:00:00.000Z,Hamburg,Universitäten (ohne Medizinische Einrichtungen),Zentr.Einrichtungen (o. klinikspez. Einrichtungen),4.7627E7
2021-01-01T00:00:00.000Z,Nordrhein-Westfalen,Theologische Hochschulen,"Agrar-, Forst- u.Ernährungswiss., Veterinärmedizin",
2020-01-01T00:00:00.000Z,Rheinland-Pfalz,Fachhochschulen,Humanmedizin/Gesundheitswissenschaften,42000.0
2020-01-01T00:00:00.000Z,Sachsen-Anhalt,Pädagogische Hochschulen,Zentr.Einrichtungen (o. klinikspez. Einrichtungen),
2020-01-01T00:00:00.000Z,Berlin,Theologische Hochschulen,"Agrar-, Forst- u.Ernährungswiss., Veterinärmedizin",
2019-01-01T00:00:00.000Z,Sachsen,Universitäten (ohne Medizinische Einrichtungen),"Agrar-, Forst- u.Ernährungswiss., Veterinärmedizin",1.5507E7
2020-01-01T00:00:00.000Z,Thüringen,Verwaltungsfachhochschulen,"Agrar-, Forst- u.Ernährungswiss., Veterinärmedizin",
2022-01-01T00:00:00.000Z,Thüringen,Universitäten (ohne Medizinische Einrichtungen),"Agrar-, Forst- u.Ernährungswiss., Veterinärmedizin",1540000.0
2021-01-01T00:00:00.000Z,Mecklenburg-Vorpommern,Verwaltungsfachhochschulen,Sport,
2019-01-01T00:00:00.000Z,Sachsen,Verwaltungsfachhochschulen,"Mathematik, Naturwissenschaften",
2022-01-01T00:00:00.000Z,Berlin,Theologische Hochschulen,Ingenieurwissenschaften,
2019-01-01T00:00:00.000Z,Mecklenburg-Vorpommern,Pädagogische Hochschulen,Ingenieurwissenschaften,
2019-01-01T00:00:00.000Z,Bayern,Verwaltungsfachhochschulen,"Agrar-, Forst- u.Ernährungswiss., Veterinärmedizin",
2022-01-01T00:00:00.000Z,Sachsen,Kunsthochschulen,Sport,
2019-01-01T00:00:00.000Z,Brandenburg,Pädagogische Hochschulen,Sport,
2019-01-01T00:00:00.000Z,Mecklenburg-Vorpommern,Fachhochschulen,Geisteswissenschaften,
2019-01-01T00:00:00.000Z,Mecklenburg-Vorpommern,Kunsthochschulen,Ingenieurwissenschaften,
2021-01-01T00:00:00.000Z,Berlin,Pädagogische Hochschulen,Sport,
2020-01-01T00:00:00.000Z,Baden-Württemberg,Fachhochschulen,"Kunst, Kunstwissenschaft",1268000.0
2019-01-01T00:00:00.000Z,Niedersachsen,Fachhochschulen,Humanmedizin/Gesundheitswissenschaften,775000.0
2019-01-01T00:00:00.000Z,Schleswig-Holstein,Fachhochschulen,Ingenieurwissenschaften,8070000.0
2019-01-01T00:00:00.000Z,Baden-Württemberg,Verwaltungsfachhochschulen,Geisteswissenschaften,
2022-01-01T00:00:00.000Z,Baden-Württemberg,Theologische Hochschulen,"Mathematik, Naturwissenschaften",
2022-01-01T00:00:00.000Z,Nordrhein-Westfalen,Theologische Hochschulen,Ingenieurwissenschaften,
2022-01-01T00:00:00.000Z,Brandenburg,Universitäten (ohne Medizinische Einrichtungen),Geisteswissenschaften,1.0759E7
2019-01-01T00:00:00.000Z,Baden-Württemberg,Medizinische Einrichtungen der Universitäten,Sport,
2019-01-01T00:00:00.000Z,Brandenburg,Verwaltungsfachhochschulen,Zentr.Einrichtungen (o. klinikspez. Einrichtungen),0.0
2022-01-01T00:00:00.000Z,Bremen,Universitäten (ohne Medizinische Einrichtungen),Ingenieurwissenschaften,3.89E7
2021-01-01T00:00:00.000Z,Schleswig-Holstein,Universitäten (ohne Medizinische Einrichtungen),Geisteswissenschaften,4105000.0
2020-01-01T00:00:00.000Z,Schleswig-Holstein,Pädagogische Hochschulen,Humanmedizin/Gesundheitswissenschaften,
2020-01-01T00:00:00.000Z,Thüringen,Medizinische Einrichtungen der Universitäten,"Agrar-, Forst- u.Ernährungswiss., Veterinärmedizin",
2021-01-01T00:00:00.000Z,Schleswig-Holstein,Pädagogische Hochschulen,"Kunst, Kunstwissenschaft",
2022-01-01T00:00:00.000Z,Hessen,Kunsthochschulen,Zentr.Einrichtungen (o. klinikspez. Einrichtungen),489000.0
2021-01-01T00:00:00.000Z,Sachsen,Fachhochschulen,"Mathematik, Naturwissenschaften",5737000.0
2019-01-01T00:00:00.000Z,Hessen,Theologische Hochschulen,Sport,
2019-01-01T00:00:00.000Z,Nordrhein-Westfalen,Theologische Hochschulen,Geisteswissenschaften,14000.0
2021-01-01T00:00:00.000Z,Thüringen,Theologische Hochschulen,Humanmedizin/Gesundheitswissenschaften,
2020-01-01T00:00:00.000Z,Sachsen,Pädagogische Hochschulen,Ingenieurwissenschaften,
2020-01-01T00:00:00.000Z,Niedersachsen,Fachhochschulen,"Mathematik, Naturwissenschaften",
2021-01-01T00:00:00.000Z,Nordrhein-Westfalen,Universitäten (ohne Medizinische Einrichtungen),"Rechts-, Wirtschafts- und Sozialwissenschaften",1.42837E8
2020-01-01T00:00:00.000Z,Baden-Württemberg,Theologische Hochschulen,"Rechts-, Wirtschafts- und Sozialwissenschaften",
2021-01-01T00:00:00.000Z,Baden-Württemberg,Verwaltungsfachhochschulen,"Agrar-, Forst- u.Ernährungswiss., Veterinärmedizin",
2019-01-01T00:00:00.000Z,Thüringen,Theologische Hochschulen,Ingenieurwissenschaften,
2019-01-01T00:00:00.000Z,Berlin,Pädagogische Hochschulen,Geisteswissenschaften,
2022-01-01T00:00:00.000Z,Baden-Württemberg,Verwaltungsfachhochschulen,"Rechts-, Wirtschafts- und Sozialwissenschaften",2888000.0
2022-01-01T00:00:00.000Z,Schleswig-Holstein,Medizinische Einrichtungen der Universitäten,"Agrar-, Forst- u.Ernährungswiss., Veterinärmedizin",
2019-01-01T00:00:00.000Z,Baden-Württemberg,Medizinische Einrichtungen der Universitäten,Humanmedizin/Gesundheitswissenschaften,4.00161E8
2019-01-01T00:00:00.000Z,Hamburg,Theologische Hochschulen,"Kunst, Kunstwissenschaft",
2021-01-01T00:00:00.000Z,Niedersachsen,Fachhochschulen,"Kunst, Kunstwissenschaft",1031000.0
2019-01-01T00:00:00.000Z,Bremen,Fachhochschulen,"Kunst, Kunstwissenschaft",
2022-01-01T00:00:00.000Z,Saarland,Universitäten (ohne Medizinische Einrichtungen),Humanmedizin/Gesundheitswissenschaften,
2019-01-01T00:00:00.000Z,Nordrhein-Westfalen,Medizinische Einrichtungen der Universitäten,Zentr.Einrichtungen (o. klinikspez. Einrichtungen),
2021-01-01T00:00:00.000Z,Rheinland-Pfalz,Fachhochschulen,Ingenieurwissenschaften,1.6682E7
2022-01-01T00:00:00.000Z,Thüringen,Pädagogische Hochschulen,"Agrar-, Forst- u.Ernährungswiss., Veterinärmedizin",
2020-01-01T00:00:00.000Z,Hamburg,Verwaltungsfachhochschulen,Sport,
2019-01-01T00:00:00.000Z,Nordrhein-Westfalen,Universitäten (ohne Medizinische Einrichtungen),"Rechts-, Wirtschafts- und Sozialwissenschaften",1.40255E8
2021-01-01T00:00:00.000Z,Berlin,Theologische Hochschulen,Geisteswissenschaften,
2022-01-01T00:00:00.000Z,Berlin,Universitäten (ohne Medizinische Einrichtungen),"Agrar-, Forst- u.Ernährungswiss., Veterinärmedizin",1.8396E7
2022-01-01T00:00:00.000Z,Baden-Württemberg,Universitäten (ohne Medizinische Einrichtungen),Zentr.Einrichtungen (o. klinikspez. Einrichtungen),1.28688E8
2019-01-01T00:00:00.000Z,Bremen,Medizinische Einrichtungen der Universitäten,"Agrar-, Forst- u.Ernährungswiss., Veterinärmedizin",
2019-01-01T00:00:00.000Z,Mecklenburg-Vorpommern,Verwaltungsfachhochschulen,"Rechts-, Wirtschafts- und Sozialwissenschaften",73000.0
2020-01-01T00:00:00.000Z,Berlin,Pädagogische Hochschulen,"Rechts-, Wirtschafts- und Sozialwissenschaften",
2021-01-01T00:00:00.000Z,Bremen,Theologische Hochschulen,Geisteswissenschaften,
2019-01-01T00:00:00.000Z,Hessen,Theologische Hochschulen,"Agrar-, Forst- u.Ernährungswiss., Veterinärmedizin",
2022-01-01T00:00:00.000Z,Sachsen-Anhalt,Fachhochschulen,"Rechts-, Wirtschafts- und Sozialwissenschaften",4015000.0
2021-01-01T00:00:00.000Z,Bremen,Fachhochschulen,"Rechts-, Wirtschafts- und Sozialwissenschaften",450000.0
2021-01-01T00:00:00.000Z,Niedersachsen,Verwaltungsfachhochschulen,"Agrar-, Forst- u.Ernährungswiss., Veterinärmedizin",
2021-01-01T00:00:00.000Z,Bremen,Verwaltungsfachhochschulen,"Rechts-, Wirtschafts- und Sozialwissenschaften",265000.0
2019-01-01T00:00:00.000Z,Thüringen,Verwaltungsfachhochschulen,Sport,
2021-01-01T00:00:00.000Z,Saarland,Kunsthochschulen,Ingenieurwissenschaften,
2019-01-01T00:00:00.000Z,Mecklenburg-Vorpommern,Theologische Hochschulen,"Rechts-, Wirtschafts- und Sozialwissenschaften",
2022-01-01T00:00:00.000Z,Sachsen-Anhalt,Universitäten (ohne Medizinische Einrichtungen),Humanmedizin/Gesundheitswissenschaften,
2020-01-01T00:00:00.000Z,Rheinland-Pfalz,Medizinische Einrichtungen der Universitäten,"Mathematik, Naturwissenschaften",
2020-01-01T00:00:00.000Z,Hessen,Universitäten (ohne Medizinische Einrichtungen),"Agrar-, Forst- u.Ernährungswiss., Veterinärmedizin",1.7905E7
2022-01-01T00:00:00.000Z,Bayern,Medizinische Einrichtungen der Universitäten,Ingenieurwissenschaften,
2020-01-01T00:00:00.000Z,Schleswig-Holstein,Verwaltungsfachhochschulen,"Mathematik, Naturwissenschaften",
2020-01-01T00:00:00.000Z,Niedersachsen,Universitäten (ohne Medizinische Einrichtungen),Zentr.Einrichtungen (o. klinikspez. Einrichtungen),8.0898E7
2021-01-01T00:00:00.000Z,Nordrhein-Westfalen,Pädagogische Hochschulen,"Agrar-, Forst- u.Ernährungswiss., Veterinärmedizin",
2019-01-01T00:00:00.000Z,Sachsen-Anhalt,Kunsthochschulen,Humanmedizin/Gesundheitswissenschaften,
2022-01-01T00:00:00.000Z,Sachsen,Kunsthochschulen,"Kunst, Kunstwissenschaft",3619000.0
2021-01-01T00:00:00.000Z,Hamburg,Fachhochschulen,Humanmedizin/Gesundheitswissenschaften,597000.0
2020-01-01T00:00:00.000Z,Mecklenburg-Vorpommern,Verwaltungsfachhochschulen,Geisteswissenschaften,
2021-01-01T00:00:00.000Z,Brandenburg,Theologische Hochschulen,Sport,
2020-01-01T00:00:00.000Z,Brandenburg,Fachhochschulen,"Rechts-, Wirtschafts- und Sozialwissenschaften",9914000.0
2022-01-01T00:00:00.000Z,Brandenburg,Medizinische Einrichtungen der Universitäten,"Kunst, Kunstwissenschaft",
2019-01-01T00:00:00.000Z,Sachsen,Medizinische Einrichtungen der Universitäten,"Rechts-, Wirtschafts- und Sozialwissenschaften",
2020-01-01T00:00:00.000Z,Bayern,Verwaltungsfachhochschulen,Ingenieurwissenschaften,420000.0
2021-01-01T00:00:00.000Z,Brandenburg,Verwaltungsfachhochschulen,Humanmedizin/Gesundheitswissenschaften,
2021-01-01T00:00:00.000Z,Sachsen,Kunsthochschulen,"Rechts-, Wirtschafts- und Sozialwissenschaften",
2022-01-01T00:00:00.000Z,Brandenburg,Theologische Hochschulen,Zentr.Einrichtungen (o. klinikspez. Einrichtungen),
2020-01-01T00:00:00.000Z,Baden-Württemberg,Pädagogische Hochschulen,"Rechts-, Wirtschafts- und Sozialwissenschaften",7084000.0
2021-01-01T00:00:00.000Z,Sachsen-Anhalt,Kunsthochschulen,Humanmedizin/Gesundheitswissenschaften,
2019-01-01T00:00:00.000Z,Bayern,Pädagogische Hochschulen,"Mathematik, Naturwissenschaften",
2022-01-01T00:00:00.000Z,Hamburg,Universitäten (ohne Medizinische Einrichtungen),Ingenieurwissenschaften,5.7496E7
2021-01-01T00:00:00.000Z,Bayern,Universitäten (ohne Medizinische Einrichtungen),Humanmedizin/Gesundheitswissenschaften,
2022-01-01T00:00:00.000Z,Sachsen-Anhalt,Universitäten (ohne Medizinische Einrichtungen),"Rechts-, Wirtschafts- und Sozialwissenschaften",1.1465E7
2022-01-01T00:00:00.000Z,Hessen,Pädagogische Hochschulen,Humanmedizin/Gesundheitswissenschaften,
2022-01-01T00:00:00.000Z,Bayern,Kunsthochschulen,"Rechts-, Wirtschafts- und Sozialwissenschaften",74000.0
2019-01-01T00:00:00.000Z,Thüringen,Verwaltungsfachhochschulen,Ingenieurwissenschaften,
2020-01-01T00:00:00.000Z,Rheinland-Pfalz,Verwaltungsfachhochschulen,Geisteswissenschaften,
2021-01-01T00:00:00.000Z,Hamburg,Theologische Hochschulen,Ingenieurwissenschaften,
2021-01-01T00:00:00.000Z,Niedersachsen,Kunsthochschulen,"Mathematik, Naturwissenschaften",
2020-01-01T00:00:00.000Z,Thüringen,Theologische Hochschulen,"Mathematik, Naturwissenschaften",
2019-01-01T00:00:00.000Z,Sachsen,Kunsthochschulen,"Mathematik, Naturwissenschaften",
2020-01-01T00:00:00.000Z,Sachsen,Medizinische Einrichtungen der Universitäten,Ingenieurwissenschaften,
2019-01-01T00:00:00.000Z,Schleswig-Holstein,Medizinische Einrichtungen der Universitäten,Ingenieurwissenschaften,
2021-01-01T00:00:00.000Z,Bayern,Verwaltungsfachhochschulen,"Mathematik, Naturwissenschaften",
2022-01-01T00:00:00.000Z,Nordrhein-Westfalen,Verwaltungsfachhochschulen,Geisteswissenschaften,
2022-01-01T00:00:00.000Z,Bayern,Universitäten (ohne Medizinische Einrichtungen),"Mathematik, Naturwissenschaften",3.03263E8
2019-01-01T00:00:00.000Z,Niedersachsen,Universitäten (ohne Medizinische Einrichtungen),Ingenieurwissenschaften,1.95172E8
2021-01-01T00:00:00.000Z,Hamburg,Verwaltungsfachhochschulen,Zentr.Einrichtungen (o. klinikspez. Einrichtungen),
2022-01-01T00:00:00.000Z,Niedersachsen,Kunsthochschulen,Zentr.Einrichtungen (o. klinikspez. Einrichtungen),176000.0
2022-01-01T00:00:00.000Z,Bremen,Kunsthochschulen,"Mathematik, Naturwissenschaften",
2021-01-01T00:00:00.000Z,Saarland,Verwaltungsfachhochschulen,Geisteswissenschaften,
2021-01-01T00:00:00.000Z,Baden-Württemberg,Kunsthochschulen,"Rechts-, Wirtschafts- und Sozialwissenschaften",
2021-01-01T00:00:00.000Z,Schleswig-Holstein,Pädagogische Hochschulen,Geisteswissenschaften,
2019-01-01T00:00:00.000Z,Brandenburg,Medizinische Einrichtungen der Universitäten,"Kunst, Kunstwissenschaft",
2021-01-01T00:00:00.000Z,Mecklenburg-Vorpommern,Pädagogische Hochschulen,"Kunst, Kunstwissenschaft",
2021-01-01T00:00:00.000Z,Niedersachsen,Pädagogische Hochschulen,"Agrar-, Forst- u.Ernährungswiss., Veterinärmedizin",
2022-01-01T00:00:00.000Z,Berlin,Universitäten (ohne Medizinische Einrichtungen),"Kunst, Kunstwissenschaft",4025000.0
2020-01-01T00:00:00.000Z,Niedersachsen,Pädagogische Hochschulen,"Mathematik, Naturwissenschaften",
2022-01-01T00:00:00.000Z,Hamburg,Fachhochschulen,Ingenieurwissenschaften,6017000.0
2022-01-01T00:00:00.000Z,Berlin,Verwaltungsfachhochschulen,Geisteswissenschaften,
2020-01-01T00:00:00.000Z,Baden-Württemberg,Pädagogische Hochschulen,Sport,412000.0
2020-01-01T00:00:00.000Z,Hamburg,Universitäten (ohne Medizinische Einrichtungen),"Mathematik, Naturwissenschaften",5.1645E7
2020-01-01T00:00:00.000Z,Brandenburg,Universitäten (ohne Medizinische Einrichtungen),Humanmedizin/Gesundheitswissenschaften,
2022-01-01T00:00:00.000Z,Mecklenburg-Vorpommern,Medizinische Einrichtungen der Universitäten,"Rechts-, Wirtschafts- und Sozialwissenschaften",
2021-01-01T00:00:00.000Z,Nordrhein-Westfalen,Fachhochschulen,Ingenieurwissenschaften,1.00604E8
2020-01-01T00:00:00.000Z,Bayern,Kunsthochschulen,Humanmedizin/Gesundheitswissenschaften,
2022-01-01T00:00:00.000Z,Bremen,Pädagogische Hochschulen,Humanmedizin/Gesundheitswissenschaften,
2020-01-01T00:00:00.000Z,Sachsen,Pädagogische Hochschulen,"Rechts-, Wirtschafts- und Sozialwissenschaften",
2022-01-01T00:00:00.000Z,Saarland,Kunsthochschulen,"Mathematik, Naturwissenschaften",
2019-01-01T00:00:00.000Z,Bremen,Kunsthochschulen,Zentr.Einrichtungen (o. klinikspez. Einrichtungen),124000.0
2020-01-01T00:00:00.000Z,Nordrhein-Westfalen,Pädagogische Hochschulen,"Kunst, Kunstwissenschaft",
2020-01-01T00:00:00.000Z,Nordrhein-Westfalen,Kunsthochschulen,Geisteswissenschaften,
2020-01-01T00:00:00.000Z,Thüringen,Verwaltungsfachhochschulen,Sport,
2020-01-01T00:00:00.000Z,Hamburg,Verwaltungsfachhochschulen,Humanmedizin/Gesundheitswissenschaften,
2021-01-01T00:00:00.000Z,Berlin,Fachhochschulen,Geisteswissenschaften,212000.0
2019-01-01T00:00:00.000Z,Sachsen,Verwaltungsfachhochschulen,Zentr.Einrichtungen (o. klinikspez. Einrichtungen),383000.0
2019-01-01T00:00:00.000Z,Baden-Württemberg,Kunsthochschulen,"Mathematik, Naturwissenschaften",
2020-01-01T00:00:00.000Z,Thüringen,Verwaltungsfachhochschulen,"Mathematik, Naturwissenschaften",
2019-01-01T00:00:00.000Z,Thüringen,Universitäten (ohne Medizinische Einrichtungen),"Rechts-, Wirtschafts- und Sozialwissenschaften",1.1092E7
2019-01-01T00:00:00.000Z,Sachsen-Anhalt,Fachhochschulen,"Agrar-, Forst- u.Ernährungswiss., Veterinärmedizin",1844000.0
2021-01-01T00:00:00.000Z,Thüringen,Theologische Hochschulen,"Agrar-, Forst- u.Ernährungswiss., Veterinärmedizin",
2021-01-01T00:00:00.000Z,Berlin,Pädagogische Hochschulen,"Kunst, Kunstwissenschaft",
2021-01-01T00:00:00.000Z,Rheinland-Pfalz,Medizinische Einrichtungen der Universitäten,"Agrar-, Forst- u.Ernährungswiss., Veterinärmedizin",
2021-01-01T00:00:00.000Z,Niedersachsen,Pädagogische Hochschulen,Geisteswissenschaften,
2020-01-01T00:00:00.000Z,Sachsen,Kunsthochschulen,"Agrar-, Forst- u.Ernährungswiss., Veterinärmedizin",
2019-01-01T00:00:00.000Z,Mecklenburg-Vorpommern,Theologische Hochschulen,Ingenieurwissenschaften,
2021-01-01T00:00:00.000Z,Bayern,Pädagogische Hochschulen,"Rechts-, Wirtschafts- und Sozialwissenschaften",
2019-01-01T00:00:00.000Z,Niedersachsen,Medizinische Einrichtungen der Universitäten,"Agrar-, Forst- u.Ernährungswiss., Veterinärmedizin",
2021-01-01T00:00:00.000Z,Berlin,Pädagogische Hochschulen,"Rechts-, Wirtschafts- und Sozialwissenschaften",
2021-01-01T00:00:00.000Z,Sachsen,Universitäten (ohne Medizinische Einrichtungen),Humanmedizin/Gesundheitswissenschaften,
2020-01-01T00:00:00.000Z,Sachsen-Anhalt,Verwaltungsfachhochschulen,"Mathematik, Naturwissenschaften",
2021-01-01T00:00:00.000Z,Hamburg,Verwaltungsfachhochschulen,"Kunst, Kunstwissenschaft",
2022-01-01T00:00:00.000Z,Nordrhein-Westfalen,Medizinische Einrichtungen der Universitäten,Zentr.Einrichtungen (o. klinikspez. Einrichtungen),
2019-01-01T00:00:00.000Z,Hamburg,Kunsthochschulen,"Agrar-, Forst- u.Ernährungswiss., Veterinärmedizin",
2020-01-01T00:00:00.000Z,Nordrhein-Westfalen,Medizinische Einrichtungen der Universitäten,"Agrar-, Forst- u.Ernährungswiss., Veterinärmedizin",
2019-01-01T00:00:00.000Z,Thüringen,Pädagogische Hochschulen,"Rechts-, Wirtschafts- und Sozialwissenschaften",
2021-01-01T00:00:00.000Z,Sachsen,Verwaltungsfachhochschulen,Geisteswissenschaften,
2021-01-01T00:00:00.000Z,Sachsen-Anhalt,Universitäten (ohne Medizinische Einrichtungen),"Mathematik, Naturwissenschaften",1.6134E7
2019-01-01T00:00:00.000Z,Sachsen-Anhalt,Pädagogische Hochschulen,"Agrar-, Forst- u.Ernährungswiss., Veterinärmedizin",
2021-01-01T00:00:00.000Z,Saarland,Pädagogische Hochschulen,"Mathematik, Naturwissenschaften",
2019-01-01T00:00:00.000Z,Saarland,Universitäten (ohne Medizinische Einrichtungen),Humanmedizin/Gesundheitswissenschaften,
2020-01-01T00:00:00.000Z,Rheinland-Pfalz,Kunsthochschulen,Geisteswissenschaften,
2021-01-01T00:00:00.000Z,Baden-Württemberg,Verwaltungsfachhochschulen,Zentr.Einrichtungen (o. klinikspez. Einrichtungen),174000.0
2019-01-01T00:00:00.000Z,Bayern,Verwaltungsfachhochschulen,Geisteswissenschaften,
2021-01-01T00:00:00.000Z,Berlin,Fachhochschulen,Ingenieurwissenschaften,9366000.0
2021-01-01T00:00:00.000Z,Saarland,Kunsthochschulen,"Rechts-, Wirtschafts- und Sozialwissenschaften",
2022-01-01T00:00:00.000Z,Sachsen-Anhalt,Theologische Hochschulen,Humanmedizin/Gesundheitswissenschaften,
2022-01-01T00:00:00.000Z,Thüringen,Verwaltungsfachhochschulen,Ingenieurwissenschaften,
2022-01-01T00:00:00.000Z,Schleswig-Holstein,Verwaltungsfachhochschulen,"Kunst, Kunstwissenschaft",
2019-01-01T00:00:00.000Z,Berlin,Pädagogische Hochschulen,"Mathematik, Naturwissenschaften",
2022-01-01T00:00:00.000Z,Sachsen-Anhalt,Medizinische Einrichtungen der Universitäten,"Kunst, Kunstwissenschaft",
2022-01-01T00:00:00.000Z,Rheinland-Pfalz,Medizinische Einrichtungen der Universitäten,"Mathematik, Naturwissenschaften",
2019-01-01T00:00:00.000Z,Nordrhein-Westfalen,Universitäten (ohne Medizinische Einrichtungen),Humanmedizin/Gesundheitswissenschaften,
2020-01-01T00:00:00.000Z,Saarland,Medizinische Einrichtungen der Universitäten,"Agrar-, Forst- u.Ernährungswiss., Veterinärmedizin",
2020-01-01T00:00:00.000Z,Sachsen,Universitäten (ohne Medizinische Einrichtungen),Zentr.Einrichtungen (o. klinikspez. Einrichtungen),3.5606E7
2019-01-01T00:00:00.000Z,Bremen,Kunsthochschulen,"Agrar-, Forst- u.Ernährungswiss., Veterinärmedizin",
2020-01-01T00:00:00.000Z,Hessen,Medizinische Einrichtungen der Universitäten,"Kunst, Kunstwissenschaft",
2020-01-01T00:00:00.000Z,Nordrhein-Westfalen,Theologische Hochschulen,Ingenieurwissenschaften,
2021-01-01T00:00:00.000Z,Bayern,Pädagogische Hochschulen,"Agrar-, Forst- u.Ernährungswiss., Veterinärmedizin",
2020-01-01T00:00:00.000Z,Thüringen,Theologische Hochschulen,"Kunst, Kunstwissenschaft",
2020-01-01T00:00:00.000Z,Baden-Württemberg,Medizinische Einrichtungen der Universitäten,Humanmedizin/Gesundheitswissenschaften,4.32736E8
2021-01-01T00:00:00.000Z,Schleswig-Holstein,Fachhochschulen,Ingenieurwissenschaften,1.1248E7
2021-01-01T00:00:00.000Z,Niedersachsen,Universitäten (ohne Medizinische Einrichtungen),"Agrar-, Forst- u.Ernährungswiss., Veterinärmedizin",3.9577E7
2019-01-01T00:00:00.000Z,Niedersachsen,Universitäten (ohne Medizinische Einrichtungen),"Kunst, Kunstwissenschaft",1941000.0
2021-01-01T00:00:00.000Z,Bremen,Verwaltungsfachhochschulen,Geisteswissenschaften,
2019-01-01T00:00:00.000Z,Nordrhein-Westfalen,Pädagogische Hochschulen,"Mathematik, Naturwissenschaften",
2022-01-01T00:00:00.000Z,Mecklenburg-Vorpommern,Fachhochschulen,"Mathematik, Naturwissenschaften",
2020-01-01T00:00:00.000Z,Bremen,Pädagogische Hochschulen,Sport,
2022-01-01T00:00:00.000Z,Niedersachsen,Kunsthochschulen,"Kunst, Kunstwissenschaft",1181000.0
2022-01-01T00:00:00.000Z,Brandenburg,Verwaltungsfachhochschulen,"Kunst, Kunstwissenschaft",
2020-01-01T00:00:00.000Z,Niedersachsen,Fachhochschulen,"Kunst, Kunstwissenschaft",1128000.0
2022-01-01T00:00:00.000Z,Rheinland-Pfalz,Medizinische Einrichtungen der Universitäten,Geisteswissenschaften,
2019-01-01T00:00:00.000Z,Rheinland-Pfalz,Theologische Hochschulen,Ingenieurwissenschaften,
2019-01-01T00:00:00.000Z,Bayern,Medizinische Einrichtungen der Universitäten,Zentr.Einrichtungen (o. klinikspez. Einrichtungen),
2022-01-01T00:00:00.000Z,Bayern,Universitäten (ohne Medizinische Einrichtungen),"Kunst, Kunstwissenschaft",4255000.0
2022-01-01T00:00:00.000Z,Mecklenburg-Vorpommern,Universitäten (ohne Medizinische Einrichtungen),"Agrar-, Forst- u.Ernährungswiss., Veterinärmedizin",1.2415E7
2020-01-01T00:00:00.000Z,Thüringen,Kunsthochschulen,"Agrar-, Forst- u.Ernährungswiss., Veterinärmedizin",
2021-01-01T00:00:00.000Z,Brandenburg,Theologische Hochschulen,Ingenieurwissenschaften,
2019-01-01T00:00:00.000Z,Hamburg,Universitäten (ohne Medizinische Einrichtungen),Zentr.Einrichtungen (o. klinikspez. Einrichtungen),5.4308E7
2019-01-01T00:00:00.000Z,Sachsen-Anhalt,Pädagogische Hochschulen,"Mathematik, Naturwissenschaften",
2021-01-01T00:00:00.000Z,Hamburg,Universitäten (ohne Medizinische Einrichtungen),"Rechts-, Wirtschafts- und Sozialwissenschaften",2.6802E7
2019-01-01T00:00:00.000Z,Berlin,Medizinische Einrichtungen der Universitäten,"Agrar-, Forst- u.Ernährungswiss., Veterinärmedizin",
2020-01-01T00:00:00.000Z,Bayern,Fachhochschulen,"Kunst, Kunstwissenschaft",160000.0
2022-01-01T00:00:00.000Z,Bayern,Verwaltungsfachhochschulen,Humanmedizin/Gesundheitswissenschaften,
2021-01-01T00:00:00.000Z,Bayern,Theologische Hochschulen,Humanmedizin/Gesundheitswissenschaften,
2020-01-01T00:00:00.000Z,Schleswig-Holstein,Theologische Hochschulen,Ingenieurwissenschaften,
2019-01-01T00:00:00.000Z,Rheinland-Pfalz,Medizinische Einrichtungen der Universitäten,"Kunst, Kunstwissenschaft",
2019-01-01T00:00:00.000Z,Sachsen-Anhalt,Kunsthochschulen,"Rechts-, Wirtschafts- und Sozialwissenschaften",
2022-01-01T00:00:00.000Z,Thüringen,Universitäten (ohne Medizinische Einrichtungen),"Rechts-, Wirtschafts- und Sozialwissenschaften",1.7406E7
2021-01-01T00:00:00.000Z,Baden-Württemberg,Verwaltungsfachhochschulen,Geisteswissenschaften,
2020-01-01T00:00:00.000Z,Bremen,Universitäten (ohne Medizinische Einrichtungen),Humanmedizin/Gesundheitswissenschaften,
2022-01-01T00:00:00.000Z,Sachsen-Anhalt,Verwaltungsfachhochschulen,Geisteswissenschaften,
2022-01-01T00:00:00.000Z,Schleswig-Holstein,Universitäten (ohne Medizinische Einrichtungen),Ingenieurwissenschaften,2.4074E7
2019-01-01T00:00:00.000Z,Niedersachsen,Medizinische Einrichtungen der Universitäten,Zentr.Einrichtungen (o. klinikspez. Einrichtungen),
2019-01-01T00:00:00.000Z,Baden-Württemberg,Universitäten (ohne Medizinische Einrichtungen),Zentr.Einrichtungen (o. klinikspez. Einrichtungen),1.31309E8
2019-01-01T00:00:00.000Z,Sachsen-Anhalt,Medizinische Einrichtungen der Universitäten,"Rechts-, Wirtschafts- und Sozialwissenschaften",
2020-01-01T00:00:00.000Z,Brandenburg,Kunsthochschulen,Sport,
2019-01-01T00:00:00.000Z,Bremen,Theologische Hochschulen,"Kunst, Kunstwissenschaft",
2019-01-01T00:00:00.000Z,Mecklenburg-Vorpommern,Fachhochschulen,"Agrar-, Forst- u.Ernährungswiss., Veterinärmedizin",759000.0
2020-01-01T00:00:00.000Z,Schleswig-Holstein,Kunsthochschulen,Humanmedizin/Gesundheitswissenschaften,
2019-01-01T00:00:00.000Z,Bremen,Kunsthochschulen,"Mathematik, Naturwissenschaften",
2019-01-01T00:00:00.000Z,Hessen,Fachhochschulen,Ingenieurwissenschaften,9691000.0
2022-01-01T00:00:00.000Z,Sachsen,Theologische Hochschulen,"Mathematik, Naturwissenschaften",
2020-01-01T00:00:00.000Z,Rheinland-Pfalz,Kunsthochschulen,Humanmedizin/Gesundheitswissenschaften,
2022-01-01T00:00:00.000Z,Hessen,Fachhochschulen,Sport,0.0
2022-01-01T00:00:00.000Z,Hamburg,Fachhochschulen,Humanmedizin/Gesundheitswissenschaften,1794000.0
2022-01-01T00:00:00.000Z,Bremen,Kunsthochschulen,Zentr.Einrichtungen (o. klinikspez. Einrichtungen),943000.0
2022-01-01T00:00:00.000Z,Baden-Württemberg,Fachhochschulen,"Agrar-, Forst- u.Ernährungswiss., Veterinärmedizin",2615000.0
2021-01-01T00:00:00.000Z,Saarland,Medizinische Einrichtungen der Universitäten,"Kunst, Kunstwissenschaft",
2021-01-01T00:00:00.000Z,Rheinland-Pfalz,Theologische Hochschulen,"Mathematik, Naturwissenschaften",
2020-01-01T00:00:00.000Z,Saarland,Pädagogische Hochschulen,"Rechts-, Wirtschafts- und Sozialwissenschaften",
2021-01-01T00:00:00.000Z,Schleswig-Holstein,Verwaltungsfachhochschulen,"Agrar-, Forst- u.Ernährungswiss., Veterinärmedizin",
2020-01-01T00:00:00.000Z,Hessen,Pädagogische Hochschulen,Sport,
2019-01-01T00:00:00.000Z,Thüringen,Fachhochschulen,Sport,
2020-01-01T00:00:00.000Z,Mecklenburg-Vorpommern,Pädagogische Hochschulen,"Mathematik, Naturwissenschaften",
2019-01-01T00:00:00.000Z,Berlin,Verwaltungsfachhochschulen,Geisteswissenschaften,
2019-01-01T00:00:00.000Z,Thüringen,Pädagogische Hochschulen,Geisteswissenschaften,
2022-01-01T00:00:00.000Z,Bremen,Universitäten (ohne Medizinische Einrichtungen),Zentr.Einrichtungen (o. klinikspez. Einrichtungen),1.5872E7
2020-01-01T00:00:00.000Z,Baden-Württemberg,Verwaltungsfachhochschulen,Humanmedizin/Gesundheitswissenschaften,
2022-01-01T00:00:00.000Z,Schleswig-Holstein,Verwaltungsfachhochschulen,"Mathematik, Naturwissenschaften",
2022-01-01T00:00:00.000Z,Hessen,Kunsthochschulen,Sport,
2022-01-01T00:00:00.000Z,Hessen,Theologische Hochschulen,"Kunst, Kunstwissenschaft",
2022-01-01T00:00:00.000Z,Brandenburg,Medizinische Einrichtungen der Universitäten,"Rechts-, Wirtschafts- und Sozialwissenschaften",
2022-01-01T00:00:00.000Z,Sachsen-Anhalt,Universitäten (ohne Medizinische Einrichtungen),Geisteswissenschaften,3041000.0
2022-01-01T00:00:00.000Z,Thüringen,Verwaltungsfachhochschulen,Zentr.Einrichtungen (o. klinikspez. Einrichtungen),0.0
2020-01-01T00:00:00.000Z,Niedersachsen,Kunsthochschulen,"Rechts-, Wirtschafts- und Sozialwissenschaften",370000.0
2021-01-01T00:00:00.000Z,Hessen,Fachhochschulen,"Mathematik, Naturwissenschaften",1408000.0
2022-01-01T00:00:00.000Z,Niedersachsen,Fachhochschulen,Zentr.Einrichtungen (o. klinikspez. Einrichtungen),1.2985E7
2022-01-01T00:00:00.000Z,Mecklenburg-Vorpommern,Theologische Hochschulen,Ingenieurwissenschaften,
2020-01-01T00:00:00.000Z,Sachsen,Fachhochschulen,Humanmedizin/Gesundheitswissenschaften,0.0
2021-01-01T00:00:00.000Z,Saarland,Theologische Hochschulen,Humanmedizin/Gesundheitswissenschaften,
2021-01-01T00:00:00.000Z,Brandenburg,Fachhochschulen,"Mathematik, Naturwissenschaften",1325000.0
2022-01-01T00:00:00.000Z,Schleswig-Holstein,Kunsthochschulen,"Rechts-, Wirtschafts- und Sozialwissenschaften",
2019-01-01T00:00:00.000Z,Niedersachsen,Theologische Hochschulen,Ingenieurwissenschaften,
2019-01-01T00:00:00.000Z,Bayern,Kunsthochschulen,Geisteswissenschaften,0.0
2022-01-01T00:00:00.000Z,Bremen,Fachhochschulen,Sport,
2019-01-01T00:00:00.000Z,Bayern,Medizinische Einrichtungen der Universitäten,Humanmedizin/Gesundheitswissenschaften,3.69783E8
2022-01-01T00:00:00.000Z,Rheinland-Pfalz,Theologische Hochschulen,Ingenieurwissenschaften,
2021-01-01T00:00:00.000Z,Saarland,Theologische Hochschulen,Sport,
2022-01-01T00:00:00.000Z,Hamburg,Universitäten (ohne Medizinische Einrichtungen),Zentr.Einrichtungen (o. klinikspez. Einrichtungen),5.8344E7
2019-01-01T00:00:00.000Z,Nordrhein-Westfalen,Verwaltungsfachhochschulen,Geisteswissenschaften,
2019-01-01T00:00:00.000Z,Sachsen,Medizinische Einrichtungen der Universitäten,Humanmedizin/Gesundheitswissenschaften,9.6745E7
2022-01-01T00:00:00.000Z,Bayern,Universitäten (ohne Medizinische Einrichtungen),Geisteswissenschaften,5.2503E7
2019-01-01T00:00:00.000Z,Berlin,Universitäten (ohne Medizinische Einrichtungen),"Mathematik, Naturwissenschaften",1.41494E8
2022-01-01T00:00:00.000Z,Baden-Württemberg,Universitäten (ohne Medizinische Einrichtungen),"Agrar-, Forst- u.Ernährungswiss., Veterinärmedizin",3.452E7
2021-01-01T00:00:00.000Z,Saarland,Verwaltungsfachhochschulen,"Kunst, Kunstwissenschaft",
2020-01-01T00:00:00.000Z,Bayern,Fachhochschulen,Geisteswissenschaften,851000.0
2020-01-01T00:00:00.000Z,Saarland,Verwaltungsfachhochschulen,Ingenieurwissenschaften,
2022-01-01T00:00:00.000Z,Bremen,Theologische Hochschulen,"Kunst, Kunstwissenschaft",
2021-01-01T00:00:00.000Z,Hamburg,Kunsthochschulen,Ingenieurwissenschaften,
2019-01-01T00:00:00.000Z,Sachsen,Kunsthochschulen,Sport,
2022-01-01T00:00:00.000Z,Sachsen-Anhalt,Verwaltungsfachhochschulen,"Kunst, Kunstwissenschaft",
2022-01-01T00:00:00.000Z,Sachsen,Verwaltungsfachhochschulen,Zentr.Einrichtungen (o. klinikspez. Einrichtungen),116000.0
2021-01-01T00:00:00.000Z,Bayern,Medizinische Einrichtungen der Universitäten,Ingenieurwissenschaften,
2019-01-01T00:00:00.000Z,Hessen,Universitäten (ohne Medizinische Einrichtungen),Geisteswissenschaften,3.0986E7
2020-01-01T00:00:00.000Z,Brandenburg,Fachhochschulen,Humanmedizin/Gesundheitswissenschaften,
2021-01-01T00:00:00.000Z,Niedersachsen,Fachhochschulen,"Agrar-, Forst- u.Ernährungswiss., Veterinärmedizin",5608000.0
2021-01-01T00:00:00.000Z,Niedersachsen,Verwaltungsfachhochschulen,Ingenieurwissenschaften,
2021-01-01T00:00:00.000Z,Niedersachsen,Theologische Hochschulen,"Mathematik, Naturwissenschaften",
2019-01-01T00:00:00.000Z,Mecklenburg-Vorpommern,Pädagogische Hochschulen,Zentr.Einrichtungen (o. klinikspez. Einrichtungen),
2019-01-01T00:00:00.000Z,Hamburg,Fachhochschulen,Ingenieurwissenschaften,7802000.0
2020-01-01T00:00:00.000Z,Thüringen,Kunsthochschulen,Sport,
2021-01-01T00:00:00.000Z,Berlin,Fachhochschulen,"Kunst, Kunstwissenschaft",1038000.0
2019-01-01T00:00:00.000Z,Mecklenburg-Vorpommern,Medizinische Einrichtungen der Universitäten,"Rechts-, Wirtschafts- und Sozialwissenschaften",
2021-01-01T00:00:00.000Z,Niedersachsen,Fachhochschulen,Sport,
2019-01-01T00:00:00.000Z,Baden-Württemberg,Theologische Hochschulen,Sport,
2019-01-01T00:00:00.000Z,Bayern,Kunsthochschulen,"Kunst, Kunstwissenschaft",4590000.0
2019-01-01T00:00:00.000Z,Nordrhein-Westfalen,Universitäten (ohne Medizinische Einrichtungen),"Agrar-, Forst- u.Ernährungswiss., Veterinärmedizin",1.2565E7
2022-01-01T00:00:00.000Z,Brandenburg,Fachhochschulen,Ingenieurwissenschaften,9706000.0
2021-01-01T00:00:00.000Z,Thüringen,Theologische Hochschulen,Ingenieurwissenschaften,
2022-01-01T00:00:00.000Z,Baden-Württemberg,Universitäten (ohne Medizinische Einrichtungen),"Mathematik, Naturwissenschaften",3.10916E8
2020-01-01T00:00:00.000Z,Hamburg,Theologische Hochschulen,"Agrar-, Forst- u.Ernährungswiss., Veterinärmedizin",
2021-01-01T00:00:00.000Z,Baden-Württemberg,Kunsthochschulen,Zentr.Einrichtungen (o. klinikspez. Einrichtungen),372000.0
2019-01-01T00:00:00.000Z,Brandenburg,Kunsthochschulen,"Kunst, Kunstwissenschaft",
2020-01-01T00:00:00.000Z,Hessen,Theologische Hochschulen,"Mathematik, Naturwissenschaften",
2020-01-01T00:00:00.000Z,Bremen,Pädagogische Hochschulen,"Rechts-, Wirtschafts- und Sozialwissenschaften",
2020-01-01T00:00:00.000Z,Thüringen,Fachhochschulen,Zentr.Einrichtungen (o. klinikspez. Einrichtungen),3214000.0
2019-01-01T00:00:00.000Z,Bayern,Verwaltungsfachhochschulen,Humanmedizin/Gesundheitswissenschaften,
2022-01-01T00:00:00.000Z,Thüringen,Pädagogische Hochschulen,"Rechts-, Wirtschafts- und Sozialwissenschaften",
2019-01-01T00:00:00.000Z,Rheinland-Pfalz,Medizinische Einrichtungen der Universitäten,"Mathematik, Naturwissenschaften",
2022-01-01T00:00:00.000Z,Nordrhein-Westfalen,Kunsthochschulen,"Rechts-, Wirtschafts- und Sozialwissenschaften",1114000.0
2020-01-01T00:00:00.000Z,Bayern,Theologische Hochschulen,Ingenieurwissenschaften,
2022-01-01T00:00:00.000Z,Sachsen-Anhalt,Fachhochschulen,"Agrar-, Forst- u.Ernährungswiss., Veterinärmedizin",2870000.0
2019-01-01T00:00:00.000Z,Sachsen,Verwaltungsfachhochschulen,Humanmedizin/Gesundheitswissenschaften,
2021-01-01T00:00:00.000Z,Baden-Württemberg,Fachhochschulen,"Kunst, Kunstwissenschaft",1743000.0
2022-01-01T00:00:00.000Z,Bayern,Verwaltungsfachhochschulen,Geisteswissenschaften,
2021-01-01T00:00:00.000Z,Baden-Württemberg,Kunsthochschulen,Geisteswissenschaften,
2022-01-01T00:00:00.000Z,Baden-Württemberg,Fachhochschulen,"Rechts-, Wirtschafts- und Sozialwissenschaften",2.1476E7
2019-01-01T00:00:00.000Z,Brandenburg,Pädagogische Hochschulen,Zentr.Einrichtungen (o. klinikspez. Einrichtungen),
2021-01-01T00:00:00.000Z,Brandenburg,Medizinische Einrichtungen der Universitäten,"Mathematik, Naturwissenschaften",
2021-01-01T00:00:00.000Z,Schleswig-Holstein,Fachhochschulen,"Agrar-, Forst- u.Ernährungswiss., Veterinärmedizin",148000.0
2019-01-01T00:00:00.000Z,Schleswig-Holstein,Verwaltungsfachhochschulen,"Mathematik, Naturwissenschaften",
2019-01-01T00:00:00.000Z,Saarland,Kunsthochschulen,"Kunst, Kunstwissenschaft",0.0
2021-01-01T00:00:00.000Z,Thüringen,Medizinische Einrichtungen der Universitäten,"Kunst, Kunstwissenschaft",
2019-01-01T00:00:00.000Z,Brandenburg,Medizinische Einrichtungen der Universitäten,"Rechts-, Wirtschafts- und Sozialwissenschaften",
2022-01-01T00:00:00.000Z,Niedersachsen,Universitäten (ohne Medizinische Einrichtungen),"Kunst, Kunstwissenschaft",2080000.0
2021-01-01T00:00:00.000Z,Hamburg,Medizinische Einrichtungen der Universitäten,"Rechts-, Wirtschafts- und Sozialwissenschaften",
2019-01-01T00:00:00.000Z,Brandenburg,Fachhochschulen,Ingenieurwissenschaften,7503000.0
2019-01-01T00:00:00.000Z,Bayern,Fachhochschulen,"Rechts-, Wirtschafts- und Sozialwissenschaften",1.1786E7
2021-01-01T00:00:00.000Z,Mecklenburg-Vorpommern,Theologische Hochschulen,"Mathematik, Naturwissenschaften",
2022-01-01T00:00:00.000Z,Hessen,Fachhochschulen,Ingenieurwissenschaften,1.6249E7
2022-01-01T00:00:00.000Z,Sachsen,Medizinische Einrichtungen der Universitäten,"Rechts-, Wirtschafts- und Sozialwissenschaften",
2022-01-01T00:00:00.000Z,Nordrhein-Westfalen,Kunsthochschulen,"Kunst, Kunstwissenschaft",4568000.0
2022-01-01T00:00:00.000Z,Schleswig-Holstein,Medizinische Einrichtungen der Universitäten,Ingenieurwissenschaften,
2021-01-01T00:00:00.000Z,Bremen,Verwaltungsfachhochschulen,Ingenieurwissenschaften,
2022-01-01T00:00:00.000Z,Hamburg,Kunsthochschulen,Sport,
2021-01-01T00:00:00.000Z,Nordrhein-Westfalen,Pädagogische Hochschulen,"Rechts-, Wirtschafts- und Sozialwissenschaften",
2022-01-01T00:00:00.000Z,Brandenburg,Kunsthochschulen,Geisteswissenschaften,
2020-01-01T00:00:00.000Z,Hamburg,Theologische Hochschulen,"Mathematik, Naturwissenschaften",
2021-01-01T00:00:00.000Z,Sachsen-Anhalt,Pädagogische Hochschulen,"Rechts-, Wirtschafts- und Sozialwissenschaften",
2021-01-01T00:00:00.000Z,Rheinland-Pfalz,Universitäten (ohne Medizinische Einrichtungen),Ingenieurwissenschaften,4.5719E7
2022-01-01T00:00:00.000Z,Saarland,Fachhochschulen,"Kunst, Kunstwissenschaft",
2022-01-01T00:00:00.000Z,Rheinland-Pfalz,Universitäten (ohne Medizinische Einrichtungen),"Mathematik, Naturwissenschaften",9.6047E7
2021-01-01T00:00:00.000Z,Hessen,Theologische Hochschulen,Ingenieurwissenschaften,
2019-01-01T00:00:00.000Z,Brandenburg,Theologische Hochschulen,Zentr.Einrichtungen (o. klinikspez. Einrichtungen),
2021-01-01T00:00:00.000Z,Bayern,Kunsthochschulen,Zentr.Einrichtungen (o. klinikspez. Einrichtungen),103000.0
2021-01-01T00:00:00.000Z,Mecklenburg-Vorpommern,Kunsthochschulen,Sport,
2019-01-01T00:00:00.000Z,Berlin,Theologische Hochschulen,Sport,
2021-01-01T00:00:00.000Z,Sachsen,Theologische Hochschulen,"Agrar-, Forst- u.Ernährungswiss., Veterinärmedizin",
2019-01-01T00:00:00.000Z,Hessen,Medizinische Einrichtungen der Universitäten,"Mathematik, Naturwissenschaften",
2019-01-01T00:00:00.000Z,Bremen,Pädagogische Hochschulen,Humanmedizin/Gesundheitswissenschaften,
2020-01-01T00:00:00.000Z,Sachsen,Fachhochschulen,Sport,
2021-01-01T00:00:00.000Z,Sachsen-Anhalt,Medizinische Einrichtungen der Universitäten,"Agrar-, Forst- u.Ernährungswiss., Veterinärmedizin",
2022-01-01T00:00:00.000Z,Bremen,Fachhochschulen,Humanmedizin/Gesundheitswissenschaften,75000.0
2020-01-01T00:00:00.000Z,Hamburg,Theologische Hochschulen,Geisteswissenschaften,
2022-01-01T00:00:00.000Z,Sachsen-Anhalt,Kunsthochschulen,"Rechts-, Wirtschafts- und Sozialwissenschaften",
2022-01-01T00:00:00.000Z,Berlin,Pädagogische Hochschulen,"Agrar-, Forst- u.Ernährungswiss., Veterinärmedizin",
2021-01-01T00:00:00.000Z,Bremen,Kunsthochschulen,"Rechts-, Wirtschafts- und Sozialwissenschaften",
2021-01-01T00:00:00.000Z,Schleswig-Holstein,Medizinische Einrichtungen der Universitäten,"Rechts-, Wirtschafts- und Sozialwissenschaften",
2020-01-01T00:00:00.000Z,Brandenburg,Theologische Hochschulen,"Mathematik, Naturwissenschaften",
2019-01-01T00:00:00.000Z,Rheinland-Pfalz,Fachhochschulen,Geisteswissenschaften,25000.0
2019-01-01T00:00:00.000Z,Baden-Württemberg,Fachhochschulen,Humanmedizin/Gesundheitswissenschaften,1726000.0
2020-01-01T00:00:00.000Z,Sachsen,Kunsthochschulen,Zentr.Einrichtungen (o. klinikspez. Einrichtungen),84000.0
2022-01-01T00:00:00.000Z,Thüringen,Fachhochschulen,Ingenieurwissenschaften,1.4865E7
2020-01-01T00:00:00.000Z,Rheinland-Pfalz,Universitäten (ohne Medizinische Einrichtungen),"Rechts-, Wirtschafts- und Sozialwissenschaften",1.8104E7
2019-01-01T00:00:00.000Z,Bayern,Universitäten (ohne Medizinische Einrichtungen),"Kunst, Kunstwissenschaft",5555000.0
2022-01-01T00:00:00.000Z,Sachsen-Anhalt,Medizinische Einrichtungen der Universitäten,"Rechts-, Wirtschafts- und Sozialwissenschaften",
2019-01-01T00:00:00.000Z,Mecklenburg-Vorpommern,Universitäten (ohne Medizinische Einrichtungen),"Agrar-, Forst- u.Ernährungswiss., Veterinärmedizin",5950000.0
2020-01-01T00:00:00.000Z,Brandenburg,Universitäten (ohne Medizinische Einrichtungen),Zentr.Einrichtungen (o. klinikspez. Einrichtungen),2.9549E7
2021-01-01T00:00:00.000Z,Sachsen-Anhalt,Kunsthochschulen,"Agrar-, Forst- u.Ernährungswiss., Veterinärmedizin",
2020-01-01T00:00:00.000Z,Schleswig-Holstein,Fachhochschulen,"Kunst, Kunstwissenschaft",
2019-01-01T00:00:00.000Z,Schleswig-Holstein,Verwaltungsfachhochschulen,Geisteswissenschaften,
2020-01-01T00:00:00.000Z,Thüringen,Medizinische Einrichtungen der Universitäten,Humanmedizin/Gesundheitswissenschaften,4.6467E7
2019-01-01T00:00:00.000Z,Berlin,Theologische Hochschulen,Zentr.Einrichtungen (o. klinikspez. Einrichtungen),
2022-01-01T00:00:00.000Z,Berlin,Kunsthochschulen,"Rechts-, Wirtschafts- und Sozialwissenschaften",
2019-01-01T00:00:00.000Z,Sachsen-Anhalt,Verwaltungsfachhochschulen,Geisteswissenschaften,
2020-01-01T00:00:00.000Z,Hamburg,Medizinische Einrichtungen der Universitäten,"Agrar-, Forst- u.Ernährungswiss., Veterinärmedizin",
2020-01-01T00:00:00.000Z,Sachsen-Anhalt,Medizinische Einrichtungen der Universitäten,Ingenieurwissenschaften,
2020-01-01T00:00:00.000Z,Hamburg,Pädagogische Hochschulen,Ingenieurwissenschaften,
2019-01-01T00:00:00.000Z,Hessen,Pädagogische Hochschulen,Sport,
2020-01-01T00:00:00.000Z,Baden-Württemberg,Universitäten (ohne Medizinische Einrichtungen),"Rechts-, Wirtschafts- und Sozialwissenschaften",7.7402E7
2022-01-01T00:00:00.000Z,Mecklenburg-Vorpommern,Theologische Hochschulen,Geisteswissenschaften,
2022-01-01T00:00:00.000Z,Niedersachsen,Verwaltungsfachhochschulen,Humanmedizin/Gesundheitswissenschaften,
2020-01-01T00:00:00.000Z,Schleswig-Holstein,Fachhochschulen,"Mathematik, Naturwissenschaften",839000.0
2022-01-01T00:00:00.000Z,Schleswig-Holstein,Verwaltungsfachhochschulen,Zentr.Einrichtungen (o. klinikspez. Einrichtungen),
2019-01-01T00:00:00.000Z,Saarland,Universitäten (ohne Medizinische Einrichtungen),"Mathematik, Naturwissenschaften",1.0601E7
2021-01-01T00:00:00.000Z,Nordrhein-Westfalen,Pädagogische Hochschulen,Humanmedizin/Gesundheitswissenschaften,
2022-01-01T00:00:00.000Z,Baden-Württemberg,Pädagogische Hochschulen,"Agrar-, Forst- u.Ernährungswiss., Veterinärmedizin",20000.0
2019-01-01T00:00:00.000Z,Baden-Württemberg,Universitäten (ohne Medizinische Einrichtungen),"Agrar-, Forst- u.Ernährungswiss., Veterinärmedizin",3.0302E7
2019-01-01T00:00:00.000Z,Niedersachsen,Theologische Hochschulen,"Agrar-, Forst- u.Ernährungswiss., Veterinärmedizin",
2020-01-01T00:00:00.000Z,Saarland,Medizinische Einrichtungen der Universitäten,Sport,
2020-01-01T00:00:00.000Z,Hessen,Universitäten (ohne Medizinische Einrichtungen),"Rechts-, Wirtschafts- und Sozialwissenschaften",6.0671E7
2020-01-01T00:00:00.000Z,Thüringen,Kunsthochschulen,Humanmedizin/Gesundheitswissenschaften,
2020-01-01T00:00:00.000Z,Schleswig-Holstein,Verwaltungsfachhochschulen,Zentr.Einrichtungen (o. klinikspez. Einrichtungen),
2020-01-01T00:00:00.000Z,Saarland,Pädagogische Hochschulen,Geisteswissenschaften,
2021-01-01T00:00:00.000Z,Mecklenburg-Vorpommern,Kunsthochschulen,"Agrar-, Forst- u.Ernährungswiss., Veterinärmedizin",
2021-01-01T00:00:00.000Z,Bremen,Universitäten (ohne Medizinische Einrichtungen),Geisteswissenschaften,819000.0
2020-01-01T00:00:00.000Z,Hessen,Pädagogische Hochschulen,Ingenieurwissenschaften,
2019-01-01T00:00:00.000Z,Berlin,Theologische Hochschulen,"Kunst, Kunstwissenschaft",
2022-01-01T00:00:00.000Z,Mecklenburg-Vorpommern,Pädagogische Hochschulen,Geisteswissenschaften,
2021-01-01T00:00:00.000Z,Bayern,Pädagogische Hochschulen,Sport,
2019-01-01T00:00:00.000Z,Thüringen,Medizinische Einrichtungen der Universitäten,Sport,
2019-01-01T00:00:00.000Z,Schleswig-Holstein,Kunsthochschulen,"Kunst, Kunstwissenschaft",703000.0
2020-01-01T00:00:00.000Z,Brandenburg,Pädagogische Hochschulen,"Kunst, Kunstwissenschaft",
2020-01-01T00:00:00.000Z,Thüringen,Universitäten (ohne Medizinische Einrichtungen),Sport,347000.0
2019-01-01T00:00:00.000Z,Sachsen,Pädagogische Hochschulen,Zentr.Einrichtungen (o. klinikspez. Einrichtungen),
2021-01-01T00:00:00.000Z,Saarland,Universitäten (ohne Medizinische Einrichtungen),Geisteswissenschaften,9525000.0
2022-01-01T00:00:00.000Z,Mecklenburg-Vorpommern,Pädagogische Hochschulen,Zentr.Einrichtungen (o. klinikspez. Einrichtungen),
2019-01-01T00:00:00.000Z,Saarland,Theologische Hochschulen,Zentr.Einrichtungen (o. klinikspez. Einrichtungen),
2020-01-01T00:00:00.000Z,Saarland,Fachhochschulen,Geisteswissenschaften,
2022-01-01T00:00:00.000Z,Thüringen,Kunsthochschulen,Humanmedizin/Gesundheitswissenschaften,
2022-01-01T00:00:00.000Z,Nordrhein-Westfalen,Medizinische Einrichtungen der Universitäten,"Mathematik, Naturwissenschaften",
2022-01-01T00:00:00.000Z,Rheinland-Pfalz,Kunsthochschulen,Ingenieurwissenschaften,
2020-01-01T00:00:00.000Z,Sachsen-Anhalt,Kunsthochschulen,"Kunst, Kunstwissenschaft",40000.0
2021-01-01T00:00:00.000Z,Rheinland-Pfalz,Kunsthochschulen,Zentr.Einrichtungen (o. klinikspez. Einrichtungen),
2019-01-01T00:00:00.000Z,Nordrhein-Westfalen,Theologische Hochschulen,"Agrar-, Forst- u.Ernährungswiss., Veterinärmedizin",
2022-01-01T00:00:00.000Z,Saarland,Fachhochschulen,"Rechts-, Wirtschafts- und Sozialwissenschaften",2034000.0
2019-01-01T00:00:00.000Z,Rheinland-Pfalz,Fachhochschulen,"Mathematik, Naturwissenschaften",1028000.0
2022-01-01T00:00:00.000Z,Rheinland-Pfalz,Pädagogische Hochschulen,Ingenieurwissenschaften,
2022-01-01T00:00:00.000Z,Brandenburg,Fachhochschulen,Geisteswissenschaften,728000.0
2019-01-01T00:00:00.000Z,Rheinland-Pfalz,Medizinische Einrichtungen der Universitäten,Geisteswissenschaften,
2021-01-01T00:00:00.000Z,Hessen,Kunsthochschulen,Geisteswissenschaften,
2019-01-01T00:00:00.000Z,Niedersachsen,Kunsthochschulen,"Kunst, Kunstwissenschaft",1801000.0
2019-01-01T00:00:00.000Z,Baden-Württemberg,Fachhochschulen,"Mathematik, Naturwissenschaften",4837000.0
2019-01-01T00:00:00.000Z,Bayern,Universitäten (ohne Medizinische Einrichtungen),Geisteswissenschaften,5.186E7
2021-01-01T00:00:00.000Z,Berlin,Universitäten (ohne Medizinische Einrichtungen),Geisteswissenschaften,6.2006E7
2020-01-01T00:00:00.000Z,Schleswig-Holstein,Medizinische Einrichtungen der Universitäten,Geisteswissenschaften,
2021-01-01T00:00:00.000Z,Baden-Württemberg,Kunsthochschulen,Humanmedizin/Gesundheitswissenschaften,
2020-01-01T00:00:00.000Z,Niedersachsen,Theologische Hochschulen,"Rechts-, Wirtschafts- und Sozialwissenschaften",
2022-01-01T00:00:00.000Z,Hamburg,Fachhochschulen,Zentr.Einrichtungen (o. klinikspez. Einrichtungen),7023000.0
2021-01-01T00:00:00.000Z,Mecklenburg-Vorpommern,Fachhochschulen,Zentr.Einrichtungen (o. klinikspez. Einrichtungen),1676000.0
2020-01-01T00:00:00.000Z,Nordrhein-Westfalen,Kunsthochschulen,"Agrar-, Forst- u.Ernährungswiss., Veterinärmedizin",
2020-01-01T00:00:00.000Z,Bremen,Medizinische Einrichtungen der Universitäten,Sport,
2020-01-01T00:00:00.000Z,Thüringen,Medizinische Einrichtungen der Universitäten,Ingenieurwissenschaften,
2019-01-01T00:00:00.000Z,Mecklenburg-Vorpommern,Fachhochschulen,"Mathematik, Naturwissenschaften",
2022-01-01T00:00:00.000Z,Bremen,Fachhochschulen,"Rechts-, Wirtschafts- und Sozialwissenschaften",1167000.0
2022-01-01T00:00:00.000Z,Mecklenburg-Vorpommern,Kunsthochschulen,Ingenieurwissenschaften,
2021-01-01T00:00:00.000Z,Bremen,Universitäten (ohne Medizinische Einrichtungen),"Rechts-, Wirtschafts- und Sozialwissenschaften",1.6996E7
2020-01-01T00:00:00.000Z,Niedersachsen,Verwaltungsfachhochschulen,Zentr.Einrichtungen (o. klinikspez. Einrichtungen),
2022-01-01T00:00:00.000Z,Baden-Württemberg,Pädagogische Hochschulen,Ingenieurwissenschaften,1172000.0
2022-01-01T00:00:00.000Z,Sachsen,Kunsthochschulen,Humanmedizin/Gesundheitswissenschaften,
2021-01-01T00:00:00.000Z,Mecklenburg-Vorpommern,Universitäten (ohne Medizinische Einrichtungen),Sport,23000.0
2021-01-01T00:00:00.000Z,Mecklenburg-Vorpommern,Fachhochschulen,"Rechts-, Wirtschafts- und Sozialwissenschaften",4010000.0
2019-01-01T00:00:00.000Z,Rheinland-Pfalz,Universitäten (ohne Medizinische Einrichtungen),"Mathematik, Naturwissenschaften",6.8122E7
2021-01-01T00:00:00.000Z,Hamburg,Fachhochschulen,"Kunst, Kunstwissenschaft",125000.0
2021-01-01T00:00:00.000Z,Niedersachsen,Pädagogische Hochschulen,Ingenieurwissenschaften,
2021-01-01T00:00:00.000Z,Hessen,Kunsthochschulen,"Kunst, Kunstwissenschaft",1203000.0
2020-01-01T00:00:00.000Z,Thüringen,Verwaltungsfachhochschulen,Humanmedizin/Gesundheitswissenschaften,
2022-01-01T00:00:00.000Z,Niedersachsen,Fachhochschulen,"Mathematik, Naturwissenschaften",
2019-01-01T00:00:00.000Z,Brandenburg,Pädagogische Hochschulen,Geisteswissenschaften,
2020-01-01T00:00:00.000Z,Hamburg,Verwaltungsfachhochschulen,"Agrar-, Forst- u.Ernährungswiss., Veterinärmedizin",
2021-01-01T00:00:00.000Z,Rheinland-Pfalz,Universitäten (ohne Medizinische Einrichtungen),Sport,343000.0
2019-01-01T00:00:00.000Z,Brandenburg,Fachhochschulen,Geisteswissenschaften,750000.0
2021-01-01T00:00:00.000Z,Hamburg,Pädagogische Hochschulen,Ingenieurwissenschaften,
2022-01-01T00:00:00.000Z,Thüringen,Theologische Hochschulen,Ingenieurwissenschaften,
2021-01-01T00:00:00.000Z,Brandenburg,Theologische Hochschulen,Geisteswissenschaften,
2019-01-01T00:00:00.000Z,Hamburg,Pädagogische Hochschulen,Humanmedizin/Gesundheitswissenschaften,
2019-01-01T00:00:00.000Z,Bremen,Kunsthochschulen,Humanmedizin/Gesundheitswissenschaften,
2022-01-01T00:00:00.000Z,Nordrhein-Westfalen,Kunsthochschulen,Zentr.Einrichtungen (o. klinikspez. Einrichtungen),1989000.0
2020-01-01T00:00:00.000Z,Niedersachsen,Fachhochschulen,"Rechts-, Wirtschafts- und Sozialwissenschaften",1.1809E7
2021-01-01T00:00:00.000Z,Baden-Württemberg,Theologische Hochschulen,"Rechts-, Wirtschafts- und Sozialwissenschaften",
2019-01-01T00:00:00.000Z,Baden-Württemberg,Medizinische Einrichtungen der Universitäten,Geisteswissenschaften,
2019-01-01T00:00:00.000Z,Brandenburg,Universitäten (ohne Medizinische Einrichtungen),Geisteswissenschaften,9121000.0
2022-01-01T00:00:00.000Z,Sachsen,Pädagogische Hochschulen,Ingenieurwissenschaften,
2020-01-01T00:00:00.000Z,Nordrhein-Westfalen,Fachhochschulen,Geisteswissenschaften,470000.0
2019-01-01T00:00:00.000Z,Sachsen,Fachhochschulen,"Mathematik, Naturwissenschaften",5983000.0
2020-01-01T00:00:00.000Z,Bremen,Medizinische Einrichtungen der Universitäten,"Mathematik, Naturwissenschaften",
2019-01-01T00:00:00.000Z,Baden-Württemberg,Fachhochschulen,Zentr.Einrichtungen (o. klinikspez. Einrichtungen),5.1361E7
2022-01-01T00:00:00.000Z,Niedersachsen,Medizinische Einrichtungen der Universitäten,"Agrar-, Forst- u.Ernährungswiss., Veterinärmedizin",
2021-01-01T00:00:00.000Z,Berlin,Verwaltungsfachhochschulen,"Mathematik, Naturwissenschaften",
2020-01-01T00:00:00.000Z,Saarland,Universitäten (ohne Medizinische Einrichtungen),"Kunst, Kunstwissenschaft",170000.0
2021-01-01T00:00:00.000Z,Sachsen-Anhalt,Fachhochschulen,Sport,
2019-01-01T00:00:00.000Z,Sachsen-Anhalt,Fachhochschulen,"Rechts-, Wirtschafts- und Sozialwissenschaften",2761000.0
2021-01-01T00:00:00.000Z,Niedersachsen,Theologische Hochschulen,Humanmedizin/Gesundheitswissenschaften,
2021-01-01T00:00:00.000Z,Rheinland-Pfalz,Fachhochschulen,"Rechts-, Wirtschafts- und Sozialwissenschaften",1.2341E7
2021-01-01T00:00:00.000Z,Sachsen,Universitäten (ohne Medizinische Einrichtungen),"Mathematik, Naturwissenschaften",8.2292E7
2022-01-01T00:00:00.000Z,Sachsen-Anhalt,Theologische Hochschulen,"Agrar-, Forst- u.Ernährungswiss., Veterinärmedizin",
2020-01-01T00:00:00.000Z,Brandenburg,Fachhochschulen,"Kunst, Kunstwissenschaft",465000.0
2019-01-01T00:00:00.000Z,Rheinland-Pfalz,Verwaltungsfachhochschulen,"Rechts-, Wirtschafts- und Sozialwissenschaften",81000.0
2021-01-01T00:00:00.000Z,Bremen,Pädagogische Hochschulen,"Kunst, Kunstwissenschaft",
2020-01-01T00:00:00.000Z,Sachsen,Universitäten (ohne Medizinische Einrichtungen),Geisteswissenschaften,1.3866E7
2021-01-01T00:00:00.000Z,Bremen,Medizinische Einrichtungen der Universitäten,Humanmedizin/Gesundheitswissenschaften,
2020-01-01T00:00:00.000Z,Sachsen-Anhalt,Medizinische Einrichtungen der Universitäten,Zentr.Einrichtungen (o. klinikspez. Einrichtungen),
2021-01-01T00:00:00.000Z,Niedersachsen,Universitäten (ohne Medizinische Einrichtungen),Zentr.Einrichtungen (o. klinikspez. Einrichtungen),7.7216E7
2020-01-01T00:00:00.000Z,Rheinland-Pfalz,Kunsthochschulen,"Agrar-, Forst- u.Ernährungswiss., Veterinärmedizin",
2020-01-01T00:00:00.000Z,Sachsen,Pädagogische Hochschulen,Humanmedizin/Gesundheitswissenschaften,
2021-01-01T00:00:00.000Z,Niedersachsen,Theologische Hochschulen,Geisteswissenschaften,
2020-01-01T00:00:00.000Z,Hamburg,Fachhochschulen,"Agrar-, Forst- u.Ernährungswiss., Veterinärmedizin",266000.0
2021-01-01T00:00:00.000Z,Thüringen,Verwaltungsfachhochschulen,"Kunst, Kunstwissenschaft",
2021-01-01T00:00:00.000Z,Sachsen-Anhalt,Verwaltungsfachhochschulen,"Agrar-, Forst- u.Ernährungswiss., Veterinärmedizin",
2020-01-01T00:00:00.000Z,Baden-Württemberg,Theologische Hochschulen,Zentr.Einrichtungen (o. klinikspez. Einrichtungen),
2022-01-01T00:00:00.000Z,Nordrhein-Westfalen,Verwaltungsfachhochschulen,"Rechts-, Wirtschafts- und Sozialwissenschaften",1445000.0
2021-01-01T00:00:00.000Z,Nordrhein-Westfalen,Fachhochschulen,Humanmedizin/Gesundheitswissenschaften,4354000.0
2022-01-01T00:00:00.000Z,Schleswig-Holstein,Universitäten (ohne Medizinische Einrichtungen),Geisteswissenschaften,4834000.0
2019-01-01T00:00:00.000Z,Schleswig-Holstein,Kunsthochschulen,"Rechts-, Wirtschafts- und Sozialwissenschaften",
2021-01-01T00:00:00.000Z,Schleswig-Holstein,Kunsthochschulen,Sport,
2019-01-01T00:00:00.000Z,Mecklenburg-Vorpommern,Medizinische Einrichtungen der Universitäten,Geisteswissenschaften,
2019-01-01T00:00:00.000Z,Bremen,Theologische Hochschulen,Geisteswissenschaften,
2022-01-01T00:00:00.000Z,Sachsen,Pädagogische Hochschulen,"Mathematik, Naturwissenschaften",
2019-01-01T00:00:00.000Z,Mecklenburg-Vorpommern,Theologische Hochschulen,"Kunst, Kunstwissenschaft",
2022-01-01T00:00:00.000Z,Berlin,Universitäten (ohne Medizinische Einrichtungen),"Mathematik, Naturwissenschaften",1.41749E8
2021-01-01T00:00:00.000Z,Schleswig-Holstein,Medizinische Einrichtungen der Universitäten,"Agrar-, Forst- u.Ernährungswiss., Veterinärmedizin",
2020-01-01T00:00:00.000Z,Rheinland-Pfalz,Theologische Hochschulen,"Kunst, Kunstwissenschaft",
2020-01-01T00:00:00.000Z,Brandenburg,Fachhochschulen,"Agrar-, Forst- u.Ernährungswiss., Veterinärmedizin",6972000.0
2020-01-01T00:00:00.000Z,Niedersachsen,Kunsthochschulen,Sport,
2020-01-01T00:00:00.000Z,Schleswig-Holstein,Universitäten (ohne Medizinische Einrichtungen),"Mathematik, Naturwissenschaften",1.7817E7
2022-01-01T00:00:00.000Z,Mecklenburg-Vorpommern,Universitäten (ohne Medizinische Einrichtungen),Humanmedizin/Gesundheitswissenschaften,
2022-01-01T00:00:00.000Z,Sachsen,Kunsthochschulen,"Mathematik, Naturwissenschaften",
2019-01-01T00:00:00.000Z,Nordrhein-Westfalen,Kunsthochschulen,Zentr.Einrichtungen (o. klinikspez. Einrichtungen),1884000.0
2020-01-01T00:00:00.000Z,Hessen,Verwaltungsfachhochschulen,Sport,
2021-01-01T00:00:00.000Z,Berlin,Universitäten (ohne Medizinische Einrichtungen),"Agrar-, Forst- u.Ernährungswiss., Veterinärmedizin",1.5469E7
2021-01-01T00:00:00.000Z,Sachsen-Anhalt,Theologische Hochschulen,Zentr.Einrichtungen (o. klinikspez. Einrichtungen),67000.0
2021-01-01T00:00:00.000Z,Rheinland-Pfalz,Universitäten (ohne Medizinische Einrichtungen),"Kunst, Kunstwissenschaft",1255000.0
2020-01-01T00:00:00.000Z,Saarland,Theologische Hochschulen,"Kunst, Kunstwissenschaft",
2022-01-01T00:00:00.000Z,Bayern,Pädagogische Hochschulen,"Mathematik, Naturwissenschaften",
2022-01-01T00:00:00.000Z,Thüringen,Universitäten (ohne Medizinische Einrichtungen),Geisteswissenschaften,1.3164E7
2019-01-01T00:00:00.000Z,Saarland,Pädagogische Hochschulen,Ingenieurwissenschaften,
2021-01-01T00:00:00.000Z,Hessen,Medizinische Einrichtungen der Universitäten,Geisteswissenschaften,
2019-01-01T00:00:00.000Z,Sachsen,Kunsthochschulen,Humanmedizin/Gesundheitswissenschaften,
2020-01-01T00:00:00.000Z,Sachsen-Anhalt,Universitäten (ohne Medizinische Einrichtungen),"Kunst, Kunstwissenschaft",651000.0
2020-01-01T00:00:00.000Z,Bremen,Theologische Hochschulen,Humanmedizin/Gesundheitswissenschaften,
2020-01-01T00:00:00.000Z,Niedersachsen,Pädagogische Hochschulen,Zentr.Einrichtungen (o. klinikspez. Einrichtungen),
2019-01-01T00:00:00.000Z,Bayern,Kunsthochschulen,"Rechts-, Wirtschafts- und Sozialwissenschaften",0.0
2020-01-01T00:00:00.000Z,Niedersachsen,Medizinische Einrichtungen der Universitäten,"Rechts-, Wirtschafts- und Sozialwissenschaften",
2020-01-01T00:00:00.000Z,Brandenburg,Fachhochschulen,"Mathematik, Naturwissenschaften",942000.0
2021-01-01T00:00:00.000Z,Thüringen,Universitäten (ohne Medizinische Einrichtungen),"Agrar-, Forst- u.Ernährungswiss., Veterinärmedizin",1397000.0
2021-01-01T00:00:00.000Z,Brandenburg,Medizinische Einrichtungen der Universitäten,Geisteswissenschaften,
2019-01-01T00:00:00.000Z,Nordrhein-Westfalen,Verwaltungsfachhochschulen,"Rechts-, Wirtschafts- und Sozialwissenschaften",1484000.0
2022-01-01T00:00:00.000Z,Baden-Württemberg,Kunsthochschulen,"Mathematik, Naturwissenschaften",
2021-01-01T00:00:00.000Z,Thüringen,Medizinische Einrichtungen der Universitäten,"Rechts-, Wirtschafts- und Sozialwissenschaften",
2021-01-01T00:00:00.000Z,Sachsen,Theologische Hochschulen,"Rechts-, Wirtschafts- und Sozialwissenschaften",
2021-01-01T00:00:00.000Z,Rheinland-Pfalz,Medizinische Einrichtungen der Universitäten,Geisteswissenschaften,
2019-01-01T00:00:00.000Z,Saarland,Kunsthochschulen,"Mathematik, Naturwissenschaften",
2019-01-01T00:00:00.000Z,Berlin,Pädagogische Hochschulen,Sport,
2022-01-01T00:00:00.000Z,Niedersachsen,Medizinische Einrichtungen der Universitäten,Geisteswissenschaften,
2020-01-01T00:00:00.000Z,Sachsen,Medizinische Einrichtungen der Universitäten,"Kunst, Kunstwissenschaft",
2022-01-01T00:00:00.000Z,Niedersachsen,Universitäten (ohne Medizinische Einrichtungen),Ingenieurwissenschaften,2.35607E8
2021-01-01T00:00:00.000Z,Saarland,Pädagogische Hochschulen,Sport,
2021-01-01T00:00:00.000Z,Hamburg,Medizinische Einrichtungen der Universitäten,"Kunst, Kunstwissenschaft",
2020-01-01T00:00:00.000Z,Baden-Württemberg,Medizinische Einrichtungen der Universitäten,Zentr.Einrichtungen (o. klinikspez. Einrichtungen),
2022-01-01T00:00:00.000Z,Nordrhein-Westfalen,Theologische Hochschulen,"Agrar-, Forst- u.Ernährungswiss., Veterinärmedizin",
2020-01-01T00:00:00.000Z,Rheinland-Pfalz,Pädagogische Hochschulen,"Mathematik, Naturwissenschaften",
2020-01-01T00:00:00.000Z,Hamburg,Theologische Hochschulen,Zentr.Einrichtungen (o. klinikspez. Einrichtungen),
2021-01-01T00:00:00.000Z,Berlin,Medizinische Einrichtungen der Universitäten,Ingenieurwissenschaften,
2021-01-01T00:00:00.000Z,Bayern,Medizinische Einrichtungen der Universitäten,Sport,
2022-01-01T00:00:00.000Z,Sachsen-Anhalt,Theologische Hochschulen,"Kunst, Kunstwissenschaft",0.0
2022-01-01T00:00:00.000Z,Berlin,Pädagogische Hochschulen,Sport,
2020-01-01T00:00:00.000Z,Hamburg,Theologische Hochschulen,Humanmedizin/Gesundheitswissenschaften,
2019-01-01T00:00:00.000Z,Rheinland-Pfalz,Kunsthochschulen,Geisteswissenschaften,
2022-01-01T00:00:00.000Z,Rheinland-Pfalz,Verwaltungsfachhochschulen,"Rechts-, Wirtschafts- und Sozialwissenschaften",0.0
2020-01-01T00:00:00.000Z,Berlin,Theologische Hochschulen,Ingenieurwissenschaften,
2021-01-01T00:00:00.000Z,Mecklenburg-Vorpommern,Verwaltungsfachhochschulen,"Mathematik, Naturwissenschaften",
2021-01-01T00:00:00.000Z,Mecklenburg-Vorpommern,Universitäten (ohne Medizinische Einrichtungen),Zentr.Einrichtungen (o. klinikspez. Einrichtungen),6435000.0
2021-01-01T00:00:00.000Z,Thüringen,Pädagogische Hochschulen,Zentr.Einrichtungen (o. klinikspez. Einrichtungen),
2022-01-01T00:00:00.000Z,Brandenburg,Medizinische Einrichtungen der Universitäten,Humanmedizin/Gesundheitswissenschaften,7049000.0
2021-01-01T00:00:00.000Z,Bremen,Kunsthochschulen,"Kunst, Kunstwissenschaft",397000.0
2019-01-01T00:00:00.000Z,Berlin,Kunsthochschulen,"Mathematik, Naturwissenschaften",
2019-01-01T00:00:00.000Z,Sachsen-Anhalt,Universitäten (ohne Medizinische Einrichtungen),"Rechts-, Wirtschafts- und Sozialwissenschaften",5752000.0
2021-01-01T00:00:00.000Z,Hamburg,Pädagogische Hochschulen,"Kunst, Kunstwissenschaft",
2021-01-01T00:00:00.000Z,Bremen,Verwaltungsfachhochschulen,Humanmedizin/Gesundheitswissenschaften,
2021-01-01T00:00:00.000Z,Saarland,Kunsthochschulen,Zentr.Einrichtungen (o. klinikspez. Einrichtungen),116000.0
2019-01-01T00:00:00.000Z,Nordrhein-Westfalen,Kunsthochschulen,Sport,
2020-01-01T00:00:00.000Z,Nordrhein-Westfalen,Medizinische Einrichtungen der Universitäten,"Rechts-, Wirtschafts- und Sozialwissenschaften",
2020-01-01T00:00:00.000Z,Sachsen,Verwaltungsfachhochschulen,"Kunst, Kunstwissenschaft",
2019-01-01T00:00:00.000Z,Niedersachsen,Kunsthochschulen,Zentr.Einrichtungen (o. klinikspez. Einrichtungen),313000.0
2019-01-01T00:00:00.000Z,Baden-Württemberg,Theologische Hochschulen,"Mathematik, Naturwissenschaften",
2019-01-01T00:00:00.000Z,Sachsen,Medizinische Einrichtungen der Universitäten,Geisteswissenschaften,
2020-01-01T00:00:00.000Z,Baden-Württemberg,Theologische Hochschulen,Sport,
2019-01-01T00:00:00.000Z,Thüringen,Verwaltungsfachhochschulen,"Agrar-, Forst- u.Ernährungswiss., Veterinärmedizin",
2021-01-01T00:00:00.000Z,Bremen,Medizinische Einrichtungen der Universitäten,Ingenieurwissenschaften,
2021-01-01T00:00:00.000Z,Sachsen,Fachhochschulen,"Rechts-, Wirtschafts- und Sozialwissenschaften",5391000.0
2022-01-01T00:00:00.000Z,Saarland,Theologische Hochschulen,Zentr.Einrichtungen (o. klinikspez. Einrichtungen),
2021-01-01T00:00:00.000Z,Niedersachsen,Fachhochschulen,Humanmedizin/Gesundheitswissenschaften,746000.0
2019-01-01T00:00:00.000Z,Schleswig-Holstein,Universitäten (ohne Medizinische Einrichtungen),Ingenieurwissenschaften,1.7008E7
2022-01-01T00:00:00.000Z,Bremen,Theologische Hochschulen,Geisteswissenschaften,
2021-01-01T00:00:00.000Z,Nordrhein-Westfalen,Fachhochschulen,Sport,
2019-01-01T00:00:00.000Z,Thüringen,Theologische Hochschulen,Geisteswissenschaften,
2020-01-01T00:00:00.000Z,Nordrhein-Westfalen,Pädagogische Hochschulen,Zentr.Einrichtungen (o. klinikspez. Einrichtungen),
2020-01-01T00:00:00.000Z,Nordrhein-Westfalen,Kunsthochschulen,"Kunst, Kunstwissenschaft",3215000.0
2019-01-01T00:00:00.000Z,Hamburg,Fachhochschulen,Zentr.Einrichtungen (o. klinikspez. Einrichtungen),4413000.0
2022-01-01T00:00:00.000Z,Mecklenburg-Vorpommern,Pädagogische Hochschulen,Ingenieurwissenschaften,
2019-01-01T00:00:00.000Z,Hessen,Verwaltungsfachhochschulen,"Mathematik, Naturwissenschaften",0.0
2019-01-01T00:00:00.000Z,Sachsen,Theologische Hochschulen,"Mathematik, Naturwissenschaften",
2020-01-01T00:00:00.000Z,Thüringen,Pädagogische Hochschulen,Humanmedizin/Gesundheitswissenschaften,
2020-01-01T00:00:00.000Z,Rheinland-Pfalz,Verwaltungsfachhochschulen,Ingenieurwissenschaften,
2020-01-01T00:00:00.000Z,Saarland,Fachhochschulen,"Kunst, Kunstwissenschaft",
2020-01-01T00:00:00.000Z,Baden-Württemberg,Universitäten (ohne Medizinische Einrichtungen),Geisteswissenschaften,6.6074E7
2020-01-01T00:00:00.000Z,Niedersachsen,Pädagogische Hochschulen,"Kunst, Kunstwissenschaft",
2020-01-01T00:00:00.000Z,Hamburg,Universitäten (ohne Medizinische Einrichtungen),Sport,275000.0
2022-01-01T00:00:00.000Z,Baden-Württemberg,Fachhochschulen,Geisteswissenschaften,1211000.0
2019-01-01T00:00:00.000Z,Niedersachsen,Kunsthochschulen,Ingenieurwissenschaften,
2021-01-01T00:00:00.000Z,Schleswig-Holstein,Theologische Hochschulen,Humanmedizin/Gesundheitswissenschaften,
2022-01-01T00:00:00.000Z,Rheinland-Pfalz,Pädagogische Hochschulen,Sport,
2020-01-01T00:00:00.000Z,Hamburg,Fachhochschulen,"Rechts-, Wirtschafts- und Sozialwissenschaften",3637000.0
2020-01-01T00:00:00.000Z,Niedersachsen,Verwaltungsfachhochschulen,Geisteswissenschaften,
2021-01-01T00:00:00.000Z,Baden-Württemberg,Fachhochschulen,"Rechts-, Wirtschafts- und Sozialwissenschaften",1.7687E7
2022-01-01T00:00:00.000Z,Berlin,Verwaltungsfachhochschulen,Ingenieurwissenschaften,
2022-01-01T00:00:00.000Z,Schleswig-Holstein,Fachhochschulen,"Kunst, Kunstwissenschaft",
2019-01-01T00:00:00.000Z,Bremen,Pädagogische Hochschulen,Ingenieurwissenschaften,
2019-01-01T00:00:00.000Z,Nordrhein-Westfalen,Kunsthochschulen,"Mathematik, Naturwissenschaften",
2022-01-01T00:00:00.000Z,Sachsen-Anhalt,Pädagogische Hochschulen,"Mathematik, Naturwissenschaften",
2019-01-01T00:00:00.000Z,Brandenburg,Verwaltungsfachhochschulen,"Kunst, Kunstwissenschaft",
2019-01-01T00:00:00.000Z,Hamburg,Universitäten (ohne Medizinische Einrichtungen),Sport,740000.0
2021-01-01T00:00:00.000Z,Sachsen-Anhalt,Medizinische Einrichtungen der Universitäten,Sport,
2021-01-01T00:00:00.000Z,Bremen,Pädagogische Hochschulen,"Mathematik, Naturwissenschaften",
2019-01-01T00:00:00.000Z,Hamburg,Fachhochschulen,Humanmedizin/Gesundheitswissenschaften,2255000.0
2019-01-01T00:00:00.000Z,Rheinland-Pfalz,Verwaltungsfachhochschulen,"Kunst, Kunstwissenschaft",
2022-01-01T00:00:00.000Z,Schleswig-Holstein,Verwaltungsfachhochschulen,Sport,
2022-01-01T00:00:00.000Z,Mecklenburg-Vorpommern,Theologische Hochschulen,"Kunst, Kunstwissenschaft",
2021-01-01T00:00:00.000Z,Nordrhein-Westfalen,Universitäten (ohne Medizinische Einrichtungen),Geisteswissenschaften,9.4253E7
2019-01-01T00:00:00.000Z,Berlin,Verwaltungsfachhochschulen,"Agrar-, Forst- u.Ernährungswiss., Veterinärmedizin",
2020-01-01T00:00:00.000Z,Hamburg,Medizinische Einrichtungen der Universitäten,Humanmedizin/Gesundheitswissenschaften,1.06049E8
2022-01-01T00:00:00.000Z,Niedersachsen,Verwaltungsfachhochschulen,"Agrar-, Forst- u.Ernährungswiss., Veterinärmedizin",
2019-01-01T00:00:00.000Z,Bayern,Universitäten (ohne Medizinische Einrichtungen),"Mathematik, Naturwissenschaften",2.84236E8
2020-01-01T00:00:00.000Z,Brandenburg,Verwaltungsfachhochschulen,Sport,
2021-01-01T00:00:00.000Z,Brandenburg,Universitäten (ohne Medizinische Einrichtungen),"Kunst, Kunstwissenschaft",2099000.0
2020-01-01T00:00:00.000Z,Thüringen,Fachhochschulen,Sport,
2021-01-01T00:00:00.000Z,Brandenburg,Verwaltungsfachhochschulen,"Rechts-, Wirtschafts- und Sozialwissenschaften",127000.0
2022-01-01T00:00:00.000Z,Baden-Württemberg,Fachhochschulen,Zentr.Einrichtungen (o. klinikspez. Einrichtungen),6.7662E7
2021-01-01T00:00:00.000Z,Bremen,Verwaltungsfachhochschulen,"Mathematik, Naturwissenschaften",
2020-01-01T00:00:00.000Z,Sachsen,Kunsthochschulen,"Rechts-, Wirtschafts- und Sozialwissenschaften",
2019-01-01T00:00:00.000Z,Hessen,Theologische Hochschulen,Humanmedizin/Gesundheitswissenschaften,
2022-01-01T00:00:00.000Z,Hamburg,Theologische Hochschulen,Ingenieurwissenschaften,
2019-01-01T00:00:00.000Z,Rheinland-Pfalz,Theologische Hochschulen,Humanmedizin/Gesundheitswissenschaften,901000.0
2021-01-01T00:00:00.000Z,Baden-Württemberg,Medizinische Einrichtungen der Universitäten,Humanmedizin/Gesundheitswissenschaften,4.64877E8
2019-01-01T00:00:00.000Z,Schleswig-Holstein,Verwaltungsfachhochschulen,Ingenieurwissenschaften,
2021-01-01T00:00:00.000Z,Brandenburg,Medizinische Einrichtungen der Universitäten,Ingenieurwissenschaften,
2021-01-01T00:00:00.000Z,Bayern,Kunsthochschulen,"Rechts-, Wirtschafts- und Sozialwissenschaften",0.0
2019-01-01T00:00:00.000Z,Sachsen-Anhalt,Kunsthochschulen,"Mathematik, Naturwissenschaften",
2020-01-01T00:00:00.000Z,Rheinland-Pfalz,Pädagogische Hochschulen,Humanmedizin/Gesundheitswissenschaften,
2020-01-01T00:00:00.000Z,Schleswig-Holstein,Verwaltungsfachhochschulen,"Agrar-, Forst- u.Ernährungswiss., Veterinärmedizin",
2019-01-01T00:00:00.000Z,Sachsen,Verwaltungsfachhochschulen,"Rechts-, Wirtschafts- und Sozialwissenschaften",22000.0
2020-01-01T00:00:00.000Z,Sachsen-Anhalt,Medizinische Einrichtungen der Universitäten,"Agrar-, Forst- u.Ernährungswiss., Veterinärmedizin",
2022-01-01T00:00:00.000Z,Brandenburg,Kunsthochschulen,"Agrar-, Forst- u.Ernährungswiss., Veterinärmedizin",
2022-01-01T00:00:00.000Z,Saarland,Verwaltungsfachhochschulen,Geisteswissenschaften,
2021-01-01T00:00:00.000Z,Bremen,Kunsthochschulen,"Mathematik, Naturwissenschaften",
2019-01-01T00:00:00.000Z,Nordrhein-Westfalen,Fachhochschulen,Sport,
2021-01-01T00:00:00.000Z,Niedersachsen,Pädagogische Hochschulen,"Mathematik, Naturwissenschaften",
2020-01-01T00:00:00.000Z,Niedersachsen,Kunsthochschulen,"Mathematik, Naturwissenschaften",
2022-01-01T00:00:00.000Z,Mecklenburg-Vorpommern,Kunsthochschulen,"Agrar-, Forst- u.Ernährungswiss., Veterinärmedizin",
2022-01-01T00:00:00.000Z,Bayern,Pädagogische Hochschulen,"Kunst, Kunstwissenschaft",
2020-01-01T00:00:00.000Z,Berlin,Medizinische Einrichtungen der Universitäten,Humanmedizin/Gesundheitswissenschaften,1.76601E8
2020-01-01T00:00:00.000Z,Hessen,Medizinische Einrichtungen der Universitäten,"Mathematik, Naturwissenschaften",
2021-01-01T00:00:00.000Z,Thüringen,Verwaltungsfachhochschulen,Sport,
2021-01-01T00:00:00.000Z,Hessen,Kunsthochschulen,"Agrar-, Forst- u.Ernährungswiss., Veterinärmedizin",
2021-01-01T00:00:00.000Z,Berlin,Verwaltungsfachhochschulen,"Agrar-, Forst- u.Ernährungswiss., Veterinärmedizin",
2019-01-01T00:00:00.000Z,Saarland,Kunsthochschulen,Geisteswissenschaften,
2021-01-01T00:00:00.000Z,Schleswig-Holstein,Theologische Hochschulen,Ingenieurwissenschaften,
2021-01-01T00:00:00.000Z,Rheinland-Pfalz,Verwaltungsfachhochschulen,"Kunst, Kunstwissenschaft",
2021-01-01T00:00:00.000Z,Bayern,Medizinische Einrichtungen der Universitäten,"Mathematik, Naturwissenschaften",
2020-01-01T00:00:00.000Z,Saarland,Verwaltungsfachhochschulen,Geisteswissenschaften,
2021-01-01T00:00:00.000Z,Sachsen-Anhalt,Kunsthochschulen,"Rechts-, Wirtschafts- und Sozialwissenschaften",
2020-01-01T00:00:00.000Z,Hessen,Pädagogische Hochschulen,Humanmedizin/Gesundheitswissenschaften,
2020-01-01T00:00:00.000Z,Baden-Württemberg,Verwaltungsfachhochschulen,Geisteswissenschaften,
2020-01-01T00:00:00.000Z,Brandenburg,Pädagogische Hochschulen,"Agrar-, Forst- u.Ernährungswiss., Veterinärmedizin",
2019-01-01T00:00:00.000Z,Hessen,Medizinische Einrichtungen der Universitäten,Ingenieurwissenschaften,
2021-01-01T00:00:00.000Z,Nordrhein-Westfalen,Kunsthochschulen,"Agrar-, Forst- u.Ernährungswiss., Veterinärmedizin",
2022-01-01T00:00:00.000Z,Bremen,Verwaltungsfachhochschulen,Geisteswissenschaften,
2020-01-01T00:00:00.000Z,Saarland,Universitäten (ohne Medizinische Einrichtungen),Ingenieurwissenschaften,9065000.0
2019-01-01T00:00:00.000Z,Bremen,Fachhochschulen,Sport,
2021-01-01T00:00:00.000Z,Baden-Württemberg,Theologische Hochschulen,Sport,
2019-01-01T00:00:00.000Z,Mecklenburg-Vorpommern,Fachhochschulen,Ingenieurwissenschaften,6846000.0
2019-01-01T00:00:00.000Z,Berlin,Verwaltungsfachhochschulen,"Kunst, Kunstwissenschaft",
2021-01-01T00:00:00.000Z,Sachsen,Universitäten (ohne Medizinische Einrichtungen),Ingenieurwissenschaften,2.6118E8
2022-01-01T00:00:00.000Z,Baden-Württemberg,Pädagogische Hochschulen,Sport,286000.0
2021-01-01T00:00:00.000Z,Mecklenburg-Vorpommern,Pädagogische Hochschulen,Geisteswissenschaften,
2021-01-01T00:00:00.000Z,Mecklenburg-Vorpommern,Kunsthochschulen,"Kunst, Kunstwissenschaft",208000.0
2022-01-01T00:00:00.000Z,Nordrhein-Westfalen,Pädagogische Hochschulen,"Rechts-, Wirtschafts- und Sozialwissenschaften",
2019-01-01T00:00:00.000Z,Bayern,Kunsthochschulen,"Mathematik, Naturwissenschaften",
2022-01-01T00:00:00.000Z,Thüringen,Medizinische Einrichtungen der Universitäten,Ingenieurwissenschaften,
2022-01-01T00:00:00.000Z,Bremen,Verwaltungsfachhochschulen,Humanmedizin/Gesundheitswissenschaften,
2019-01-01T00:00:00.000Z,Mecklenburg-Vorpommern,Universitäten (ohne Medizinische Einrichtungen),"Kunst, Kunstwissenschaft",206000.0
2019-01-01T00:00:00.000Z,Saarland,Fachhochschulen,Zentr.Einrichtungen (o. klinikspez. Einrichtungen),1664000.0
2021-01-01T00:00:00.000Z,Saarland,Pädagogische Hochschulen,"Rechts-, Wirtschafts- und Sozialwissenschaften",
2021-01-01T00:00:00.000Z,Rheinland-Pfalz,Theologische Hochschulen,Sport,
2020-01-01T00:00:00.000Z,Niedersachsen,Medizinische Einrichtungen der Universitäten,Humanmedizin/Gesundheitswissenschaften,1.82518E8
2022-01-01T00:00:00.000Z,Hamburg,Pädagogische Hochschulen,"Kunst, Kunstwissenschaft",
2022-01-01T00:00:00.000Z,Bayern,Pädagogische Hochschulen,Sport,
2021-01-01T00:00:00.000Z,Brandenburg,Pädagogische Hochschulen,Geisteswissenschaften,
2019-01-01T00:00:00.000Z,Mecklenburg-Vorpommern,Theologische Hochschulen,"Agrar-, Forst- u.Ernährungswiss., Veterinärmedizin",
2022-01-01T00:00:00.000Z,Saarland,Verwaltungsfachhochschulen,Ingenieurwissenschaften,
2019-01-01T00:00:00.000Z,Nordrhein-Westfalen,Fachhochschulen,"Kunst, Kunstwissenschaft",1789000.0
2020-01-01T00:00:00.000Z,Schleswig-Holstein,Theologische Hochschulen,"Kunst, Kunstwissenschaft",
2022-01-01T00:00:00.000Z,Schleswig-Holstein,Verwaltungsfachhochschulen,Ingenieurwissenschaften,
2019-01-01T00:00:00.000Z,Hamburg,Medizinische Einrichtungen der Universitäten,"Kunst, Kunstwissenschaft",
2022-01-01T00:00:00.000Z,Saarland,Pädagogische Hochschulen,"Mathematik, Naturwissenschaften",
2022-01-01T00:00:00.000Z,Baden-Württemberg,Verwaltungsfachhochschulen,"Mathematik, Naturwissenschaften",
2021-01-01T00:00:00.000Z,Bremen,Pädagogische Hochschulen,"Rechts-, Wirtschafts- und Sozialwissenschaften",
2020-01-01T00:00:00.000Z,Bayern,Universitäten (ohne Medizinische Einrichtungen),Humanmedizin/Gesundheitswissenschaften,
2020-01-01T00:00:00.000Z,Berlin,Theologische Hochschulen,Zentr.Einrichtungen (o. klinikspez. Einrichtungen),
2019-01-01T00:00:00.000Z,Bremen,Kunsthochschulen,Ingenieurwissenschaften,
2022-01-01T00:00:00.000Z,Sachsen-Anhalt,Pädagogische Hochschulen,"Rechts-, Wirtschafts- und Sozialwissenschaften",
2020-01-01T00:00:00.000Z,Brandenburg,Theologische Hochschulen,Geisteswissenschaften,
2022-01-01T00:00:00.000Z,Schleswig-Holstein,Pädagogische Hochschulen,"Kunst, Kunstwissenschaft",
2021-01-01T00:00:00.000Z,Hessen,Fachhochschulen,Ingenieurwissenschaften,1.4292E7
2022-01-01T00:00:00.000Z,Schleswig-Holstein,Theologische Hochschulen,Humanmedizin/Gesundheitswissenschaften,
2020-01-01T00:00:00.000Z,Bremen,Verwaltungsfachhochschulen,Geisteswissenschaften,
2021-01-01T00:00:00.000Z,Mecklenburg-Vorpommern,Medizinische Einrichtungen der Universitäten,Geisteswissenschaften,
2022-01-01T00:00:00.000Z,Hessen,Kunsthochschulen,Humanmedizin/Gesundheitswissenschaften,
2021-01-01T00:00:00.000Z,Bayern,Theologische Hochschulen,Sport,
2021-01-01T00:00:00.000Z,Bremen,Universitäten (ohne Medizinische Einrichtungen),Humanmedizin/Gesundheitswissenschaften,
2019-01-01T00:00:00.000Z,Niedersachsen,Pädagogische Hochschulen,Ingenieurwissenschaften,
2020-01-01T00:00:00.000Z,Mecklenburg-Vorpommern,Pädagogische Hochschulen,"Agrar-, Forst- u.Ernährungswiss., Veterinärmedizin",
2022-01-01T00:00:00.000Z,Hessen,Theologische Hochschulen,Ingenieurwissenschaften,
2019-01-01T00:00:00.000Z,Brandenburg,Theologische Hochschulen,"Agrar-, Forst- u.Ernährungswiss., Veterinärmedizin",
2020-01-01T00:00:00.000Z,Baden-Württemberg,Universitäten (ohne Medizinische Einrichtungen),"Mathematik, Naturwissenschaften",2.77726E8
2022-01-01T00:00:00.000Z,Rheinland-Pfalz,Verwaltungsfachhochschulen,"Mathematik, Naturwissenschaften",
2020-01-01T00:00:00.000Z,Rheinland-Pfalz,Medizinische Einrichtungen der Universitäten,Zentr.Einrichtungen (o. klinikspez. Einrichtungen),
2019-01-01T00:00:00.000Z,Rheinland-Pfalz,Medizinische Einrichtungen der Universitäten,Ingenieurwissenschaften,
2022-01-01T00:00:00.000Z,Bremen,Pädagogische Hochschulen,"Mathematik, Naturwissenschaften",
2021-01-01T00:00:00.000Z,Sachsen,Pädagogische Hochschulen,Geisteswissenschaften,
2019-01-01T00:00:00.000Z,Schleswig-Holstein,Pädagogische Hochschulen,"Agrar-, Forst- u.Ernährungswiss., Veterinärmedizin",
2020-01-01T00:00:00.000Z,Schleswig-Holstein,Kunsthochschulen,Sport,
2022-01-01T00:00:00.000Z,Hamburg,Universitäten (ohne Medizinische Einrichtungen),Sport,478000.0
2019-01-01T00:00:00.000Z,Bayern,Pädagogische Hochschulen,"Rechts-, Wirtschafts- und Sozialwissenschaften",
2021-01-01T00:00:00.000Z,Rheinland-Pfalz,Fachhochschulen,Geisteswissenschaften,0.0
2021-01-01T00:00:00.000Z,Baden-Württemberg,Kunsthochschulen,"Mathematik, Naturwissenschaften",
2020-01-01T00:00:00.000Z,Saarland,Theologische Hochschulen,Zentr.Einrichtungen (o. klinikspez. Einrichtungen),
2020-01-01T00:00:00.000Z,Baden-Württemberg,Kunsthochschulen,"Rechts-, Wirtschafts- und Sozialwissenschaften",
2021-01-01T00:00:00.000Z,Niedersachsen,Verwaltungsfachhochschulen,"Mathematik, Naturwissenschaften",
2019-01-01T00:00:00.000Z,Thüringen,Medizinische Einrichtungen der Universitäten,Ingenieurwissenschaften,
2021-01-01T00:00:00.000Z,Baden-Württemberg,Universitäten (ohne Medizinische Einrichtungen),"Agrar-, Forst- u.Ernährungswiss., Veterinärmedizin",3.5529E7
2021-01-01T00:00:00.000Z,Sachsen,Theologische Hochschulen,Zentr.Einrichtungen (o. klinikspez. Einrichtungen),
2022-01-01T00:00:00.000Z,Rheinland-Pfalz,Kunsthochschulen,Humanmedizin/Gesundheitswissenschaften,
2019-01-01T00:00:00.000Z,Thüringen,Medizinische Einrichtungen der Universitäten,"Agrar-, Forst- u.Ernährungswiss., Veterinärmedizin",
2020-01-01T00:00:00.000Z,Rheinland-Pfalz,Universitäten (ohne Medizinische Einrichtungen),"Mathematik, Naturwissenschaften",6.9277E7
2020-01-01T00:00:00.000Z,Schleswig-Holstein,Theologische Hochschulen,Zentr.Einrichtungen (o. klinikspez. Einrichtungen),
2020-01-01T00:00:00.000Z,Sachsen,Verwaltungsfachhochschulen,Geisteswissenschaften,
2022-01-01T00:00:00.000Z,Berlin,Pädagogische Hochschulen,"Rechts-, Wirtschafts- und Sozialwissenschaften",
2020-01-01T00:00:00.000Z,Schleswig-Holstein,Medizinische Einrichtungen der Universitäten,"Kunst, Kunstwissenschaft",
2019-01-01T00:00:00.000Z,Mecklenburg-Vorpommern,Verwaltungsfachhochschulen,Humanmedizin/Gesundheitswissenschaften,
2022-01-01T00:00:00.000Z,Hessen,Theologische Hochschulen,"Agrar-, Forst- u.Ernährungswiss., Veterinärmedizin",
2022-01-01T00:00:00.000Z,Bayern,Kunsthochschulen,Geisteswissenschaften,0.0
2022-01-01T00:00:00.000Z,Niedersachsen,Theologische Hochschulen,Geisteswissenschaften,
2019-01-01T00:00:00.000Z,Hessen,Fachhochschulen,"Kunst, Kunstwissenschaft",256000.0
2021-01-01T00:00:00.000Z,Sachsen,Kunsthochschulen,"Kunst, Kunstwissenschaft",2605000.0
2021-01-01T00:00:00.000Z,Rheinland-Pfalz,Theologische Hochschulen,"Kunst, Kunstwissenschaft",
2020-01-01T00:00:00.000Z,Berlin,Theologische Hochschulen,Humanmedizin/Gesundheitswissenschaften,
2021-01-01T00:00:00.000Z,Saarland,Medizinische Einrichtungen der Universitäten,"Agrar-, Forst- u.Ernährungswiss., Veterinärmedizin",
2022-01-01T00:00:00.000Z,Berlin,Theologische Hochschulen,Sport,
2020-01-01T00:00:00.000Z,Sachsen,Pädagogische Hochschulen,"Mathematik, Naturwissenschaften",
2021-01-01T00:00:00.000Z,Sachsen-Anhalt,Universitäten (ohne Medizinische Einrichtungen),Ingenieurwissenschaften,2.7489E7
2021-01-01T00:00:00.000Z,Bayern,Fachhochschulen,Geisteswissenschaften,1178000.0
2021-01-01T00:00:00.000Z,Hessen,Theologische Hochschulen,"Kunst, Kunstwissenschaft",
2021-01-01T00:00:00.000Z,Bremen,Universitäten (ohne Medizinische Einrichtungen),Zentr.Einrichtungen (o. klinikspez. Einrichtungen),1.8902E7
2020-01-01T00:00:00.000Z,Thüringen,Universitäten (ohne Medizinische Einrichtungen),"Mathematik, Naturwissenschaften",5.369E7
2021-01-01T00:00:00.000Z,Hessen,Verwaltungsfachhochschulen,Sport,
2021-01-01T00:00:00.000Z,Sachsen-Anhalt,Medizinische Einrichtungen der Universitäten,Zentr.Einrichtungen (o. klinikspez. Einrichtungen),
2019-01-01T00:00:00.000Z,Baden-Württemberg,Verwaltungsfachhochschulen,"Agrar-, Forst- u.Ernährungswiss., Veterinärmedizin",
2019-01-01T00:00:00.000Z,Saarland,Fachhochschulen,"Rechts-, Wirtschafts- und Sozialwissenschaften",927000.0
2019-01-01T00:00:00.000Z,Baden-Württemberg,Pädagogische Hochschulen,"Kunst, Kunstwissenschaft",17000.0
2021-01-01T00:00:00.000Z,Saarland,Medizinische Einrichtungen der Universitäten,"Mathematik, Naturwissenschaften",
2022-01-01T00:00:00.000Z,Baden-Württemberg,Pädagogische Hochschulen,"Mathematik, Naturwissenschaften",4790000.0
2020-01-01T00:00:00.000Z,Hessen,Fachhochschulen,"Mathematik, Naturwissenschaften",1055000.0
2022-01-01T00:00:00.000Z,Thüringen,Verwaltungsfachhochschulen,"Mathematik, Naturwissenschaften",
2022-01-01T00:00:00.000Z,Saarland,Theologische Hochschulen,Sport,
2021-01-01T00:00:00.000Z,Schleswig-Holstein,Pädagogische Hochschulen,Zentr.Einrichtungen (o. klinikspez. Einrichtungen),
2020-01-01T00:00:00.000Z,Baden-Württemberg,Pädagogische Hochschulen,"Mathematik, Naturwissenschaften",4348000.0
2019-01-01T00:00:00.000Z,Rheinland-Pfalz,Pädagogische Hochschulen,"Kunst, Kunstwissenschaft",
2022-01-01T00:00:00.000Z,Thüringen,Medizinische Einrichtungen der Universitäten,"Kunst, Kunstwissenschaft",
2022-01-01T00:00:00.000Z,Sachsen,Medizinische Einrichtungen der Universitäten,Zentr.Einrichtungen (o. klinikspez. Einrichtungen),
2021-01-01T00:00:00.000Z,Nordrhein-Westfalen,Universitäten (ohne Medizinische Einrichtungen),Ingenieurwissenschaften,4.4904E8
2021-01-01T00:00:00.000Z,Nordrhein-Westfalen,Theologische Hochschulen,Zentr.Einrichtungen (o. klinikspez. Einrichtungen),0.0
2021-01-01T00:00:00.000Z,Thüringen,Kunsthochschulen,Zentr.Einrichtungen (o. klinikspez. Einrichtungen),76000.0
2021-01-01T00:00:00.000Z,Mecklenburg-Vorpommern,Fachhochschulen,Humanmedizin/Gesundheitswissenschaften,518000.0
2022-01-01T00:00:00.000Z,Sachsen,Theologische Hochschulen,"Rechts-, Wirtschafts- und Sozialwissenschaften",
2019-01-01T00:00:00.000Z,Bremen,Verwaltungsfachhochschulen,Humanmedizin/Gesundheitswissenschaften,
2019-01-01T00:00:00.000Z,Saarland,Pädagogische Hochschulen,Sport,
2022-01-01T00:00:00.000Z,Thüringen,Kunsthochschulen,Sport,
2019-01-01T00:00:00.000Z,Bayern,Universitäten (ohne Medizinische Einrichtungen),Ingenieurwissenschaften,2.6375E8
2019-01-01T00:00:00.000Z,Bremen,Fachhochschulen,"Rechts-, Wirtschafts- und Sozialwissenschaften",499000.0
2021-01-01T00:00:00.000Z,Niedersachsen,Universitäten (ohne Medizinische Einrichtungen),"Kunst, Kunstwissenschaft",2296000.0
2020-01-01T00:00:00.000Z,Hessen,Medizinische Einrichtungen der Universitäten,Geisteswissenschaften,
2019-01-01T00:00:00.000Z,Nordrhein-Westfalen,Universitäten (ohne Medizinische Einrichtungen),Geisteswissenschaften,9.149E7
2021-01-01T00:00:00.000Z,Sachsen,Medizinische Einrichtungen der Universitäten,Zentr.Einrichtungen (o. klinikspez. Einrichtungen),
2022-01-01T00:00:00.000Z,Brandenburg,Universitäten (ohne Medizinische Einrichtungen),"Agrar-, Forst- u.Ernährungswiss., Veterinärmedizin",768000.0
2021-01-01T00:00:00.000Z,Brandenburg,Verwaltungsfachhochschulen,Sport,
2022-01-01T00:00:00.000Z,Baden-Württemberg,Universitäten (ohne Medizinische Einrichtungen),"Kunst, Kunstwissenschaft",3104000.0
2022-01-01T00:00:00.000Z,Bayern,Verwaltungsfachhochschulen,Ingenieurwissenschaften,615000.0
2022-01-01T00:00:00.000Z,Brandenburg,Theologische Hochschulen,Ingenieurwissenschaften,
2021-01-01T00:00:00.000Z,Mecklenburg-Vorpommern,Fachhochschulen,"Mathematik, Naturwissenschaften",
2020-01-01T00:00:00.000Z,Brandenburg,Kunsthochschulen,Zentr.Einrichtungen (o. klinikspez. Einrichtungen),
2022-01-01T00:00:00.000Z,Hamburg,Verwaltungsfachhochschulen,"Agrar-, Forst- u.Ernährungswiss., Veterinärmedizin",
2019-01-01T00:00:00.000Z,Hamburg,Pädagogische Hochschulen,Geisteswissenschaften,
2022-01-01T00:00:00.000Z,Sachsen-Anhalt,Medizinische Einrichtungen der Universitäten,Sport,
2022-01-01T00:00:00.000Z,Rheinland-Pfalz,Medizinische Einrichtungen der Universitäten,"Agrar-, Forst- u.Ernährungswiss., Veterinärmedizin",
2022-01-01T00:00:00.000Z,Bayern,Fachhochschulen,Geisteswissenschaften,981000.0
2020-01-01T00:00:00.000Z,Sachsen-Anhalt,Universitäten (ohne Medizinische Einrichtungen),"Rechts-, Wirtschafts- und Sozialwissenschaften",6978000.0
2022-01-01T00:00:00.000Z,Sachsen,Pädagogische Hochschulen,Zentr.Einrichtungen (o. klinikspez. Einrichtungen),
2019-01-01T00:00:00.000Z,Berlin,Universitäten (ohne Medizinische Einrichtungen),Geisteswissenschaften,4.9393E7
2020-01-01T00:00:00.000Z,Nordrhein-Westfalen,Verwaltungsfachhochschulen,Sport,
2020-01-01T00:00:00.000Z,Niedersachsen,Kunsthochschulen,Zentr.Einrichtungen (o. klinikspez. Einrichtungen),230000.0
2021-01-01T00:00:00.000Z,Sachsen,Kunsthochschulen,"Mathematik, Naturwissenschaften",
2021-01-01T00:00:00.000Z,Sachsen-Anhalt,Verwaltungsfachhochschulen,"Kunst, Kunstwissenschaft",
2021-01-01T00:00:00.000Z,Berlin,Universitäten (ohne Medizinische Einrichtungen),"Kunst, Kunstwissenschaft",4410000.0
2021-01-01T00:00:00.000Z,Niedersachsen,Kunsthochschulen,Ingenieurwissenschaften,
2022-01-01T00:00:00.000Z,Nordrhein-Westfalen,Pädagogische Hochschulen,Zentr.Einrichtungen (o. klinikspez. Einrichtungen),
2019-01-01T00:00:00.000Z,Sachsen,Kunsthochschulen,Ingenieurwissenschaften,
2020-01-01T00:00:00.000Z,Niedersachsen,Fachhochschulen,Sport,
2019-01-01T00:00:00.000Z,Nordrhein-Westfalen,Verwaltungsfachhochschulen,Zentr.Einrichtungen (o. klinikspez. Einrichtungen),0.0
2022-01-01T00:00:00.000Z,Bayern,Theologische Hochschulen,Zentr.Einrichtungen (o. klinikspez. Einrichtungen),0.0
2019-01-01T00:00:00.000Z,Saarland,Pädagogische Hochschulen,"Mathematik, Naturwissenschaften",
2022-01-01T00:00:00.000Z,Baden-Württemberg,Fachhochschulen,"Kunst, Kunstwissenschaft",1895000.0
2022-01-01T00:00:00.000Z,Mecklenburg-Vorpommern,Medizinische Einrichtungen der Universitäten,Zentr.Einrichtungen (o. klinikspez. Einrichtungen),
2021-01-01T00:00:00.000Z,Brandenburg,Fachhochschulen,Humanmedizin/Gesundheitswissenschaften,
2019-01-01T00:00:00.000Z,Bayern,Fachhochschulen,Zentr.Einrichtungen (o. klinikspez. Einrichtungen),3.6704E7
2021-01-01T00:00:00.000Z,Hessen,Medizinische Einrichtungen der Universitäten,"Kunst, Kunstwissenschaft",
2021-01-01T00:00:00.000Z,Bayern,Verwaltungsfachhochschulen,"Rechts-, Wirtschafts- und Sozialwissenschaften",4030000.0
2022-01-01T00:00:00.000Z,Berlin,Fachhochschulen,Zentr.Einrichtungen (o. klinikspez. Einrichtungen),7408000.0
2019-01-01T00:00:00.000Z,Schleswig-Holstein,Universitäten (ohne Medizinische Einrichtungen),Geisteswissenschaften,3478000.0
2021-01-01T00:00:00.000Z,Hamburg,Medizinische Einrichtungen der Universitäten,"Agrar-, Forst- u.Ernährungswiss., Veterinärmedizin",
2021-01-01T00:00:00.000Z,Mecklenburg-Vorpommern,Theologische Hochschulen,Geisteswissenschaften,
2019-01-01T00:00:00.000Z,Nordrhein-Westfalen,Medizinische Einrichtungen der Universitäten,"Mathematik, Naturwissenschaften",
2019-01-01T00:00:00.000Z,Berlin,Medizinische Einrichtungen der Universitäten,"Kunst, Kunstwissenschaft",
2019-01-01T00:00:00.000Z,Nordrhein-Westfalen,Kunsthochschulen,Humanmedizin/Gesundheitswissenschaften,
2020-01-01T00:00:00.000Z,Berlin,Verwaltungsfachhochschulen,Zentr.Einrichtungen (o. klinikspez. Einrichtungen),
2020-01-01T00:00:00.000Z,Schleswig-Holstein,Universitäten (ohne Medizinische Einrichtungen),Ingenieurwissenschaften,1.9823E7
2022-01-01T00:00:00.000Z,Sachsen,Universitäten (ohne Medizinische Einrichtungen),Humanmedizin/Gesundheitswissenschaften,
2020-01-01T00:00:00.000Z,Mecklenburg-Vorpommern,Kunsthochschulen,Zentr.Einrichtungen (o. klinikspez. Einrichtungen),214000.0
2022-01-01T00:00:00.000Z,Schleswig-Holstein,Fachhochschulen,Zentr.Einrichtungen (o. klinikspez. Einrichtungen),7338000.0
2019-01-01T00:00:00.000Z,Sachsen-Anhalt,Medizinische Einrichtungen der Universitäten,"Mathematik, Naturwissenschaften",
2020-01-01T00:00:00.000Z,Hamburg,Medizinische Einrichtungen der Universitäten,Geisteswissenschaften,
2020-01-01T00:00:00.000Z,Rheinland-Pfalz,Medizinische Einrichtungen der Universitäten,Ingenieurwissenschaften,
2021-01-01T00:00:00.000Z,Mecklenburg-Vorpommern,Pädagogische Hochschulen,Ingenieurwissenschaften,
2021-01-01T00:00:00.000Z,Mecklenburg-Vorpommern,Theologische Hochschulen,"Rechts-, Wirtschafts- und Sozialwissenschaften",
2022-01-01T00:00:00.000Z,Hamburg,Theologische Hochschulen,Geisteswissenschaften,
2021-01-01T00:00:00.000Z,Baden-Württemberg,Verwaltungsfachhochschulen,Humanmedizin/Gesundheitswissenschaften,
2019-01-01T00:00:00.000Z,Thüringen,Kunsthochschulen,"Rechts-, Wirtschafts- und Sozialwissenschaften",
2020-01-01T00:00:00.000Z,Niedersachsen,Verwaltungsfachhochschulen,Humanmedizin/Gesundheitswissenschaften,
2020-01-01T00:00:00.000Z,Nordrhein-Westfalen,Verwaltungsfachhochschulen,"Rechts-, Wirtschafts- und Sozialwissenschaften",1098000.0
2019-01-01T00:00:00.000Z,Baden-Württemberg,Medizinische Einrichtungen der Universitäten,"Agrar-, Forst- u.Ernährungswiss., Veterinärmedizin",
2019-01-01T00:00:00.000Z,Berlin,Fachhochschulen,Geisteswissenschaften,213000.0
2019-01-01T00:00:00.000Z,Niedersachsen,Verwaltungsfachhochschulen,"Kunst, Kunstwissenschaft",
2022-01-01T00:00:00.000Z,Saarland,Fachhochschulen,Geisteswissenschaften,
2021-01-01T00:00:00.000Z,Rheinland-Pfalz,Theologische Hochschulen,"Rechts-, Wirtschafts- und Sozialwissenschaften",
2020-01-01T00:00:00.000Z,Thüringen,Universitäten (ohne Medizinische Einrichtungen),"Kunst, Kunstwissenschaft",703000.0
2020-01-01T00:00:00.000Z,Sachsen,Kunsthochschulen,"Kunst, Kunstwissenschaft",3354000.0
2021-01-01T00:00:00.000Z,Saarland,Kunsthochschulen,"Mathematik, Naturwissenschaften",
2019-01-01T00:00:00.000Z,Saarland,Kunsthochschulen,Ingenieurwissenschaften,
2020-01-01T00:00:00.000Z,Hamburg,Universitäten (ohne Medizinische Einrichtungen),Ingenieurwissenschaften,5.1274E7
2022-01-01T00:00:00.000Z,Rheinland-Pfalz,Fachhochschulen,"Kunst, Kunstwissenschaft",1694000.0
2022-01-01T00:00:00.000Z,Sachsen-Anhalt,Pädagogische Hochschulen,Geisteswissenschaften,
2022-01-01T00:00:00.000Z,Saarland,Fachhochschulen,Zentr.Einrichtungen (o. klinikspez. Einrichtungen),2366000.0
2022-01-01T00:00:00.000Z,Baden-Württemberg,Kunsthochschulen,Geisteswissenschaften,
2019-01-01T00:00:00.000Z,Sachsen,Medizinische Einrichtungen der Universitäten,"Mathematik, Naturwissenschaften",
2021-01-01T00:00:00.000Z,Hamburg,Kunsthochschulen,Sport,
2019-01-01T00:00:00.000Z,Bremen,Pädagogische Hochschulen,"Mathematik, Naturwissenschaften",
2020-01-01T00:00:00.000Z,Sachsen-Anhalt,Verwaltungsfachhochschulen,"Rechts-, Wirtschafts- und Sozialwissenschaften",0.0
2019-01-01T00:00:00.000Z,Niedersachsen,Kunsthochschulen,Sport,
2020-01-01T00:00:00.000Z,Brandenburg,Medizinische Einrichtungen der Universitäten,Geisteswissenschaften,
2021-01-01T00:00:00.000Z,Nordrhein-Westfalen,Verwaltungsfachhochschulen,Ingenieurwissenschaften,0.0
2021-01-01T00:00:00.000Z,Rheinland-Pfalz,Kunsthochschulen,Humanmedizin/Gesundheitswissenschaften,
2019-01-01T00:00:00.000Z,Sachsen,Theologische Hochschulen,Geisteswissenschaften,
2020-01-01T00:00:00.000Z,Hessen,Verwaltungsfachhochschulen,"Rechts-, Wirtschafts- und Sozialwissenschaften",70000.0
2020-01-01T00:00:00.000Z,Saarland,Verwaltungsfachhochschulen,"Kunst, Kunstwissenschaft",
2019-01-01T00:00:00.000Z,Sachsen,Fachhochschulen,"Rechts-, Wirtschafts- und Sozialwissenschaften",5445000.0
2020-01-01T00:00:00.000Z,Hamburg,Kunsthochschulen,Sport,
2020-01-01T00:00:00.000Z,Saarland,Verwaltungsfachhochschulen,Zentr.Einrichtungen (o. klinikspez. Einrichtungen),0.0
2021-01-01T00:00:00.000Z,Saarland,Pädagogische Hochschulen,Zentr.Einrichtungen (o. klinikspez. Einrichtungen),
2021-01-01T00:00:00.000Z,Rheinland-Pfalz,Fachhochschulen,"Mathematik, Naturwissenschaften",1787000.0
2019-01-01T00:00:00.000Z,Rheinland-Pfalz,Fachhochschulen,Ingenieurwissenschaften,9988000.0
2022-01-01T00:00:00.000Z,Bayern,Medizinische Einrichtungen der Universitäten,Sport,
2020-01-01T00:00:00.000Z,Mecklenburg-Vorpommern,Theologische Hochschulen,Geisteswissenschaften,
2020-01-01T00:00:00.000Z,Brandenburg,Theologische Hochschulen,Humanmedizin/Gesundheitswissenschaften,
2020-01-01T00:00:00.000Z,Berlin,Universitäten (ohne Medizinische Einrichtungen),Ingenieurwissenschaften,1.39203E8
2019-01-01T00:00:00.000Z,Bremen,Medizinische Einrichtungen der Universitäten,Humanmedizin/Gesundheitswissenschaften,2721000.0
2020-01-01T00:00:00.000Z,Saarland,Fachhochschulen,Zentr.Einrichtungen (o. klinikspez. Einrichtungen),2023000.0
2019-01-01T00:00:00.000Z,Bremen,Pädagogische Hochschulen,Zentr.Einrichtungen (o. klinikspez. Einrichtungen),
2022-01-01T00:00:00.000Z,Hamburg,Pädagogische Hochschulen,Geisteswissenschaften,
2022-01-01T00:00:00.000Z,Sachsen-Anhalt,Kunsthochschulen,Humanmedizin/Gesundheitswissenschaften,
2021-01-01T00:00:00.000Z,Mecklenburg-Vorpommern,Universitäten (ohne Medizinische Einrichtungen),"Mathematik, Naturwissenschaften",3.3528E7
2020-01-01T00:00:00.000Z,Rheinland-Pfalz,Kunsthochschulen,Ingenieurwissenschaften,
2019-01-01T00:00:00.000Z,Thüringen,Universitäten (ohne Medizinische Einrichtungen),Geisteswissenschaften,1.1282E7
2019-01-01T00:00:00.000Z,Brandenburg,Theologische Hochschulen,"Kunst, Kunstwissenschaft",
2020-01-01T00:00:00.000Z,Bremen,Pädagogische Hochschulen,"Agrar-, Forst- u.Ernährungswiss., Veterinärmedizin",
2019-01-01T00:00:00.000Z,Bremen,Theologische Hochschulen,"Agrar-, Forst- u.Ernährungswiss., Veterinärmedizin",
2020-01-01T00:00:00.000Z,Hessen,Medizinische Einrichtungen der Universitäten,"Agrar-, Forst- u.Ernährungswiss., Veterinärmedizin",
2020-01-01T00:00:00.000Z,Saarland,Verwaltungsfachhochschulen,"Agrar-, Forst- u.Ernährungswiss., Veterinärmedizin",
2020-01-01T00:00:00.000Z,Bremen,Universitäten (ohne Medizinische Einrichtungen),Geisteswissenschaften,1366000.0
2020-01-01T00:00:00.000Z,Thüringen,Universitäten (ohne Medizinische Einrichtungen),"Rechts-, Wirtschafts- und Sozialwissenschaften",1.368E7
2020-01-01T00:00:00.000Z,Hessen,Verwaltungsfachhochschulen,"Kunst, Kunstwissenschaft",
2022-01-01T00:00:00.000Z,Niedersachsen,Theologische Hochschulen,"Rechts-, Wirtschafts- und Sozialwissenschaften",
2019-01-01T00:00:00.000Z,Bremen,Universitäten (ohne Medizinische Einrichtungen),"Kunst, Kunstwissenschaft",1393000.0
2019-01-01T00:00:00.000Z,Sachsen,Fachhochschulen,"Kunst, Kunstwissenschaft",22000.0
2022-01-01T00:00:00.000Z,Mecklenburg-Vorpommern,Pädagogische Hochschulen,Humanmedizin/Gesundheitswissenschaften,
2020-01-01T00:00:00.000Z,Bremen,Kunsthochschulen,Zentr.Einrichtungen (o. klinikspez. Einrichtungen),252000.0
2020-01-01T00:00:00.000Z,Berlin,Pädagogische Hochschulen,Geisteswissenschaften,
2022-01-01T00:00:00.000Z,Hessen,Verwaltungsfachhochschulen,"Rechts-, Wirtschafts- und Sozialwissenschaften",225000.0
2022-01-01T00:00:00.000Z,Sachsen,Pädagogische Hochschulen,Geisteswissenschaften,
2020-01-01T00:00:00.000Z,Mecklenburg-Vorpommern,Kunsthochschulen,Ingenieurwissenschaften,
2020-01-01T00:00:00.000Z,Hamburg,Verwaltungsfachhochschulen,Zentr.Einrichtungen (o. klinikspez. Einrichtungen),0.0
2021-01-01T00:00:00.000Z,Baden-Württemberg,Medizinische Einrichtungen der Universitäten,"Rechts-, Wirtschafts- und Sozialwissenschaften",
2021-01-01T00:00:00.000Z,Rheinland-Pfalz,Verwaltungsfachhochschulen,"Agrar-, Forst- u.Ernährungswiss., Veterinärmedizin",
2019-01-01T00:00:00.000Z,Sachsen-Anhalt,Medizinische Einrichtungen der Universitäten,Sport,
2022-01-01T00:00:00.000Z,Saarland,Pädagogische Hochschulen,"Kunst, Kunstwissenschaft",
2020-01-01T00:00:00.000Z,Saarland,Universitäten (ohne Medizinische Einrichtungen),Geisteswissenschaften,7093000.0
2020-01-01T00:00:00.000Z,Brandenburg,Pädagogische Hochschulen,Geisteswissenschaften,
2020-01-01T00:00:00.000Z,Rheinland-Pfalz,Fachhochschulen,"Rechts-, Wirtschafts- und Sozialwissenschaften",1.3315E7
2020-01-01T00:00:00.000Z,Hessen,Kunsthochschulen,"Agrar-, Forst- u.Ernährungswiss., Veterinärmedizin",
2021-01-01T00:00:00.000Z,Berlin,Medizinische Einrichtungen der Universitäten,"Mathematik, Naturwissenschaften",
2022-01-01T00:00:00.000Z,Brandenburg,Kunsthochschulen,"Kunst, Kunstwissenschaft",
2021-01-01T00:00:00.000Z,Schleswig-Holstein,Verwaltungsfachhochschulen,Sport,
2021-01-01T00:00:00.000Z,Hessen,Universitäten (ohne Medizinische Einrichtungen),Ingenieurwissenschaften,1.31197E8
2021-01-01T00:00:00.000Z,Brandenburg,Medizinische Einrichtungen der Universitäten,Humanmedizin/Gesundheitswissenschaften,1.1341E7
2021-01-01T00:00:00.000Z,Brandenburg,Pädagogische Hochschulen,"Agrar-, Forst- u.Ernährungswiss., Veterinärmedizin",
2020-01-01T00:00:00.000Z,Rheinland-Pfalz,Pädagogische Hochschulen,Ingenieurwissenschaften,
2019-01-01T00:00:00.000Z,Thüringen,Medizinische Einrichtungen der Universitäten,"Kunst, Kunstwissenschaft",
2022-01-01T00:00:00.000Z,Schleswig-Holstein,Universitäten (ohne Medizinische Einrichtungen),"Mathematik, Naturwissenschaften",2.1094E7
2020-01-01T00:00:00.000Z,Sachsen-Anhalt,Pädagogische Hochschulen,Humanmedizin/Gesundheitswissenschaften,
2020-01-01T00:00:00.000Z,Hessen,Theologische Hochschulen,Sport,
2022-01-01T00:00:00.000Z,Nordrhein-Westfalen,Universitäten (ohne Medizinische Einrichtungen),Geisteswissenschaften,1.04899E8
2019-01-01T00:00:00.000Z,Sachsen,Universitäten (ohne Medizinische Einrichtungen),Humanmedizin/Gesundheitswissenschaften,
2021-01-01T00:00:00.000Z,Sachsen,Kunsthochschulen,"Agrar-, Forst- u.Ernährungswiss., Veterinärmedizin",
2020-01-01T00:00:00.000Z,Rheinland-Pfalz,Universitäten (ohne Medizinische Einrichtungen),"Agrar-, Forst- u.Ernährungswiss., Veterinärmedizin",0.0
2022-01-01T00:00:00.000Z,Berlin,Fachhochschulen,Geisteswissenschaften,374000.0
2022-01-01T00:00:00.000Z,Bayern,Medizinische Einrichtungen der Universitäten,Humanmedizin/Gesundheitswissenschaften,4.22617E8
2022-01-01T00:00:00.000Z,Bremen,Medizinische Einrichtungen der Universitäten,Sport,
2020-01-01T00:00:00.000Z,Schleswig-Holstein,Medizinische Einrichtungen der Universitäten,"Agrar-, Forst- u.Ernährungswiss., Veterinärmedizin",
2021-01-01T00:00:00.000Z,Hamburg,Verwaltungsfachhochschulen,"Agrar-, Forst- u.Ernährungswiss., Veterinärmedizin",
2021-01-01T00:00:00.000Z,Hamburg,Fachhochschulen,"Mathematik, Naturwissenschaften",79000.0
2019-01-01T00:00:00.000Z,Hessen,Fachhochschulen,"Agrar-, Forst- u.Ernährungswiss., Veterinärmedizin",3743000.0
2020-01-01T00:00:00.000Z,Rheinland-Pfalz,Theologische Hochschulen,Sport,
2021-01-01T00:00:00.000Z,Saarland,Medizinische Einrichtungen der Universitäten,Sport,
2021-01-01T00:00:00.000Z,Bremen,Fachhochschulen,Humanmedizin/Gesundheitswissenschaften,47000.0
2020-01-01T00:00:00.000Z,Saarland,Kunsthochschulen,Humanmedizin/Gesundheitswissenschaften,
2022-01-01T00:00:00.000Z,Saarland,Pädagogische Hochschulen,Sport,
2022-01-01T00:00:00.000Z,Rheinland-Pfalz,Universitäten (ohne Medizinische Einrichtungen),"Rechts-, Wirtschafts- und Sozialwissenschaften",2.1384E7
2019-01-01T00:00:00.000Z,Schleswig-Holstein,Pädagogische Hochschulen,Geisteswissenschaften,
2019-01-01T00:00:00.000Z,Hessen,Verwaltungsfachhochschulen,"Rechts-, Wirtschafts- und Sozialwissenschaften",68000.0
2021-01-01T00:00:00.000Z,Brandenburg,Verwaltungsfachhochschulen,"Mathematik, Naturwissenschaften",
2022-01-01T00:00:00.000Z,Thüringen,Fachhochschulen,"Agrar-, Forst- u.Ernährungswiss., Veterinärmedizin",1548000.0
2021-01-01T00:00:00.000Z,Schleswig-Holstein,Theologische Hochschulen,Geisteswissenschaften,
2019-01-01T00:00:00.000Z,Saarland,Theologische Hochschulen,Sport,
2019-01-01T00:00:00.000Z,Baden-Württemberg,Fachhochschulen,"Rechts-, Wirtschafts- und Sozialwissenschaften",1.4359E7
2020-01-01T00:00:00.000Z,Sachsen,Medizinische Einrichtungen der Universitäten,Sport,
2021-01-01T00:00:00.000Z,Nordrhein-Westfalen,Kunsthochschulen,"Kunst, Kunstwissenschaft",1882000.0
2021-01-01T00:00:00.000Z,Sachsen,Fachhochschulen,Zentr.Einrichtungen (o. klinikspez. Einrichtungen),1.3169E7
2020-01-01T00:00:00.000Z,Bayern,Verwaltungsfachhochschulen,Zentr.Einrichtungen (o. klinikspez. Einrichtungen),195000.0
2022-01-01T00:00:00.000Z,Niedersachsen,Kunsthochschulen,Ingenieurwissenschaften,
2019-01-01T00:00:00.000Z,Thüringen,Kunsthochschulen,Sport,
2022-01-01T00:00:00.000Z,Sachsen-Anhalt,Verwaltungsfachhochschulen,"Rechts-, Wirtschafts- und Sozialwissenschaften",155000.0
2019-01-01T00:00:00.000Z,Nordrhein-Westfalen,Kunsthochschulen,"Rechts-, Wirtschafts- und Sozialwissenschaften",0.0
2019-01-01T00:00:00.000Z,Niedersachsen,Medizinische Einrichtungen der Universitäten,Geisteswissenschaften,
2022-01-01T00:00:00.000Z,Sachsen,Theologische Hochschulen,"Agrar-, Forst- u.Ernährungswiss., Veterinärmedizin",
2021-01-01T00:00:00.000Z,Rheinland-Pfalz,Kunsthochschulen,Geisteswissenschaften,
2019-01-01T00:00:00.000Z,Bremen,Kunsthochschulen,Sport,
2021-01-01T00:00:00.000Z,Sachsen,Theologische Hochschulen,Geisteswissenschaften,
2021-01-01T00:00:00.000Z,Hamburg,Medizinische Einrichtungen der Universitäten,"Mathematik, Naturwissenschaften",
2020-01-01T00:00:00.000Z,Niedersachsen,Fachhochschulen,"Agrar-, Forst- u.Ernährungswiss., Veterinärmedizin",4754000.0
2019-01-01T00:00:00.000Z,Niedersachsen,Verwaltungsfachhochschulen,"Agrar-, Forst- u.Ernährungswiss., Veterinärmedizin",
2021-01-01T00:00:00.000Z,Niedersachsen,Fachhochschulen,"Rechts-, Wirtschafts- und Sozialwissenschaften",8262000.0
2020-01-01T00:00:00.000Z,Mecklenburg-Vorpommern,Pädagogische Hochschulen,Ingenieurwissenschaften,
2020-01-01T00:00:00.000Z,Rheinland-Pfalz,Theologische Hochschulen,"Rechts-, Wirtschafts- und Sozialwissenschaften",
2021-01-01T00:00:00.000Z,Niedersachsen,Pädagogische Hochschulen,"Kunst, Kunstwissenschaft",
2021-01-01T00:00:00.000Z,Bremen,Fachhochschulen,Sport,
2022-01-01T00:00:00.000Z,Bremen,Medizinische Einrichtungen der Universitäten,Humanmedizin/Gesundheitswissenschaften,3609000.0
2019-01-01T00:00:00.000Z,Brandenburg,Medizinische Einrichtungen der Universitäten,Zentr.Einrichtungen (o. klinikspez. Einrichtungen),
2019-01-01T00:00:00.000Z,Berlin,Kunsthochschulen,"Rechts-, Wirtschafts- und Sozialwissenschaften",
2022-01-01T00:00:00.000Z,Berlin,Universitäten (ohne Medizinische Einrichtungen),Geisteswissenschaften,7.025E7
2020-01-01T00:00:00.000Z,Bayern,Theologische Hochschulen,Zentr.Einrichtungen (o. klinikspez. Einrichtungen),0.0
2019-01-01T00:00:00.000Z,Sachsen-Anhalt,Theologische Hochschulen,Geisteswissenschaften,0.0
2020-01-01T00:00:00.000Z,Schleswig-Holstein,Verwaltungsfachhochschulen,Sport,
2021-01-01T00:00:00.000Z,Brandenburg,Universitäten (ohne Medizinische Einrichtungen),Zentr.Einrichtungen (o. klinikspez. Einrichtungen),2.1618E7
2019-01-01T00:00:00.000Z,Sachsen,Theologische Hochschulen,"Rechts-, Wirtschafts- und Sozialwissenschaften",
2022-01-01T00:00:00.000Z,Berlin,Fachhochschulen,Humanmedizin/Gesundheitswissenschaften,860000.0
2020-01-01T00:00:00.000Z,Schleswig-Holstein,Fachhochschulen,Zentr.Einrichtungen (o. klinikspez. Einrichtungen),5203000.0
2021-01-01T00:00:00.000Z,Schleswig-Holstein,Fachhochschulen,"Kunst, Kunstwissenschaft",
2021-01-01T00:00:00.000Z,Bremen,Universitäten (ohne Medizinische Einrichtungen),"Mathematik, Naturwissenschaften",4.5995E7
2020-01-01T00:00:00.000Z,Sachsen-Anhalt,Verwaltungsfachhochschulen,"Agrar-, Forst- u.Ernährungswiss., Veterinärmedizin",
2022-01-01T00:00:00.000Z,Sachsen-Anhalt,Medizinische Einrichtungen der Universitäten,"Mathematik, Naturwissenschaften",
2021-01-01T00:00:00.000Z,Rheinland-Pfalz,Pädagogische Hochschulen,Ingenieurwissenschaften,
2020-01-01T00:00:00.000Z,Thüringen,Fachhochschulen,Ingenieurwissenschaften,1.296E7
2021-01-01T00:00:00.000Z,Bremen,Medizinische Einrichtungen der Universitäten,Sport,
2022-01-01T00:00:00.000Z,Thüringen,Verwaltungsfachhochschulen,"Kunst, Kunstwissenschaft",
2022-01-01T00:00:00.000Z,Bayern,Theologische Hochschulen,Sport,
2019-01-01T00:00:00.000Z,Baden-Württemberg,Pädagogische Hochschulen,"Agrar-, Forst- u.Ernährungswiss., Veterinärmedizin",15000.0
2019-01-01T00:00:00.000Z,Saarland,Fachhochschulen,Geisteswissenschaften,
2019-01-01T00:00:00.000Z,Bayern,Medizinische Einrichtungen der Universitäten,Sport,
2022-01-01T00:00:00.000Z,Hamburg,Verwaltungsfachhochschulen,"Kunst, Kunstwissenschaft",
2022-01-01T00:00:00.000Z,Hessen,Medizinische Einrichtungen der Universitäten,"Mathematik, Naturwissenschaften",
2022-01-01T00:00:00.000Z,Sachsen,Fachhochschulen,"Rechts-, Wirtschafts- und Sozialwissenschaften",7184000.0
2021-01-01T00:00:00.000Z,Mecklenburg-Vorpommern,Universitäten (ohne Medizinische Einrichtungen),Humanmedizin/Gesundheitswissenschaften,
2020-01-01T00:00:00.000Z,Mecklenburg-Vorpommern,Fachhochschulen,"Rechts-, Wirtschafts- und Sozialwissenschaften",2494000.0
2020-01-01T00:00:00.000Z,Hamburg,Fachhochschulen,"Mathematik, Naturwissenschaften",126000.0
2020-01-01T00:00:00.000Z,Baden-Württemberg,Theologische Hochschulen,"Kunst, Kunstwissenschaft",
2019-01-01T00:00:00.000Z,Niedersachsen,Theologische Hochschulen,"Mathematik, Naturwissenschaften",
2020-01-01T00:00:00.000Z,Rheinland-Pfalz,Fachhochschulen,Geisteswissenschaften,0.0
2022-01-01T00:00:00.000Z,Saarland,Universitäten (ohne Medizinische Einrichtungen),"Mathematik, Naturwissenschaften",1.3835E7
2019-01-01T00:00:00.000Z,Rheinland-Pfalz,Universitäten (ohne Medizinische Einrichtungen),"Rechts-, Wirtschafts- und Sozialwissenschaften",1.918E7
2019-01-01T00:00:00.000Z,Baden-Württemberg,Kunsthochschulen,Geisteswissenschaften,
2020-01-01T00:00:00.000Z,Nordrhein-Westfalen,Universitäten (ohne Medizinische Einrichtungen),Zentr.Einrichtungen (o. klinikspez. Einrichtungen),2.06919E8
2019-01-01T00:00:00.000Z,Hamburg,Theologische Hochschulen,Ingenieurwissenschaften,
2020-01-01T00:00:00.000Z,Mecklenburg-Vorpommern,Medizinische Einrichtungen der Universitäten,"Rechts-, Wirtschafts- und Sozialwissenschaften",
2020-01-01T00:00:00.000Z,Berlin,Fachhochschulen,"Agrar-, Forst- u.Ernährungswiss., Veterinärmedizin",224000.0
2020-01-01T00:00:00.000Z,Sachsen,Kunsthochschulen,Sport,
2021-01-01T00:00:00.000Z,Niedersachsen,Universitäten (ohne Medizinische Einrichtungen),"Rechts-, Wirtschafts- und Sozialwissenschaften",4.1792E7
2021-01-01T00:00:00.000Z,Sachsen-Anhalt,Universitäten (ohne Medizinische Einrichtungen),Geisteswissenschaften,3094000.0
2022-01-01T00:00:00.000Z,Berlin,Verwaltungsfachhochschulen,"Kunst, Kunstwissenschaft",
2019-01-01T00:00:00.000Z,Berlin,Kunsthochschulen,"Agrar-, Forst- u.Ernährungswiss., Veterinärmedizin",
2021-01-01T00:00:00.000Z,Baden-Württemberg,Pädagogische Hochschulen,"Mathematik, Naturwissenschaften",5739000.0
2021-01-01T00:00:00.000Z,Baden-Württemberg,Fachhochschulen,Geisteswissenschaften,1193000.0
2022-01-01T00:00:00.000Z,Thüringen,Fachhochschulen,"Kunst, Kunstwissenschaft",-32000.0
2021-01-01T00:00:00.000Z,Berlin,Verwaltungsfachhochschulen,"Rechts-, Wirtschafts- und Sozialwissenschaften",0.0
2019-01-01T00:00:00.000Z,Baden-Württemberg,Kunsthochschulen,Ingenieurwissenschaften,108000.0
2019-01-01T00:00:00.000Z,Berlin,Pädagogische Hochschulen,Humanmedizin/Gesundheitswissenschaften,
2019-01-01T00:00:00.000Z,Hamburg,Theologische Hochschulen,Geisteswissenschaften,
2021-01-01T00:00:00.000Z,Saarland,Fachhochschulen,"Agrar-, Forst- u.Ernährungswiss., Veterinärmedizin",
2021-01-01T00:00:00.000Z,Niedersachsen,Kunsthochschulen,Sport,
2021-01-01T00:00:00.000Z,Sachsen-Anhalt,Medizinische Einrichtungen der Universitäten,"Kunst, Kunstwissenschaft",
2019-01-01T00:00:00.000Z,Bayern,Theologische Hochschulen,Sport,
2019-01-01T00:00:00.000Z,Bayern,Theologische Hochschulen,Zentr.Einrichtungen (o. klinikspez. Einrichtungen),0.0
2019-01-01T00:00:00.000Z,Saarland,Verwaltungsfachhochschulen,Ingenieurwissenschaften,
2019-01-01T00:00:00.000Z,Mecklenburg-Vorpommern,Kunsthochschulen,Humanmedizin/Gesundheitswissenschaften,
2021-01-01T00:00:00.000Z,Bayern,Universitäten (ohne Medizinische Einrichtungen),Geisteswissenschaften,5.3058E7
2020-01-01T00:00:00.000Z,Hamburg,Universitäten (ohne Medizinische Einrichtungen),"Kunst, Kunstwissenschaft",
2020-01-01T00:00:00.000Z,Hamburg,Fachhochschulen,Sport,
2019-01-01T00:00:00.000Z,Sachsen,Pädagogische Hochschulen,Geisteswissenschaften,
2020-01-01T00:00:00.000Z,Hessen,Universitäten (ohne Medizinische Einrichtungen),Sport,1341000.0
2022-01-01T00:00:00.000Z,Thüringen,Medizinische Einrichtungen der Universitäten,"Agrar-, Forst- u.Ernährungswiss., Veterinärmedizin",
2022-01-01T00:00:00.000Z,Berlin,Theologische Hochschulen,Zentr.Einrichtungen (o. klinikspez. Einrichtungen),
2022-01-01T00:00:00.000Z,Baden-Württemberg,Theologische Hochschulen,Humanmedizin/Gesundheitswissenschaften,
2021-01-01T00:00:00.000Z,Hamburg,Theologische Hochschulen,Humanmedizin/Gesundheitswissenschaften,
2022-01-01T00:00:00.000Z,Berlin,Verwaltungsfachhochschulen,"Agrar-, Forst- u.Ernährungswiss., Veterinärmedizin",
2022-01-01T00:00:00.000Z,Bremen,Kunsthochschulen,Sport,
2022-01-01T00:00:00.000Z,Rheinland-Pfalz,Fachhochschulen,"Mathematik, Naturwissenschaften",1815000.0
2019-01-01T00:00:00.000Z,Thüringen,Pädagogische Hochschulen,"Kunst, Kunstwissenschaft",
2020-01-01T00:00:00.000Z,Sachsen,Medizinische Einrichtungen der Universitäten,"Mathematik, Naturwissenschaften",
2022-01-01T00:00:00.000Z,Rheinland-Pfalz,Verwaltungsfachhochschulen,"Kunst, Kunstwissenschaft",
2021-01-01T00:00:00.000Z,Bayern,Fachhochschulen,"Agrar-, Forst- u.Ernährungswiss., Veterinärmedizin",1237000.0
2019-01-01T00:00:00.000Z,Schleswig-Holstein,Fachhochschulen,Zentr.Einrichtungen (o. klinikspez. Einrichtungen),6466000.0
2019-01-01T00:00:00.000Z,Sachsen-Anhalt,Verwaltungsfachhochschulen,"Rechts-, Wirtschafts- und Sozialwissenschaften",0.0
2020-01-01T00:00:00.000Z,Berlin,Fachhochschulen,"Kunst, Kunstwissenschaft",547000.0
2020-01-01T00:00:00.000Z,Baden-Württemberg,Theologische Hochschulen,"Agrar-, Forst- u.Ernährungswiss., Veterinärmedizin",
2022-01-01T00:00:00.000Z,Hessen,Verwaltungsfachhochschulen,Sport,
2021-01-01T00:00:00.000Z,Sachsen-Anhalt,Kunsthochschulen,Sport,
2020-01-01T00:00:00.000Z,Nordrhein-Westfalen,Medizinische Einrichtungen der Universitäten,"Mathematik, Naturwissenschaften",
2019-01-01T00:00:00.000Z,Nordrhein-Westfalen,Pädagogische Hochschulen,"Rechts-, Wirtschafts- und Sozialwissenschaften",
2019-01-01T00:00:00.000Z,Hamburg,Universitäten (ohne Medizinische Einrichtungen),Ingenieurwissenschaften,4.9461E7
2021-01-01T00:00:00.000Z,Nordrhein-Westfalen,Fachhochschulen,Zentr.Einrichtungen (o. klinikspez. Einrichtungen),5.0704E7
2019-01-01T00:00:00.000Z,Berlin,Universitäten (ohne Medizinische Einrichtungen),Ingenieurwissenschaften,1.18931E8
2021-01-01T00:00:00.000Z,Sachsen-Anhalt,Theologische Hochschulen,"Kunst, Kunstwissenschaft",0.0
2021-01-01T00:00:00.000Z,Sachsen,Pädagogische Hochschulen,"Mathematik, Naturwissenschaften",
2022-01-01T00:00:00.000Z,Rheinland-Pfalz,Medizinische Einrichtungen der Universitäten,Ingenieurwissenschaften,
2022-01-01T00:00:00.000Z,Rheinland-Pfalz,Theologische Hochschulen,"Mathematik, Naturwissenschaften",
2020-01-01T00:00:00.000Z,Bremen,Kunsthochschulen,"Rechts-, Wirtschafts- und Sozialwissenschaften",
2022-01-01T00:00:00.000Z,Mecklenburg-Vorpommern,Theologische Hochschulen,"Mathematik, Naturwissenschaften",
2019-01-01T00:00:00.000Z,Rheinland-Pfalz,Universitäten (ohne Medizinische Einrichtungen),Sport,1239000.0
2019-01-01T00:00:00.000Z,Bayern,Universitäten (ohne Medizinische Einrichtungen),"Agrar-, Forst- u.Ernährungswiss., Veterinärmedizin",4.1262E7
2019-01-01T00:00:00.000Z,Sachsen,Pädagogische Hochschulen,Ingenieurwissenschaften,
2019-01-01T00:00:00.000Z,Niedersachsen,Fachhochschulen,"Mathematik, Naturwissenschaften",
2021-01-01T00:00:00.000Z,Hamburg,Medizinische Einrichtungen der Universitäten,Geisteswissenschaften,
2021-01-01T00:00:00.000Z,Hessen,Medizinische Einrichtungen der Universitäten,Zentr.Einrichtungen (o. klinikspez. Einrichtungen),
2021-01-01T00:00:00.000Z,Hamburg,Theologische Hochschulen,"Mathematik, Naturwissenschaften",
2019-01-01T00:00:00.000Z,Hamburg,Verwaltungsfachhochschulen,Sport,
2022-01-01T00:00:00.000Z,Nordrhein-Westfalen,Universitäten (ohne Medizinische Einrichtungen),Humanmedizin/Gesundheitswissenschaften,
2022-01-01T00:00:00.000Z,Brandenburg,Universitäten (ohne Medizinische Einrichtungen),"Kunst, Kunstwissenschaft",1988000.0
2020-01-01T00:00:00.000Z,Hessen,Kunsthochschulen,"Kunst, Kunstwissenschaft",1006000.0
2019-01-01T00:00:00.000Z,Thüringen,Verwaltungsfachhochschulen,"Mathematik, Naturwissenschaften",
2022-01-01T00:00:00.000Z,Sachsen-Anhalt,Theologische Hochschulen,Geisteswissenschaften,0.0
2020-01-01T00:00:00.000Z,Mecklenburg-Vorpommern,Theologische Hochschulen,"Rechts-, Wirtschafts- und Sozialwissenschaften",
2022-01-01T00:00:00.000Z,Thüringen,Verwaltungsfachhochschulen,"Agrar-, Forst- u.Ernährungswiss., Veterinärmedizin",
2021-01-01T00:00:00.000Z,Hamburg,Verwaltungsfachhochschulen,"Rechts-, Wirtschafts- und Sozialwissenschaften",135000.0
2020-01-01T00:00:00.000Z,Saarland,Kunsthochschulen,"Rechts-, Wirtschafts- und Sozialwissenschaften",
2022-01-01T00:00:00.000Z,Mecklenburg-Vorpommern,Medizinische Einrichtungen der Universitäten,Geisteswissenschaften,
2022-01-01T00:00:00.000Z,Bayern,Fachhochschulen,Zentr.Einrichtungen (o. klinikspez. Einrichtungen),4.7359E7
2021-01-01T00:00:00.000Z,Niedersachsen,Medizinische Einrichtungen der Universitäten,Ingenieurwissenschaften,
2019-01-01T00:00:00.000Z,Baden-Württemberg,Pädagogische Hochschulen,Ingenieurwissenschaften,220000.0
2019-01-01T00:00:00.000Z,Sachsen-Anhalt,Theologische Hochschulen,Humanmedizin/Gesundheitswissenschaften,
2019-01-01T00:00:00.000Z,Baden-Württemberg,Theologische Hochschulen,"Rechts-, Wirtschafts- und Sozialwissenschaften",
2020-01-01T00:00:00.000Z,Schleswig-Holstein,Fachhochschulen,Ingenieurwissenschaften,1.0248E7
2020-01-01T00:00:00.000Z,Bayern,Universitäten (ohne Medizinische Einrichtungen),Ingenieurwissenschaften,2.70883E8
2020-01-01T00:00:00.000Z,Schleswig-Holstein,Verwaltungsfachhochschulen,"Kunst, Kunstwissenschaft",
2019-01-01T00:00:00.000Z,Baden-Württemberg,Universitäten (ohne Medizinische Einrichtungen),"Mathematik, Naturwissenschaften",2.93157E8
2021-01-01T00:00:00.000Z,Baden-Württemberg,Pädagogische Hochschulen,Zentr.Einrichtungen (o. klinikspez. Einrichtungen),6712000.0
2022-01-01T00:00:00.000Z,Sachsen,Theologische Hochschulen,"Kunst, Kunstwissenschaft",
2019-01-01T00:00:00.000Z,Baden-Württemberg,Pädagogische Hochschulen,Sport,342000.0
2019-01-01T00:00:00.000Z,Bayern,Fachhochschulen,Geisteswissenschaften,661000.0
2022-01-01T00:00:00.000Z,Hamburg,Medizinische Einrichtungen der Universitäten,"Kunst, Kunstwissenschaft",
2019-01-01T00:00:00.000Z,Mecklenburg-Vorpommern,Medizinische Einrichtungen der Universitäten,Humanmedizin/Gesundheitswissenschaften,3.702E7
2021-01-01T00:00:00.000Z,Rheinland-Pfalz,Theologische Hochschulen,"Agrar-, Forst- u.Ernährungswiss., Veterinärmedizin",
2019-01-01T00:00:00.000Z,Schleswig-Holstein,Fachhochschulen,Humanmedizin/Gesundheitswissenschaften,
2019-01-01T00:00:00.000Z,Berlin,Pädagogische Hochschulen,"Rechts-, Wirtschafts- und Sozialwissenschaften",
2020-01-01T00:00:00.000Z,Bremen,Medizinische Einrichtungen der Universitäten,"Rechts-, Wirtschafts- und Sozialwissenschaften",
2021-01-01T00:00:00.000Z,Rheinland-Pfalz,Pädagogische Hochschulen,Sport,
2022-01-01T00:00:00.000Z,Bayern,Pädagogische Hochschulen,"Rechts-, Wirtschafts- und Sozialwissenschaften",
2022-01-01T00:00:00.000Z,Nordrhein-Westfalen,Fachhochschulen,Sport,
2020-01-01T00:00:00.000Z,Baden-Württemberg,Verwaltungsfachhochschulen,Ingenieurwissenschaften,
2019-01-01T00:00:00.000Z,Bremen,Universitäten (ohne Medizinische Einrichtungen),"Agrar-, Forst- u.Ernährungswiss., Veterinärmedizin",
2022-01-01T00:00:00.000Z,Bremen,Kunsthochschulen,"Agrar-, Forst- u.Ernährungswiss., Veterinärmedizin",
2022-01-01T00:00:00.000Z,Berlin,Universitäten (ohne Medizinische Einrichtungen),Zentr.Einrichtungen (o. klinikspez. Einrichtungen),4.087E7
2021-01-01T00:00:00.000Z,Sachsen,Pädagogische Hochschulen,Humanmedizin/Gesundheitswissenschaften,
2020-01-01T00:00:00.000Z,Niedersachsen,Theologische Hochschulen,Humanmedizin/Gesundheitswissenschaften,
2022-01-01T00:00:00.000Z,Saarland,Kunsthochschulen,Geisteswissenschaften,
2020-01-01T00:00:00.000Z,Mecklenburg-Vorpommern,Pädagogische Hochschulen,Zentr.Einrichtungen (o. klinikspez. Einrichtungen),
2020-01-01T00:00:00.000Z,Bremen,Pädagogische Hochschulen,"Kunst, Kunstwissenschaft",
2021-01-01T00:00:00.000Z,Thüringen,Fachhochschulen,Sport,
2022-01-01T00:00:00.000Z,Hamburg,Pädagogische Hochschulen,"Agrar-, Forst- u.Ernährungswiss., Veterinärmedizin",
2022-01-01T00:00:00.000Z,Rheinland-Pfalz,Medizinische Einrichtungen der Universitäten,"Kunst, Kunstwissenschaft",
2022-01-01T00:00:00.000Z,Niedersachsen,Pädagogische Hochschulen,Ingenieurwissenschaften,
2020-01-01T00:00:00.000Z,Bremen,Pädagogische Hochschulen,Zentr.Einrichtungen (o. klinikspez. Einrichtungen),
2019-01-01T00:00:00.000Z,Rheinland-Pfalz,Verwaltungsfachhochschulen,"Mathematik, Naturwissenschaften",
2022-01-01T00:00:00.000Z,Berlin,Medizinische Einrichtungen der Universitäten,"Agrar-, Forst- u.Ernährungswiss., Veterinärmedizin",
2020-01-01T00:00:00.000Z,Rheinland-Pfalz,Universitäten (ohne Medizinische Einrichtungen),"Kunst, Kunstwissenschaft",1034000.0
2020-01-01T00:00:00.000Z,Berlin,Universitäten (ohne Medizinische Einrichtungen),"Agrar-, Forst- u.Ernährungswiss., Veterinärmedizin",1.4466E7
2022-01-01T00:00:00.000Z,Rheinland-Pfalz,Verwaltungsfachhochschulen,Zentr.Einrichtungen (o. klinikspez. Einrichtungen),
2020-01-01T00:00:00.000Z,Brandenburg,Universitäten (ohne Medizinische Einrichtungen),Sport,3193000.0
2020-01-01T00:00:00.000Z,Nordrhein-Westfalen,Fachhochschulen,Humanmedizin/Gesundheitswissenschaften,3479000.0
2020-01-01T00:00:00.000Z,Thüringen,Theologische Hochschulen,Ingenieurwissenschaften,
2019-01-01T00:00:00.000Z,Hamburg,Kunsthochschulen,"Kunst, Kunstwissenschaft",1271000.0
2021-01-01T00:00:00.000Z,Brandenburg,Fachhochschulen,Ingenieurwissenschaften,6897000.0
2020-01-01T00:00:00.000Z,Baden-Württemberg,Medizinische Einrichtungen der Universitäten,Sport,
2019-01-01T00:00:00.000Z,Niedersachsen,Fachhochschulen,Zentr.Einrichtungen (o. klinikspez. Einrichtungen),1.6868E7
2020-01-01T00:00:00.000Z,Thüringen,Verwaltungsfachhochschulen,Zentr.Einrichtungen (o. klinikspez. Einrichtungen),0.0
2021-01-01T00:00:00.000Z,Sachsen,Universitäten (ohne Medizinische Einrichtungen),"Rechts-, Wirtschafts- und Sozialwissenschaften",4.0437E7
2021-01-01T00:00:00.000Z,Sachsen,Verwaltungsfachhochschulen,"Kunst, Kunstwissenschaft",
2021-01-01T00:00:00.000Z,Rheinland-Pfalz,Kunsthochschulen,"Agrar-, Forst- u.Ernährungswiss., Veterinärmedizin",
2021-01-01T00:00:00.000Z,Rheinland-Pfalz,Kunsthochschulen,"Mathematik, Naturwissenschaften",
2021-01-01T00:00:00.000Z,Niedersachsen,Pädagogische Hochschulen,"Rechts-, Wirtschafts- und Sozialwissenschaften",
2020-01-01T00:00:00.000Z,Berlin,Pädagogische Hochschulen,"Agrar-, Forst- u.Ernährungswiss., Veterinärmedizin",
2019-01-01T00:00:00.000Z,Mecklenburg-Vorpommern,Theologische Hochschulen,Sport,
2022-01-01T00:00:00.000Z,Brandenburg,Verwaltungsfachhochschulen,Ingenieurwissenschaften,
2019-01-01T00:00:00.000Z,Brandenburg,Fachhochschulen,Zentr.Einrichtungen (o. klinikspez. Einrichtungen),4673000.0
2022-01-01T00:00:00.000Z,Niedersachsen,Medizinische Einrichtungen der Universitäten,Zentr.Einrichtungen (o. klinikspez. Einrichtungen),
2020-01-01T00:00:00.000Z,Berlin,Kunsthochschulen,Sport,
2021-01-01T00:00:00.000Z,Bayern,Universitäten (ohne Medizinische Einrichtungen),Ingenieurwissenschaften,3.17217E8
2021-01-01T00:00:00.000Z,Sachsen,Medizinische Einrichtungen der Universitäten,"Mathematik, Naturwissenschaften",
2019-01-01T00:00:00.000Z,Berlin,Fachhochschulen,"Agrar-, Forst- u.Ernährungswiss., Veterinärmedizin",131000.0
2019-01-01T00:00:00.000Z,Nordrhein-Westfalen,Fachhochschulen,Zentr.Einrichtungen (o. klinikspez. Einrichtungen),4.7988E7
2022-01-01T00:00:00.000Z,Brandenburg,Pädagogische Hochschulen,"Rechts-, Wirtschafts- und Sozialwissenschaften",
2020-01-01T00:00:00.000Z,Niedersachsen,Kunsthochschulen,Geisteswissenschaften,27000.0
2021-01-01T00:00:00.000Z,Brandenburg,Medizinische Einrichtungen der Universitäten,"Agrar-, Forst- u.Ernährungswiss., Veterinärmedizin",
2020-01-01T00:00:00.000Z,Rheinland-Pfalz,Medizinische Einrichtungen der Universitäten,"Rechts-, Wirtschafts- und Sozialwissenschaften",
2021-01-01T00:00:00.000Z,Mecklenburg-Vorpommern,Fachhochschulen,Geisteswissenschaften,
2021-01-01T00:00:00.000Z,Baden-Württemberg,Medizinische Einrichtungen der Universitäten,"Kunst, Kunstwissenschaft",
2021-01-01T00:00:00.000Z,Rheinland-Pfalz,Verwaltungsfachhochschulen,Humanmedizin/Gesundheitswissenschaften,
2019-01-01T00:00:00.000Z,Thüringen,Verwaltungsfachhochschulen,Zentr.Einrichtungen (o. klinikspez. Einrichtungen),0.0
2022-01-01T00:00:00.000Z,Thüringen,Kunsthochschulen,Geisteswissenschaften,
2021-01-01T00:00:00.000Z,Berlin,Fachhochschulen,Zentr.Einrichtungen (o. klinikspez. Einrichtungen),6043000.0
2019-01-01T00:00:00.000Z,Schleswig-Holstein,Kunsthochschulen,Geisteswissenschaften,
2022-01-01T00:00:00.000Z,Hessen,Universitäten (ohne Medizinische Einrichtungen),"Kunst, Kunstwissenschaft",3766000.0
2019-01-01T00:00:00.000Z,Bremen,Pädagogische Hochschulen,Sport,
2019-01-01T00:00:00.000Z,Baden-Württemberg,Medizinische Einrichtungen der Universitäten,"Mathematik, Naturwissenschaften",
2020-01-01T00:00:00.000Z,Brandenburg,Kunsthochschulen,"Agrar-, Forst- u.Ernährungswiss., Veterinärmedizin",
2019-01-01T00:00:00.000Z,Hessen,Universitäten (ohne Medizinische Einrichtungen),Zentr.Einrichtungen (o. klinikspez. Einrichtungen),5.6926E7
2021-01-01T00:00:00.000Z,Mecklenburg-Vorpommern,Medizinische Einrichtungen der Universitäten,"Kunst, Kunstwissenschaft",
2022-01-01T00:00:00.000Z,Schleswig-Holstein,Medizinische Einrichtungen der Universitäten,Zentr.Einrichtungen (o. klinikspez. Einrichtungen),
2022-01-01T00:00:00.000Z,Berlin,Theologische Hochschulen,Geisteswissenschaften,
2019-01-01T00:00:00.000Z,Baden-Württemberg,Theologische Hochschulen,"Kunst, Kunstwissenschaft",
2022-01-01T00:00:00.000Z,Saarland,Universitäten (ohne Medizinische Einrichtungen),"Agrar-, Forst- u.Ernährungswiss., Veterinärmedizin",
2020-01-01T00:00:00.000Z,Thüringen,Kunsthochschulen,Zentr.Einrichtungen (o. klinikspez. Einrichtungen),148000.0
2020-01-01T00:00:00.000Z,Berlin,Medizinische Einrichtungen der Universitäten,"Kunst, Kunstwissenschaft",
2021-01-01T00:00:00.000Z,Sachsen-Anhalt,Verwaltungsfachhochschulen,"Rechts-, Wirtschafts- und Sozialwissenschaften",45000.0
2022-01-01T00:00:00.000Z,Bayern,Kunsthochschulen,"Kunst, Kunstwissenschaft",5475000.0
2020-01-01T00:00:00.000Z,Bayern,Pädagogische Hochschulen,"Kunst, Kunstwissenschaft",
2022-01-01T00:00:00.000Z,Sachsen,Medizinische Einrichtungen der Universitäten,"Agrar-, Forst- u.Ernährungswiss., Veterinärmedizin",
2020-01-01T00:00:00.000Z,Schleswig-Holstein,Medizinische Einrichtungen der Universitäten,"Mathematik, Naturwissenschaften",
2021-01-01T00:00:00.000Z,Schleswig-Holstein,Pädagogische Hochschulen,"Agrar-, Forst- u.Ernährungswiss., Veterinärmedizin",
2021-01-01T00:00:00.000Z,Thüringen,Fachhochschulen,"Mathematik, Naturwissenschaften",0.0
2020-01-01T00:00:00.000Z,Hessen,Theologische Hochschulen,Zentr.Einrichtungen (o. klinikspez. Einrichtungen),0.0
2022-01-01T00:00:00.000Z,Hessen,Pädagogische Hochschulen,"Rechts-, Wirtschafts- und Sozialwissenschaften",
2019-01-01T00:00:00.000Z,Nordrhein-Westfalen,Universitäten (ohne Medizinische Einrichtungen),Sport,1.5253E7
2019-01-01T00:00:00.000Z,Thüringen,Fachhochschulen,Ingenieurwissenschaften,1.0346E7
2020-01-01T00:00:00.000Z,Saarland,Fachhochschulen,Ingenieurwissenschaften,5656000.0
2020-01-01T00:00:00.000Z,Saarland,Verwaltungsfachhochschulen,Humanmedizin/Gesundheitswissenschaften,
2019-01-01T00:00:00.000Z,Bayern,Verwaltungsfachhochschulen,"Rechts-, Wirtschafts- und Sozialwissenschaften",1682000.0
2021-01-01T00:00:00.000Z,Rheinland-Pfalz,Pädagogische Hochschulen,"Agrar-, Forst- u.Ernährungswiss., Veterinärmedizin",
2021-01-01T00:00:00.000Z,Schleswig-Holstein,Universitäten (ohne Medizinische Einrichtungen),"Kunst, Kunstwissenschaft",473000.0
2020-01-01T00:00:00.000Z,Sachsen-Anhalt,Medizinische Einrichtungen der Universitäten,Geisteswissenschaften,
2022-01-01T00:00:00.000Z,Bayern,Medizinische Einrichtungen der Universitäten,"Agrar-, Forst- u.Ernährungswiss., Veterinärmedizin",
2021-01-01T00:00:00.000Z,Berlin,Kunsthochschulen,Humanmedizin/Gesundheitswissenschaften,
2022-01-01T00:00:00.000Z,Rheinland-Pfalz,Kunsthochschulen,"Kunst, Kunstwissenschaft",
2022-01-01T00:00:00.000Z,Sachsen,Kunsthochschulen,Geisteswissenschaften,
2020-01-01T00:00:00.000Z,Rheinland-Pfalz,Universitäten (ohne Medizinische Einrichtungen),Humanmedizin/Gesundheitswissenschaften,
2019-01-01T00:00:00.000Z,Hessen,Fachhochschulen,Humanmedizin/Gesundheitswissenschaften,1229000.0
2019-01-01T00:00:00.000Z,Hamburg,Pädagogische Hochschulen,Sport,
2022-01-01T00:00:00.000Z,Baden-Württemberg,Medizinische Einrichtungen der Universitäten,"Mathematik, Naturwissenschaften",
2019-01-01T00:00:00.000Z,Rheinland-Pfalz,Medizinische Einrichtungen der Universitäten,Zentr.Einrichtungen (o. klinikspez. Einrichtungen),
2019-01-01T00:00:00.000Z,Bremen,Medizinische Einrichtungen der Universitäten,"Kunst, Kunstwissenschaft",
2019-01-01T00:00:00.000Z,Hessen,Theologische Hochschulen,"Kunst, Kunstwissenschaft",
2022-01-01T00:00:00.000Z,Thüringen,Universitäten (ohne Medizinische Einrichtungen),Humanmedizin/Gesundheitswissenschaften,
2020-01-01T00:00:00.000Z,Hessen,Kunsthochschulen,"Mathematik, Naturwissenschaften",
2022-01-01T00:00:00.000Z,Hamburg,Universitäten (ohne Medizinische Einrichtungen),"Agrar-, Forst- u.Ernährungswiss., Veterinärmedizin",
2021-01-01T00:00:00.000Z,Thüringen,Theologische Hochschulen,Sport,
2022-01-01T00:00:00.000Z,Hamburg,Verwaltungsfachhochschulen,"Mathematik, Naturwissenschaften",
2019-01-01T00:00:00.000Z,Mecklenburg-Vorpommern,Theologische Hochschulen,Zentr.Einrichtungen (o. klinikspez. Einrichtungen),
2019-01-01T00:00:00.000Z,Bremen,Universitäten (ohne Medizinische Einrichtungen),Zentr.Einrichtungen (o. klinikspez. Einrichtungen),2.243E7
2021-01-01T00:00:00.000Z,Schleswig-Holstein,Universitäten (ohne Medizinische Einrichtungen),"Rechts-, Wirtschafts- und Sozialwissenschaften",5217000.0
2021-01-01T00:00:00.000Z,Baden-Württemberg,Medizinische Einrichtungen der Universitäten,Ingenieurwissenschaften,
2020-01-01T00:00:00.000Z,Thüringen,Universitäten (ohne Medizinische Einrichtungen),Zentr.Einrichtungen (o. klinikspez. Einrichtungen),2.3243E7
2020-01-01T00:00:00.000Z,Brandenburg,Kunsthochschulen,"Mathematik, Naturwissenschaften",
2022-01-01T00:00:00.000Z,Saarland,Pädagogische Hochschulen,Zentr.Einrichtungen (o. klinikspez. Einrichtungen),
2020-01-01T00:00:00.000Z,Nordrhein-Westfalen,Fachhochschulen,"Kunst, Kunstwissenschaft",2246000.0
2022-01-01T00:00:00.000Z,Nordrhein-Westfalen,Fachhochschulen,Zentr.Einrichtungen (o. klinikspez. Einrichtungen),5.4769E7
2021-01-01T00:00:00.000Z,Nordrhein-Westfalen,Pädagogische Hochschulen,Geisteswissenschaften,
2021-01-01T00:00:00.000Z,Hessen,Verwaltungsfachhochschulen,Zentr.Einrichtungen (o. klinikspez. Einrichtungen),0.0
2022-01-01T00:00:00.000Z,Sachsen,Verwaltungsfachhochschulen,Sport,
2019-01-01T00:00:00.000Z,Bremen,Fachhochschulen,Humanmedizin/Gesundheitswissenschaften,90000.0
2020-01-01T00:00:00.000Z,Saarland,Kunsthochschulen,Sport,
2020-01-01T00:00:00.000Z,Bayern,Fachhochschulen,"Mathematik, Naturwissenschaften",4815000.0
2019-01-01T00:00:00.000Z,Berlin,Universitäten (ohne Medizinische Einrichtungen),Sport,436000.0
2019-01-01T00:00:00.000Z,Nordrhein-Westfalen,Kunsthochschulen,Geisteswissenschaften,
2020-01-01T00:00:00.000Z,Thüringen,Universitäten (ohne Medizinische Einrichtungen),Ingenieurwissenschaften,5.0917E7
2022-01-01T00:00:00.000Z,Rheinland-Pfalz,Medizinische Einrichtungen der Universitäten,Zentr.Einrichtungen (o. klinikspez. Einrichtungen),
2019-01-01T00:00:00.000Z,Niedersachsen,Verwaltungsfachhochschulen,Humanmedizin/Gesundheitswissenschaften,
2022-01-01T00:00:00.000Z,Brandenburg,Verwaltungsfachhochschulen,Zentr.Einrichtungen (o. klinikspez. Einrichtungen),0.0
2022-01-01T00:00:00.000Z,Baden-Württemberg,Fachhochschulen,Sport,
2020-01-01T00:00:00.000Z,Nordrhein-Westfalen,Verwaltungsfachhochschulen,Humanmedizin/Gesundheitswissenschaften,
2022-01-01T00:00:00.000Z,Mecklenburg-Vorpommern,Pädagogische Hochschulen,"Agrar-, Forst- u.Ernährungswiss., Veterinärmedizin",
2020-01-01T00:00:00.000Z,Schleswig-Holstein,Verwaltungsfachhochschulen,"Rechts-, Wirtschafts- und Sozialwissenschaften",0.0
2019-01-01T00:00:00.000Z,Sachsen,Fachhochschulen,Sport,
2022-01-01T00:00:00.000Z,Sachsen,Verwaltungsfachhochschulen,Humanmedizin/Gesundheitswissenschaften,
2019-01-01T00:00:00.000Z,Saarland,Verwaltungsfachhochschulen,Zentr.Einrichtungen (o. klinikspez. Einrichtungen),0.0
2021-01-01T00:00:00.000Z,Bremen,Universitäten (ohne Medizinische Einrichtungen),"Kunst, Kunstwissenschaft",585000.0
2019-01-01T00:00:00.000Z,Hamburg,Universitäten (ohne Medizinische Einrichtungen),"Agrar-, Forst- u.Ernährungswiss., Veterinärmedizin",431000.0
2020-01-01T00:00:00.000Z,Hamburg,Kunsthochschulen,"Mathematik, Naturwissenschaften",
2022-01-01T00:00:00.000Z,Bremen,Fachhochschulen,Zentr.Einrichtungen (o. klinikspez. Einrichtungen),1.2913E7
2022-01-01T00:00:00.000Z,Mecklenburg-Vorpommern,Theologische Hochschulen,Zentr.Einrichtungen (o. klinikspez. Einrichtungen),
2021-01-01T00:00:00.000Z,Rheinland-Pfalz,Medizinische Einrichtungen der Universitäten,Ingenieurwissenschaften,
2021-01-01T00:00:00.000Z,Mecklenburg-Vorpommern,Kunsthochschulen,Humanmedizin/Gesundheitswissenschaften,
2021-01-01T00:00:00.000Z,Rheinland-Pfalz,Verwaltungsfachhochschulen,Sport,
2022-01-01T00:00:00.000Z,Berlin,Pädagogische Hochschulen,Zentr.Einrichtungen (o. klinikspez. Einrichtungen),
2021-01-01T00:00:00.000Z,Rheinland-Pfalz,Pädagogische Hochschulen,Geisteswissenschaften,
2019-01-01T00:00:00.000Z,Hamburg,Theologische Hochschulen,"Rechts-, Wirtschafts- und Sozialwissenschaften",
2022-01-01T00:00:00.000Z,Sachsen-Anhalt,Verwaltungsfachhochschulen,Ingenieurwissenschaften,
2019-01-01T00:00:00.000Z,Hessen,Medizinische Einrichtungen der Universitäten,"Agrar-, Forst- u.Ernährungswiss., Veterinärmedizin",
2020-01-01T00:00:00.000Z,Hessen,Theologische Hochschulen,"Agrar-, Forst- u.Ernährungswiss., Veterinärmedizin",
2019-01-01T00:00:00.000Z,Sachsen,Kunsthochschulen,"Kunst, Kunstwissenschaft",1836000.0
2020-01-01T00:00:00.000Z,Baden-Württemberg,Medizinische Einrichtungen der Universitäten,"Rechts-, Wirtschafts- und Sozialwissenschaften",
2020-01-01T00:00:00.000Z,Mecklenburg-Vorpommern,Kunsthochschulen,"Rechts-, Wirtschafts- und Sozialwissenschaften",
2020-01-01T00:00:00.000Z,Saarland,Kunsthochschulen,"Agrar-, Forst- u.Ernährungswiss., Veterinärmedizin",
2020-01-01T00:00:00.000Z,Bayern,Kunsthochschulen,Geisteswissenschaften,0.0
2022-01-01T00:00:00.000Z,Sachsen,Universitäten (ohne Medizinische Einrichtungen),"Kunst, Kunstwissenschaft",3609000.0
2019-01-01T00:00:00.000Z,Bayern,Medizinische Einrichtungen der Universitäten,"Mathematik, Naturwissenschaften",
2020-01-01T00:00:00.000Z,Schleswig-Holstein,Pädagogische Hochschulen,"Kunst, Kunstwissenschaft",
2022-01-01T00:00:00.000Z,Sachsen-Anhalt,Pädagogische Hochschulen,Sport,
2022-01-01T00:00:00.000Z,Baden-Württemberg,Fachhochschulen,Humanmedizin/Gesundheitswissenschaften,2134000.0
2021-01-01T00:00:00.000Z,Hamburg,Verwaltungsfachhochschulen,Ingenieurwissenschaften,
2019-01-01T00:00:00.000Z,Schleswig-Holstein,Fachhochschulen,"Rechts-, Wirtschafts- und Sozialwissenschaften",1493000.0
2021-01-01T00:00:00.000Z,Bremen,Medizinische Einrichtungen der Universitäten,"Agrar-, Forst- u.Ernährungswiss., Veterinärmedizin",
2022-01-01T00:00:00.000Z,Hamburg,Theologische Hochschulen,"Kunst, Kunstwissenschaft",
2019-01-01T00:00:00.000Z,Niedersachsen,Kunsthochschulen,Geisteswissenschaften,0.0
2020-01-01T00:00:00.000Z,Rheinland-Pfalz,Pädagogische Hochschulen,"Kunst, Kunstwissenschaft",
2021-01-01T00:00:00.000Z,Sachsen-Anhalt,Verwaltungsfachhochschulen,Humanmedizin/Gesundheitswissenschaften,
2020-01-01T00:00:00.000Z,Sachsen-Anhalt,Universitäten (ohne Medizinische Einrichtungen),Ingenieurwissenschaften,2.5722E7
2019-01-01T00:00:00.000Z,Bremen,Universitäten (ohne Medizinische Einrichtungen),Ingenieurwissenschaften,3.5603E7
2021-01-01T00:00:00.000Z,Nordrhein-Westfalen,Medizinische Einrichtungen der Universitäten,"Kunst, Kunstwissenschaft",
2019-01-01T00:00:00.000Z,Schleswig-Holstein,Universitäten (ohne Medizinische Einrichtungen),Sport,133000.0
2020-01-01T00:00:00.000Z,Bremen,Fachhochschulen,Ingenieurwissenschaften,6135000.0
2021-01-01T00:00:00.000Z,Thüringen,Verwaltungsfachhochschulen,"Rechts-, Wirtschafts- und Sozialwissenschaften",0.0
2020-01-01T00:00:00.000Z,Berlin,Medizinische Einrichtungen der Universitäten,Geisteswissenschaften,
2019-01-01T00:00:00.000Z,Niedersachsen,Verwaltungsfachhochschulen,"Mathematik, Naturwissenschaften",
2021-01-01T00:00:00.000Z,Nordrhein-Westfalen,Fachhochschulen,"Agrar-, Forst- u.Ernährungswiss., Veterinärmedizin",6263000.0
2021-01-01T00:00:00.000Z,Brandenburg,Theologische Hochschulen,"Agrar-, Forst- u.Ernährungswiss., Veterinärmedizin",
2019-01-01T00:00:00.000Z,Hamburg,Universitäten (ohne Medizinische Einrichtungen),Geisteswissenschaften,1.3423E7
2022-01-01T00:00:00.000Z,Schleswig-Holstein,Verwaltungsfachhochschulen,Geisteswissenschaften,
2020-01-01T00:00:00.000Z,Hamburg,Verwaltungsfachhochschulen,"Rechts-, Wirtschafts- und Sozialwissenschaften",175000.0
2021-01-01T00:00:00.000Z,Sachsen-Anhalt,Fachhochschulen,"Kunst, Kunstwissenschaft",361000.0
2019-01-01T00:00:00.000Z,Hamburg,Universitäten (ohne Medizinische Einrichtungen),Humanmedizin/Gesundheitswissenschaften,
2019-01-01T00:00:00.000Z,Schleswig-Holstein,Medizinische Einrichtungen der Universitäten,"Kunst, Kunstwissenschaft",
2021-01-01T00:00:00.000Z,Schleswig-Holstein,Pädagogische Hochschulen,"Rechts-, Wirtschafts- und Sozialwissenschaften",
2019-01-01T00:00:00.000Z,Sachsen-Anhalt,Universitäten (ohne Medizinische Einrichtungen),Sport,712000.0
2019-01-01T00:00:00.000Z,Saarland,Pädagogische Hochschulen,Zentr.Einrichtungen (o. klinikspez. Einrichtungen),
2020-01-01T00:00:00.000Z,Sachsen-Anhalt,Kunsthochschulen,Zentr.Einrichtungen (o. klinikspez. Einrichtungen),2498000.0
2020-01-01T00:00:00.000Z,Saarland,Universitäten (ohne Medizinische Einrichtungen),Zentr.Einrichtungen (o. klinikspez. Einrichtungen),8931000.0
2019-01-01T00:00:00.000Z,Nordrhein-Westfalen,Fachhochschulen,"Rechts-, Wirtschafts- und Sozialwissenschaften",1.944E7
2019-01-01T00:00:00.000Z,Baden-Württemberg,Verwaltungsfachhochschulen,"Rechts-, Wirtschafts- und Sozialwissenschaften",1571000.0
2021-01-01T00:00:00.000Z,Brandenburg,Pädagogische Hochschulen,Sport,
2020-01-01T00:00:00.000Z,Berlin,Fachhochschulen,"Mathematik, Naturwissenschaften",478000.0
2021-01-01T00:00:00.000Z,Nordrhein-Westfalen,Theologische Hochschulen,Humanmedizin/Gesundheitswissenschaften,
2022-01-01T00:00:00.000Z,Saarland,Theologische Hochschulen,"Mathematik, Naturwissenschaften",
2022-01-01T00:00:00.000Z,Berlin,Fachhochschulen,"Agrar-, Forst- u.Ernährungswiss., Veterinärmedizin",130000.0
2021-01-01T00:00:00.000Z,Saarland,Verwaltungsfachhochschulen,"Mathematik, Naturwissenschaften",
2022-01-01T00:00:00.000Z,Berlin,Verwaltungsfachhochschulen,Humanmedizin/Gesundheitswissenschaften,
2021-01-01T00:00:00.000Z,Niedersachsen,Universitäten (ohne Medizinische Einrichtungen),Humanmedizin/Gesundheitswissenschaften,
2022-01-01T00:00:00.000Z,Mecklenburg-Vorpommern,Pädagogische Hochschulen,Sport,
2020-01-01T00:00:00.000Z,Sachsen,Universitäten (ohne Medizinische Einrichtungen),Ingenieurwissenschaften,2.51965E8
2021-01-01T00:00:00.000Z,Nordrhein-Westfalen,Verwaltungsfachhochschulen,"Kunst, Kunstwissenschaft",
2021-01-01T00:00:00.000Z,Nordrhein-Westfalen,Theologische Hochschulen,Geisteswissenschaften,1073000.0
2020-01-01T00:00:00.000Z,Bremen,Theologische Hochschulen,"Agrar-, Forst- u.Ernährungswiss., Veterinärmedizin",
2020-01-01T00:00:00.000Z,Thüringen,Fachhochschulen,Humanmedizin/Gesundheitswissenschaften,-5000.0
2021-01-01T00:00:00.000Z,Mecklenburg-Vorpommern,Fachhochschulen,"Kunst, Kunstwissenschaft",609000.0
2021-01-01T00:00:00.000Z,Rheinland-Pfalz,Theologische Hochschulen,Humanmedizin/Gesundheitswissenschaften,667000.0
2020-01-01T00:00:00.000Z,Schleswig-Holstein,Kunsthochschulen,Ingenieurwissenschaften,
2020-01-01T00:00:00.000Z,Schleswig-Holstein,Universitäten (ohne Medizinische Einrichtungen),Humanmedizin/Gesundheitswissenschaften,
2019-01-01T00:00:00.000Z,Berlin,Pädagogische Hochschulen,"Agrar-, Forst- u.Ernährungswiss., Veterinärmedizin",
2020-01-01T00:00:00.000Z,Niedersachsen,Verwaltungsfachhochschulen,"Rechts-, Wirtschafts- und Sozialwissenschaften",0.0
2020-01-01T00:00:00.000Z,Hamburg,Medizinische Einrichtungen der Universitäten,"Mathematik, Naturwissenschaften",
2022-01-01T00:00:00.000Z,Sachsen-Anhalt,Theologische Hochschulen,"Rechts-, Wirtschafts- und Sozialwissenschaften",0.0
2019-01-01T00:00:00.000Z,Sachsen,Theologische Hochschulen,Zentr.Einrichtungen (o. klinikspez. Einrichtungen),
2021-01-01T00:00:00.000Z,Sachsen-Anhalt,Fachhochschulen,Ingenieurwissenschaften,8806000.0
2020-01-01T00:00:00.000Z,Saarland,Fachhochschulen,Sport,
2019-01-01T00:00:00.000Z,Hamburg,Verwaltungsfachhochschulen,"Mathematik, Naturwissenschaften",
2020-01-01T00:00:00.000Z,Hessen,Theologische Hochschulen,Geisteswissenschaften,1493000.0
2020-01-01T00:00:00.000Z,Nordrhein-Westfalen,Fachhochschulen,"Mathematik, Naturwissenschaften",8751000.0
2020-01-01T00:00:00.000Z,Mecklenburg-Vorpommern,Medizinische Einrichtungen der Universitäten,Humanmedizin/Gesundheitswissenschaften,4.0511E7
2019-01-01T00:00:00.000Z,Niedersachsen,Fachhochschulen,Geisteswissenschaften,461000.0
2019-01-01T00:00:00.000Z,Saarland,Universitäten (ohne Medizinische Einrichtungen),"Agrar-, Forst- u.Ernährungswiss., Veterinärmedizin",
2022-01-01T00:00:00.000Z,Hessen,Verwaltungsfachhochschulen,Humanmedizin/Gesundheitswissenschaften,
2022-01-01T00:00:00.000Z,Sachsen,Universitäten (ohne Medizinische Einrichtungen),"Rechts-, Wirtschafts- und Sozialwissenschaften",3.9062E7
2019-01-01T00:00:00.000Z,Hessen,Universitäten (ohne Medizinische Einrichtungen),"Kunst, Kunstwissenschaft",3155000.0
2019-01-01T00:00:00.000Z,Bayern,Universitäten (ohne Medizinische Einrichtungen),Sport,4813000.0
2022-01-01T00:00:00.000Z,Hamburg,Pädagogische Hochschulen,"Rechts-, Wirtschafts- und Sozialwissenschaften",
2022-01-01T00:00:00.000Z,Bremen,Verwaltungsfachhochschulen,Sport,
2020-01-01T00:00:00.000Z,Baden-Württemberg,Fachhochschulen,Ingenieurwissenschaften,5.8881E7
2022-01-01T00:00:00.000Z,Hessen,Fachhochschulen,Humanmedizin/Gesundheitswissenschaften,3477000.0
2020-01-01T00:00:00.000Z,Schleswig-Holstein,Medizinische Einrichtungen der Universitäten,Sport,
2019-01-01T00:00:00.000Z,Schleswig-Holstein,Verwaltungsfachhochschulen,"Kunst, Kunstwissenschaft",
2021-01-01T00:00:00.000Z,Bremen,Verwaltungsfachhochschulen,"Agrar-, Forst- u.Ernährungswiss., Veterinärmedizin",
2019-01-01T00:00:00.000Z,Brandenburg,Fachhochschulen,Sport,55000.0
2019-01-01T00:00:00.000Z,Hessen,Pädagogische Hochschulen,Humanmedizin/Gesundheitswissenschaften,
2020-01-01T00:00:00.000Z,Mecklenburg-Vorpommern,Medizinische Einrichtungen der Universitäten,Ingenieurwissenschaften,
2020-01-01T00:00:00.000Z,Baden-Württemberg,Theologische Hochschulen,Humanmedizin/Gesundheitswissenschaften,
2019-01-01T00:00:00.000Z,Schleswig-Holstein,Medizinische Einrichtungen der Universitäten,Zentr.Einrichtungen (o. klinikspez. Einrichtungen),
2022-01-01T00:00:00.000Z,Hamburg,Kunsthochschulen,Zentr.Einrichtungen (o. klinikspez. Einrichtungen),948000.0
2020-01-01T00:00:00.000Z,Brandenburg,Theologische Hochschulen,"Kunst, Kunstwissenschaft",
2020-01-01T00:00:00.000Z,Hamburg,Pädagogische Hochschulen,Sport,
2019-01-01T00:00:00.000Z,Berlin,Universitäten (ohne Medizinische Einrichtungen),"Kunst, Kunstwissenschaft",6666000.0
2021-01-01T00:00:00.000Z,Sachsen-Anhalt,Medizinische Einrichtungen der Universitäten,"Mathematik, Naturwissenschaften",
2019-01-01T00:00:00.000Z,Hessen,Theologische Hochschulen,"Rechts-, Wirtschafts- und Sozialwissenschaften",
2022-01-01T00:00:00.000Z,Mecklenburg-Vorpommern,Universitäten (ohne Medizinische Einrichtungen),"Rechts-, Wirtschafts- und Sozialwissenschaften",7154000.0
2022-01-01T00:00:00.000Z,Saarland,Verwaltungsfachhochschulen,"Rechts-, Wirtschafts- und Sozialwissenschaften",
2019-01-01T00:00:00.000Z,Sachsen,Verwaltungsfachhochschulen,Sport,
2021-01-01T00:00:00.000Z,Hessen,Universitäten (ohne Medizinische Einrichtungen),Humanmedizin/Gesundheitswissenschaften,
2019-01-01T00:00:00.000Z,Rheinland-Pfalz,Kunsthochschulen,"Kunst, Kunstwissenschaft",
2021-01-01T00:00:00.000Z,Mecklenburg-Vorpommern,Verwaltungsfachhochschulen,"Kunst, Kunstwissenschaft",
2021-01-01T00:00:00.000Z,Thüringen,Pädagogische Hochschulen,Sport,
2020-01-01T00:00:00.000Z,Bayern,Universitäten (ohne Medizinische Einrichtungen),"Rechts-, Wirtschafts- und Sozialwissenschaften",8.9923E7
2019-01-01T00:00:00.000Z,Sachsen,Verwaltungsfachhochschulen,Ingenieurwissenschaften,
2020-01-01T00:00:00.000Z,Brandenburg,Kunsthochschulen,Humanmedizin/Gesundheitswissenschaften,
2020-01-01T00:00:00.000Z,Rheinland-Pfalz,Kunsthochschulen,"Rechts-, Wirtschafts- und Sozialwissenschaften",
2021-01-01T00:00:00.000Z,Bayern,Theologische Hochschulen,Geisteswissenschaften,3075000.0
2022-01-01T00:00:00.000Z,Baden-Württemberg,Verwaltungsfachhochschulen,Sport,
2022-01-01T00:00:00.000Z,Schleswig-Holstein,Kunsthochschulen,Zentr.Einrichtungen (o. klinikspez. Einrichtungen),899000.0
2022-01-01T00:00:00.000Z,Niedersachsen,Verwaltungsfachhochschulen,"Mathematik, Naturwissenschaften",
2022-01-01T00:00:00.000Z,Baden-Württemberg,Pädagogische Hochschulen,Geisteswissenschaften,2798000.0
2021-01-01T00:00:00.000Z,Sachsen,Theologische Hochschulen,Sport,
2019-01-01T00:00:00.000Z,Berlin,Pädagogische Hochschulen,Zentr.Einrichtungen (o. klinikspez. Einrichtungen),
2019-01-01T00:00:00.000Z,Saarland,Kunsthochschulen,Sport,
2021-01-01T00:00:00.000Z,Bremen,Verwaltungsfachhochschulen,Zentr.Einrichtungen (o. klinikspez. Einrichtungen),
2021-01-01T00:00:00.000Z,Mecklenburg-Vorpommern,Medizinische Einrichtungen der Universitäten,"Mathematik, Naturwissenschaften",
2019-01-01T00:00:00.000Z,Hessen,Verwaltungsfachhochschulen,Humanmedizin/Gesundheitswissenschaften,
2021-01-01T00:00:00.000Z,Baden-Württemberg,Universitäten (ohne Medizinische Einrichtungen),Ingenieurwissenschaften,3.20917E8
2020-01-01T00:00:00.000Z,Niedersachsen,Medizinische Einrichtungen der Universitäten,"Kunst, Kunstwissenschaft",
2019-01-01T00:00:00.000Z,Bremen,Theologische Hochschulen,Sport,
2022-01-01T00:00:00.000Z,Hamburg,Medizinische Einrichtungen der Universitäten,Ingenieurwissenschaften,
2022-01-01T00:00:00.000Z,Bayern,Theologische Hochschulen,"Rechts-, Wirtschafts- und Sozialwissenschaften",
2022-01-01T00:00:00.000Z,Niedersachsen,Theologische Hochschulen,Ingenieurwissenschaften,
2020-01-01T00:00:00.000Z,Schleswig-Holstein,Kunsthochschulen,Geisteswissenschaften,
2020-01-01T00:00:00.000Z,Sachsen,Theologische Hochschulen,"Kunst, Kunstwissenschaft",
2019-01-01T00:00:00.000Z,Sachsen,Universitäten (ohne Medizinische Einrichtungen),"Kunst, Kunstwissenschaft",1013000.0
2022-01-01T00:00:00.000Z,Mecklenburg-Vorpommern,Fachhochschulen,"Agrar-, Forst- u.Ernährungswiss., Veterinärmedizin",2389000.0
2020-01-01T00:00:00.000Z,Hamburg,Pädagogische Hochschulen,"Agrar-, Forst- u.Ernährungswiss., Veterinärmedizin",
2022-01-01T00:00:00.000Z,Bayern,Medizinische Einrichtungen der Universitäten,"Mathematik, Naturwissenschaften",
2019-01-01T00:00:00.000Z,Sachsen,Medizinische Einrichtungen der Universitäten,Zentr.Einrichtungen (o. klinikspez. Einrichtungen),
2021-01-01T00:00:00.000Z,Berlin,Universitäten (ohne Medizinische Einrichtungen),Humanmedizin/Gesundheitswissenschaften,
2021-01-01T00:00:00.000Z,Rheinland-Pfalz,Fachhochschulen,Sport,
2022-01-01T00:00:00.000Z,Nordrhein-Westfalen,Universitäten (ohne Medizinische Einrichtungen),"Agrar-, Forst- u.Ernährungswiss., Veterinärmedizin",1.2577E7
2020-01-01T00:00:00.000Z,Nordrhein-Westfalen,Kunsthochschulen,Ingenieurwissenschaften,138000.0
2021-01-01T00:00:00.000Z,Baden-Württemberg,Kunsthochschulen,"Kunst, Kunstwissenschaft",2808000.0
2019-01-01T00:00:00.000Z,Berlin,Verwaltungsfachhochschulen,Humanmedizin/Gesundheitswissenschaften,
2019-01-01T00:00:00.000Z,Sachsen-Anhalt,Verwaltungsfachhochschulen,Ingenieurwissenschaften,
2021-01-01T00:00:00.000Z,Bayern,Fachhochschulen,Ingenieurwissenschaften,7.3745E7
2019-01-01T00:00:00.000Z,Mecklenburg-Vorpommern,Pädagogische Hochschulen,"Agrar-, Forst- u.Ernährungswiss., Veterinärmedizin",
2022-01-01T00:00:00.000Z,Niedersachsen,Theologische Hochschulen,Sport,
2022-01-01T00:00:00.000Z,Bayern,Medizinische Einrichtungen der Universitäten,Zentr.Einrichtungen (o. klinikspez. Einrichtungen),
2020-01-01T00:00:00.000Z,Sachsen-Anhalt,Fachhochschulen,"Mathematik, Naturwissenschaften",
2020-01-01T00:00:00.000Z,Mecklenburg-Vorpommern,Verwaltungsfachhochschulen,Humanmedizin/Gesundheitswissenschaften,
2022-01-01T00:00:00.000Z,Hamburg,Pädagogische Hochschulen,Humanmedizin/Gesundheitswissenschaften,
2022-01-01T00:00:00.000Z,Bremen,Verwaltungsfachhochschulen,"Mathematik, Naturwissenschaften",
2019-01-01T00:00:00.000Z,Brandenburg,Universitäten (ohne Medizinische Einrichtungen),"Mathematik, Naturwissenschaften",2.7941E7
2022-01-01T00:00:00.000Z,Nordrhein-Westfalen,Fachhochschulen,"Rechts-, Wirtschafts- und Sozialwissenschaften",3.4214E7
2020-01-01T00:00:00.000Z,Bayern,Kunsthochschulen,"Agrar-, Forst- u.Ernährungswiss., Veterinärmedizin",
2019-01-01T00:00:00.000Z,Schleswig-Holstein,Kunsthochschulen,Zentr.Einrichtungen (o. klinikspez. Einrichtungen),836000.0
2020-01-01T00:00:00.000Z,Berlin,Pädagogische Hochschulen,Ingenieurwissenschaften,
2019-01-01T00:00:00.000Z,Thüringen,Medizinische Einrichtungen der Universitäten,Zentr.Einrichtungen (o. klinikspez. Einrichtungen),
2019-01-01T00:00:00.000Z,Hessen,Verwaltungsfachhochschulen,"Agrar-, Forst- u.Ernährungswiss., Veterinärmedizin",
2019-01-01T00:00:00.000Z,Hamburg,Theologische Hochschulen,Sport,
2019-01-01T00:00:00.000Z,Mecklenburg-Vorpommern,Universitäten (ohne Medizinische Einrichtungen),"Rechts-, Wirtschafts- und Sozialwissenschaften",4748000.0
2022-01-01T00:00:00.000Z,Hessen,Kunsthochschulen,Ingenieurwissenschaften,
2020-01-01T00:00:00.000Z,Mecklenburg-Vorpommern,Verwaltungsfachhochschulen,"Mathematik, Naturwissenschaften",
2022-01-01T00:00:00.000Z,Thüringen,Medizinische Einrichtungen der Universitäten,"Rechts-, Wirtschafts- und Sozialwissenschaften",
2019-01-01T00:00:00.000Z,Hamburg,Kunsthochschulen,"Rechts-, Wirtschafts- und Sozialwissenschaften",
2019-01-01T00:00:00.000Z,Saarland,Verwaltungsfachhochschulen,Sport,
2019-01-01T00:00:00.000Z,Bayern,Pädagogische Hochschulen,Zentr.Einrichtungen (o. klinikspez. Einrichtungen),
2020-01-01T00:00:00.000Z,Brandenburg,Pädagogische Hochschulen,Humanmedizin/Gesundheitswissenschaften,
2022-01-01T00:00:00.000Z,Schleswig-Holstein,Medizinische Einrichtungen der Universitäten,Humanmedizin/Gesundheitswissenschaften,1.21073E8
2022-01-01T00:00:00.000Z,Mecklenburg-Vorpommern,Verwaltungsfachhochschulen,Ingenieurwissenschaften,
2020-01-01T00:00:00.000Z,Sachsen-Anhalt,Theologische Hochschulen,Sport,
2020-01-01T00:00:00.000Z,Nordrhein-Westfalen,Pädagogische Hochschulen,Ingenieurwissenschaften,
2019-01-01T00:00:00.000Z,Hamburg,Pädagogische Hochschulen,"Rechts-, Wirtschafts- und Sozialwissenschaften",
2019-01-01T00:00:00.000Z,Berlin,Verwaltungsfachhochschulen,Sport,
2019-01-01T00:00:00.000Z,Nordrhein-Westfalen,Verwaltungsfachhochschulen,Sport,
2019-01-01T00:00:00.000Z,Sachsen-Anhalt,Theologische Hochschulen,Sport,
2019-01-01T00:00:00.000Z,Thüringen,Theologische Hochschulen,"Rechts-, Wirtschafts- und Sozialwissenschaften",
2021-01-01T00:00:00.000Z,Hessen,Pädagogische Hochschulen,"Kunst, Kunstwissenschaft",
2020-01-01T00:00:00.000Z,Nordrhein-Westfalen,Medizinische Einrichtungen der Universitäten,Sport,
2022-01-01T00:00:00.000Z,Hessen,Medizinische Einrichtungen der Universitäten,Sport,
2021-01-01T00:00:00.000Z,Brandenburg,Kunsthochschulen,Zentr.Einrichtungen (o. klinikspez. Einrichtungen),
2020-01-01T00:00:00.000Z,Berlin,Universitäten (ohne Medizinische Einrichtungen),"Rechts-, Wirtschafts- und Sozialwissenschaften",5.8078E7
2021-01-01T00:00:00.000Z,Schleswig-Holstein,Theologische Hochschulen,Zentr.Einrichtungen (o. klinikspez. Einrichtungen),
2019-01-01T00:00:00.000Z,Hamburg,Kunsthochschulen,Humanmedizin/Gesundheitswissenschaften,
2021-01-01T00:00:00.000Z,Schleswig-Holstein,Fachhochschulen,Humanmedizin/Gesundheitswissenschaften,
2019-01-01T00:00:00.000Z,Sachsen-Anhalt,Theologische Hochschulen,"Kunst, Kunstwissenschaft",5000.0
2020-01-01T00:00:00.000Z,Saarland,Kunsthochschulen,Ingenieurwissenschaften,
2021-01-01T00:00:00.000Z,Sachsen,Universitäten (ohne Medizinische Einrichtungen),Sport,3952000.0
2019-01-01T00:00:00.000Z,Rheinland-Pfalz,Theologische Hochschulen,"Agrar-, Forst- u.Ernährungswiss., Veterinärmedizin",
2019-01-01T00:00:00.000Z,Schleswig-Holstein,Theologische Hochschulen,"Agrar-, Forst- u.Ernährungswiss., Veterinärmedizin",
2021-01-01T00:00:00.000Z,Saarland,Theologische Hochschulen,Geisteswissenschaften,
2021-01-01T00:00:00.000Z,Niedersachsen,Medizinische Einrichtungen der Universitäten,"Rechts-, Wirtschafts- und Sozialwissenschaften",
2022-01-01T00:00:00.000Z,Hessen,Theologische Hochschulen,"Rechts-, Wirtschafts- und Sozialwissenschaften",
2020-01-01T00:00:00.000Z,Bayern,Medizinische Einrichtungen der Universitäten,"Rechts-, Wirtschafts- und Sozialwissenschaften",
2019-01-01T00:00:00.000Z,Baden-Württemberg,Verwaltungsfachhochschulen,Sport,
2020-01-01T00:00:00.000Z,Brandenburg,Fachhochschulen,Geisteswissenschaften,527000.0
2022-01-01T00:00:00.000Z,Hamburg,Fachhochschulen,Geisteswissenschaften,386000.0
2020-01-01T00:00:00.000Z,Sachsen,Kunsthochschulen,Humanmedizin/Gesundheitswissenschaften,
2019-01-01T00:00:00.000Z,Mecklenburg-Vorpommern,Verwaltungsfachhochschulen,Ingenieurwissenschaften,
2022-01-01T00:00:00.000Z,Nordrhein-Westfalen,Theologische Hochschulen,"Rechts-, Wirtschafts- und Sozialwissenschaften",
2022-01-01T00:00:00.000Z,Brandenburg,Kunsthochschulen,Ingenieurwissenschaften,
2020-01-01T00:00:00.000Z,Bremen,Theologische Hochschulen,"Rechts-, Wirtschafts- und Sozialwissenschaften",
2020-01-01T00:00:00.000Z,Mecklenburg-Vorpommern,Universitäten (ohne Medizinische Einrichtungen),Ingenieurwissenschaften,2.4529E7
2020-01-01T00:00:00.000Z,Niedersachsen,Fachhochschulen,Geisteswissenschaften,321000.0
2022-01-01T00:00:00.000Z,Hamburg,Universitäten (ohne Medizinische Einrichtungen),Humanmedizin/Gesundheitswissenschaften,
2020-01-01T00:00:00.000Z,Nordrhein-Westfalen,Universitäten (ohne Medizinische Einrichtungen),"Mathematik, Naturwissenschaften",3.36586E8
2021-01-01T00:00:00.000Z,Sachsen-Anhalt,Kunsthochschulen,Geisteswissenschaften,
2021-01-01T00:00:00.000Z,Berlin,Kunsthochschulen,"Agrar-, Forst- u.Ernährungswiss., Veterinärmedizin",
2022-01-01T00:00:00.000Z,Sachsen-Anhalt,Theologische Hochschulen,Sport,
2021-01-01T00:00:00.000Z,Baden-Württemberg,Fachhochschulen,Zentr.Einrichtungen (o. klinikspez. Einrichtungen),5.7683E7
2021-01-01T00:00:00.000Z,Sachsen-Anhalt,Kunsthochschulen,Ingenieurwissenschaften,0.0
2022-01-01T00:00:00.000Z,Sachsen,Theologische Hochschulen,Zentr.Einrichtungen (o. klinikspez. Einrichtungen),
2022-01-01T00:00:00.000Z,Mecklenburg-Vorpommern,Medizinische Einrichtungen der Universitäten,Sport,
2022-01-01T00:00:00.000Z,Bayern,Verwaltungsfachhochschulen,"Agrar-, Forst- u.Ernährungswiss., Veterinärmedizin",
2022-01-01T00:00:00.000Z,Bremen,Medizinische Einrichtungen der Universitäten,"Kunst, Kunstwissenschaft",
2019-01-01T00:00:00.000Z,Berlin,Medizinische Einrichtungen der Universitäten,Humanmedizin/Gesundheitswissenschaften,1.65511E8
2019-01-01T00:00:00.000Z,Bayern,Theologische Hochschulen,"Agrar-, Forst- u.Ernährungswiss., Veterinärmedizin",
2020-01-01T00:00:00.000Z,Bremen,Kunsthochschulen,Ingenieurwissenschaften,
2021-01-01T00:00:00.000Z,Hamburg,Medizinische Einrichtungen der Universitäten,Sport,
2022-01-01T00:00:00.000Z,Bayern,Pädagogische Hochschulen,Zentr.Einrichtungen (o. klinikspez. Einrichtungen),
2019-01-01T00:00:00.000Z,Saarland,Fachhochschulen,"Kunst, Kunstwissenschaft",
2019-01-01T00:00:00.000Z,Thüringen,Medizinische Einrichtungen der Universitäten,"Rechts-, Wirtschafts- und Sozialwissenschaften",
2020-01-01T00:00:00.000Z,Bremen,Universitäten (ohne Medizinische Einrichtungen),"Agrar-, Forst- u.Ernährungswiss., Veterinärmedizin",
2021-01-01T00:00:00.000Z,Schleswig-Holstein,Pädagogische Hochschulen,Humanmedizin/Gesundheitswissenschaften,
2020-01-01T00:00:00.000Z,Rheinland-Pfalz,Universitäten (ohne Medizinische Einrichtungen),Geisteswissenschaften,1.4103E7
2020-01-01T00:00:00.000Z,Brandenburg,Verwaltungsfachhochschulen,Ingenieurwissenschaften,
2021-01-01T00:00:00.000Z,Hessen,Fachhochschulen,"Kunst, Kunstwissenschaft",248000.0
2021-01-01T00:00:00.000Z,Niedersachsen,Pädagogische Hochschulen,Humanmedizin/Gesundheitswissenschaften,
2021-01-01T00:00:00.000Z,Niedersachsen,Verwaltungsfachhochschulen,Sport,
2019-01-01T00:00:00.000Z,Schleswig-Holstein,Theologische Hochschulen,"Mathematik, Naturwissenschaften",
2019-01-01T00:00:00.000Z,Thüringen,Universitäten (ohne Medizinische Einrichtungen),"Agrar-, Forst- u.Ernährungswiss., Veterinärmedizin",1464000.0
2019-01-01T00:00:00.000Z,Nordrhein-Westfalen,Universitäten (ohne Medizinische Einrichtungen),Ingenieurwissenschaften,4.08598E8
2020-01-01T00:00:00.000Z,Nordrhein-Westfalen,Verwaltungsfachhochschulen,Zentr.Einrichtungen (o. klinikspez. Einrichtungen),0.0
2021-01-01T00:00:00.000Z,Mecklenburg-Vorpommern,Kunsthochschulen,Geisteswissenschaften,
2022-01-01T00:00:00.000Z,Saarland,Kunsthochschulen,Humanmedizin/Gesundheitswissenschaften,
2022-01-01T00:00:00.000Z,Sachsen,Verwaltungsfachhochschulen,"Agrar-, Forst- u.Ernährungswiss., Veterinärmedizin",
2020-01-01T00:00:00.000Z,Thüringen,Fachhochschulen,"Agrar-, Forst- u.Ernährungswiss., Veterinärmedizin",1957000.0
2020-01-01T00:00:00.000Z,Niedersachsen,Verwaltungsfachhochschulen,"Kunst, Kunstwissenschaft",
2020-01-01T00:00:00.000Z,Schleswig-Holstein,Pädagogische Hochschulen,Zentr.Einrichtungen (o. klinikspez. Einrichtungen),
2019-01-01T00:00:00.000Z,Thüringen,Kunsthochschulen,Ingenieurwissenschaften,
2021-01-01T00:00:00.000Z,Thüringen,Pädagogische Hochschulen,"Agrar-, Forst- u.Ernährungswiss., Veterinärmedizin",
2019-01-01T00:00:00.000Z,Hessen,Theologische Hochschulen,Geisteswissenschaften,1656000.0
2022-01-01T00:00:00.000Z,Saarland,Universitäten (ohne Medizinische Einrichtungen),Sport,130000.0
2019-01-01T00:00:00.000Z,Saarland,Pädagogische Hochschulen,Geisteswissenschaften,
2019-01-01T00:00:00.000Z,Sachsen-Anhalt,Theologische Hochschulen,"Mathematik, Naturwissenschaften",
2022-01-01T00:00:00.000Z,Berlin,Medizinische Einrichtungen der Universitäten,"Rechts-, Wirtschafts- und Sozialwissenschaften",
2020-01-01T00:00:00.000Z,Saarland,Pädagogische Hochschulen,"Kunst, Kunstwissenschaft",
2022-01-01T00:00:00.000Z,Baden-Württemberg,Kunsthochschulen,Sport,
2020-01-01T00:00:00.000Z,Hamburg,Theologische Hochschulen,Sport,
2020-01-01T00:00:00.000Z,Rheinland-Pfalz,Pädagogische Hochschulen,Zentr.Einrichtungen (o. klinikspez. Einrichtungen),
2021-01-01T00:00:00.000Z,Brandenburg,Universitäten (ohne Medizinische Einrichtungen),Ingenieurwissenschaften,3.4927E7
2019-01-01T00:00:00.000Z,Rheinland-Pfalz,Kunsthochschulen,Zentr.Einrichtungen (o. klinikspez. Einrichtungen),
2020-01-01T00:00:00.000Z,Nordrhein-Westfalen,Universitäten (ohne Medizinische Einrichtungen),"Kunst, Kunstwissenschaft",5576000.0
2019-01-01T00:00:00.000Z,Hamburg,Verwaltungsfachhochschulen,Geisteswissenschaften,
2022-01-01T00:00:00.000Z,Baden-Württemberg,Theologische Hochschulen,"Kunst, Kunstwissenschaft",
2019-01-01T00:00:00.000Z,Nordrhein-Westfalen,Kunsthochschulen,"Kunst, Kunstwissenschaft",4614000.0
2020-01-01T00:00:00.000Z,Saarland,Theologische Hochschulen,"Rechts-, Wirtschafts- und Sozialwissenschaften",
2019-01-01T00:00:00.000Z,Hessen,Medizinische Einrichtungen der Universitäten,Humanmedizin/Gesundheitswissenschaften,1.01957E8
2022-01-01T00:00:00.000Z,Berlin,Theologische Hochschulen,"Rechts-, Wirtschafts- und Sozialwissenschaften",
2021-01-01T00:00:00.000Z,Thüringen,Medizinische Einrichtungen der Universitäten,Sport,
2019-01-01T00:00:00.000Z,Saarland,Medizinische Einrichtungen der Universitäten,"Mathematik, Naturwissenschaften",
2020-01-01T00:00:00.000Z,Thüringen,Pädagogische Hochschulen,Geisteswissenschaften,
2020-01-01T00:00:00.000Z,Berlin,Medizinische Einrichtungen der Universitäten,Ingenieurwissenschaften,
2019-01-01T00:00:00.000Z,Sachsen-Anhalt,Theologische Hochschulen,Zentr.Einrichtungen (o. klinikspez. Einrichtungen),0.0
2021-01-01T00:00:00.000Z,Sachsen,Pädagogische Hochschulen,Zentr.Einrichtungen (o. klinikspez. Einrichtungen),
2020-01-01T00:00:00.000Z,Bremen,Theologische Hochschulen,Geisteswissenschaften,
2019-01-01T00:00:00.000Z,Thüringen,Kunsthochschulen,Humanmedizin/Gesundheitswissenschaften,
2019-01-01T00:00:00.000Z,Brandenburg,Kunsthochschulen,Sport,
2020-01-01T00:00:00.000Z,Mecklenburg-Vorpommern,Medizinische Einrichtungen der Universitäten,"Agrar-, Forst- u.Ernährungswiss., Veterinärmedizin",
2019-01-01T00:00:00.000Z,Nordrhein-Westfalen,Fachhochschulen,Geisteswissenschaften,340000.0
2020-01-01T00:00:00.000Z,Berlin,Pädagogische Hochschulen,Sport,
2020-01-01T00:00:00.000Z,Schleswig-Holstein,Pädagogische Hochschulen,"Rechts-, Wirtschafts- und Sozialwissenschaften",
2020-01-01T00:00:00.000Z,Sachsen,Universitäten (ohne Medizinische Einrichtungen),"Agrar-, Forst- u.Ernährungswiss., Veterinärmedizin",1.7895E7
2022-01-01T00:00:00.000Z,Bayern,Fachhochschulen,Ingenieurwissenschaften,8.3962E7
2020-01-01T00:00:00.000Z,Hessen,Theologische Hochschulen,Humanmedizin/Gesundheitswissenschaften,
2021-01-01T00:00:00.000Z,Hessen,Medizinische Einrichtungen der Universitäten,Ingenieurwissenschaften,
2022-01-01T00:00:00.000Z,Rheinland-Pfalz,Medizinische Einrichtungen der Universitäten,Humanmedizin/Gesundheitswissenschaften,6.5584E7
2020-01-01T00:00:00.000Z,Nordrhein-Westfalen,Verwaltungsfachhochschulen,Ingenieurwissenschaften,0.0
2020-01-01T00:00:00.000Z,Thüringen,Fachhochschulen,"Rechts-, Wirtschafts- und Sozialwissenschaften",2902000.0
2019-01-01T00:00:00.000Z,Saarland,Fachhochschulen,Sport,
2022-01-01T00:00:00.000Z,Bremen,Theologische Hochschulen,"Mathematik, Naturwissenschaften",
2020-01-01T00:00:00.000Z,Baden-Württemberg,Medizinische Einrichtungen der Universitäten,"Agrar-, Forst- u.Ernährungswiss., Veterinärmedizin",
2021-01-01T00:00:00.000Z,Saarland,Universitäten (ohne Medizinische Einrichtungen),Ingenieurwissenschaften,1.1138E7
2021-01-01T00:00:00.000Z,Sachsen-Anhalt,Theologische Hochschulen,"Rechts-, Wirtschafts- und Sozialwissenschaften",76000.0
2019-01-01T00:00:00.000Z,Saarland,Verwaltungsfachhochschulen,"Rechts-, Wirtschafts- und Sozialwissenschaften",880000.0
2019-01-01T00:00:00.000Z,Bremen,Verwaltungsfachhochschulen,"Mathematik, Naturwissenschaften",
2020-01-01T00:00:00.000Z,Rheinland-Pfalz,Verwaltungsfachhochschulen,Sport,
2022-01-01T00:00:00.000Z,Berlin,Theologische Hochschulen,"Kunst, Kunstwissenschaft",
2021-01-01T00:00:00.000Z,Sachsen-Anhalt,Medizinische Einrichtungen der Universitäten,Humanmedizin/Gesundheitswissenschaften,4.661E7
2020-01-01T00:00:00.000Z,Bayern,Medizinische Einrichtungen der Universitäten,"Kunst, Kunstwissenschaft",
2021-01-01T00:00:00.000Z,Saarland,Verwaltungsfachhochschulen,Sport,
2022-01-01T00:00:00.000Z,Schleswig-Holstein,Theologische Hochschulen,"Agrar-, Forst- u.Ernährungswiss., Veterinärmedizin",
2022-01-01T00:00:00.000Z,Baden-Württemberg,Universitäten (ohne Medizinische Einrichtungen),Humanmedizin/Gesundheitswissenschaften,
2021-01-01T00:00:00.000Z,Schleswig-Holstein,Kunsthochschulen,Ingenieurwissenschaften,
2022-01-01T00:00:00.000Z,Mecklenburg-Vorpommern,Fachhochschulen,Sport,
2019-01-01T00:00:00.000Z,Hessen,Fachhochschulen,Zentr.Einrichtungen (o. klinikspez. Einrichtungen),2.0012E7
2021-01-01T00:00:00.000Z,Sachsen,Verwaltungsfachhochschulen,"Rechts-, Wirtschafts- und Sozialwissenschaften",58000.0
2020-01-01T00:00:00.000Z,Sachsen-Anhalt,Verwaltungsfachhochschulen,Zentr.Einrichtungen (o. klinikspez. Einrichtungen),
2021-01-01T00:00:00.000Z,Saarland,Medizinische Einrichtungen der Universitäten,Humanmedizin/Gesundheitswissenschaften,2.4388E7
2021-01-01T00:00:00.000Z,Niedersachsen,Pädagogische Hochschulen,Sport,
2022-01-01T00:00:00.000Z,Nordrhein-Westfalen,Universitäten (ohne Medizinische Einrichtungen),Sport,1.7837E7
2020-01-01T00:00:00.000Z,Saarland,Medizinische Einrichtungen der Universitäten,"Rechts-, Wirtschafts- und Sozialwissenschaften",
2021-01-01T00:00:00.000Z,Schleswig-Holstein,Verwaltungsfachhochschulen,Geisteswissenschaften,
2021-01-01T00:00:00.000Z,Bayern,Theologische Hochschulen,"Rechts-, Wirtschafts- und Sozialwissenschaften",
2020-01-01T00:00:00.000Z,Bayern,Universitäten (ohne Medizinische Einrichtungen),"Agrar-, Forst- u.Ernährungswiss., Veterinärmedizin",4.7209E7
2019-01-01T00:00:00.000Z,Thüringen,Universitäten (ohne Medizinische Einrichtungen),Humanmedizin/Gesundheitswissenschaften,
2021-01-01T00:00:00.000Z,Thüringen,Kunsthochschulen,"Mathematik, Naturwissenschaften",
2021-01-01T00:00:00.000Z,Schleswig-Holstein,Universitäten (ohne Medizinische Einrichtungen),Zentr.Einrichtungen (o. klinikspez. Einrichtungen),3.2957E7
2019-01-01T00:00:00.000Z,Niedersachsen,Medizinische Einrichtungen der Universitäten,Sport,
2020-01-01T00:00:00.000Z,Niedersachsen,Universitäten (ohne Medizinische Einrichtungen),Sport,623000.0
2020-01-01T00:00:00.000Z,Mecklenburg-Vorpommern,Medizinische Einrichtungen der Universitäten,Zentr.Einrichtungen (o. klinikspez. Einrichtungen),
2021-01-01T00:00:00.000Z,Baden-Württemberg,Verwaltungsfachhochschulen,"Mathematik, Naturwissenschaften",
2022-01-01T00:00:00.000Z,Sachsen-Anhalt,Pädagogische Hochschulen,"Agrar-, Forst- u.Ernährungswiss., Veterinärmedizin",
2022-01-01T00:00:00.000Z,Schleswig-Holstein,Kunsthochschulen,"Kunst, Kunstwissenschaft",1102000.0
2021-01-01T00:00:00.000Z,Nordrhein-Westfalen,Medizinische Einrichtungen der Universitäten,Humanmedizin/Gesundheitswissenschaften,4.3209E8
2019-01-01T00:00:00.000Z,Hamburg,Medizinische Einrichtungen der Universitäten,Ingenieurwissenschaften,
2022-01-01T00:00:00.000Z,Bremen,Medizinische Einrichtungen der Universitäten,Geisteswissenschaften,
2022-01-01T00:00:00.000Z,Hessen,Fachhochschulen,Zentr.Einrichtungen (o. klinikspez. Einrichtungen),2.2055E7
2022-01-01T00:00:00.000Z,Thüringen,Medizinische Einrichtungen der Universitäten,Zentr.Einrichtungen (o. klinikspez. Einrichtungen),
2020-01-01T00:00:00.000Z,Hessen,Pädagogische Hochschulen,"Mathematik, Naturwissenschaften",
2019-01-01T00:00:00.000Z,Bayern,Theologische Hochschulen,"Mathematik, Naturwissenschaften",
2021-01-01T00:00:00.000Z,Sachsen-Anhalt,Fachhochschulen,Humanmedizin/Gesundheitswissenschaften,
2021-01-01T00:00:00.000Z,Thüringen,Pädagogische Hochschulen,Ingenieurwissenschaften,
2019-01-01T00:00:00.000Z,Brandenburg,Verwaltungsfachhochschulen,"Rechts-, Wirtschafts- und Sozialwissenschaften",3000.0
2021-01-01T00:00:00.000Z,Sachsen-Anhalt,Universitäten (ohne Medizinische Einrichtungen),Zentr.Einrichtungen (o. klinikspez. Einrichtungen),2.4014E7
2022-01-01T00:00:00.000Z,Niedersachsen,Medizinische Einrichtungen der Universitäten,"Mathematik, Naturwissenschaften",
2021-01-01T00:00:00.000Z,Saarland,Medizinische Einrichtungen der Universitäten,Zentr.Einrichtungen (o. klinikspez. Einrichtungen),
2020-01-01T00:00:00.000Z,Hamburg,Pädagogische Hochschulen,Humanmedizin/Gesundheitswissenschaften,
2021-01-01T00:00:00.000Z,Hessen,Verwaltungsfachhochschulen,"Mathematik, Naturwissenschaften",0.0
2021-01-01T00:00:00.000Z,Bremen,Fachhochschulen,"Kunst, Kunstwissenschaft",
2022-01-01T00:00:00.000Z,Bayern,Verwaltungsfachhochschulen,"Rechts-, Wirtschafts- und Sozialwissenschaften",7841000.0
2022-01-01T00:00:00.000Z,Berlin,Universitäten (ohne Medizinische Einrichtungen),Sport,705000.0
2020-01-01T00:00:00.000Z,Berlin,Kunsthochschulen,"Mathematik, Naturwissenschaften",
2022-01-01T00:00:00.000Z,Brandenburg,Medizinische Einrichtungen der Universitäten,Sport,
2021-01-01T00:00:00.000Z,Bremen,Fachhochschulen,Geisteswissenschaften,
2021-01-01T00:00:00.000Z,Schleswig-Holstein,Medizinische Einrichtungen der Universitäten,Sport,
2022-01-01T00:00:00.000Z,Rheinland-Pfalz,Medizinische Einrichtungen der Universitäten,Sport,
2021-01-01T00:00:00.000Z,Hessen,Universitäten (ohne Medizinische Einrichtungen),"Rechts-, Wirtschafts- und Sozialwissenschaften",6.3459E7
2022-01-01T00:00:00.000Z,Nordrhein-Westfalen,Theologische Hochschulen,Sport,
2019-01-01T00:00:00.000Z,Hessen,Pädagogische Hochschulen,"Mathematik, Naturwissenschaften",
2020-01-01T00:00:00.000Z,Berlin,Verwaltungsfachhochschulen,"Mathematik, Naturwissenschaften",
2020-01-01T00:00:00.000Z,Berlin,Medizinische Einrichtungen der Universitäten,Zentr.Einrichtungen (o. klinikspez. Einrichtungen),
2021-01-01T00:00:00.000Z,Thüringen,Universitäten (ohne Medizinische Einrichtungen),"Mathematik, Naturwissenschaften",6.686E7
2021-01-01T00:00:00.000Z,Rheinland-Pfalz,Kunsthochschulen,Sport,
2021-01-01T00:00:00.000Z,Baden-Württemberg,Universitäten (ohne Medizinische Einrichtungen),Sport,5793000.0
2021-01-01T00:00:00.000Z,Schleswig-Holstein,Theologische Hochschulen,"Rechts-, Wirtschafts- und Sozialwissenschaften",
2022-01-01T00:00:00.000Z,Saarland,Medizinische Einrichtungen der Universitäten,"Mathematik, Naturwissenschaften",
2020-01-01T00:00:00.000Z,Baden-Württemberg,Verwaltungsfachhochschulen,"Agrar-, Forst- u.Ernährungswiss., Veterinärmedizin",
2022-01-01T00:00:00.000Z,Brandenburg,Kunsthochschulen,Humanmedizin/Gesundheitswissenschaften,
2022-01-01T00:00:00.000Z,Nordrhein-Westfalen,Universitäten (ohne Medizinische Einrichtungen),Ingenieurwissenschaften,4.97763E8
2021-01-01T00:00:00.000Z,Bremen,Verwaltungsfachhochschulen,Sport,
2020-01-01T00:00:00.000Z,Bremen,Theologische Hochschulen,Zentr.Einrichtungen (o. klinikspez. Einrichtungen),
2021-01-01T00:00:00.000Z,Hessen,Universitäten (ohne Medizinische Einrichtungen),"Agrar-, Forst- u.Ernährungswiss., Veterinärmedizin",1.8822E7
2019-01-01T00:00:00.000Z,Bremen,Fachhochschulen,Zentr.Einrichtungen (o. klinikspez. Einrichtungen),1.5664E7
2022-01-01T00:00:00.000Z,Sachsen-Anhalt,Verwaltungsfachhochschulen,Sport,
2020-01-01T00:00:00.000Z,Sachsen,Fachhochschulen,"Agrar-, Forst- u.Ernährungswiss., Veterinärmedizin",690000.0
2022-01-01T00:00:00.000Z,Berlin,Fachhochschulen,"Rechts-, Wirtschafts- und Sozialwissenschaften",1.7016E7
2021-01-01T00:00:00.000Z,Hamburg,Kunsthochschulen,"Kunst, Kunstwissenschaft",944000.0
2020-01-01T00:00:00.000Z,Brandenburg,Pädagogische Hochschulen,"Mathematik, Naturwissenschaften",
2022-01-01T00:00:00.000Z,Hamburg,Universitäten (ohne Medizinische Einrichtungen),Geisteswissenschaften,2.3396E7
2020-01-01T00:00:00.000Z,Rheinland-Pfalz,Fachhochschulen,"Kunst, Kunstwissenschaft",438000.0
2022-01-01T00:00:00.000Z,Rheinland-Pfalz,Kunsthochschulen,Zentr.Einrichtungen (o. klinikspez. Einrichtungen),
2020-01-01T00:00:00.000Z,Hessen,Pädagogische Hochschulen,Geisteswissenschaften,
2020-01-01T00:00:00.000Z,Mecklenburg-Vorpommern,Verwaltungsfachhochschulen,"Agrar-, Forst- u.Ernährungswiss., Veterinärmedizin",
2021-01-01T00:00:00.000Z,Berlin,Kunsthochschulen,Sport,
2022-01-01T00:00:00.000Z,Schleswig-Holstein,Pädagogische Hochschulen,"Mathematik, Naturwissenschaften",
2021-01-01T00:00:00.000Z,Bayern,Kunsthochschulen,Ingenieurwissenschaften,0.0
2022-01-01T00:00:00.000Z,Niedersachsen,Theologische Hochschulen,"Agrar-, Forst- u.Ernährungswiss., Veterinärmedizin",
2020-01-01T00:00:00.000Z,Nordrhein-Westfalen,Theologische Hochschulen,"Kunst, Kunstwissenschaft",119000.0
2022-01-01T00:00:00.000Z,Bremen,Verwaltungsfachhochschulen,"Kunst, Kunstwissenschaft",
2019-01-01T00:00:00.000Z,Bremen,Medizinische Einrichtungen der Universitäten,Ingenieurwissenschaften,
2020-01-01T00:00:00.000Z,Niedersachsen,Universitäten (ohne Medizinische Einrichtungen),"Mathematik, Naturwissenschaften",1.33065E8
2020-01-01T00:00:00.000Z,Mecklenburg-Vorpommern,Universitäten (ohne Medizinische Einrichtungen),Geisteswissenschaften,3392000.0
2022-01-01T00:00:00.000Z,Hessen,Pädagogische Hochschulen,Geisteswissenschaften,
2022-01-01T00:00:00.000Z,Brandenburg,Theologische Hochschulen,"Rechts-, Wirtschafts- und Sozialwissenschaften",
2020-01-01T00:00:00.000Z,Bayern,Verwaltungsfachhochschulen,"Kunst, Kunstwissenschaft",
2020-01-01T00:00:00.000Z,Bayern,Medizinische Einrichtungen der Universitäten,Geisteswissenschaften,
2021-01-01T00:00:00.000Z,Baden-Württemberg,Kunsthochschulen,"Agrar-, Forst- u.Ernährungswiss., Veterinärmedizin",
2021-01-01T00:00:00.000Z,Sachsen,Universitäten (ohne Medizinische Einrichtungen),"Kunst, Kunstwissenschaft",1107000.0
2022-01-01T00:00:00.000Z,Bremen,Universitäten (ohne Medizinische Einrichtungen),"Mathematik, Naturwissenschaften",5.0654E7
2020-01-01T00:00:00.000Z,Sachsen,Kunsthochschulen,Geisteswissenschaften,
2022-01-01T00:00:00.000Z,Hessen,Verwaltungsfachhochschulen,Geisteswissenschaften,
2021-01-01T00:00:00.000Z,Berlin,Pädagogische Hochschulen,Humanmedizin/Gesundheitswissenschaften,
2021-01-01T00:00:00.000Z,Brandenburg,Pädagogische Hochschulen,"Rechts-, Wirtschafts- und Sozialwissenschaften",
2019-01-01T00:00:00.000Z,Sachsen-Anhalt,Fachhochschulen,Ingenieurwissenschaften,7146000.0
2022-01-01T00:00:00.000Z,Nordrhein-Westfalen,Medizinische Einrichtungen der Universitäten,"Kunst, Kunstwissenschaft",
2020-01-01T00:00:00.000Z,Bayern,Fachhochschulen,Sport,0.0
2022-01-01T00:00:00.000Z,Hamburg,Pädagogische Hochschulen,"Mathematik, Naturwissenschaften",
2020-01-01T00:00:00.000Z,Niedersachsen,Fachhochschulen,Ingenieurwissenschaften,2.0782E7
2022-01-01T00:00:00.000Z,Baden-Württemberg,Kunsthochschulen,Zentr.Einrichtungen (o. klinikspez. Einrichtungen),350000.0
2021-01-01T00:00:00.000Z,Hamburg,Fachhochschulen,Geisteswissenschaften,604000.0
2019-01-01T00:00:00.000Z,Bayern,Fachhochschulen,Ingenieurwissenschaften,5.5309E7
2022-01-01T00:00:00.000Z,Mecklenburg-Vorpommern,Verwaltungsfachhochschulen,"Agrar-, Forst- u.Ernährungswiss., Veterinärmedizin",
2021-01-01T00:00:00.000Z,Saarland,Pädagogische Hochschulen,Humanmedizin/Gesundheitswissenschaften,
2022-01-01T00:00:00.000Z,Hessen,Pädagogische Hochschulen,"Kunst, Kunstwissenschaft",
2022-01-01T00:00:00.000Z,Bayern,Verwaltungsfachhochschulen,"Kunst, Kunstwissenschaft",
2022-01-01T00:00:00.000Z,Mecklenburg-Vorpommern,Pädagogische Hochschulen,"Rechts-, Wirtschafts- und Sozialwissenschaften",
2020-01-01T00:00:00.000Z,Mecklenburg-Vorpommern,Kunsthochschulen,Geisteswissenschaften,
2020-01-01T00:00:00.000Z,Niedersachsen,Kunsthochschulen,Ingenieurwissenschaften,
2019-01-01T00:00:00.000Z,Hessen,Theologische Hochschulen,Ingenieurwissenschaften,
2019-01-01T00:00:00.000Z,Saarland,Fachhochschulen,"Agrar-, Forst- u.Ernährungswiss., Veterinärmedizin",
2022-01-01T00:00:00.000Z,Nordrhein-Westfalen,Fachhochschulen,"Agrar-, Forst- u.Ernährungswiss., Veterinärmedizin",5150000.0
2021-01-01T00:00:00.000Z,Schleswig-Holstein,Kunsthochschulen,Humanmedizin/Gesundheitswissenschaften,
2020-01-01T00:00:00.000Z,Sachsen,Theologische Hochschulen,"Mathematik, Naturwissenschaften",
2019-01-01T00:00:00.000Z,Sachsen-Anhalt,Pädagogische Hochschulen,"Kunst, Kunstwissenschaft",
2021-01-01T00:00:00.000Z,Saarland,Fachhochschulen,"Mathematik, Naturwissenschaften",
2019-01-01T00:00:00.000Z,Hessen,Universitäten (ohne Medizinische Einrichtungen),"Rechts-, Wirtschafts- und Sozialwissenschaften",6.98E7
2022-01-01T00:00:00.000Z,Sachsen-Anhalt,Fachhochschulen,"Kunst, Kunstwissenschaft",448000.0
2019-01-01T00:00:00.000Z,Niedersachsen,Fachhochschulen,"Kunst, Kunstwissenschaft",1389000.0
2019-01-01T00:00:00.000Z,Thüringen,Fachhochschulen,Humanmedizin/Gesundheitswissenschaften,51000.0
2021-01-01T00:00:00.000Z,Bayern,Medizinische Einrichtungen der Universitäten,"Rechts-, Wirtschafts- und Sozialwissenschaften",
2021-01-01T00:00:00.000Z,Sachsen-Anhalt,Verwaltungsfachhochschulen,"Mathematik, Naturwissenschaften",
2021-01-01T00:00:00.000Z,Hessen,Medizinische Einrichtungen der Universitäten,"Agrar-, Forst- u.Ernährungswiss., Veterinärmedizin",
2021-01-01T00:00:00.000Z,Berlin,Verwaltungsfachhochschulen,Geisteswissenschaften,
2022-01-01T00:00:00.000Z,Niedersachsen,Fachhochschulen,Ingenieurwissenschaften,2.8808E7
2022-01-01T00:00:00.000Z,Niedersachsen,Kunsthochschulen,"Mathematik, Naturwissenschaften",
2019-01-01T00:00:00.000Z,Brandenburg,Medizinische Einrichtungen der Universitäten,Humanmedizin/Gesundheitswissenschaften,4269000.0
2019-01-01T00:00:00.000Z,Hessen,Fachhochschulen,Sport,
2021-01-01T00:00:00.000Z,Brandenburg,Pädagogische Hochschulen,Humanmedizin/Gesundheitswissenschaften,
2019-01-01T00:00:00.000Z,Mecklenburg-Vorpommern,Medizinische Einrichtungen der Universitäten,"Mathematik, Naturwissenschaften",
2020-01-01T00:00:00.000Z,Niedersachsen,Universitäten (ohne Medizinische Einrichtungen),"Agrar-, Forst- u.Ernährungswiss., Veterinärmedizin",3.8927E7
2021-01-01T00:00:00.000Z,Thüringen,Fachhochschulen,Zentr.Einrichtungen (o. klinikspez. Einrichtungen),3308000.0
2020-01-01T00:00:00.000Z,Hamburg,Pädagogische Hochschulen,"Mathematik, Naturwissenschaften",
2020-01-01T00:00:00.000Z,Hamburg,Theologische Hochschulen,Ingenieurwissenschaften,
2020-01-01T00:00:00.000Z,Bayern,Medizinische Einrichtungen der Universitäten,Ingenieurwissenschaften,
2022-01-01T00:00:00.000Z,Rheinland-Pfalz,Pädagogische Hochschulen,"Kunst, Kunstwissenschaft",
2021-01-01T00:00:00.000Z,Thüringen,Theologische Hochschulen,"Mathematik, Naturwissenschaften",
2021-01-01T00:00:00.000Z,Baden-Württemberg,Pädagogische Hochschulen,"Rechts-, Wirtschafts- und Sozialwissenschaften",7258000.0
2021-01-01T00:00:00.000Z,Berlin,Pädagogische Hochschulen,Geisteswissenschaften,
2022-01-01T00:00:00.000Z,Thüringen,Medizinische Einrichtungen der Universitäten,Geisteswissenschaften,
2020-01-01T00:00:00.000Z,Hamburg,Verwaltungsfachhochschulen,"Kunst, Kunstwissenschaft",
2020-01-01T00:00:00.000Z,Rheinland-Pfalz,Verwaltungsfachhochschulen,"Rechts-, Wirtschafts- und Sozialwissenschaften",85000.0
2019-01-01T00:00:00.000Z,Hamburg,Verwaltungsfachhochschulen,"Agrar-, Forst- u.Ernährungswiss., Veterinärmedizin",
2022-01-01T00:00:00.000Z,Saarland,Kunsthochschulen,"Agrar-, Forst- u.Ernährungswiss., Veterinärmedizin",
2022-01-01T00:00:00.000Z,Rheinland-Pfalz,Kunsthochschulen,Geisteswissenschaften,
2022-01-01T00:00:00.000Z,Bayern,Kunsthochschulen,Humanmedizin/Gesundheitswissenschaften,
2022-01-01T00:00:00.000Z,Hessen,Pädagogische Hochschulen,Zentr.Einrichtungen (o. klinikspez. Einrichtungen),
2022-01-01T00:00:00.000Z,Bremen,Medizinische Einrichtungen der Universitäten,"Agrar-, Forst- u.Ernährungswiss., Veterinärmedizin",
2020-01-01T00:00:00.000Z,Schleswig-Holstein,Medizinische Einrichtungen der Universitäten,Zentr.Einrichtungen (o. klinikspez. Einrichtungen),
2019-01-01T00:00:00.000Z,Nordrhein-Westfalen,Theologische Hochschulen,Humanmedizin/Gesundheitswissenschaften,
2021-01-01T00:00:00.000Z,Mecklenburg-Vorpommern,Pädagogische Hochschulen,Humanmedizin/Gesundheitswissenschaften,
2021-01-01T00:00:00.000Z,Sachsen-Anhalt,Medizinische Einrichtungen der Universitäten,"Rechts-, Wirtschafts- und Sozialwissenschaften",
2022-01-01T00:00:00.000Z,Baden-Württemberg,Kunsthochschulen,Humanmedizin/Gesundheitswissenschaften,
2020-01-01T00:00:00.000Z,Niedersachsen,Fachhochschulen,Zentr.Einrichtungen (o. klinikspez. Einrichtungen),1.6916E7
2019-01-01T00:00:00.000Z,Brandenburg,Theologische Hochschulen,Ingenieurwissenschaften,
2022-01-01T00:00:00.000Z,Schleswig-Holstein,Theologische Hochschulen,Geisteswissenschaften,
2021-01-01T00:00:00.000Z,Brandenburg,Pädagogische Hochschulen,Zentr.Einrichtungen (o. klinikspez. Einrichtungen),
2019-01-01T00:00:00.000Z,Hamburg,Kunsthochschulen,Ingenieurwissenschaften,
2020-01-01T00:00:00.000Z,Thüringen,Kunsthochschulen,"Rechts-, Wirtschafts- und Sozialwissenschaften",
2019-01-01T00:00:00.000Z,Bayern,Kunsthochschulen,Zentr.Einrichtungen (o. klinikspez. Einrichtungen),512000.0
2020-01-01T00:00:00.000Z,Hamburg,Medizinische Einrichtungen der Universitäten,Zentr.Einrichtungen (o. klinikspez. Einrichtungen),
2019-01-01T00:00:00.000Z,Saarland,Verwaltungsfachhochschulen,"Agrar-, Forst- u.Ernährungswiss., Veterinärmedizin",
2020-01-01T00:00:00.000Z,Sachsen-Anhalt,Pädagogische Hochschulen,"Rechts-, Wirtschafts- und Sozialwissenschaften",
2020-01-01T00:00:00.000Z,Saarland,Theologische Hochschulen,Geisteswissenschaften,
2021-01-01T00:00:00.000Z,Berlin,Kunsthochschulen,"Rechts-, Wirtschafts- und Sozialwissenschaften",
2019-01-01T00:00:00.000Z,Hessen,Universitäten (ohne Medizinische Einrichtungen),Sport,1623000.0
2022-01-01T00:00:00.000Z,Sachsen,Kunsthochschulen,"Agrar-, Forst- u.Ernährungswiss., Veterinärmedizin",
2020-01-01T00:00:00.000Z,Saarland,Theologische Hochschulen,Ingenieurwissenschaften,
2020-01-01T00:00:00.000Z,Thüringen,Medizinische Einrichtungen der Universitäten,"Kunst, Kunstwissenschaft",
2022-01-01T00:00:00.000Z,Rheinland-Pfalz,Universitäten (ohne Medizinische Einrichtungen),Ingenieurwissenschaften,5.4668E7
2021-01-01T00:00:00.000Z,Mecklenburg-Vorpommern,Verwaltungsfachhochschulen,Geisteswissenschaften,
2021-01-01T00:00:00.000Z,Hamburg,Verwaltungsfachhochschulen,Humanmedizin/Gesundheitswissenschaften,
2019-01-01T00:00:00.000Z,Brandenburg,Universitäten (ohne Medizinische Einrichtungen),"Agrar-, Forst- u.Ernährungswiss., Veterinärmedizin",1507000.0
2022-01-01T00:00:00.000Z,Saarland,Universitäten (ohne Medizinische Einrichtungen),"Rechts-, Wirtschafts- und Sozialwissenschaften",5459000.0
2020-01-01T00:00:00.000Z,Rheinland-Pfalz,Kunsthochschulen,"Kunst, Kunstwissenschaft",
2021-01-01T00:00:00.000Z,Sachsen,Theologische Hochschulen,"Mathematik, Naturwissenschaften",
2019-01-01T00:00:00.000Z,Saarland,Theologische Hochschulen,"Agrar-, Forst- u.Ernährungswiss., Veterinärmedizin",
2020-01-01T00:00:00.000Z,Hamburg,Medizinische Einrichtungen der Universitäten,"Rechts-, Wirtschafts- und Sozialwissenschaften",
2019-01-01T00:00:00.000Z,Hamburg,Fachhochschulen,Sport,
2020-01-01T00:00:00.000Z,Brandenburg,Verwaltungsfachhochschulen,Zentr.Einrichtungen (o. klinikspez. Einrichtungen),0.0
2020-01-01T00:00:00.000Z,Rheinland-Pfalz,Kunsthochschulen,"Mathematik, Naturwissenschaften",
2022-01-01T00:00:00.000Z,Saarland,Kunsthochschulen,"Rechts-, Wirtschafts- und Sozialwissenschaften",
2021-01-01T00:00:00.000Z,Thüringen,Pädagogische Hochschulen,Geisteswissenschaften,
2020-01-01T00:00:00.000Z,Sachsen-Anhalt,Pädagogische Hochschulen,Sport,
2020-01-01T00:00:00.000Z,Hessen,Medizinische Einrichtungen der Universitäten,Zentr.Einrichtungen (o. klinikspez. Einrichtungen),
2021-01-01T00:00:00.000Z,Mecklenburg-Vorpommern,Universitäten (ohne Medizinische Einrichtungen),Ingenieurwissenschaften,2.4981E7
2022-01-01T00:00:00.000Z,Thüringen,Theologische Hochschulen,"Kunst, Kunstwissenschaft",
2019-01-01T00:00:00.000Z,Hessen,Pädagogische Hochschulen,Zentr.Einrichtungen (o. klinikspez. Einrichtungen),
2020-01-01T00:00:00.000Z,Sachsen,Universitäten (ohne Medizinische Einrichtungen),"Rechts-, Wirtschafts- und Sozialwissenschaften",4.5293E7
2021-01-01T00:00:00.000Z,Nordrhein-Westfalen,Pädagogische Hochschulen,"Mathematik, Naturwissenschaften",
2020-01-01T00:00:00.000Z,Nordrhein-Westfalen,Medizinische Einrichtungen der Universitäten,Zentr.Einrichtungen (o. klinikspez. Einrichtungen),
2021-01-01T00:00:00.000Z,Schleswig-Holstein,Universitäten (ohne Medizinische Einrichtungen),Sport,90000.0
2022-01-01T00:00:00.000Z,Sachsen,Verwaltungsfachhochschulen,"Rechts-, Wirtschafts- und Sozialwissenschaften",26000.0
2020-01-01T00:00:00.000Z,Sachsen-Anhalt,Pädagogische Hochschulen,"Agrar-, Forst- u.Ernährungswiss., Veterinärmedizin",
2022-01-01T00:00:00.000Z,Sachsen,Medizinische Einrichtungen der Universitäten,Geisteswissenschaften,
2022-01-01T00:00:00.000Z,Rheinland-Pfalz,Universitäten (ohne Medizinische Einrichtungen),"Agrar-, Forst- u.Ernährungswiss., Veterinärmedizin",
2020-01-01T00:00:00.000Z,Niedersachsen,Theologische Hochschulen,"Kunst, Kunstwissenschaft",
2020-01-01T00:00:00.000Z,Baden-Württemberg,Kunsthochschulen,"Kunst, Kunstwissenschaft",2723000.0
2019-01-01T00:00:00.000Z,Rheinland-Pfalz,Fachhochschulen,"Kunst, Kunstwissenschaft",560000.0
2020-01-01T00:00:00.000Z,Hamburg,Kunsthochschulen,Zentr.Einrichtungen (o. klinikspez. Einrichtungen),1449000.0
2020-01-01T00:00:00.000Z,Hamburg,Verwaltungsfachhochschulen,Geisteswissenschaften,
2022-01-01T00:00:00.000Z,Thüringen,Kunsthochschulen,"Rechts-, Wirtschafts- und Sozialwissenschaften",
2022-01-01T00:00:00.000Z,Bayern,Verwaltungsfachhochschulen,Sport,
2021-01-01T00:00:00.000Z,Hessen,Verwaltungsfachhochschulen,"Agrar-, Forst- u.Ernährungswiss., Veterinärmedizin",
2020-01-01T00:00:00.000Z,Niedersachsen,Verwaltungsfachhochschulen,Ingenieurwissenschaften,
2021-01-01T00:00:00.000Z,Niedersachsen,Kunsthochschulen,"Agrar-, Forst- u.Ernährungswiss., Veterinärmedizin",
2020-01-01T00:00:00.000Z,Sachsen-Anhalt,Verwaltungsfachhochschulen,Sport,
2021-01-01T00:00:00.000Z,Thüringen,Pädagogische Hochschulen,Humanmedizin/Gesundheitswissenschaften,
2019-01-01T00:00:00.000Z,Saarland,Universitäten (ohne Medizinische Einrichtungen),"Rechts-, Wirtschafts- und Sozialwissenschaften",3411000.0
2022-01-01T00:00:00.000Z,Hessen,Medizinische Einrichtungen der Universitäten,Ingenieurwissenschaften,
2022-01-01T00:00:00.000Z,Nordrhein-Westfalen,Theologische Hochschulen,Geisteswissenschaften,697000.0
2021-01-01T00:00:00.000Z,Rheinland-Pfalz,Pädagogische Hochschulen,"Mathematik, Naturwissenschaften",
2022-01-01T00:00:00.000Z,Niedersachsen,Universitäten (ohne Medizinische Einrichtungen),"Mathematik, Naturwissenschaften",1.45931E8
2021-01-01T00:00:00.000Z,Rheinland-Pfalz,Theologische Hochschulen,Ingenieurwissenschaften,
2019-01-01T00:00:00.000Z,Thüringen,Verwaltungsfachhochschulen,Geisteswissenschaften,
2022-01-01T00:00:00.000Z,Hessen,Verwaltungsfachhochschulen,"Kunst, Kunstwissenschaft",
2021-01-01T00:00:00.000Z,Sachsen,Pädagogische Hochschulen,"Rechts-, Wirtschafts- und Sozialwissenschaften",
2019-01-01T00:00:00.000Z,Hamburg,Verwaltungsfachhochschulen,Ingenieurwissenschaften,
2020-01-01T00:00:00.000Z,Hessen,Fachhochschulen,Sport,
2019-01-01T00:00:00.000Z,Rheinland-Pfalz,Theologische Hochschulen,Zentr.Einrichtungen (o. klinikspez. Einrichtungen),185000.0
2021-01-01T00:00:00.000Z,Bremen,Theologische Hochschulen,Sport,
2022-01-01T00:00:00.000Z,Schleswig-Holstein,Kunsthochschulen,"Mathematik, Naturwissenschaften",
2019-01-01T00:00:00.000Z,Hamburg,Pädagogische Hochschulen,"Agrar-, Forst- u.Ernährungswiss., Veterinärmedizin",
2021-01-01T00:00:00.000Z,Brandenburg,Medizinische Einrichtungen der Universitäten,Zentr.Einrichtungen (o. klinikspez. Einrichtungen),
2020-01-01T00:00:00.000Z,Thüringen,Fachhochschulen,"Mathematik, Naturwissenschaften",0.0
2022-01-01T00:00:00.000Z,Schleswig-Holstein,Kunsthochschulen,Humanmedizin/Gesundheitswissenschaften,
2019-01-01T00:00:00.000Z,Berlin,Theologische Hochschulen,"Agrar-, Forst- u.Ernährungswiss., Veterinärmedizin",
2020-01-01T00:00:00.000Z,Sachsen,Theologische Hochschulen,Geisteswissenschaften,
2021-01-01T00:00:00.000Z,Rheinland-Pfalz,Fachhochschulen,Zentr.Einrichtungen (o. klinikspez. Einrichtungen),5918000.0
2019-01-01T00:00:00.000Z,Bayern,Theologische Hochschulen,Humanmedizin/Gesundheitswissenschaften,
2019-01-01T00:00:00.000Z,Sachsen-Anhalt,Universitäten (ohne Medizinische Einrichtungen),Humanmedizin/Gesundheitswissenschaften,
2021-01-01T00:00:00.000Z,Bremen,Universitäten (ohne Medizinische Einrichtungen),Ingenieurwissenschaften,3.543E7
2020-01-01T00:00:00.000Z,Saarland,Kunsthochschulen,Zentr.Einrichtungen (o. klinikspez. Einrichtungen),184000.0
2021-01-01T00:00:00.000Z,Bayern,Universitäten (ohne Medizinische Einrichtungen),"Kunst, Kunstwissenschaft",4931000.0
2020-01-01T00:00:00.000Z,Mecklenburg-Vorpommern,Verwaltungsfachhochschulen,Sport,
2021-01-01T00:00:00.000Z,Bremen,Kunsthochschulen,"Agrar-, Forst- u.Ernährungswiss., Veterinärmedizin",
2019-01-01T00:00:00.000Z,Bayern,Verwaltungsfachhochschulen,"Kunst, Kunstwissenschaft",
2021-01-01T00:00:00.000Z,Sachsen-Anhalt,Kunsthochschulen,Zentr.Einrichtungen (o. klinikspez. Einrichtungen),920000.0
2020-01-01T00:00:00.000Z,Mecklenburg-Vorpommern,Verwaltungsfachhochschulen,Zentr.Einrichtungen (o. klinikspez. Einrichtungen),0.0
2022-01-01T00:00:00.000Z,Sachsen-Anhalt,Fachhochschulen,Sport,
2021-01-01T00:00:00.000Z,Nordrhein-Westfalen,Kunsthochschulen,"Rechts-, Wirtschafts- und Sozialwissenschaften",1392000.0
2021-01-01T00:00:00.000Z,Baden-Württemberg,Medizinische Einrichtungen der Universitäten,"Mathematik, Naturwissenschaften",
2020-01-01T00:00:00.000Z,Bayern,Pädagogische Hochschulen,"Rechts-, Wirtschafts- und Sozialwissenschaften",
2020-01-01T00:00:00.000Z,Hamburg,Theologische Hochschulen,"Kunst, Kunstwissenschaft",
2022-01-01T00:00:00.000Z,Nordrhein-Westfalen,Fachhochschulen,Ingenieurwissenschaften,9.985E7
2021-01-01T00:00:00.000Z,Thüringen,Medizinische Einrichtungen der Universitäten,Zentr.Einrichtungen (o. klinikspez. Einrichtungen),
2020-01-01T00:00:00.000Z,Thüringen,Universitäten (ohne Medizinische Einrichtungen),Geisteswissenschaften,1.066E7
2021-01-01T00:00:00.000Z,Hessen,Verwaltungsfachhochschulen,Ingenieurwissenschaften,0.0
2019-01-01T00:00:00.000Z,Saarland,Medizinische Einrichtungen der Universitäten,Sport,
2021-01-01T00:00:00.000Z,Hamburg,Theologische Hochschulen,"Agrar-, Forst- u.Ernährungswiss., Veterinärmedizin",
2019-01-01T00:00:00.000Z,Niedersachsen,Fachhochschulen,Ingenieurwissenschaften,2.0212E7
2019-01-01T00:00:00.000Z,Bayern,Pädagogische Hochschulen,"Kunst, Kunstwissenschaft",
2021-01-01T00:00:00.000Z,Nordrhein-Westfalen,Medizinische Einrichtungen der Universitäten,Geisteswissenschaften,
2021-01-01T00:00:00.000Z,Hamburg,Universitäten (ohne Medizinische Einrichtungen),"Agrar-, Forst- u.Ernährungswiss., Veterinärmedizin",
2022-01-01T00:00:00.000Z,Sachsen,Fachhochschulen,Sport,
2022-01-01T00:00:00.000Z,Bayern,Fachhochschulen,"Kunst, Kunstwissenschaft",88000.0
2019-01-01T00:00:00.000Z,Berlin,Pädagogische Hochschulen,"Kunst, Kunstwissenschaft",
2019-01-01T00:00:00.000Z,Niedersachsen,Verwaltungsfachhochschulen,Zentr.Einrichtungen (o. klinikspez. Einrichtungen),
2021-01-01T00:00:00.000Z,Berlin,Universitäten (ohne Medizinische Einrichtungen),Zentr.Einrichtungen (o. klinikspez. Einrichtungen),5.9981E7
2019-01-01T00:00:00.000Z,Brandenburg,Verwaltungsfachhochschulen,Ingenieurwissenschaften,
2022-01-01T00:00:00.000Z,Niedersachsen,Medizinische Einrichtungen der Universitäten,Humanmedizin/Gesundheitswissenschaften,2.07978E8
2020-01-01T00:00:00.000Z,Berlin,Fachhochschulen,Zentr.Einrichtungen (o. klinikspez. Einrichtungen),5484000.0
2020-01-01T00:00:00.000Z,Mecklenburg-Vorpommern,Fachhochschulen,"Kunst, Kunstwissenschaft",197000.0
2019-01-01T00:00:00.000Z,Nordrhein-Westfalen,Pädagogische Hochschulen,Geisteswissenschaften,
2020-01-01T00:00:00.000Z,Bayern,Medizinische Einrichtungen der Universitäten,Humanmedizin/Gesundheitswissenschaften,3.80336E8
2020-01-01T00:00:00.000Z,Berlin,Theologische Hochschulen,"Mathematik, Naturwissenschaften",
2020-01-01T00:00:00.000Z,Thüringen,Fachhochschulen,"Kunst, Kunstwissenschaft",0.0
2020-01-01T00:00:00.000Z,Saarland,Fachhochschulen,"Agrar-, Forst- u.Ernährungswiss., Veterinärmedizin",
2020-01-01T00:00:00.000Z,Nordrhein-Westfalen,Universitäten (ohne Medizinische Einrichtungen),"Rechts-, Wirtschafts- und Sozialwissenschaften",1.42105E8
2022-01-01T00:00:00.000Z,Thüringen,Verwaltungsfachhochschulen,Humanmedizin/Gesundheitswissenschaften,
2019-01-01T00:00:00.000Z,Nordrhein-Westfalen,Pädagogische Hochschulen,"Kunst, Kunstwissenschaft",
2019-01-01T00:00:00.000Z,Thüringen,Kunsthochschulen,"Agrar-, Forst- u.Ernährungswiss., Veterinärmedizin",
2021-01-01T00:00:00.000Z,Sachsen,Verwaltungsfachhochschulen,"Agrar-, Forst- u.Ernährungswiss., Veterinärmedizin",
2019-01-01T00:00:00.000Z,Berlin,Theologische Hochschulen,Geisteswissenschaften,
2022-01-01T00:00:00.000Z,Schleswig-Holstein,Pädagogische Hochschulen,Sport,
2020-01-01T00:00:00.000Z,Bayern,Universitäten (ohne Medizinische Einrichtungen),"Mathematik, Naturwissenschaften",2.93154E8
2021-01-01T00:00:00.000Z,Bayern,Theologische Hochschulen,"Kunst, Kunstwissenschaft",
2021-01-01T00:00:00.000Z,Hessen,Kunsthochschulen,Sport,
2020-01-01T00:00:00.000Z,Rheinland-Pfalz,Verwaltungsfachhochschulen,"Agrar-, Forst- u.Ernährungswiss., Veterinärmedizin",
2019-01-01T00:00:00.000Z,Baden-Württemberg,Universitäten (ohne Medizinische Einrichtungen),Sport,5167000.0
2019-01-01T00:00:00.000Z,Hessen,Medizinische Einrichtungen der Universitäten,Sport,
2021-01-01T00:00:00.000Z,Sachsen-Anhalt,Theologische Hochschulen,Ingenieurwissenschaften,
2019-01-01T00:00:00.000Z,Saarland,Medizinische Einrichtungen der Universitäten,"Agrar-, Forst- u.Ernährungswiss., Veterinärmedizin",
2020-01-01T00:00:00.000Z,Sachsen,Universitäten (ohne Medizinische Einrichtungen),Humanmedizin/Gesundheitswissenschaften,
2021-01-01T00:00:00.000Z,Mecklenburg-Vorpommern,Theologische Hochschulen,Zentr.Einrichtungen (o. klinikspez. Einrichtungen),
2019-01-01T00:00:00.000Z,Bayern,Pädagogische Hochschulen,"Agrar-, Forst- u.Ernährungswiss., Veterinärmedizin",
2021-01-01T00:00:00.000Z,Nordrhein-Westfalen,Medizinische Einrichtungen der Universitäten,"Agrar-, Forst- u.Ernährungswiss., Veterinärmedizin",
2019-01-01T00:00:00.000Z,Nordrhein-Westfalen,Theologische Hochschulen,"Rechts-, Wirtschafts- und Sozialwissenschaften",
2022-01-01T00:00:00.000Z,Niedersachsen,Pädagogische Hochschulen,"Rechts-, Wirtschafts- und Sozialwissenschaften",
2019-01-01T00:00:00.000Z,Rheinland-Pfalz,Universitäten (ohne Medizinische Einrichtungen),Humanmedizin/Gesundheitswissenschaften,
2019-01-01T00:00:00.000Z,Niedersachsen,Universitäten (ohne Medizinische Einrichtungen),"Mathematik, Naturwissenschaften",1.36755E8
2022-01-01T00:00:00.000Z,Brandenburg,Medizinische Einrichtungen der Universitäten,"Agrar-, Forst- u.Ernährungswiss., Veterinärmedizin",
2021-01-01T00:00:00.000Z,Saarland,Universitäten (ohne Medizinische Einrichtungen),Zentr.Einrichtungen (o. klinikspez. Einrichtungen),1.2787E7
2022-01-01T00:00:00.000Z,Nordrhein-Westfalen,Fachhochschulen,"Kunst, Kunstwissenschaft",3539000.0
2021-01-01T00:00:00.000Z,Thüringen,Verwaltungsfachhochschulen,Ingenieurwissenschaften,
2019-01-01T00:00:00.000Z,Saarland,Verwaltungsfachhochschulen,Geisteswissenschaften,
2022-01-01T00:00:00.000Z,Saarland,Fachhochschulen,"Mathematik, Naturwissenschaften",
2020-01-01T00:00:00.000Z,Niedersachsen,Pädagogische Hochschulen,"Rechts-, Wirtschafts- und Sozialwissenschaften",
2020-01-01T00:00:00.000Z,Schleswig-Holstein,Theologische Hochschulen,"Rechts-, Wirtschafts- und Sozialwissenschaften",
2021-01-01T00:00:00.000Z,Nordrhein-Westfalen,Pädagogische Hochschulen,Sport,
2019-01-01T00:00:00.000Z,Hamburg,Theologische Hochschulen,"Mathematik, Naturwissenschaften",
2019-01-01T00:00:00.000Z,Hessen,Kunsthochschulen,Humanmedizin/Gesundheitswissenschaften,
2021-01-01T00:00:00.000Z,Sachsen,Pädagogische Hochschulen,"Agrar-, Forst- u.Ernährungswiss., Veterinärmedizin",
2022-01-01T00:00:00.000Z,Brandenburg,Theologische Hochschulen,"Agrar-, Forst- u.Ernährungswiss., Veterinärmedizin",
2022-01-01T00:00:00.000Z,Nordrhein-Westfalen,Kunsthochschulen,Humanmedizin/Gesundheitswissenschaften,
2022-01-01T00:00:00.000Z,Mecklenburg-Vorpommern,Kunsthochschulen,Sport,
2020-01-01T00:00:00.000Z,Rheinland-Pfalz,Medizinische Einrichtungen der Universitäten,"Agrar-, Forst- u.Ernährungswiss., Veterinärmedizin",
2022-01-01T00:00:00.000Z,Bremen,Kunsthochschulen,Humanmedizin/Gesundheitswissenschaften,
2021-01-01T00:00:00.000Z,Baden-Württemberg,Theologische Hochschulen,"Mathematik, Naturwissenschaften",
2021-01-01T00:00:00.000Z,Saarland,Universitäten (ohne Medizinische Einrichtungen),"Agrar-, Forst- u.Ernährungswiss., Veterinärmedizin",
2019-01-01T00:00:00.000Z,Sachsen,Theologische Hochschulen,"Agrar-, Forst- u.Ernährungswiss., Veterinärmedizin",
2022-01-01T00:00:00.000Z,Berlin,Fachhochschulen,Ingenieurwissenschaften,1.1306E7
2022-01-01T00:00:00.000Z,Mecklenburg-Vorpommern,Theologische Hochschulen,"Agrar-, Forst- u.Ernährungswiss., Veterinärmedizin",
2022-01-01T00:00:00.000Z,Sachsen-Anhalt,Pädagogische Hochschulen,Zentr.Einrichtungen (o. klinikspez. Einrichtungen),
2021-01-01T00:00:00.000Z,Berlin,Universitäten (ohne Medizinische Einrichtungen),"Mathematik, Naturwissenschaften",1.16482E8
2020-01-01T00:00:00.000Z,Bayern,Verwaltungsfachhochschulen,Sport,
2022-01-01T00:00:00.000Z,Sachsen,Theologische Hochschulen,Sport,
2019-01-01T00:00:00.000Z,Sachsen-Anhalt,Theologische Hochschulen,"Agrar-, Forst- u.Ernährungswiss., Veterinärmedizin",
2022-01-01T00:00:00.000Z,Niedersachsen,Pädagogische Hochschulen,"Kunst, Kunstwissenschaft",
2022-01-01T00:00:00.000Z,Berlin,Medizinische Einrichtungen der Universitäten,Zentr.Einrichtungen (o. klinikspez. Einrichtungen),
2021-01-01T00:00:00.000Z,Berlin,Pädagogische Hochschulen,"Mathematik, Naturwissenschaften",
2022-01-01T00:00:00.000Z,Niedersachsen,Verwaltungsfachhochschulen,Sport,
2020-01-01T00:00:00.000Z,Sachsen-Anhalt,Universitäten (ohne Medizinische Einrichtungen),"Agrar-, Forst- u.Ernährungswiss., Veterinärmedizin",2834000.0
2022-01-01T00:00:00.000Z,Thüringen,Universitäten (ohne Medizinische Einrichtungen),"Mathematik, Naturwissenschaften",6.3981E7
2021-01-01T00:00:00.000Z,Thüringen,Fachhochschulen,"Agrar-, Forst- u.Ernährungswiss., Veterinärmedizin",1796000.0
2021-01-01T00:00:00.000Z,Saarland,Fachhochschulen,Humanmedizin/Gesundheitswissenschaften,903000.0
2022-01-01T00:00:00.000Z,Hamburg,Universitäten (ohne Medizinische Einrichtungen),"Rechts-, Wirtschafts- und Sozialwissenschaften",2.7025E7
2019-01-01T00:00:00.000Z,Berlin,Theologische Hochschulen,"Rechts-, Wirtschafts- und Sozialwissenschaften",
2022-01-01T00:00:00.000Z,Bayern,Universitäten (ohne Medizinische Einrichtungen),Humanmedizin/Gesundheitswissenschaften,
2019-01-01T00:00:00.000Z,Bayern,Pädagogische Hochschulen,Geisteswissenschaften,
2021-01-01T00:00:00.000Z,Thüringen,Medizinische Einrichtungen der Universitäten,Humanmedizin/Gesundheitswissenschaften,3.9967E7
2021-01-01T00:00:00.000Z,Niedersachsen,Theologische Hochschulen,Zentr.Einrichtungen (o. klinikspez. Einrichtungen),
2020-01-01T00:00:00.000Z,Brandenburg,Universitäten (ohne Medizinische Einrichtungen),Ingenieurwissenschaften,3.5821E7
2021-01-01T00:00:00.000Z,Hessen,Kunsthochschulen,Humanmedizin/Gesundheitswissenschaften,
2019-01-01T00:00:00.000Z,Rheinland-Pfalz,Universitäten (ohne Medizinische Einrichtungen),Ingenieurwissenschaften,4.2459E7
2019-01-01T00:00:00.000Z,Schleswig-Holstein,Fachhochschulen,Sport,
2022-01-01T00:00:00.000Z,Baden-Württemberg,Universitäten (ohne Medizinische Einrichtungen),Sport,6786000.0
2019-01-01T00:00:00.000Z,Rheinland-Pfalz,Kunsthochschulen,Humanmedizin/Gesundheitswissenschaften,
2019-01-01T00:00:00.000Z,Bayern,Medizinische Einrichtungen der Universitäten,"Kunst, Kunstwissenschaft",
2020-01-01T00:00:00.000Z,Bremen,Theologische Hochschulen,Ingenieurwissenschaften,
2019-01-01T00:00:00.000Z,Bremen,Medizinische Einrichtungen der Universitäten,"Mathematik, Naturwissenschaften",
2020-01-01T00:00:00.000Z,Schleswig-Holstein,Pädagogische Hochschulen,Geisteswissenschaften,
2022-01-01T00:00:00.000Z,Nordrhein-Westfalen,Pädagogische Hochschulen,Sport,
2022-01-01T00:00:00.000Z,Rheinland-Pfalz,Theologische Hochschulen,Zentr.Einrichtungen (o. klinikspez. Einrichtungen),51000.0
2022-01-01T00:00:00.000Z,Rheinland-Pfalz,Medizinische Einrichtungen der Universitäten,"Rechts-, Wirtschafts- und Sozialwissenschaften",
2019-01-01T00:00:00.000Z,Mecklenburg-Vorpommern,Kunsthochschulen,Geisteswissenschaften,
2020-01-01T00:00:00.000Z,Mecklenburg-Vorpommern,Kunsthochschulen,"Mathematik, Naturwissenschaften",
2021-01-01T00:00:00.000Z,Berlin,Fachhochschulen,Humanmedizin/Gesundheitswissenschaften,686000.0
2022-01-01T00:00:00.000Z,Bremen,Fachhochschulen,"Mathematik, Naturwissenschaften",685000.0
2021-01-01T00:00:00.000Z,Hamburg,Pädagogische Hochschulen,Zentr.Einrichtungen (o. klinikspez. Einrichtungen),
2020-01-01T00:00:00.000Z,Berlin,Medizinische Einrichtungen der Universitäten,Sport,
2020-01-01T00:00:00.000Z,Bremen,Kunsthochschulen,"Agrar-, Forst- u.Ernährungswiss., Veterinärmedizin",
2019-01-01T00:00:00.000Z,Sachsen-Anhalt,Universitäten (ohne Medizinische Einrichtungen),Geisteswissenschaften,3232000.0
2021-01-01T00:00:00.000Z,Hessen,Fachhochschulen,Geisteswissenschaften,798000.0
2021-01-01T00:00:00.000Z,Sachsen-Anhalt,Pädagogische Hochschulen,Geisteswissenschaften,
2019-01-01T00:00:00.000Z,Berlin,Medizinische Einrichtungen der Universitäten,"Rechts-, Wirtschafts- und Sozialwissenschaften",
2022-01-01T00:00:00.000Z,Hessen,Fachhochschulen,Geisteswissenschaften,639000.0
2021-01-01T00:00:00.000Z,Rheinland-Pfalz,Verwaltungsfachhochschulen,Geisteswissenschaften,
2022-01-01T00:00:00.000Z,Berlin,Medizinische Einrichtungen der Universitäten,Humanmedizin/Gesundheitswissenschaften,2.29978E8
2019-01-01T00:00:00.000Z,Sachsen,Universitäten (ohne Medizinische Einrichtungen),Sport,3415000.0
2022-01-01T00:00:00.000Z,Thüringen,Theologische Hochschulen,Zentr.Einrichtungen (o. klinikspez. Einrichtungen),
2022-01-01T00:00:00.000Z,Schleswig-Holstein,Verwaltungsfachhochschulen,"Rechts-, Wirtschafts- und Sozialwissenschaften",70000.0
2022-01-01T00:00:00.000Z,Thüringen,Universitäten (ohne Medizinische Einrichtungen),"Kunst, Kunstwissenschaft",1136000.0
2022-01-01T00:00:00.000Z,Niedersachsen,Theologische Hochschulen,Humanmedizin/Gesundheitswissenschaften,
2020-01-01T00:00:00.000Z,Thüringen,Pädagogische Hochschulen,Ingenieurwissenschaften,
2019-01-01T00:00:00.000Z,Niedersachsen,Kunsthochschulen,"Mathematik, Naturwissenschaften",
2022-01-01T00:00:00.000Z,Mecklenburg-Vorpommern,Fachhochschulen,"Rechts-, Wirtschafts- und Sozialwissenschaften",2120000.0
2022-01-01T00:00:00.000Z,Berlin,Pädagogische Hochschulen,Humanmedizin/Gesundheitswissenschaften,
2021-01-01T00:00:00.000Z,Bremen,Kunsthochschulen,Geisteswissenschaften,
2020-01-01T00:00:00.000Z,Thüringen,Theologische Hochschulen,Sport,
2019-01-01T00:00:00.000Z,Saarland,Theologische Hochschulen,"Mathematik, Naturwissenschaften",
2020-01-01T00:00:00.000Z,Brandenburg,Kunsthochschulen,Ingenieurwissenschaften,
2019-01-01T00:00:00.000Z,Sachsen-Anhalt,Fachhochschulen,Humanmedizin/Gesundheitswissenschaften,
2022-01-01T00:00:00.000Z,Hamburg,Universitäten (ohne Medizinische Einrichtungen),"Kunst, Kunstwissenschaft",
2020-01-01T00:00:00.000Z,Berlin,Fachhochschulen,Geisteswissenschaften,192000.0
2020-01-01T00:00:00.000Z,Baden-Württemberg,Universitäten (ohne Medizinische Einrichtungen),"Kunst, Kunstwissenschaft",2400000.0
2022-01-01T00:00:00.000Z,Saarland,Pädagogische Hochschulen,Ingenieurwissenschaften,
2021-01-01T00:00:00.000Z,Baden-Württemberg,Pädagogische Hochschulen,"Kunst, Kunstwissenschaft",28000.0
2021-01-01T00:00:00.000Z,Brandenburg,Kunsthochschulen,Ingenieurwissenschaften,
2019-01-01T00:00:00.000Z,Baden-Württemberg,Fachhochschulen,"Agrar-, Forst- u.Ernährungswiss., Veterinärmedizin",1856000.0
2022-01-01T00:00:00.000Z,Schleswig-Holstein,Medizinische Einrichtungen der Universitäten,"Kunst, Kunstwissenschaft",
2020-01-01T00:00:00.000Z,Baden-Württemberg,Kunsthochschulen,"Agrar-, Forst- u.Ernährungswiss., Veterinärmedizin",
2019-01-01T00:00:00.000Z,Berlin,Kunsthochschulen,Zentr.Einrichtungen (o. klinikspez. Einrichtungen),3090000.0
2021-01-01T00:00:00.000Z,Hamburg,Kunsthochschulen,Zentr.Einrichtungen (o. klinikspez. Einrichtungen),1295000.0
2022-01-01T00:00:00.000Z,Bremen,Pädagogische Hochschulen,"Agrar-, Forst- u.Ernährungswiss., Veterinärmedizin",
2022-01-01T00:00:00.000Z,Rheinland-Pfalz,Theologische Hochschulen,Sport,
2020-01-01T00:00:00.000Z,Bremen,Theologische Hochschulen,Sport,
2021-01-01T00:00:00.000Z,Hessen,Kunsthochschulen,Ingenieurwissenschaften,28000.0
2021-01-01T00:00:00.000Z,Saarland,Universitäten (ohne Medizinische Einrichtungen),"Kunst, Kunstwissenschaft",156000.0
2022-01-01T00:00:00.000Z,Nordrhein-Westfalen,Verwaltungsfachhochschulen,"Mathematik, Naturwissenschaften",
2021-01-01T00:00:00.000Z,Saarland,Pädagogische Hochschulen,"Agrar-, Forst- u.Ernährungswiss., Veterinärmedizin",
2022-01-01T00:00:00.000Z,Mecklenburg-Vorpommern,Fachhochschulen,Geisteswissenschaften,
2020-01-01T00:00:00.000Z,Nordrhein-Westfalen,Verwaltungsfachhochschulen,"Agrar-, Forst- u.Ernährungswiss., Veterinärmedizin",
2020-01-01T00:00:00.000Z,Sachsen-Anhalt,Fachhochschulen,Zentr.Einrichtungen (o. klinikspez. Einrichtungen),1.5062E7
2020-01-01T00:00:00.000Z,Schleswig-Holstein,Universitäten (ohne Medizinische Einrichtungen),"Rechts-, Wirtschafts- und Sozialwissenschaften",4972000.0
2020-01-01T00:00:00.000Z,Rheinland-Pfalz,Medizinische Einrichtungen der Universitäten,"Kunst, Kunstwissenschaft",
2019-01-01T00:00:00.000Z,Schleswig-Holstein,Theologische Hochschulen,Sport,
2021-01-01T00:00:00.000Z,Hessen,Pädagogische Hochschulen,Ingenieurwissenschaften,
2020-01-01T00:00:00.000Z,Saarland,Pädagogische Hochschulen,Humanmedizin/Gesundheitswissenschaften,
2020-01-01T00:00:00.000Z,Mecklenburg-Vorpommern,Pädagogische Hochschulen,Humanmedizin/Gesundheitswissenschaften,
2020-01-01T00:00:00.000Z,Hessen,Kunsthochschulen,Ingenieurwissenschaften,91000.0
2021-01-01T00:00:00.000Z,Bayern,Kunsthochschulen,Humanmedizin/Gesundheitswissenschaften,
2022-01-01T00:00:00.000Z,Hessen,Kunsthochschulen,"Agrar-, Forst- u.Ernährungswiss., Veterinärmedizin",
2021-01-01T00:00:00.000Z,Bremen,Pädagogische Hochschulen,Ingenieurwissenschaften,
2020-01-01T00:00:00.000Z,Hessen,Theologische Hochschulen,"Rechts-, Wirtschafts- und Sozialwissenschaften",
2019-01-01T00:00:00.000Z,Rheinland-Pfalz,Kunsthochschulen,Sport,
2019-01-01T00:00:00.000Z,Bremen,Kunsthochschulen,"Rechts-, Wirtschafts- und Sozialwissenschaften",
2022-01-01T00:00:00.000Z,Brandenburg,Fachhochschulen,Zentr.Einrichtungen (o. klinikspez. Einrichtungen),6119000.0
2022-01-01T00:00:00.000Z,Thüringen,Theologische Hochschulen,"Agrar-, Forst- u.Ernährungswiss., Veterinärmedizin",
2019-01-01T00:00:00.000Z,Niedersachsen,Universitäten (ohne Medizinische Einrichtungen),"Agrar-, Forst- u.Ernährungswiss., Veterinärmedizin",4.1869E7
2019-01-01T00:00:00.000Z,Sachsen,Theologische Hochschulen,"Kunst, Kunstwissenschaft",
2020-01-01T00:00:00.000Z,Schleswig-Holstein,Medizinische Einrichtungen der Universitäten,Ingenieurwissenschaften,
2022-01-01T00:00:00.000Z,Schleswig-Holstein,Fachhochschulen,Geisteswissenschaften,5000.0
2022-01-01T00:00:00.000Z,Berlin,Pädagogische Hochschulen,Geisteswissenschaften,
2021-01-01T00:00:00.000Z,Brandenburg,Verwaltungsfachhochschulen,"Agrar-, Forst- u.Ernährungswiss., Veterinärmedizin",
2022-01-01T00:00:00.000Z,Sachsen-Anhalt,Kunsthochschulen,Zentr.Einrichtungen (o. klinikspez. Einrichtungen),1178000.0
2019-01-01T00:00:00.000Z,Berlin,Fachhochschulen,Humanmedizin/Gesundheitswissenschaften,598000.0
2019-01-01T00:00:00.000Z,Bremen,Kunsthochschulen,"Kunst, Kunstwissenschaft",917000.0
2019-01-01T00:00:00.000Z,Sachsen,Medizinische Einrichtungen der Universitäten,Ingenieurwissenschaften,
2021-01-01T00:00:00.000Z,Schleswig-Holstein,Fachhochschulen,"Mathematik, Naturwissenschaften",925000.0
2019-01-01T00:00:00.000Z,Sachsen-Anhalt,Verwaltungsfachhochschulen,"Kunst, Kunstwissenschaft",
2022-01-01T00:00:00.000Z,Saarland,Universitäten (ohne Medizinische Einrichtungen),Geisteswissenschaften,8409000.0
2019-01-01T00:00:00.000Z,Sachsen-Anhalt,Medizinische Einrichtungen der Universitäten,"Agrar-, Forst- u.Ernährungswiss., Veterinärmedizin",
2021-01-01T00:00:00.000Z,Nordrhein-Westfalen,Medizinische Einrichtungen der Universitäten,Ingenieurwissenschaften,
2021-01-01T00:00:00.000Z,Rheinland-Pfalz,Medizinische Einrichtungen der Universitäten,Sport,
2019-01-01T00:00:00.000Z,Saarland,Fachhochschulen,"Mathematik, Naturwissenschaften",
2021-01-01T00:00:00.000Z,Thüringen,Verwaltungsfachhochschulen,Humanmedizin/Gesundheitswissenschaften,
2021-01-01T00:00:00.000Z,Nordrhein-Westfalen,Kunsthochschulen,Geisteswissenschaften,
2020-01-01T00:00:00.000Z,Baden-Württemberg,Kunsthochschulen,Ingenieurwissenschaften,27000.0
2019-01-01T00:00:00.000Z,Brandenburg,Verwaltungsfachhochschulen,Humanmedizin/Gesundheitswissenschaften,
2020-01-01T00:00:00.000Z,Nordrhein-Westfalen,Universitäten (ohne Medizinische Einrichtungen),Geisteswissenschaften,8.4433E7
2021-01-01T00:00:00.000Z,Rheinland-Pfalz,Kunsthochschulen,"Kunst, Kunstwissenschaft",
2019-01-01T00:00:00.000Z,Mecklenburg-Vorpommern,Theologische Hochschulen,Humanmedizin/Gesundheitswissenschaften,
2019-01-01T00:00:00.000Z,Nordrhein-Westfalen,Verwaltungsfachhochschulen,"Mathematik, Naturwissenschaften",
2022-01-01T00:00:00.000Z,Sachsen-Anhalt,Pädagogische Hochschulen,Humanmedizin/Gesundheitswissenschaften,
2020-01-01T00:00:00.000Z,Hamburg,Medizinische Einrichtungen der Universitäten,"Kunst, Kunstwissenschaft",
2022-01-01T00:00:00.000Z,Hessen,Theologische Hochschulen,Sport,
2020-01-01T00:00:00.000Z,Sachsen,Pädagogische Hochschulen,"Kunst, Kunstwissenschaft",
2020-01-01T00:00:00.000Z,Berlin,Pädagogische Hochschulen,"Kunst, Kunstwissenschaft",
2020-01-01T00:00:00.000Z,Baden-Württemberg,Theologische Hochschulen,Geisteswissenschaften,
2019-01-01T00:00:00.000Z,Thüringen,Theologische Hochschulen,Zentr.Einrichtungen (o. klinikspez. Einrichtungen),
2021-01-01T00:00:00.000Z,Sachsen-Anhalt,Universitäten (ohne Medizinische Einrichtungen),"Kunst, Kunstwissenschaft",789000.0
2021-01-01T00:00:00.000Z,Brandenburg,Theologische Hochschulen,"Rechts-, Wirtschafts- und Sozialwissenschaften",
2021-01-01T00:00:00.000Z,Berlin,Verwaltungsfachhochschulen,Zentr.Einrichtungen (o. klinikspez. Einrichtungen),
2022-01-01T00:00:00.000Z,Schleswig-Holstein,Medizinische Einrichtungen der Universitäten,Sport,
2022-01-01T00:00:00.000Z,Hamburg,Fachhochschulen,"Rechts-, Wirtschafts- und Sozialwissenschaften",3918000.0
2020-01-01T00:00:00.000Z,Brandenburg,Theologische Hochschulen,"Rechts-, Wirtschafts- und Sozialwissenschaften",
2022-01-01T00:00:00.000Z,Hamburg,Kunsthochschulen,"Agrar-, Forst- u.Ernährungswiss., Veterinärmedizin",
2020-01-01T00:00:00.000Z,Thüringen,Verwaltungsfachhochschulen,"Kunst, Kunstwissenschaft",
2019-01-01T00:00:00.000Z,Rheinland-Pfalz,Verwaltungsfachhochschulen,Zentr.Einrichtungen (o. klinikspez. Einrichtungen),
2019-01-01T00:00:00.000Z,Niedersachsen,Verwaltungsfachhochschulen,Sport,
2020-01-01T00:00:00.000Z,Sachsen-Anhalt,Medizinische Einrichtungen der Universitäten,"Rechts-, Wirtschafts- und Sozialwissenschaften",
2019-01-01T00:00:00.000Z,Bayern,Pädagogische Hochschulen,Ingenieurwissenschaften,
2019-01-01T00:00:00.000Z,Mecklenburg-Vorpommern,Fachhochschulen,"Rechts-, Wirtschafts- und Sozialwissenschaften",2531000.0
2020-01-01T00:00:00.000Z,Hamburg,Pädagogische Hochschulen,Geisteswissenschaften,
2021-01-01T00:00:00.000Z,Saarland,Medizinische Einrichtungen der Universitäten,Ingenieurwissenschaften,
2021-01-01T00:00:00.000Z,Bremen,Medizinische Einrichtungen der Universitäten,Zentr.Einrichtungen (o. klinikspez. Einrichtungen),
2022-01-01T00:00:00.000Z,Nordrhein-Westfalen,Verwaltungsfachhochschulen,Zentr.Einrichtungen (o. klinikspez. Einrichtungen),0.0
2020-01-01T00:00:00.000Z,Niedersachsen,Theologische Hochschulen,"Mathematik, Naturwissenschaften",
2020-01-01T00:00:00.000Z,Baden-Württemberg,Fachhochschulen,"Rechts-, Wirtschafts- und Sozialwissenschaften",1.4195E7
2021-01-01T00:00:00.000Z,Rheinland-Pfalz,Theologische Hochschulen,Zentr.Einrichtungen (o. klinikspez. Einrichtungen),49000.0
2022-01-01T00:00:00.000Z,Brandenburg,Universitäten (ohne Medizinische Einrichtungen),"Mathematik, Naturwissenschaften",3.1693E7
2022-01-01T00:00:00.000Z,Bayern,Verwaltungsfachhochschulen,Zentr.Einrichtungen (o. klinikspez. Einrichtungen),3000.0
2021-01-01T00:00:00.000Z,Berlin,Verwaltungsfachhochschulen,Humanmedizin/Gesundheitswissenschaften,
2021-01-01T00:00:00.000Z,Sachsen,Medizinische Einrichtungen der Universitäten,"Kunst, Kunstwissenschaft",
2020-01-01T00:00:00.000Z,Sachsen,Kunsthochschulen,Ingenieurwissenschaften,
2020-01-01T00:00:00.000Z,Bayern,Theologische Hochschulen,Sport,
2019-01-01T00:00:00.000Z,Sachsen-Anhalt,Pädagogische Hochschulen,Ingenieurwissenschaften,
2022-01-01T00:00:00.000Z,Mecklenburg-Vorpommern,Theologische Hochschulen,Sport,
2019-01-01T00:00:00.000Z,Bremen,Fachhochschulen,"Agrar-, Forst- u.Ernährungswiss., Veterinärmedizin",215000.0
2021-01-01T00:00:00.000Z,Hessen,Pädagogische Hochschulen,Zentr.Einrichtungen (o. klinikspez. Einrichtungen),
2020-01-01T00:00:00.000Z,Bremen,Medizinische Einrichtungen der Universitäten,Humanmedizin/Gesundheitswissenschaften,
2020-01-01T00:00:00.000Z,Rheinland-Pfalz,Medizinische Einrichtungen der Universitäten,Sport,
2022-01-01T00:00:00.000Z,Bremen,Pädagogische Hochschulen,Ingenieurwissenschaften,
2021-01-01T00:00:00.000Z,Hessen,Theologische Hochschulen,"Rechts-, Wirtschafts- und Sozialwissenschaften",
2021-01-01T00:00:00.000Z,Mecklenburg-Vorpommern,Theologische Hochschulen,"Kunst, Kunstwissenschaft",
2020-01-01T00:00:00.000Z,Sachsen-Anhalt,Universitäten (ohne Medizinische Einrichtungen),"Mathematik, Naturwissenschaften",1.658E7
2021-01-01T00:00:00.000Z,Brandenburg,Pädagogische Hochschulen,Ingenieurwissenschaften,
2019-01-01T00:00:00.000Z,Niedersachsen,Kunsthochschulen,Humanmedizin/Gesundheitswissenschaften,
2020-01-01T00:00:00.000Z,Sachsen,Verwaltungsfachhochschulen,"Mathematik, Naturwissenschaften",
2022-01-01T00:00:00.000Z,Sachsen,Universitäten (ohne Medizinische Einrichtungen),Sport,4529000.0
2019-01-01T00:00:00.000Z,Saarland,Verwaltungsfachhochschulen,"Kunst, Kunstwissenschaft",
2020-01-01T00:00:00.000Z,Schleswig-Holstein,Pädagogische Hochschulen,Ingenieurwissenschaften,
2019-01-01T00:00:00.000Z,Schleswig-Holstein,Pädagogische Hochschulen,"Mathematik, Naturwissenschaften",
2021-01-01T00:00:00.000Z,Saarland,Universitäten (ohne Medizinische Einrichtungen),"Rechts-, Wirtschafts- und Sozialwissenschaften",4046000.0
2020-01-01T00:00:00.000Z,Schleswig-Holstein,Kunsthochschulen,"Agrar-, Forst- u.Ernährungswiss., Veterinärmedizin",
2021-01-01T00:00:00.000Z,Niedersachsen,Medizinische Einrichtungen der Universitäten,Geisteswissenschaften,
2020-01-01T00:00:00.000Z,Mecklenburg-Vorpommern,Universitäten (ohne Medizinische Einrichtungen),Sport,47000.0
2019-01-01T00:00:00.000Z,Berlin,Universitäten (ohne Medizinische Einrichtungen),Zentr.Einrichtungen (o. klinikspez. Einrichtungen),6.9977E7
2022-01-01T00:00:00.000Z,Hamburg,Fachhochschulen,"Agrar-, Forst- u.Ernährungswiss., Veterinärmedizin",80000.0
2022-01-01T00:00:00.000Z,Sachsen,Medizinische Einrichtungen der Universitäten,Ingenieurwissenschaften,
2020-01-01T00:00:00.000Z,Thüringen,Fachhochschulen,Geisteswissenschaften,
2020-01-01T00:00:00.000Z,Brandenburg,Medizinische Einrichtungen der Universitäten,"Mathematik, Naturwissenschaften",
2019-01-01T00:00:00.000Z,Sachsen-Anhalt,Kunsthochschulen,Zentr.Einrichtungen (o. klinikspez. Einrichtungen),2357000.0
2021-01-01T00:00:00.000Z,Nordrhein-Westfalen,Theologische Hochschulen,"Kunst, Kunstwissenschaft",24000.0
2021-01-01T00:00:00.000Z,Hessen,Kunsthochschulen,Zentr.Einrichtungen (o. klinikspez. Einrichtungen),571000.0
2021-01-01T00:00:00.000Z,Bayern,Theologische Hochschulen,Ingenieurwissenschaften,
2019-01-01T00:00:00.000Z,Schleswig-Holstein,Verwaltungsfachhochschulen,Sport,
2021-01-01T00:00:00.000Z,Saarland,Pädagogische Hochschulen,Ingenieurwissenschaften,
2019-01-01T00:00:00.000Z,Bremen,Fachhochschulen,"Mathematik, Naturwissenschaften",435000.0
2019-01-01T00:00:00.000Z,Brandenburg,Medizinische Einrichtungen der Universitäten,Sport,
2020-01-01T00:00:00.000Z,Sachsen-Anhalt,Fachhochschulen,Ingenieurwissenschaften,7627000.0
2022-01-01T00:00:00.000Z,Hessen,Fachhochschulen,"Mathematik, Naturwissenschaften",1298000.0
2020-01-01T00:00:00.000Z,Sachsen-Anhalt,Kunsthochschulen,"Mathematik, Naturwissenschaften",
2019-01-01T00:00:00.000Z,Saarland,Medizinische Einrichtungen der Universitäten,"Kunst, Kunstwissenschaft",
2019-01-01T00:00:00.000Z,Baden-Württemberg,Kunsthochschulen,"Agrar-, Forst- u.Ernährungswiss., Veterinärmedizin",
2022-01-01T00:00:00.000Z,Mecklenburg-Vorpommern,Fachhochschulen,Humanmedizin/Gesundheitswissenschaften,544000.0
2021-01-01T00:00:00.000Z,Bayern,Pädagogische Hochschulen,Geisteswissenschaften,
2019-01-01T00:00:00.000Z,Bremen,Universitäten (ohne Medizinische Einrichtungen),Geisteswissenschaften,809000.0
2021-01-01T00:00:00.000Z,Sachsen,Fachhochschulen,Humanmedizin/Gesundheitswissenschaften,89000.0
2021-01-01T00:00:00.000Z,Schleswig-Holstein,Fachhochschulen,Sport,
2022-01-01T00:00:00.000Z,Hessen,Fachhochschulen,"Agrar-, Forst- u.Ernährungswiss., Veterinärmedizin",8004000.0
2019-01-01T00:00:00.000Z,Baden-Württemberg,Pädagogische Hochschulen,Humanmedizin/Gesundheitswissenschaften,787000.0
2021-01-01T00:00:00.000Z,Brandenburg,Fachhochschulen,Zentr.Einrichtungen (o. klinikspez. Einrichtungen),5938000.0
2020-01-01T00:00:00.000Z,Nordrhein-Westfalen,Theologische Hochschulen,"Mathematik, Naturwissenschaften",
2022-01-01T00:00:00.000Z,Sachsen-Anhalt,Medizinische Einrichtungen der Universitäten,Zentr.Einrichtungen (o. klinikspez. Einrichtungen),
2021-01-01T00:00:00.000Z,Sachsen,Medizinische Einrichtungen der Universitäten,"Agrar-, Forst- u.Ernährungswiss., Veterinärmedizin",
2019-01-01T00:00:00.000Z,Berlin,Fachhochschulen,"Rechts-, Wirtschafts- und Sozialwissenschaften",1.2847E7
2020-01-01T00:00:00.000Z,Nordrhein-Westfalen,Medizinische Einrichtungen der Universitäten,Geisteswissenschaften,
2019-01-01T00:00:00.000Z,Sachsen-Anhalt,Pädagogische Hochschulen,Zentr.Einrichtungen (o. klinikspez. Einrichtungen),
2020-01-01T00:00:00.000Z,Hessen,Theologische Hochschulen,"Kunst, Kunstwissenschaft",
2021-01-01T00:00:00.000Z,Niedersachsen,Universitäten (ohne Medizinische Einrichtungen),Sport,549000.0
2020-01-01T00:00:00.000Z,Saarland,Pädagogische Hochschulen,Sport,
2020-01-01T00:00:00.000Z,Bayern,Kunsthochschulen,"Mathematik, Naturwissenschaften",
2021-01-01T00:00:00.000Z,Mecklenburg-Vorpommern,Theologische Hochschulen,Ingenieurwissenschaften,
2022-01-01T00:00:00.000Z,Brandenburg,Fachhochschulen,"Mathematik, Naturwissenschaften",1281000.0
2020-01-01T00:00:00.000Z,Bremen,Kunsthochschulen,Sport,
2020-01-01T00:00:00.000Z,Berlin,Universitäten (ohne Medizinische Einrichtungen),"Mathematik, Naturwissenschaften",1.33094E8
2019-01-01T00:00:00.000Z,Saarland,Medizinische Einrichtungen der Universitäten,Ingenieurwissenschaften,
2021-01-01T00:00:00.000Z,Schleswig-Holstein,Medizinische Einrichtungen der Universitäten,Ingenieurwissenschaften,
2020-01-01T00:00:00.000Z,Rheinland-Pfalz,Theologische Hochschulen,Zentr.Einrichtungen (o. klinikspez. Einrichtungen),60000.0
2021-01-01T00:00:00.000Z,Sachsen-Anhalt,Verwaltungsfachhochschulen,Zentr.Einrichtungen (o. klinikspez. Einrichtungen),
2020-01-01T00:00:00.000Z,Sachsen-Anhalt,Theologische Hochschulen,Geisteswissenschaften,0.0
2020-01-01T00:00:00.000Z,Mecklenburg-Vorpommern,Fachhochschulen,"Agrar-, Forst- u.Ernährungswiss., Veterinärmedizin",844000.0
2020-01-01T00:00:00.000Z,Bremen,Verwaltungsfachhochschulen,Humanmedizin/Gesundheitswissenschaften,
2020-01-01T00:00:00.000Z,Schleswig-Holstein,Universitäten (ohne Medizinische Einrichtungen),"Agrar-, Forst- u.Ernährungswiss., Veterinärmedizin",6890000.0
2022-01-01T00:00:00.000Z,Berlin,Theologische Hochschulen,Humanmedizin/Gesundheitswissenschaften,
2022-01-01T00:00:00.000Z,Mecklenburg-Vorpommern,Universitäten (ohne Medizinische Einrichtungen),Ingenieurwissenschaften,2.3126E7
2021-01-01T00:00:00.000Z,Saarland,Theologische Hochschulen,"Agrar-, Forst- u.Ernährungswiss., Veterinärmedizin",
2021-01-01T00:00:00.000Z,Hamburg,Kunsthochschulen,Humanmedizin/Gesundheitswissenschaften,
2022-01-01T00:00:00.000Z,Bayern,Verwaltungsfachhochschulen,"Mathematik, Naturwissenschaften",
2020-01-01T00:00:00.000Z,Niedersachsen,Kunsthochschulen,Humanmedizin/Gesundheitswissenschaften,
2020-01-01T00:00:00.000Z,Hessen,Medizinische Einrichtungen der Universitäten,"Rechts-, Wirtschafts- und Sozialwissenschaften",
2020-01-01T00:00:00.000Z,Nordrhein-Westfalen,Universitäten (ohne Medizinische Einrichtungen),Humanmedizin/Gesundheitswissenschaften,
2019-01-01T00:00:00.000Z,Bayern,Verwaltungsfachhochschulen,"Mathematik, Naturwissenschaften",
2021-01-01T00:00:00.000Z,Baden-Württemberg,Medizinische Einrichtungen der Universitäten,Zentr.Einrichtungen (o. klinikspez. Einrichtungen),
2019-01-01T00:00:00.000Z,Schleswig-Holstein,Theologische Hochschulen,Ingenieurwissenschaften,
2021-01-01T00:00:00.000Z,Mecklenburg-Vorpommern,Kunsthochschulen,"Mathematik, Naturwissenschaften",
2022-01-01T00:00:00.000Z,Brandenburg,Theologische Hochschulen,"Kunst, Kunstwissenschaft",
2020-01-01T00:00:00.000Z,Nordrhein-Westfalen,Kunsthochschulen,"Rechts-, Wirtschafts- und Sozialwissenschaften",792000.0
2019-01-01T00:00:00.000Z,Hessen,Pädagogische Hochschulen,"Agrar-, Forst- u.Ernährungswiss., Veterinärmedizin",
2022-01-01T00:00:00.000Z,Mecklenburg-Vorpommern,Universitäten (ohne Medizinische Einrichtungen),Zentr.Einrichtungen (o. klinikspez. Einrichtungen),5122000.0
2020-01-01T00:00:00.000Z,Hessen,Pädagogische Hochschulen,Zentr.Einrichtungen (o. klinikspez. Einrichtungen),
2021-01-01T00:00:00.000Z,Brandenburg,Universitäten (ohne Medizinische Einrichtungen),Humanmedizin/Gesundheitswissenschaften,
2021-01-01T00:00:00.000Z,Mecklenburg-Vorpommern,Pädagogische Hochschulen,"Mathematik, Naturwissenschaften",
2020-01-01T00:00:00.000Z,Bayern,Fachhochschulen,Ingenieurwissenschaften,5.7855E7
2022-01-01T00:00:00.000Z,Mecklenburg-Vorpommern,Medizinische Einrichtungen der Universitäten,"Mathematik, Naturwissenschaften",
2020-01-01T00:00:00.000Z,Nordrhein-Westfalen,Theologische Hochschulen,Humanmedizin/Gesundheitswissenschaften,
2020-01-01T00:00:00.000Z,Bayern,Verwaltungsfachhochschulen,Humanmedizin/Gesundheitswissenschaften,
2020-01-01T00:00:00.000Z,Brandenburg,Fachhochschulen,Sport,58000.0
2021-01-01T00:00:00.000Z,Brandenburg,Fachhochschulen,"Agrar-, Forst- u.Ernährungswiss., Veterinärmedizin",7126000.0
2022-01-01T00:00:00.000Z,Hamburg,Fachhochschulen,Sport,
2022-01-01T00:00:00.000Z,Bremen,Medizinische Einrichtungen der Universitäten,"Mathematik, Naturwissenschaften",
2019-01-01T00:00:00.000Z,Rheinland-Pfalz,Fachhochschulen,"Rechts-, Wirtschafts- und Sozialwissenschaften",1.3739E7
2020-01-01T00:00:00.000Z,Bremen,Kunsthochschulen,"Kunst, Kunstwissenschaft",605000.0
2019-01-01T00:00:00.000Z,Brandenburg,Universitäten (ohne Medizinische Einrichtungen),Sport,2796000.0
2021-01-01T00:00:00.000Z,Schleswig-Holstein,Theologische Hochschulen,"Kunst, Kunstwissenschaft",
2019-01-01T00:00:00.000Z,Sachsen-Anhalt,Universitäten (ohne Medizinische Einrichtungen),Zentr.Einrichtungen (o. klinikspez. Einrichtungen),3.0603E7
2020-01-01T00:00:00.000Z,Berlin,Medizinische Einrichtungen der Universitäten,"Rechts-, Wirtschafts- und Sozialwissenschaften",
2021-01-01T00:00:00.000Z,Sachsen,Medizinische Einrichtungen der Universitäten,Ingenieurwissenschaften,
2022-01-01T00:00:00.000Z,Baden-Württemberg,Medizinische Einrichtungen der Universitäten,Geisteswissenschaften,
2020-01-01T00:00:00.000Z,Niedersachsen,Pädagogische Hochschulen,Sport,
2020-01-01T00:00:00.000Z,Bremen,Fachhochschulen,Geisteswissenschaften,
2019-01-01T00:00:00.000Z,Saarland,Kunsthochschulen,"Rechts-, Wirtschafts- und Sozialwissenschaften",
2019-01-01T00:00:00.000Z,Schleswig-Holstein,Theologische Hochschulen,Humanmedizin/Gesundheitswissenschaften,
2022-01-01T00:00:00.000Z,Nordrhein-Westfalen,Pädagogische Hochschulen,"Mathematik, Naturwissenschaften",
2022-01-01T00:00:00.000Z,Saarland,Verwaltungsfachhochschulen,Zentr.Einrichtungen (o. klinikspez. Einrichtungen),2664000.0
2022-01-01T00:00:00.000Z,Thüringen,Fachhochschulen,Zentr.Einrichtungen (o. klinikspez. Einrichtungen),4218000.0
2019-01-01T00:00:00.000Z,Schleswig-Holstein,Kunsthochschulen,"Mathematik, Naturwissenschaften",
2021-01-01T00:00:00.000Z,Sachsen,Universitäten (ohne Medizinische Einrichtungen),Zentr.Einrichtungen (o. klinikspez. Einrichtungen),3.6694E7
2020-01-01T00:00:00.000Z,Nordrhein-Westfalen,Fachhochschulen,Sport,
2020-01-01T00:00:00.000Z,Mecklenburg-Vorpommern,Medizinische Einrichtungen der Universitäten,Sport,
2022-01-01T00:00:00.000Z,Rheinland-Pfalz,Universitäten (ohne Medizinische Einrichtungen),"Kunst, Kunstwissenschaft",1561000.0
2022-01-01T00:00:00.000Z,Hamburg,Kunsthochschulen,Ingenieurwissenschaften,
2020-01-01T00:00:00.000Z,Saarland,Universitäten (ohne Medizinische Einrichtungen),"Rechts-, Wirtschafts- und Sozialwissenschaften",2862000.0
2020-01-01T00:00:00.000Z,Rheinland-Pfalz,Universitäten (ohne Medizinische Einrichtungen),Sport,374000.0
2020-01-01T00:00:00.000Z,Saarland,Kunsthochschulen,Geisteswissenschaften,
2021-01-01T00:00:00.000Z,Mecklenburg-Vorpommern,Verwaltungsfachhochschulen,"Rechts-, Wirtschafts- und Sozialwissenschaften",546000.0
2022-01-01T00:00:00.000Z,Sachsen,Pädagogische Hochschulen,"Rechts-, Wirtschafts- und Sozialwissenschaften",
2022-01-01T00:00:00.000Z,Berlin,Pädagogische Hochschulen,"Mathematik, Naturwissenschaften",
2021-01-01T00:00:00.000Z,Niedersachsen,Kunsthochschulen,"Kunst, Kunstwissenschaft",1631000.0
2021-01-01T00:00:00.000Z,Berlin,Kunsthochschulen,Zentr.Einrichtungen (o. klinikspez. Einrichtungen),0.0
2019-01-01T00:00:00.000Z,Hamburg,Kunsthochschulen,Zentr.Einrichtungen (o. klinikspez. Einrichtungen),1039000.0
2019-01-01T00:00:00.000Z,Sachsen,Universitäten (ohne Medizinische Einrichtungen),"Rechts-, Wirtschafts- und Sozialwissenschaften",4.1168E7
2020-01-01T00:00:00.000Z,Bayern,Medizinische Einrichtungen der Universitäten,Zentr.Einrichtungen (o. klinikspez. Einrichtungen),
2021-01-01T00:00:00.000Z,Hamburg,Medizinische Einrichtungen der Universitäten,Humanmedizin/Gesundheitswissenschaften,1.1489E8
2020-01-01T00:00:00.000Z,Brandenburg,Universitäten (ohne Medizinische Einrichtungen),"Kunst, Kunstwissenschaft",1600000.0
2022-01-01T00:00:00.000Z,Thüringen,Verwaltungsfachhochschulen,Geisteswissenschaften,
2019-01-01T00:00:00.000Z,Bremen,Theologische Hochschulen,"Mathematik, Naturwissenschaften",
2019-01-01T00:00:00.000Z,Nordrhein-Westfalen,Universitäten (ohne Medizinische Einrichtungen),"Kunst, Kunstwissenschaft",6044000.0
2020-01-01T00:00:00.000Z,Thüringen,Medizinische Einrichtungen der Universitäten,"Mathematik, Naturwissenschaften",
2021-01-01T00:00:00.000Z,Nordrhein-Westfalen,Verwaltungsfachhochschulen,Geisteswissenschaften,
2019-01-01T00:00:00.000Z,Sachsen-Anhalt,Medizinische Einrichtungen der Universitäten,"Kunst, Kunstwissenschaft",
2022-01-01T00:00:00.000Z,Hessen,Medizinische Einrichtungen der Universitäten,"Agrar-, Forst- u.Ernährungswiss., Veterinärmedizin",
2021-01-01T00:00:00.000Z,Thüringen,Kunsthochschulen,"Rechts-, Wirtschafts- und Sozialwissenschaften",
2022-01-01T00:00:00.000Z,Schleswig-Holstein,Universitäten (ohne Medizinische Einrichtungen),Sport,96000.0
2019-01-01T00:00:00.000Z,Thüringen,Pädagogische Hochschulen,"Mathematik, Naturwissenschaften",
2021-01-01T00:00:00.000Z,Thüringen,Medizinische Einrichtungen der Universitäten,Geisteswissenschaften,
2021-01-01T00:00:00.000Z,Niedersachsen,Fachhochschulen,Zentr.Einrichtungen (o. klinikspez. Einrichtungen),1.6148E7
2020-01-01T00:00:00.000Z,Saarland,Verwaltungsfachhochschulen,"Mathematik, Naturwissenschaften",
2019-01-01T00:00:00.000Z,Mecklenburg-Vorpommern,Pädagogische Hochschulen,Humanmedizin/Gesundheitswissenschaften,
2019-01-01T00:00:00.000Z,Mecklenburg-Vorpommern,Universitäten (ohne Medizinische Einrichtungen),Humanmedizin/Gesundheitswissenschaften,
