Jahr,Bundesland,Hochschulart,Faechergruppe,Wert_EUR
2022-01-01T00:00:00.000Z,Sachsen,Universitäten (ohne Medizinische Einrichtungen),"Mathematik, Naturwissenschaften",1.09874E8
2020-01-01T00:00:00.000Z,Saarland,Pädagogische Hochschulen,"Agrar-, Forst- u.Ernährungswiss., Veterinärmedizin",
2021-01-01T00:00:00.000Z,Bayern,Kunsthochschulen,"Agrar-, Forst- u.Ernährungswiss., Veterinärmedizin",
2022-01-01T00:00:00.000Z,Rheinland-Pfalz,Pädagogische Hochschulen,"Rechts-, Wirtschafts- und Sozialwissenschaften",
2020-01-01T00:00:00.000Z,Baden-Württemberg,Fachhochschulen,Sport,
2022-01-01T00:00:00.000Z,Berlin,Universitäten (ohne Medizinische Einrichtungen),Humanmedizin/Gesundheitswissenschaften,
2021-01-01T00:00:00.000Z,Niedersachsen,Fachhochschulen,Geisteswissenschaften,498000.0
2019-01-01T00:00:00.000Z,Schleswig-Holstein,Pädagogische Hochschulen,Ingenieurwissenschaften,
2019-01-01T00:00:00.000Z,Mecklenburg-Vorpommern,Kunsthochschulen,"Mathematik, Naturwissenschaften",
2022-01-01T00:00:00.000Z,Bremen,Kunsthochschulen,Geisteswissenschaften,
2020-01-01T00:00:00.000Z,Sachsen,Verwaltungsfachhochschulen,Ingenieurwissenschaften,
2019-01-01T00:00:00.000Z,Thüringen,Verwaltungsfachhochschulen,Humanmedizin/Gesundheitswissenschaften,
2020-01-01T00:00:00.000Z,Bremen,Universitäten (ohne Medizinische Einrichtungen),"Kunst, Kunstwissenschaft",491000.0
2022-01-01T00:00:00.000Z,Bayern,Medizinische Einrichtungen der Universitäten,"Rechts-, Wirtschafts- und Sozialwissenschaften",
2020-01-01T00:00:00.000Z,Schleswig-Holstein,Fachhochschulen,Humanmedizin/Gesundheitswissenschaften,
2020-01-01T00:00:00.000Z,Nordrhein-Westfalen,Kunsthochschulen,"Mathematik, Naturwissenschaften",
2019-01-01T00:00:00.000Z,Rheinland-Pfalz,Medizinische Einrichtungen der Universitäten,Humanmedizin/Gesundheitswissenschaften,6.79895E8
2021-01-01T00:00:00.000Z,Mecklenburg-Vorpommern,Kunsthochschulen,"Rechts-, Wirtschafts- und Sozialwissenschaften",
2021-01-01T00:00:00.000Z,Rheinland-Pfalz,Universitäten (ohne Medizinische Einrichtungen),"Rechts-, Wirtschafts- und Sozialwissenschaften",5.111E7
2021-01-01T00:00:00.000Z,Bremen,Fachhochschulen,Ingenieurwissenschaften,1790000.0
2021-01-01T00:00:00.000Z,Niedersachsen,Theologische Hochschulen,Ingenieurwissenschaften,
2021-01-01T00:00:00.000Z,Schleswig-Holstein,Pädagogische Hochschulen,"Mathematik, Naturwissenschaften",
2020-01-01T00:00:00.000Z,Hessen,Verwaltungsfachhochschulen,Geisteswissenschaften,
2021-01-01T00:00:00.000Z,Bayern,Medizinische Einrichtungen der Universitäten,Geisteswissenschaften,
2019-01-01T00:00:00.000Z,Rheinland-Pfalz,Universitäten (ohne Medizinische Einrichtungen),"Agrar-, Forst- u.Ernährungswiss., Veterinärmedizin",
2022-01-01T00:00:00.000Z,Nordrhein-Westfalen,Pädagogische Hochschulen,"Kunst, Kunstwissenschaft",
2021-01-01T00:00:00.000Z,Sachsen-Anhalt,Fachhochschulen,"Mathematik, Naturwissenschaften",
2022-01-01T00:00:00.000Z,Schleswig-Holstein,Universitäten (ohne Medizinische Einrichtungen),"Kunst, Kunstwissenschaft",444000.0
2022-01-01T00:00:00.000Z,Niedersachsen,Verwaltungsfachhochschulen,"Rechts-, Wirtschafts- und Sozialwissenschaften",1529000.0
2021-01-01T00:00:00.000Z,Mecklenburg-Vorpommern,Pädagogische Hochschulen,Zentr.Einrichtungen (o. klinikspez. Einrichtungen),
2021-01-01T00:00:00.000Z,Hamburg,Theologische Hochschulen,Sport,
2022-01-01T00:00:00.000Z,Niedersachsen,Universitäten (ohne Medizinische Einrichtungen),Humanmedizin/Gesundheitswissenschaften,
2022-01-01T00:00:00.000Z,Sachsen-Anhalt,Universitäten (ohne Medizinische Einrichtungen),Zentr.Einrichtungen (o. klinikspez. Einrichtungen),6.2067E7
2022-01-01T00:00:00.000Z,Hamburg,Kunsthochschulen,Geisteswissenschaften,
2020-01-01T00:00:00.000Z,Hessen,Kunsthochschulen,"Rechts-, Wirtschafts- und Sozialwissenschaften",
2022-01-01T00:00:00.000Z,Bremen,Fachhochschulen,"Kunst, Kunstwissenschaft",
2019-01-01T00:00:00.000Z,Sachsen,Universitäten (ohne Medizinische Einrichtungen),"Mathematik, Naturwissenschaften",9.1267E7
2022-01-01T00:00:00.000Z,Sachsen,Universitäten (ohne Medizinische Einrichtungen),Zentr.Einrichtungen (o. klinikspez. Einrichtungen),1.0156E8
2019-01-01T00:00:00.000Z,Baden-Württemberg,Kunsthochschulen,Zentr.Einrichtungen (o. klinikspez. Einrichtungen),2692000.0
2021-01-01T00:00:00.000Z,Hessen,Kunsthochschulen,"Mathematik, Naturwissenschaften",
2022-01-01T00:00:00.000Z,Schleswig-Holstein,Verwaltungsfachhochschulen,Humanmedizin/Gesundheitswissenschaften,
2021-01-01T00:00:00.000Z,Baden-Württemberg,Kunsthochschulen,Sport,
2022-01-01T00:00:00.000Z,Niedersachsen,Fachhochschulen,"Kunst, Kunstwissenschaft",2894000.0
2020-01-01T00:00:00.000Z,Thüringen,Theologische Hochschulen,Humanmedizin/Gesundheitswissenschaften,
2019-01-01T00:00:00.000Z,Baden-Württemberg,Pädagogische Hochschulen,Geisteswissenschaften,1317000.0
2021-01-01T00:00:00.000Z,Saarland,Fachhochschulen,Sport,
2022-01-01T00:00:00.000Z,Bayern,Theologische Hochschulen,"Mathematik, Naturwissenschaften",
2019-01-01T00:00:00.000Z,Sachsen-Anhalt,Medizinische Einrichtungen der Universitäten,Humanmedizin/Gesundheitswissenschaften,7.45063E8
2019-01-01T00:00:00.000Z,Bayern,Fachhochschulen,Sport,0.0
2021-01-01T00:00:00.000Z,Baden-Württemberg,Verwaltungsfachhochschulen,Ingenieurwissenschaften,
2020-01-01T00:00:00.000Z,Schleswig-Holstein,Universitäten (ohne Medizinische Einrichtungen),Zentr.Einrichtungen (o. klinikspez. Einrichtungen),3.5464E7
2022-01-01T00:00:00.000Z,Brandenburg,Kunsthochschulen,Sport,
2020-01-01T00:00:00.000Z,Niedersachsen,Universitäten (ohne Medizinische Einrichtungen),"Rechts-, Wirtschafts- und Sozialwissenschaften",4.8543E7
2019-01-01T00:00:00.000Z,Sachsen,Kunsthochschulen,Geisteswissenschaften,
2022-01-01T00:00:00.000Z,Thüringen,Kunsthochschulen,"Agrar-, Forst- u.Ernährungswiss., Veterinärmedizin",
2020-01-01T00:00:00.000Z,Schleswig-Holstein,Medizinische Einrichtungen der Universitäten,"Rechts-, Wirtschafts- und Sozialwissenschaften",
2019-01-01T00:00:00.000Z,Sachsen,Pädagogische Hochschulen,Sport,
2019-01-01T00:00:00.000Z,Hamburg,Theologische Hochschulen,Humanmedizin/Gesundheitswissenschaften,
2019-01-01T00:00:00.000Z,Bremen,Universitäten (ohne Medizinische Einrichtungen),"Mathematik, Naturwissenschaften",5.057E7
2021-01-01T00:00:00.000Z,Berlin,Medizinische Einrichtungen der Universitäten,Zentr.Einrichtungen (o. klinikspez. Einrichtungen),
2019-01-01T00:00:00.000Z,Hamburg,Medizinische Einrichtungen der Universitäten,Sport,
2019-01-01T00:00:00.000Z,Berlin,Fachhochschulen,Ingenieurwissenschaften,2.3943E7
2019-01-01T00:00:00.000Z,Saarland,Theologische Hochschulen,Ingenieurwissenschaften,
2020-01-01T00:00:00.000Z,Thüringen,Verwaltungsfachhochschulen,Geisteswissenschaften,
2019-01-01T00:00:00.000Z,Nordrhein-Westfalen,Universitäten (ohne Medizinische Einrichtungen),"Mathematik, Naturwissenschaften",3.13121E8
2019-01-01T00:00:00.000Z,Niedersachsen,Theologische Hochschulen,Humanmedizin/Gesundheitswissenschaften,
2021-01-01T00:00:00.000Z,Hessen,Pädagogische Hochschulen,"Rechts-, Wirtschafts- und Sozialwissenschaften",
2021-01-01T00:00:00.000Z,Rheinland-Pfalz,Kunsthochschulen,"Rechts-, Wirtschafts- und Sozialwissenschaften",
2019-01-01T00:00:00.000Z,Schleswig-Holstein,Universitäten (ohne Medizinische Einrichtungen),"Agrar-, Forst- u.Ernährungswiss., Veterinärmedizin",6582000.0
2019-01-01T00:00:00.000Z,Sachsen,Verwaltungsfachhochschulen,"Kunst, Kunstwissenschaft",
2021-01-01T00:00:00.000Z,Baden-Württemberg,Fachhochschulen,Ingenieurwissenschaften,9.5833E7
2020-01-01T00:00:00.000Z,Sachsen,Medizinische Einrichtungen der Universitäten,Humanmedizin/Gesundheitswissenschaften,1.267243E9
2020-01-01T00:00:00.000Z,Bayern,Kunsthochschulen,"Kunst, Kunstwissenschaft",6773000.0
2022-01-01T00:00:00.000Z,Brandenburg,Pädagogische Hochschulen,"Mathematik, Naturwissenschaften",
2021-01-01T00:00:00.000Z,Sachsen-Anhalt,Medizinische Einrichtungen der Universitäten,Geisteswissenschaften,
2020-01-01T00:00:00.000Z,Niedersachsen,Kunsthochschulen,"Kunst, Kunstwissenschaft",1912000.0
2020-01-01T00:00:00.000Z,Sachsen-Anhalt,Theologische Hochschulen,"Mathematik, Naturwissenschaften",
2019-01-01T00:00:00.000Z,Hessen,Pädagogische Hochschulen,Geisteswissenschaften,
2021-01-01T00:00:00.000Z,Sachsen,Fachhochschulen,"Agrar-, Forst- u.Ernährungswiss., Veterinärmedizin",711000.0
2021-01-01T00:00:00.000Z,Hamburg,Pädagogische Hochschulen,"Rechts-, Wirtschafts- und Sozialwissenschaften",
2019-01-01T00:00:00.000Z,Hessen,Kunsthochschulen,Ingenieurwissenschaften,548000.0
2021-01-01T00:00:00.000Z,Nordrhein-Westfalen,Medizinische Einrichtungen der Universitäten,"Rechts-, Wirtschafts- und Sozialwissenschaften",
2020-01-01T00:00:00.000Z,Brandenburg,Verwaltungsfachhochschulen,Geisteswissenschaften,
2022-01-01T00:00:00.000Z,Nordrhein-Westfalen,Verwaltungsfachhochschulen,"Agrar-, Forst- u.Ernährungswiss., Veterinärmedizin",
2020-01-01T00:00:00.000Z,Baden-Württemberg,Medizinische Einrichtungen der Universitäten,Geisteswissenschaften,
2020-01-01T00:00:00.000Z,Mecklenburg-Vorpommern,Verwaltungsfachhochschulen,Ingenieurwissenschaften,
2022-01-01T00:00:00.000Z,Saarland,Kunsthochschulen,Sport,
2021-01-01T00:00:00.000Z,Sachsen,Medizinische Einrichtungen der Universitäten,"Rechts-, Wirtschafts- und Sozialwissenschaften",
2019-01-01T00:00:00.000Z,Thüringen,Pädagogische Hochschulen,Sport,
2019-01-01T00:00:00.000Z,Brandenburg,Pädagogische Hochschulen,"Kunst, Kunstwissenschaft",
2020-01-01T00:00:00.000Z,Baden-Württemberg,Fachhochschulen,Humanmedizin/Gesundheitswissenschaften,7791000.0
2020-01-01T00:00:00.000Z,Sachsen-Anhalt,Theologische Hochschulen,Humanmedizin/Gesundheitswissenschaften,
2020-01-01T00:00:00.000Z,Hamburg,Fachhochschulen,Humanmedizin/Gesundheitswissenschaften,2.6885E7
2020-01-01T00:00:00.000Z,Bremen,Verwaltungsfachhochschulen,Ingenieurwissenschaften,
2022-01-01T00:00:00.000Z,Bremen,Theologische Hochschulen,Ingenieurwissenschaften,
2020-01-01T00:00:00.000Z,Bremen,Universitäten (ohne Medizinische Einrichtungen),Sport,0.0
2021-01-01T00:00:00.000Z,Berlin,Theologische Hochschulen,"Kunst, Kunstwissenschaft",
2021-01-01T00:00:00.000Z,Saarland,Theologische Hochschulen,"Mathematik, Naturwissenschaften",
2021-01-01T00:00:00.000Z,Niedersachsen,Theologische Hochschulen,"Agrar-, Forst- u.Ernährungswiss., Veterinärmedizin",
2022-01-01T00:00:00.000Z,Nordrhein-Westfalen,Theologische Hochschulen,"Mathematik, Naturwissenschaften",
2020-01-01T00:00:00.000Z,Sachsen,Theologische Hochschulen,Ingenieurwissenschaften,
2020-01-01T00:00:00.000Z,Bremen,Fachhochschulen,Zentr.Einrichtungen (o. klinikspez. Einrichtungen),1.8193E7
2020-01-01T00:00:00.000Z,Bremen,Medizinische Einrichtungen der Universitäten,"Agrar-, Forst- u.Ernährungswiss., Veterinärmedizin",
2022-01-01T00:00:00.000Z,Hessen,Theologische Hochschulen,Zentr.Einrichtungen (o. klinikspez. Einrichtungen),0.0
2022-01-01T00:00:00.000Z,Brandenburg,Verwaltungsfachhochschulen,"Rechts-, Wirtschafts- und Sozialwissenschaften",5962000.0
2021-01-01T00:00:00.000Z,Thüringen,Universitäten (ohne Medizinische Einrichtungen),Humanmedizin/Gesundheitswissenschaften,
2020-01-01T00:00:00.000Z,Sachsen-Anhalt,Fachhochschulen,"Kunst, Kunstwissenschaft",169000.0
2022-01-01T00:00:00.000Z,Baden-Württemberg,Theologische Hochschulen,Ingenieurwissenschaften,
2020-01-01T00:00:00.000Z,Rheinland-Pfalz,Fachhochschulen,"Agrar-, Forst- u.Ernährungswiss., Veterinärmedizin",392000.0
2022-01-01T00:00:00.000Z,Saarland,Theologische Hochschulen,"Kunst, Kunstwissenschaft",
2022-01-01T00:00:00.000Z,Bremen,Universitäten (ohne Medizinische Einrichtungen),Sport,0.0
2019-01-01T00:00:00.000Z,Rheinland-Pfalz,Pädagogische Hochschulen,"Rechts-, Wirtschafts- und Sozialwissenschaften",
2021-01-01T00:00:00.000Z,Schleswig-Holstein,Pädagogische Hochschulen,Sport,
2022-01-01T00:00:00.000Z,Nordrhein-Westfalen,Theologische Hochschulen,Humanmedizin/Gesundheitswissenschaften,
2019-01-01T00:00:00.000Z,Schleswig-Holstein,Verwaltungsfachhochschulen,Zentr.Einrichtungen (o. klinikspez. Einrichtungen),
2020-01-01T00:00:00.000Z,Baden-Württemberg,Pädagogische Hochschulen,Zentr.Einrichtungen (o. klinikspez. Einrichtungen),1.1113E7
2020-01-01T00:00:00.000Z,Hamburg,Kunsthochschulen,"Kunst, Kunstwissenschaft",2139000.0
2019-01-01T00:00:00.000Z,Sachsen,Medizinische Einrichtungen der Universitäten,"Kunst, Kunstwissenschaft",
2022-01-01T00:00:00.000Z,Bremen,Theologische Hochschulen,Humanmedizin/Gesundheitswissenschaften,
2019-01-01T00:00:00.000Z,Sachsen-Anhalt,Universitäten (ohne Medizinische Einrichtungen),"Agrar-, Forst- u.Ernährungswiss., Veterinärmedizin",3065000.0
2021-01-01T00:00:00.000Z,Bremen,Medizinische Einrichtungen der Universitäten,"Rechts-, Wirtschafts- und Sozialwissenschaften",
2020-01-01T00:00:00.000Z,Bayern,Fachhochschulen,Humanmedizin/Gesundheitswissenschaften,8105000.0
2019-01-01T00:00:00.000Z,Saarland,Medizinische Einrichtungen der Universitäten,"Rechts-, Wirtschafts- und Sozialwissenschaften",
2020-01-01T00:00:00.000Z,Saarland,Universitäten (ohne Medizinische Einrichtungen),Sport,205000.0
2021-01-01T00:00:00.000Z,Bayern,Verwaltungsfachhochschulen,"Agrar-, Forst- u.Ernährungswiss., Veterinärmedizin",
2019-01-01T00:00:00.000Z,Sachsen,Kunsthochschulen,"Agrar-, Forst- u.Ernährungswiss., Veterinärmedizin",
2020-01-01T00:00:00.000Z,Hamburg,Kunsthochschulen,"Rechts-, Wirtschafts- und Sozialwissenschaften",
2021-01-01T00:00:00.000Z,Sachsen,Fachhochschulen,Ingenieurwissenschaften,3.1506E7
2021-01-01T00:00:00.000Z,Thüringen,Fachhochschulen,"Rechts-, Wirtschafts- und Sozialwissenschaften",2.683E8
2020-01-01T00:00:00.000Z,Hessen,Fachhochschulen,"Agrar-, Forst- u.Ernährungswiss., Veterinärmedizin",7466000.0
2019-01-01T00:00:00.000Z,Sachsen-Anhalt,Fachhochschulen,Geisteswissenschaften,1000.0
2019-01-01T00:00:00.000Z,Schleswig-Holstein,Fachhochschulen,"Mathematik, Naturwissenschaften",974000.0
2022-01-01T00:00:00.000Z,Nordrhein-Westfalen,Universitäten (ohne Medizinische Einrichtungen),"Mathematik, Naturwissenschaften",4.04843E8
2021-01-01T00:00:00.000Z,Saarland,Verwaltungsfachhochschulen,Humanmedizin/Gesundheitswissenschaften,
2019-01-01T00:00:00.000Z,Hamburg,Medizinische Einrichtungen der Universitäten,"Mathematik, Naturwissenschaften",
2022-01-01T00:00:00.000Z,Hamburg,Verwaltungsfachhochschulen,"Rechts-, Wirtschafts- und Sozialwissenschaften",777000.0
2022-01-01T00:00:00.000Z,Sachsen-Anhalt,Fachhochschulen,Ingenieurwissenschaften,1.7679E7
2019-01-01T00:00:00.000Z,Thüringen,Medizinische Einrichtungen der Universitäten,Geisteswissenschaften,
2021-01-01T00:00:00.000Z,Bremen,Theologische Hochschulen,"Mathematik, Naturwissenschaften",
2022-01-01T00:00:00.000Z,Hamburg,Kunsthochschulen,"Rechts-, Wirtschafts- und Sozialwissenschaften",
2021-01-01T00:00:00.000Z,Baden-Württemberg,Universitäten (ohne Medizinische Einrichtungen),Zentr.Einrichtungen (o. klinikspez. Einrichtungen),2.51072E8
2021-01-01T00:00:00.000Z,Schleswig-Holstein,Medizinische Einrichtungen der Universitäten,Humanmedizin/Gesundheitswissenschaften,1.260389E9
2020-01-01T00:00:00.000Z,Saarland,Fachhochschulen,"Mathematik, Naturwissenschaften",
2021-01-01T00:00:00.000Z,Rheinland-Pfalz,Fachhochschulen,Humanmedizin/Gesundheitswissenschaften,1374000.0
2022-01-01T00:00:00.000Z,Bremen,Medizinische Einrichtungen der Universitäten,Ingenieurwissenschaften,
2020-01-01T00:00:00.000Z,Baden-Württemberg,Universitäten (ohne Medizinische Einrichtungen),Zentr.Einrichtungen (o. klinikspez. Einrichtungen),2.4157E8
2022-01-01T00:00:00.000Z,Hamburg,Kunsthochschulen,Humanmedizin/Gesundheitswissenschaften,
2020-01-01T00:00:00.000Z,Mecklenburg-Vorpommern,Pädagogische Hochschulen,Sport,
2021-01-01T00:00:00.000Z,Berlin,Fachhochschulen,Sport,3248000.0
2022-01-01T00:00:00.000Z,Berlin,Theologische Hochschulen,"Mathematik, Naturwissenschaften",
2019-01-01T00:00:00.000Z,Nordrhein-Westfalen,Medizinische Einrichtungen der Universitäten,"Agrar-, Forst- u.Ernährungswiss., Veterinärmedizin",
2019-01-01T00:00:00.000Z,Baden-Württemberg,Kunsthochschulen,Humanmedizin/Gesundheitswissenschaften,
2021-01-01T00:00:00.000Z,Bremen,Pädagogische Hochschulen,Zentr.Einrichtungen (o. klinikspez. Einrichtungen),
2021-01-01T00:00:00.000Z,Schleswig-Holstein,Fachhochschulen,"Rechts-, Wirtschafts- und Sozialwissenschaften",1.7736E7
2022-01-01T00:00:00.000Z,Saarland,Theologische Hochschulen,"Agrar-, Forst- u.Ernährungswiss., Veterinärmedizin",
2021-01-01T00:00:00.000Z,Rheinland-Pfalz,Universitäten (ohne Medizinische Einrichtungen),Zentr.Einrichtungen (o. klinikspez. Einrichtungen),6.5935E7
2020-01-01T00:00:00.000Z,Baden-Württemberg,Theologische Hochschulen,Ingenieurwissenschaften,
2020-01-01T00:00:00.000Z,Sachsen,Fachhochschulen,"Kunst, Kunstwissenschaft",567000.0
2019-01-01T00:00:00.000Z,Saarland,Theologische Hochschulen,Geisteswissenschaften,
2020-01-01T00:00:00.000Z,Brandenburg,Verwaltungsfachhochschulen,"Agrar-, Forst- u.Ernährungswiss., Veterinärmedizin",
2021-01-01T00:00:00.000Z,Thüringen,Kunsthochschulen,Ingenieurwissenschaften,
2020-01-01T00:00:00.000Z,Hessen,Kunsthochschulen,Sport,
2020-01-01T00:00:00.000Z,Baden-Württemberg,Verwaltungsfachhochschulen,"Kunst, Kunstwissenschaft",
2022-01-01T00:00:00.000Z,Hamburg,Pädagogische Hochschulen,Sport,
2020-01-01T00:00:00.000Z,Brandenburg,Pädagogische Hochschulen,Sport,
2022-01-01T00:00:00.000Z,Saarland,Medizinische Einrichtungen der Universitäten,Zentr.Einrichtungen (o. klinikspez. Einrichtungen),
2019-01-01T00:00:00.000Z,Brandenburg,Universitäten (ohne Medizinische Einrichtungen),Humanmedizin/Gesundheitswissenschaften,
2022-01-01T00:00:00.000Z,Berlin,Fachhochschulen,Sport,3013000.0
2022-01-01T00:00:00.000Z,Mecklenburg-Vorpommern,Universitäten (ohne Medizinische Einrichtungen),"Mathematik, Naturwissenschaften",3.409E7
2019-01-01T00:00:00.000Z,Hamburg,Verwaltungsfachhochschulen,Zentr.Einrichtungen (o. klinikspez. Einrichtungen),0.0
2021-01-01T00:00:00.000Z,Mecklenburg-Vorpommern,Universitäten (ohne Medizinische Einrichtungen),Geisteswissenschaften,4388000.0
2019-01-01T00:00:00.000Z,Thüringen,Kunsthochschulen,Geisteswissenschaften,
2019-01-01T00:00:00.000Z,Thüringen,Theologische Hochschulen,"Agrar-, Forst- u.Ernährungswiss., Veterinärmedizin",
2021-01-01T00:00:00.000Z,Hamburg,Pädagogische Hochschulen,Sport,
2021-01-01T00:00:00.000Z,Brandenburg,Theologische Hochschulen,"Kunst, Kunstwissenschaft",
2019-01-01T00:00:00.000Z,Saarland,Kunsthochschulen,Humanmedizin/Gesundheitswissenschaften,
2020-01-01T00:00:00.000Z,Niedersachsen,Kunsthochschulen,"Agrar-, Forst- u.Ernährungswiss., Veterinärmedizin",
2019-01-01T00:00:00.000Z,Schleswig-Holstein,Theologische Hochschulen,"Rechts-, Wirtschafts- und Sozialwissenschaften",
2022-01-01T00:00:00.000Z,Mecklenburg-Vorpommern,Medizinische Einrichtungen der Universitäten,"Kunst, Kunstwissenschaft",
2019-01-01T00:00:00.000Z,Bayern,Verwaltungsfachhochschulen,Sport,
2019-01-01T00:00:00.000Z,Rheinland-Pfalz,Kunsthochschulen,"Mathematik, Naturwissenschaften",
2022-01-01T00:00:00.000Z,Baden-Württemberg,Medizinische Einrichtungen der Universitäten,"Rechts-, Wirtschafts- und Sozialwissenschaften",
2019-01-01T00:00:00.000Z,Hamburg,Fachhochschulen,"Agrar-, Forst- u.Ernährungswiss., Veterinärmedizin",1023000.0
2021-01-01T00:00:00.000Z,Rheinland-Pfalz,Universitäten (ohne Medizinische Einrichtungen),Geisteswissenschaften,1.4857E7
2021-01-01T00:00:00.000Z,Sachsen-Anhalt,Pädagogische Hochschulen,"Agrar-, Forst- u.Ernährungswiss., Veterinärmedizin",
2022-01-01T00:00:00.000Z,Hessen,Medizinische Einrichtungen der Universitäten,Humanmedizin/Gesundheitswissenschaften,1.747065E9
2021-01-01T00:00:00.000Z,Saarland,Kunsthochschulen,"Kunst, Kunstwissenschaft",0.0
2020-01-01T00:00:00.000Z,Sachsen-Anhalt,Kunsthochschulen,Ingenieurwissenschaften,3000.0
2021-01-01T00:00:00.000Z,Schleswig-Holstein,Kunsthochschulen,Geisteswissenschaften,
2020-01-01T00:00:00.000Z,Bayern,Fachhochschulen,"Rechts-, Wirtschafts- und Sozialwissenschaften",9.4559E7
2021-01-01T00:00:00.000Z,Hamburg,Kunsthochschulen,"Agrar-, Forst- u.Ernährungswiss., Veterinärmedizin",
2022-01-01T00:00:00.000Z,Berlin,Theologische Hochschulen,"Agrar-, Forst- u.Ernährungswiss., Veterinärmedizin",
2020-01-01T00:00:00.000Z,Bremen,Verwaltungsfachhochschulen,"Agrar-, Forst- u.Ernährungswiss., Veterinärmedizin",
2020-01-01T00:00:00.000Z,Bremen,Pädagogische Hochschulen,Geisteswissenschaften,
2022-01-01T00:00:00.000Z,Schleswig-Holstein,Pädagogische Hochschulen,Ingenieurwissenschaften,
2022-01-01T00:00:00.000Z,Thüringen,Pädagogische Hochschulen,Humanmedizin/Gesundheitswissenschaften,
2020-01-01T00:00:00.000Z,Brandenburg,Medizinische Einrichtungen der Universitäten,"Agrar-, Forst- u.Ernährungswiss., Veterinärmedizin",
2021-01-01T00:00:00.000Z,Nordrhein-Westfalen,Universitäten (ohne Medizinische Einrichtungen),"Agrar-, Forst- u.Ernährungswiss., Veterinärmedizin",1.2079E7
2019-01-01T00:00:00.000Z,Nordrhein-Westfalen,Verwaltungsfachhochschulen,"Agrar-, Forst- u.Ernährungswiss., Veterinärmedizin",
2019-01-01T00:00:00.000Z,Schleswig-Holstein,Medizinische Einrichtungen der Universitäten,"Rechts-, Wirtschafts- und Sozialwissenschaften",
2019-01-01T00:00:00.000Z,Niedersachsen,Pädagogische Hochschulen,"Rechts-, Wirtschafts- und Sozialwissenschaften",
2020-01-01T00:00:00.000Z,Thüringen,Pädagogische Hochschulen,"Agrar-, Forst- u.Ernährungswiss., Veterinärmedizin",
2022-01-01T00:00:00.000Z,Sachsen-Anhalt,Theologische Hochschulen,Zentr.Einrichtungen (o. klinikspez. Einrichtungen),1389000.0
2022-01-01T00:00:00.000Z,Niedersachsen,Kunsthochschulen,Humanmedizin/Gesundheitswissenschaften,
2019-01-01T00:00:00.000Z,Berlin,Fachhochschulen,"Kunst, Kunstwissenschaft",1.6116E7
2019-01-01T00:00:00.000Z,Schleswig-Holstein,Universitäten (ohne Medizinische Einrichtungen),"Kunst, Kunstwissenschaft",499000.0
2020-01-01T00:00:00.000Z,Mecklenburg-Vorpommern,Fachhochschulen,Zentr.Einrichtungen (o. klinikspez. Einrichtungen),4307000.0
2020-01-01T00:00:00.000Z,Bremen,Medizinische Einrichtungen der Universitäten,Zentr.Einrichtungen (o. klinikspez. Einrichtungen),
2020-01-01T00:00:00.000Z,Baden-Württemberg,Medizinische Einrichtungen der Universitäten,"Kunst, Kunstwissenschaft",
2020-01-01T00:00:00.000Z,Niedersachsen,Medizinische Einrichtungen der Universitäten,Zentr.Einrichtungen (o. klinikspez. Einrichtungen),
2019-01-01T00:00:00.000Z,Bremen,Verwaltungsfachhochschulen,Sport,
2022-01-01T00:00:00.000Z,Bayern,Theologische Hochschulen,Geisteswissenschaften,5376000.0
2020-01-01T00:00:00.000Z,Brandenburg,Kunsthochschulen,Geisteswissenschaften,
2021-01-01T00:00:00.000Z,Saarland,Fachhochschulen,Ingenieurwissenschaften,6005000.0
2020-01-01T00:00:00.000Z,Sachsen,Universitäten (ohne Medizinische Einrichtungen),Sport,5625000.0
2019-01-01T00:00:00.000Z,Nordrhein-Westfalen,Fachhochschulen,"Mathematik, Naturwissenschaften",9206000.0
2019-01-01T00:00:00.000Z,Bremen,Theologische Hochschulen,Ingenieurwissenschaften,
2021-01-01T00:00:00.000Z,Saarland,Universitäten (ohne Medizinische Einrichtungen),"Mathematik, Naturwissenschaften",1.327E7
2020-01-01T00:00:00.000Z,Sachsen,Fachhochschulen,Zentr.Einrichtungen (o. klinikspez. Einrichtungen),1.914E7
2021-01-01T00:00:00.000Z,Niedersachsen,Theologische Hochschulen,Sport,
2020-01-01T00:00:00.000Z,Rheinland-Pfalz,Fachhochschulen,Sport,
2022-01-01T00:00:00.000Z,Sachsen-Anhalt,Universitäten (ohne Medizinische Einrichtungen),"Agrar-, Forst- u.Ernährungswiss., Veterinärmedizin",2535000.0
2020-01-01T00:00:00.000Z,Hessen,Universitäten (ohne Medizinische Einrichtungen),Humanmedizin/Gesundheitswissenschaften,
2021-01-01T00:00:00.000Z,Schleswig-Holstein,Universitäten (ohne Medizinische Einrichtungen),"Mathematik, Naturwissenschaften",2.4015E7
2020-01-01T00:00:00.000Z,Berlin,Pädagogische Hochschulen,Humanmedizin/Gesundheitswissenschaften,
2022-01-01T00:00:00.000Z,Sachsen-Anhalt,Theologische Hochschulen,"Mathematik, Naturwissenschaften",
2019-01-01T00:00:00.000Z,Mecklenburg-Vorpommern,Pädagogische Hochschulen,"Rechts-, Wirtschafts- und Sozialwissenschaften",
2020-01-01T00:00:00.000Z,Brandenburg,Kunsthochschulen,"Rechts-, Wirtschafts- und Sozialwissenschaften",
2021-01-01T00:00:00.000Z,Baden-Württemberg,Fachhochschulen,Humanmedizin/Gesundheitswissenschaften,7995000.0
2022-01-01T00:00:00.000Z,Bayern,Theologische Hochschulen,"Agrar-, Forst- u.Ernährungswiss., Veterinärmedizin",
2021-01-01T00:00:00.000Z,Schleswig-Holstein,Kunsthochschulen,"Agrar-, Forst- u.Ernährungswiss., Veterinärmedizin",
2020-01-01T00:00:00.000Z,Nordrhein-Westfalen,Fachhochschulen,Zentr.Einrichtungen (o. klinikspez. Einrichtungen),3.02355E8
2022-01-01T00:00:00.000Z,Brandenburg,Universitäten (ohne Medizinische Einrichtungen),"Rechts-, Wirtschafts- und Sozialwissenschaften",1.9826E7
2021-01-01T00:00:00.000Z,Bayern,Kunsthochschulen,Sport,
2020-01-01T00:00:00.000Z,Bayern,Universitäten (ohne Medizinische Einrichtungen),Zentr.Einrichtungen (o. klinikspez. Einrichtungen),1.9646E8
2021-01-01T00:00:00.000Z,Hamburg,Theologische Hochschulen,Zentr.Einrichtungen (o. klinikspez. Einrichtungen),
2019-01-01T00:00:00.000Z,Sachsen-Anhalt,Kunsthochschulen,"Agrar-, Forst- u.Ernährungswiss., Veterinärmedizin",
2019-01-01T00:00:00.000Z,Bayern,Fachhochschulen,"Kunst, Kunstwissenschaft",8471000.0
2022-01-01T00:00:00.000Z,Thüringen,Kunsthochschulen,"Kunst, Kunstwissenschaft",455000.0
2021-01-01T00:00:00.000Z,Nordrhein-Westfalen,Universitäten (ohne Medizinische Einrichtungen),"Kunst, Kunstwissenschaft",7497000.0
2022-01-01T00:00:00.000Z,Sachsen-Anhalt,Universitäten (ohne Medizinische Einrichtungen),Sport,1821000.0
2019-01-01T00:00:00.000Z,Nordrhein-Westfalen,Theologische Hochschulen,"Mathematik, Naturwissenschaften",
2019-01-01T00:00:00.000Z,Bayern,Kunsthochschulen,Sport,
2022-01-01T00:00:00.000Z,Niedersachsen,Medizinische Einrichtungen der Universitäten,Ingenieurwissenschaften,
2022-01-01T00:00:00.000Z,Baden-Württemberg,Kunsthochschulen,"Agrar-, Forst- u.Ernährungswiss., Veterinärmedizin",
2021-01-01T00:00:00.000Z,Berlin,Pädagogische Hochschulen,Ingenieurwissenschaften,
2022-01-01T00:00:00.000Z,Nordrhein-Westfalen,Pädagogische Hochschulen,Ingenieurwissenschaften,
2020-01-01T00:00:00.000Z,Berlin,Fachhochschulen,"Rechts-, Wirtschafts- und Sozialwissenschaften",1.07435E8
2019-01-01T00:00:00.000Z,Berlin,Theologische Hochschulen,Humanmedizin/Gesundheitswissenschaften,
2019-01-01T00:00:00.000Z,Hamburg,Verwaltungsfachhochschulen,Humanmedizin/Gesundheitswissenschaften,
2020-01-01T00:00:00.000Z,Hessen,Medizinische Einrichtungen der Universitäten,Sport,
2021-01-01T00:00:00.000Z,Berlin,Fachhochschulen,"Rechts-, Wirtschafts- und Sozialwissenschaften",1.12196E8
2021-01-01T00:00:00.000Z,Bayern,Pädagogische Hochschulen,Humanmedizin/Gesundheitswissenschaften,
2019-01-01T00:00:00.000Z,Niedersachsen,Universitäten (ohne Medizinische Einrichtungen),"Rechts-, Wirtschafts- und Sozialwissenschaften",4.6153E7
2019-01-01T00:00:00.000Z,Schleswig-Holstein,Kunsthochschulen,Humanmedizin/Gesundheitswissenschaften,
2022-01-01T00:00:00.000Z,Bremen,Fachhochschulen,Geisteswissenschaften,
2019-01-01T00:00:00.000Z,Niedersachsen,Kunsthochschulen,"Rechts-, Wirtschafts- und Sozialwissenschaften",346000.0
2022-01-01T00:00:00.000Z,Hessen,Universitäten (ohne Medizinische Einrichtungen),"Agrar-, Forst- u.Ernährungswiss., Veterinärmedizin",3.8165E7
2022-01-01T00:00:00.000Z,Bayern,Universitäten (ohne Medizinische Einrichtungen),Sport,1.2841E7
2021-01-01T00:00:00.000Z,Nordrhein-Westfalen,Pädagogische Hochschulen,Ingenieurwissenschaften,
2019-01-01T00:00:00.000Z,Berlin,Medizinische Einrichtungen der Universitäten,Geisteswissenschaften,
2020-01-01T00:00:00.000Z,Schleswig-Holstein,Fachhochschulen,Geisteswissenschaften,1000.0
2021-01-01T00:00:00.000Z,Hessen,Medizinische Einrichtungen der Universitäten,Sport,
2019-01-01T00:00:00.000Z,Sachsen-Anhalt,Medizinische Einrichtungen der Universitäten,Zentr.Einrichtungen (o. klinikspez. Einrichtungen),
2022-01-01T00:00:00.000Z,Nordrhein-Westfalen,Medizinische Einrichtungen der Universitäten,"Agrar-, Forst- u.Ernährungswiss., Veterinärmedizin",
2020-01-01T00:00:00.000Z,Brandenburg,Medizinische Einrichtungen der Universitäten,"Kunst, Kunstwissenschaft",
2021-01-01T00:00:00.000Z,Bayern,Fachhochschulen,Zentr.Einrichtungen (o. klinikspez. Einrichtungen),5.1145E7
2019-01-01T00:00:00.000Z,Berlin,Verwaltungsfachhochschulen,"Rechts-, Wirtschafts- und Sozialwissenschaften",1470000.0
2022-01-01T00:00:00.000Z,Niedersachsen,Verwaltungsfachhochschulen,Zentr.Einrichtungen (o. klinikspez. Einrichtungen),
2019-01-01T00:00:00.000Z,Sachsen-Anhalt,Universitäten (ohne Medizinische Einrichtungen),Ingenieurwissenschaften,2.6609E7
2022-01-01T00:00:00.000Z,Berlin,Verwaltungsfachhochschulen,"Rechts-, Wirtschafts- und Sozialwissenschaften",1796000.0
2019-01-01T00:00:00.000Z,Thüringen,Theologische Hochschulen,Sport,
2020-01-01T00:00:00.000Z,Schleswig-Holstein,Pädagogische Hochschulen,"Agrar-, Forst- u.Ernährungswiss., Veterinärmedizin",
2020-01-01T00:00:00.000Z,Mecklenburg-Vorpommern,Fachhochschulen,Geisteswissenschaften,
2022-01-01T00:00:00.000Z,Hessen,Pädagogische Hochschulen,"Agrar-, Forst- u.Ernährungswiss., Veterinärmedizin",
2019-01-01T00:00:00.000Z,Mecklenburg-Vorpommern,Universitäten (ohne Medizinische Einrichtungen),Zentr.Einrichtungen (o. klinikspez. Einrichtungen),1.7939E7
2021-01-01T00:00:00.000Z,Brandenburg,Medizinische Einrichtungen der Universitäten,Sport,
2021-01-01T00:00:00.000Z,Sachsen,Kunsthochschulen,Geisteswissenschaften,
2019-01-01T00:00:00.000Z,Rheinland-Pfalz,Verwaltungsfachhochschulen,Humanmedizin/Gesundheitswissenschaften,
2022-01-01T00:00:00.000Z,Sachsen,Pädagogische Hochschulen,"Kunst, Kunstwissenschaft",
2021-01-01T00:00:00.000Z,Nordrhein-Westfalen,Kunsthochschulen,Ingenieurwissenschaften,1076000.0
2021-01-01T00:00:00.000Z,Hamburg,Universitäten (ohne Medizinische Einrichtungen),Geisteswissenschaften,2.6637E7
2021-01-01T00:00:00.000Z,Hamburg,Medizinische Einrichtungen der Universitäten,Zentr.Einrichtungen (o. klinikspez. Einrichtungen),
2022-01-01T00:00:00.000Z,Baden-Württemberg,Pädagogische Hochschulen,Zentr.Einrichtungen (o. klinikspez. Einrichtungen),1.5611E7
2020-01-01T00:00:00.000Z,Mecklenburg-Vorpommern,Universitäten (ohne Medizinische Einrichtungen),"Kunst, Kunstwissenschaft",447000.0
2022-01-01T00:00:00.000Z,Thüringen,Theologische Hochschulen,Sport,
2020-01-01T00:00:00.000Z,Hessen,Verwaltungsfachhochschulen,Zentr.Einrichtungen (o. klinikspez. Einrichtungen),24000.0
2021-01-01T00:00:00.000Z,Berlin,Universitäten (ohne Medizinische Einrichtungen),Ingenieurwissenschaften,1.36232E8
2022-01-01T00:00:00.000Z,Schleswig-Holstein,Medizinische Einrichtungen der Universitäten,"Rechts-, Wirtschafts- und Sozialwissenschaften",
2021-01-01T00:00:00.000Z,Bayern,Fachhochschulen,Sport,0.0
2022-01-01T00:00:00.000Z,Berlin,Kunsthochschulen,Humanmedizin/Gesundheitswissenschaften,
2019-01-01T00:00:00.000Z,Berlin,Theologische Hochschulen,"Mathematik, Naturwissenschaften",
2019-01-01T00:00:00.000Z,Nordrhein-Westfalen,Medizinische Einrichtungen der Universitäten,Geisteswissenschaften,
2021-01-01T00:00:00.000Z,Bremen,Medizinische Einrichtungen der Universitäten,"Kunst, Kunstwissenschaft",
2021-01-01T00:00:00.000Z,Berlin,Theologische Hochschulen,"Rechts-, Wirtschafts- und Sozialwissenschaften",
2021-01-01T00:00:00.000Z,Thüringen,Universitäten (ohne Medizinische Einrichtungen),Zentr.Einrichtungen (o. klinikspez. Einrichtungen),6.2964E7
2021-01-01T00:00:00.000Z,Sachsen,Universitäten (ohne Medizinische Einrichtungen),"Agrar-, Forst- u.Ernährungswiss., Veterinärmedizin",2.0542E7
2020-01-01T00:00:00.000Z,Nordrhein-Westfalen,Fachhochschulen,"Rechts-, Wirtschafts- und Sozialwissenschaften",1.81382E8
2020-01-01T00:00:00.000Z,Sachsen,Verwaltungsfachhochschulen,Humanmedizin/Gesundheitswissenschaften,
2019-01-01T00:00:00.000Z,Baden-Württemberg,Theologische Hochschulen,Geisteswissenschaften,
2020-01-01T00:00:00.000Z,Berlin,Kunsthochschulen,Ingenieurwissenschaften,634000.0
2019-01-01T00:00:00.000Z,Sachsen,Verwaltungsfachhochschulen,"Agrar-, Forst- u.Ernährungswiss., Veterinärmedizin",
2020-01-01T00:00:00.000Z,Bayern,Kunsthochschulen,Ingenieurwissenschaften,3000.0
2019-01-01T00:00:00.000Z,Hamburg,Verwaltungsfachhochschulen,"Rechts-, Wirtschafts- und Sozialwissenschaften",206000.0
2020-01-01T00:00:00.000Z,Niedersachsen,Verwaltungsfachhochschulen,"Mathematik, Naturwissenschaften",
2019-01-01T00:00:00.000Z,Berlin,Medizinische Einrichtungen der Universitäten,"Mathematik, Naturwissenschaften",
2019-01-01T00:00:00.000Z,Hessen,Universitäten (ohne Medizinische Einrichtungen),Ingenieurwissenschaften,1.38153E8
2022-01-01T00:00:00.000Z,Bremen,Theologische Hochschulen,Sport,
2020-01-01T00:00:00.000Z,Berlin,Kunsthochschulen,"Kunst, Kunstwissenschaft",2.2602E7
2020-01-01T00:00:00.000Z,Niedersachsen,Verwaltungsfachhochschulen,Sport,
2021-01-01T00:00:00.000Z,Saarland,Verwaltungsfachhochschulen,Ingenieurwissenschaften,
2021-01-01T00:00:00.000Z,Bayern,Medizinische Einrichtungen der Universitäten,"Kunst, Kunstwissenschaft",
2022-01-01T00:00:00.000Z,Saarland,Verwaltungsfachhochschulen,Humanmedizin/Gesundheitswissenschaften,
2020-01-01T00:00:00.000Z,Bayern,Medizinische Einrichtungen der Universitäten,"Mathematik, Naturwissenschaften",
2019-01-01T00:00:00.000Z,Hessen,Kunsthochschulen,"Kunst, Kunstwissenschaft",2388000.0
2022-01-01T00:00:00.000Z,Rheinland-Pfalz,Pädagogische Hochschulen,Geisteswissenschaften,
2019-01-01T00:00:00.000Z,Brandenburg,Theologische Hochschulen,"Rechts-, Wirtschafts- und Sozialwissenschaften",
2019-01-01T00:00:00.000Z,Nordrhein-Westfalen,Theologische Hochschulen,Zentr.Einrichtungen (o. klinikspez. Einrichtungen),2133000.0
2021-01-01T00:00:00.000Z,Mecklenburg-Vorpommern,Medizinische Einrichtungen der Universitäten,"Agrar-, Forst- u.Ernährungswiss., Veterinärmedizin",
2021-01-01T00:00:00.000Z,Mecklenburg-Vorpommern,Medizinische Einrichtungen der Universitäten,"Rechts-, Wirtschafts- und Sozialwissenschaften",
2020-01-01T00:00:00.000Z,Bremen,Fachhochschulen,"Mathematik, Naturwissenschaften",693000.0
2022-01-01T00:00:00.000Z,Schleswig-Holstein,Theologische Hochschulen,"Rechts-, Wirtschafts- und Sozialwissenschaften",
2021-01-01T00:00:00.000Z,Hessen,Verwaltungsfachhochschulen,Humanmedizin/Gesundheitswissenschaften,
2020-01-01T00:00:00.000Z,Baden-Württemberg,Universitäten (ohne Medizinische Einrichtungen),Sport,5898000.0
2020-01-01T00:00:00.000Z,Sachsen,Fachhochschulen,Geisteswissenschaften,181000.0
2020-01-01T00:00:00.000Z,Hamburg,Universitäten (ohne Medizinische Einrichtungen),Geisteswissenschaften,2.177E7
2019-01-01T00:00:00.000Z,Rheinland-Pfalz,Medizinische Einrichtungen der Universitäten,Sport,
2020-01-01T00:00:00.000Z,Brandenburg,Medizinische Einrichtungen der Universitäten,Ingenieurwissenschaften,
2020-01-01T00:00:00.000Z,Saarland,Fachhochschulen,Humanmedizin/Gesundheitswissenschaften,3.0164E7
2019-01-01T00:00:00.000Z,Baden-Württemberg,Theologische Hochschulen,"Agrar-, Forst- u.Ernährungswiss., Veterinärmedizin",
2019-01-01T00:00:00.000Z,Bremen,Pädagogische Hochschulen,"Kunst, Kunstwissenschaft",
2020-01-01T00:00:00.000Z,Thüringen,Pädagogische Hochschulen,"Kunst, Kunstwissenschaft",
2020-01-01T00:00:00.000Z,Nordrhein-Westfalen,Pädagogische Hochschulen,Geisteswissenschaften,
2021-01-01T00:00:00.000Z,Saarland,Kunsthochschulen,Sport,
2022-01-01T00:00:00.000Z,Thüringen,Fachhochschulen,Geisteswissenschaften,
2019-01-01T00:00:00.000Z,Thüringen,Fachhochschulen,"Mathematik, Naturwissenschaften",10000.0
2020-01-01T00:00:00.000Z,Bayern,Theologische Hochschulen,"Rechts-, Wirtschafts- und Sozialwissenschaften",
2022-01-01T00:00:00.000Z,Sachsen-Anhalt,Verwaltungsfachhochschulen,Humanmedizin/Gesundheitswissenschaften,
2019-01-01T00:00:00.000Z,Mecklenburg-Vorpommern,Universitäten (ohne Medizinische Einrichtungen),"Mathematik, Naturwissenschaften",3.1807E7
2019-01-01T00:00:00.000Z,Nordrhein-Westfalen,Verwaltungsfachhochschulen,"Kunst, Kunstwissenschaft",
2020-01-01T00:00:00.000Z,Brandenburg,Medizinische Einrichtungen der Universitäten,Sport,
2020-01-01T00:00:00.000Z,Bayern,Verwaltungsfachhochschulen,"Rechts-, Wirtschafts- und Sozialwissenschaften",2482000.0
2019-01-01T00:00:00.000Z,Hamburg,Kunsthochschulen,"Mathematik, Naturwissenschaften",
2020-01-01T00:00:00.000Z,Sachsen-Anhalt,Pädagogische Hochschulen,Ingenieurwissenschaften,
2019-01-01T00:00:00.000Z,Mecklenburg-Vorpommern,Fachhochschulen,Humanmedizin/Gesundheitswissenschaften,345000.0
2021-01-01T00:00:00.000Z,Berlin,Kunsthochschulen,Ingenieurwissenschaften,127000.0
2022-01-01T00:00:00.000Z,Thüringen,Pädagogische Hochschulen,Ingenieurwissenschaften,
2019-01-01T00:00:00.000Z,Niedersachsen,Theologische Hochschulen,Sport,
2022-01-01T00:00:00.000Z,Hessen,Universitäten (ohne Medizinische Einrichtungen),Zentr.Einrichtungen (o. klinikspez. Einrichtungen),1.39547E8
2020-01-01T00:00:00.000Z,Mecklenburg-Vorpommern,Theologische Hochschulen,Sport,
2021-01-01T00:00:00.000Z,Bremen,Kunsthochschulen,Humanmedizin/Gesundheitswissenschaften,
2022-01-01T00:00:00.000Z,Mecklenburg-Vorpommern,Universitäten (ohne Medizinische Einrichtungen),Geisteswissenschaften,5544000.0
2019-01-01T00:00:00.000Z,Sachsen-Anhalt,Verwaltungsfachhochschulen,Sport,
2021-01-01T00:00:00.000Z,Hamburg,Pädagogische Hochschulen,Humanmedizin/Gesundheitswissenschaften,
2022-01-01T00:00:00.000Z,Brandenburg,Fachhochschulen,"Kunst, Kunstwissenschaft",9590000.0
2021-01-01T00:00:00.000Z,Nordrhein-Westfalen,Fachhochschulen,"Rechts-, Wirtschafts- und Sozialwissenschaften",2.02691E8
2021-01-01T00:00:00.000Z,Schleswig-Holstein,Verwaltungsfachhochschulen,Humanmedizin/Gesundheitswissenschaften,
2021-01-01T00:00:00.000Z,Hamburg,Kunsthochschulen,Geisteswissenschaften,
2020-01-01T00:00:00.000Z,Brandenburg,Universitäten (ohne Medizinische Einrichtungen),"Rechts-, Wirtschafts- und Sozialwissenschaften",1.435E7
2021-01-01T00:00:00.000Z,Rheinland-Pfalz,Universitäten (ohne Medizinische Einrichtungen),Humanmedizin/Gesundheitswissenschaften,
2019-01-01T00:00:00.000Z,Baden-Württemberg,Medizinische Einrichtungen der Universitäten,"Rechts-, Wirtschafts- und Sozialwissenschaften",
2022-01-01T00:00:00.000Z,Hamburg,Theologische Hochschulen,"Agrar-, Forst- u.Ernährungswiss., Veterinärmedizin",
2019-01-01T00:00:00.000Z,Hamburg,Pädagogische Hochschulen,"Mathematik, Naturwissenschaften",
2022-01-01T00:00:00.000Z,Berlin,Fachhochschulen,"Mathematik, Naturwissenschaften",552000.0
2022-01-01T00:00:00.000Z,Niedersachsen,Pädagogische Hochschulen,Sport,
2021-01-01T00:00:00.000Z,Bremen,Universitäten (ohne Medizinische Einrichtungen),Sport,0.0
2019-01-01T00:00:00.000Z,Thüringen,Fachhochschulen,Geisteswissenschaften,
2020-01-01T00:00:00.000Z,Saarland,Theologische Hochschulen,"Mathematik, Naturwissenschaften",
2019-01-01T00:00:00.000Z,Brandenburg,Kunsthochschulen,Ingenieurwissenschaften,
2021-01-01T00:00:00.000Z,Baden-Württemberg,Theologische Hochschulen,Ingenieurwissenschaften,
2019-01-01T00:00:00.000Z,Baden-Württemberg,Pädagogische Hochschulen,Zentr.Einrichtungen (o. klinikspez. Einrichtungen),9845000.0
2021-01-01T00:00:00.000Z,Thüringen,Fachhochschulen,Humanmedizin/Gesundheitswissenschaften,2763000.0
2022-01-01T00:00:00.000Z,Thüringen,Theologische Hochschulen,"Rechts-, Wirtschafts- und Sozialwissenschaften",
2021-01-01T00:00:00.000Z,Schleswig-Holstein,Verwaltungsfachhochschulen,Ingenieurwissenschaften,
2020-01-01T00:00:00.000Z,Sachsen-Anhalt,Universitäten (ohne Medizinische Einrichtungen),Humanmedizin/Gesundheitswissenschaften,
2022-01-01T00:00:00.000Z,Baden-Württemberg,Theologische Hochschulen,Geisteswissenschaften,
2020-01-01T00:00:00.000Z,Sachsen,Fachhochschulen,Ingenieurwissenschaften,3.3548E7
2020-01-01T00:00:00.000Z,Thüringen,Kunsthochschulen,"Mathematik, Naturwissenschaften",
2019-01-01T00:00:00.000Z,Brandenburg,Universitäten (ohne Medizinische Einrichtungen),"Rechts-, Wirtschafts- und Sozialwissenschaften",1.4118E7
2022-01-01T00:00:00.000Z,Schleswig-Holstein,Kunsthochschulen,Ingenieurwissenschaften,
2022-01-01T00:00:00.000Z,Thüringen,Fachhochschulen,"Rechts-, Wirtschafts- und Sozialwissenschaften",4.03483E8
2022-01-01T00:00:00.000Z,Bremen,Fachhochschulen,"Agrar-, Forst- u.Ernährungswiss., Veterinärmedizin",404000.0
2021-01-01T00:00:00.000Z,Sachsen,Theologische Hochschulen,Ingenieurwissenschaften,
2022-01-01T00:00:00.000Z,Hessen,Universitäten (ohne Medizinische Einrichtungen),Ingenieurwissenschaften,1.66146E8
2021-01-01T00:00:00.000Z,Hamburg,Kunsthochschulen,"Rechts-, Wirtschafts- und Sozialwissenschaften",
2022-01-01T00:00:00.000Z,Saarland,Verwaltungsfachhochschulen,Sport,
2019-01-01T00:00:00.000Z,Bremen,Pädagogische Hochschulen,"Agrar-, Forst- u.Ernährungswiss., Veterinärmedizin",
2020-01-01T00:00:00.000Z,Sachsen,Theologische Hochschulen,Zentr.Einrichtungen (o. klinikspez. Einrichtungen),
2019-01-01T00:00:00.000Z,Sachsen-Anhalt,Pädagogische Hochschulen,Humanmedizin/Gesundheitswissenschaften,
2019-01-01T00:00:00.000Z,Hamburg,Fachhochschulen,"Kunst, Kunstwissenschaft",336000.0
2022-01-01T00:00:00.000Z,Mecklenburg-Vorpommern,Theologische Hochschulen,Humanmedizin/Gesundheitswissenschaften,
2019-01-01T00:00:00.000Z,Sachsen,Fachhochschulen,Zentr.Einrichtungen (o. klinikspez. Einrichtungen),1.7238E7
2022-01-01T00:00:00.000Z,Bayern,Theologische Hochschulen,"Kunst, Kunstwissenschaft",
2021-01-01T00:00:00.000Z,Hessen,Verwaltungsfachhochschulen,"Rechts-, Wirtschafts- und Sozialwissenschaften",2522000.0
2019-01-01T00:00:00.000Z,Sachsen-Anhalt,Universitäten (ohne Medizinische Einrichtungen),"Kunst, Kunstwissenschaft",868000.0
2020-01-01T00:00:00.000Z,Bremen,Theologische Hochschulen,"Mathematik, Naturwissenschaften",
2020-01-01T00:00:00.000Z,Nordrhein-Westfalen,Medizinische Einrichtungen der Universitäten,Humanmedizin/Gesundheitswissenschaften,5.121557E9
2020-01-01T00:00:00.000Z,Bremen,Theologische Hochschulen,"Kunst, Kunstwissenschaft",
2021-01-01T00:00:00.000Z,Saarland,Universitäten (ohne Medizinische Einrichtungen),Sport,190000.0
2020-01-01T00:00:00.000Z,Bremen,Medizinische Einrichtungen der Universitäten,Geisteswissenschaften,
2020-01-01T00:00:00.000Z,Sachsen-Anhalt,Fachhochschulen,"Agrar-, Forst- u.Ernährungswiss., Veterinärmedizin",3362000.0
2022-01-01T00:00:00.000Z,Brandenburg,Fachhochschulen,Sport,1260000.0
2020-01-01T00:00:00.000Z,Sachsen,Verwaltungsfachhochschulen,Zentr.Einrichtungen (o. klinikspez. Einrichtungen),1065000.0
2021-01-01T00:00:00.000Z,Niedersachsen,Theologische Hochschulen,"Kunst, Kunstwissenschaft",
2021-01-01T00:00:00.000Z,Hamburg,Universitäten (ohne Medizinische Einrichtungen),Humanmedizin/Gesundheitswissenschaften,
2021-01-01T00:00:00.000Z,Bayern,Medizinische Einrichtungen der Universitäten,"Agrar-, Forst- u.Ernährungswiss., Veterinärmedizin",
2022-01-01T00:00:00.000Z,Hessen,Pädagogische Hochschulen,"Mathematik, Naturwissenschaften",
2019-01-01T00:00:00.000Z,Rheinland-Pfalz,Verwaltungsfachhochschulen,Geisteswissenschaften,
2019-01-01T00:00:00.000Z,Hessen,Fachhochschulen,"Rechts-, Wirtschafts- und Sozialwissenschaften",3.8038E7
2021-01-01T00:00:00.000Z,Saarland,Fachhochschulen,Zentr.Einrichtungen (o. klinikspez. Einrichtungen),1930000.0
2020-01-01T00:00:00.000Z,Brandenburg,Verwaltungsfachhochschulen,"Mathematik, Naturwissenschaften",
2022-01-01T00:00:00.000Z,Sachsen,Verwaltungsfachhochschulen,Ingenieurwissenschaften,
2021-01-01T00:00:00.000Z,Mecklenburg-Vorpommern,Kunsthochschulen,Zentr.Einrichtungen (o. klinikspez. Einrichtungen),389000.0
2022-01-01T00:00:00.000Z,Saarland,Medizinische Einrichtungen der Universitäten,"Rechts-, Wirtschafts- und Sozialwissenschaften",
2020-01-01T00:00:00.000Z,Saarland,Universitäten (ohne Medizinische Einrichtungen),Humanmedizin/Gesundheitswissenschaften,
2021-01-01T00:00:00.000Z,Hamburg,Universitäten (ohne Medizinische Einrichtungen),Ingenieurwissenschaften,6.624E7
2021-01-01T00:00:00.000Z,Rheinland-Pfalz,Theologische Hochschulen,Geisteswissenschaften,899000.0
2022-01-01T00:00:00.000Z,Sachsen-Anhalt,Fachhochschulen,Humanmedizin/Gesundheitswissenschaften,3364000.0
2021-01-01T00:00:00.000Z,Schleswig-Holstein,Kunsthochschulen,"Kunst, Kunstwissenschaft",1418000.0
2021-01-01T00:00:00.000Z,Thüringen,Universitäten (ohne Medizinische Einrichtungen),"Rechts-, Wirtschafts- und Sozialwissenschaften",1.918E7
2021-01-01T00:00:00.000Z,Nordrhein-Westfalen,Fachhochschulen,"Kunst, Kunstwissenschaft",3438000.0
2022-01-01T00:00:00.000Z,Saarland,Theologische Hochschulen,Ingenieurwissenschaften,
2020-01-01T00:00:00.000Z,Nordrhein-Westfalen,Theologische Hochschulen,Zentr.Einrichtungen (o. klinikspez. Einrichtungen),962000.0
2021-01-01T00:00:00.000Z,Bremen,Kunsthochschulen,Zentr.Einrichtungen (o. klinikspez. Einrichtungen),549000.0
2022-01-01T00:00:00.000Z,Rheinland-Pfalz,Universitäten (ohne Medizinische Einrichtungen),Geisteswissenschaften,1.4652E7
2020-01-01T00:00:00.000Z,Bayern,Pädagogische Hochschulen,Ingenieurwissenschaften,
2020-01-01T00:00:00.000Z,Rheinland-Pfalz,Kunsthochschulen,Sport,
2019-01-01T00:00:00.000Z,Mecklenburg-Vorpommern,Medizinische Einrichtungen der Universitäten,Sport,
2019-01-01T00:00:00.000Z,Sachsen-Anhalt,Kunsthochschulen,Geisteswissenschaften,
2021-01-01T00:00:00.000Z,Bremen,Verwaltungsfachhochschulen,"Kunst, Kunstwissenschaft",
2020-01-01T00:00:00.000Z,Mecklenburg-Vorpommern,Theologische Hochschulen,"Agrar-, Forst- u.Ernährungswiss., Veterinärmedizin",
2021-01-01T00:00:00.000Z,Bayern,Fachhochschulen,"Mathematik, Naturwissenschaften",4422000.0
2022-01-01T00:00:00.000Z,Hamburg,Verwaltungsfachhochschulen,Geisteswissenschaften,
2022-01-01T00:00:00.000Z,Sachsen-Anhalt,Medizinische Einrichtungen der Universitäten,Humanmedizin/Gesundheitswissenschaften,9.28151E8
2022-01-01T00:00:00.000Z,Hamburg,Medizinische Einrichtungen der Universitäten,Sport,
2020-01-01T00:00:00.000Z,Nordrhein-Westfalen,Kunsthochschulen,Humanmedizin/Gesundheitswissenschaften,
2021-01-01T00:00:00.000Z,Sachsen,Verwaltungsfachhochschulen,Sport,
2021-01-01T00:00:00.000Z,Baden-Württemberg,Verwaltungsfachhochschulen,Sport,
2019-01-01T00:00:00.000Z,Bayern,Verwaltungsfachhochschulen,Zentr.Einrichtungen (o. klinikspez. Einrichtungen),389000.0
2021-01-01T00:00:00.000Z,Thüringen,Verwaltungsfachhochschulen,"Mathematik, Naturwissenschaften",
2022-01-01T00:00:00.000Z,Sachsen-Anhalt,Universitäten (ohne Medizinische Einrichtungen),Ingenieurwissenschaften,3.7935E7
2020-01-01T00:00:00.000Z,Mecklenburg-Vorpommern,Universitäten (ohne Medizinische Einrichtungen),"Mathematik, Naturwissenschaften",3.1312E7
2021-01-01T00:00:00.000Z,Rheinland-Pfalz,Verwaltungsfachhochschulen,"Mathematik, Naturwissenschaften",
2022-01-01T00:00:00.000Z,Niedersachsen,Kunsthochschulen,Geisteswissenschaften,71000.0
2020-01-01T00:00:00.000Z,Bremen,Universitäten (ohne Medizinische Einrichtungen),"Mathematik, Naturwissenschaften",4.8309E7
2020-01-01T00:00:00.000Z,Hessen,Fachhochschulen,"Kunst, Kunstwissenschaft",1.4759E7
2019-01-01T00:00:00.000Z,Niedersachsen,Medizinische Einrichtungen der Universitäten,Ingenieurwissenschaften,
2020-01-01T00:00:00.000Z,Schleswig-Holstein,Theologische Hochschulen,Sport,
2019-01-01T00:00:00.000Z,Niedersachsen,Universitäten (ohne Medizinische Einrichtungen),Humanmedizin/Gesundheitswissenschaften,
2019-01-01T00:00:00.000Z,Mecklenburg-Vorpommern,Verwaltungsfachhochschulen,Geisteswissenschaften,
2021-01-01T00:00:00.000Z,Brandenburg,Kunsthochschulen,"Mathematik, Naturwissenschaften",
2021-01-01T00:00:00.000Z,Sachsen,Theologische Hochschulen,Humanmedizin/Gesundheitswissenschaften,
2020-01-01T00:00:00.000Z,Hessen,Pädagogische Hochschulen,"Rechts-, Wirtschafts- und Sozialwissenschaften",
2020-01-01T00:00:00.000Z,Niedersachsen,Pädagogische Hochschulen,Humanmedizin/Gesundheitswissenschaften,
2020-01-01T00:00:00.000Z,Thüringen,Pädagogische Hochschulen,"Mathematik, Naturwissenschaften",
2021-01-01T00:00:00.000Z,Mecklenburg-Vorpommern,Verwaltungsfachhochschulen,"Agrar-, Forst- u.Ernährungswiss., Veterinärmedizin",
2022-01-01T00:00:00.000Z,Hamburg,Medizinische Einrichtungen der Universitäten,"Mathematik, Naturwissenschaften",
2021-01-01T00:00:00.000Z,Bayern,Verwaltungsfachhochschulen,"Kunst, Kunstwissenschaft",
2019-01-01T00:00:00.000Z,Brandenburg,Medizinische Einrichtungen der Universitäten,Ingenieurwissenschaften,
2019-01-01T00:00:00.000Z,Brandenburg,Fachhochschulen,"Rechts-, Wirtschafts- und Sozialwissenschaften",1.132E7
2021-01-01T00:00:00.000Z,Baden-Württemberg,Universitäten (ohne Medizinische Einrichtungen),"Mathematik, Naturwissenschaften",3.08504E8
2020-01-01T00:00:00.000Z,Baden-Württemberg,Pädagogische Hochschulen,"Agrar-, Forst- u.Ernährungswiss., Veterinärmedizin",96000.0
2019-01-01T00:00:00.000Z,Sachsen,Medizinische Einrichtungen der Universitäten,"Agrar-, Forst- u.Ernährungswiss., Veterinärmedizin",
2019-01-01T00:00:00.000Z,Niedersachsen,Universitäten (ohne Medizinische Einrichtungen),Geisteswissenschaften,2.6418E7
2022-01-01T00:00:00.000Z,Berlin,Kunsthochschulen,Sport,
2019-01-01T00:00:00.000Z,Sachsen-Anhalt,Pädagogische Hochschulen,Sport,
2021-01-01T00:00:00.000Z,Saarland,Kunsthochschulen,"Agrar-, Forst- u.Ernährungswiss., Veterinärmedizin",
2021-01-01T00:00:00.000Z,Sachsen-Anhalt,Pädagogische Hochschulen,"Kunst, Kunstwissenschaft",
2021-01-01T00:00:00.000Z,Sachsen,Pädagogische Hochschulen,Sport,
2021-01-01T00:00:00.000Z,Sachsen-Anhalt,Fachhochschulen,Geisteswissenschaften,-6000.0
2019-01-01T00:00:00.000Z,Hessen,Kunsthochschulen,"Agrar-, Forst- u.Ernährungswiss., Veterinärmedizin",
2022-01-01T00:00:00.000Z,Thüringen,Kunsthochschulen,Ingenieurwissenschaften,
2019-01-01T00:00:00.000Z,Nordrhein-Westfalen,Medizinische Einrichtungen der Universitäten,"Kunst, Kunstwissenschaft",
2019-01-01T00:00:00.000Z,Thüringen,Theologische Hochschulen,"Kunst, Kunstwissenschaft",
2022-01-01T00:00:00.000Z,Schleswig-Holstein,Fachhochschulen,"Rechts-, Wirtschafts- und Sozialwissenschaften",1.6905E7
2021-01-01T00:00:00.000Z,Mecklenburg-Vorpommern,Verwaltungsfachhochschulen,Zentr.Einrichtungen (o. klinikspez. Einrichtungen),554000.0
2020-01-01T00:00:00.000Z,Brandenburg,Medizinische Einrichtungen der Universitäten,Zentr.Einrichtungen (o. klinikspez. Einrichtungen),
2022-01-01T00:00:00.000Z,Bremen,Fachhochschulen,Ingenieurwissenschaften,6008000.0
2021-01-01T00:00:00.000Z,Nordrhein-Westfalen,Theologische Hochschulen,"Rechts-, Wirtschafts- und Sozialwissenschaften",
2020-01-01T00:00:00.000Z,Saarland,Medizinische Einrichtungen der Universitäten,Geisteswissenschaften,
2021-01-01T00:00:00.000Z,Hessen,Pädagogische Hochschulen,Geisteswissenschaften,
2022-01-01T00:00:00.000Z,Berlin,Medizinische Einrichtungen der Universitäten,"Mathematik, Naturwissenschaften",
2019-01-01T00:00:00.000Z,Saarland,Universitäten (ohne Medizinische Einrichtungen),"Kunst, Kunstwissenschaft",82000.0
2022-01-01T00:00:00.000Z,Schleswig-Holstein,Universitäten (ohne Medizinische Einrichtungen),"Agrar-, Forst- u.Ernährungswiss., Veterinärmedizin",8644000.0
2019-01-01T00:00:00.000Z,Baden-Württemberg,Universitäten (ohne Medizinische Einrichtungen),Humanmedizin/Gesundheitswissenschaften,
2022-01-01T00:00:00.000Z,Baden-Württemberg,Pädagogische Hochschulen,Humanmedizin/Gesundheitswissenschaften,1412000.0
2020-01-01T00:00:00.000Z,Schleswig-Holstein,Kunsthochschulen,"Mathematik, Naturwissenschaften",
2019-01-01T00:00:00.000Z,Rheinland-Pfalz,Pädagogische Hochschulen,Geisteswissenschaften,
2020-01-01T00:00:00.000Z,Mecklenburg-Vorpommern,Kunsthochschulen,"Agrar-, Forst- u.Ernährungswiss., Veterinärmedizin",
2021-01-01T00:00:00.000Z,Hessen,Verwaltungsfachhochschulen,Geisteswissenschaften,
2022-01-01T00:00:00.000Z,Brandenburg,Universitäten (ohne Medizinische Einrichtungen),Ingenieurwissenschaften,3.2166E7
2019-01-01T00:00:00.000Z,Nordrhein-Westfalen,Pädagogische Hochschulen,Sport,
2022-01-01T00:00:00.000Z,Nordrhein-Westfalen,Medizinische Einrichtungen der Universitäten,Humanmedizin/Gesundheitswissenschaften,5.475713E9
2022-01-01T00:00:00.000Z,Saarland,Theologische Hochschulen,Geisteswissenschaften,
2022-01-01T00:00:00.000Z,Rheinland-Pfalz,Pädagogische Hochschulen,Humanmedizin/Gesundheitswissenschaften,
2020-01-01T00:00:00.000Z,Bayern,Kunsthochschulen,"Rechts-, Wirtschafts- und Sozialwissenschaften",0.0
2021-01-01T00:00:00.000Z,Saarland,Medizinische Einrichtungen der Universitäten,"Rechts-, Wirtschafts- und Sozialwissenschaften",
2019-01-01T00:00:00.000Z,Brandenburg,Fachhochschulen,"Agrar-, Forst- u.Ernährungswiss., Veterinärmedizin",4578000.0
2021-01-01T00:00:00.000Z,Brandenburg,Pädagogische Hochschulen,"Kunst, Kunstwissenschaft",
2022-01-01T00:00:00.000Z,Brandenburg,Verwaltungsfachhochschulen,"Mathematik, Naturwissenschaften",
2022-01-01T00:00:00.000Z,Thüringen,Verwaltungsfachhochschulen,Sport,
2020-01-01T00:00:00.000Z,Baden-Württemberg,Fachhochschulen,Zentr.Einrichtungen (o. klinikspez. Einrichtungen),9.2815E7
2020-01-01T00:00:00.000Z,Sachsen-Anhalt,Kunsthochschulen,"Rechts-, Wirtschafts- und Sozialwissenschaften",
2021-01-01T00:00:00.000Z,Hessen,Pädagogische Hochschulen,"Agrar-, Forst- u.Ernährungswiss., Veterinärmedizin",
2021-01-01T00:00:00.000Z,Bremen,Pädagogische Hochschulen,"Agrar-, Forst- u.Ernährungswiss., Veterinärmedizin",
2019-01-01T00:00:00.000Z,Nordrhein-Westfalen,Universitäten (ohne Medizinische Einrichtungen),Zentr.Einrichtungen (o. klinikspez. Einrichtungen),4.00968E8
2019-01-01T00:00:00.000Z,Rheinland-Pfalz,Theologische Hochschulen,"Kunst, Kunstwissenschaft",
2021-01-01T00:00:00.000Z,Thüringen,Kunsthochschulen,Humanmedizin/Gesundheitswissenschaften,
2021-01-01T00:00:00.000Z,Schleswig-Holstein,Verwaltungsfachhochschulen,Zentr.Einrichtungen (o. klinikspez. Einrichtungen),
2021-01-01T00:00:00.000Z,Brandenburg,Verwaltungsfachhochschulen,Ingenieurwissenschaften,
2019-01-01T00:00:00.000Z,Sachsen-Anhalt,Verwaltungsfachhochschulen,"Agrar-, Forst- u.Ernährungswiss., Veterinärmedizin",
2020-01-01T00:00:00.000Z,Berlin,Verwaltungsfachhochschulen,Geisteswissenschaften,
2022-01-01T00:00:00.000Z,Mecklenburg-Vorpommern,Kunsthochschulen,"Rechts-, Wirtschafts- und Sozialwissenschaften",
2021-01-01T00:00:00.000Z,Bremen,Medizinische Einrichtungen der Universitäten,"Mathematik, Naturwissenschaften",
2021-01-01T00:00:00.000Z,Nordrhein-Westfalen,Verwaltungsfachhochschulen,"Rechts-, Wirtschafts- und Sozialwissenschaften",2930000.0
2020-01-01T00:00:00.000Z,Baden-Württemberg,Pädagogische Hochschulen,"Kunst, Kunstwissenschaft",47000.0
2021-01-01T00:00:00.000Z,Niedersachsen,Fachhochschulen,Ingenieurwissenschaften,3.8594E7
2020-01-01T00:00:00.000Z,Sachsen-Anhalt,Verwaltungsfachhochschulen,"Kunst, Kunstwissenschaft",
2021-01-01T00:00:00.000Z,Hamburg,Pädagogische Hochschulen,"Mathematik, Naturwissenschaften",
2020-01-01T00:00:00.000Z,Sachsen,Pädagogische Hochschulen,Zentr.Einrichtungen (o. klinikspez. Einrichtungen),
2020-01-01T00:00:00.000Z,Rheinland-Pfalz,Pädagogische Hochschulen,Sport,
2022-01-01T00:00:00.000Z,Baden-Württemberg,Pädagogische Hochschulen,"Rechts-, Wirtschafts- und Sozialwissenschaften",9354000.0
2021-01-01T00:00:00.000Z,Bayern,Theologische Hochschulen,Zentr.Einrichtungen (o. klinikspez. Einrichtungen),0.0
2019-01-01T00:00:00.000Z,Niedersachsen,Theologische Hochschulen,Zentr.Einrichtungen (o. klinikspez. Einrichtungen),
2022-01-01T00:00:00.000Z,Saarland,Medizinische Einrichtungen der Universitäten,Humanmedizin/Gesundheitswissenschaften,5.6938E8
2022-01-01T00:00:00.000Z,Thüringen,Theologische Hochschulen,"Mathematik, Naturwissenschaften",
2020-01-01T00:00:00.000Z,Thüringen,Universitäten (ohne Medizinische Einrichtungen),"Agrar-, Forst- u.Ernährungswiss., Veterinärmedizin",1460000.0
2022-01-01T00:00:00.000Z,Schleswig-Holstein,Theologische Hochschulen,Ingenieurwissenschaften,
2020-01-01T00:00:00.000Z,Brandenburg,Pädagogische Hochschulen,"Rechts-, Wirtschafts- und Sozialwissenschaften",
2019-01-01T00:00:00.000Z,Mecklenburg-Vorpommern,Verwaltungsfachhochschulen,"Mathematik, Naturwissenschaften",
2019-01-01T00:00:00.000Z,Niedersachsen,Universitäten (ohne Medizinische Einrichtungen),Sport,1358000.0
2019-01-01T00:00:00.000Z,Mecklenburg-Vorpommern,Pädagogische Hochschulen,"Mathematik, Naturwissenschaften",
2020-01-01T00:00:00.000Z,Sachsen-Anhalt,Kunsthochschulen,"Agrar-, Forst- u.Ernährungswiss., Veterinärmedizin",
2020-01-01T00:00:00.000Z,Bremen,Kunsthochschulen,"Mathematik, Naturwissenschaften",
2022-01-01T00:00:00.000Z,Saarland,Pädagogische Hochschulen,"Agrar-, Forst- u.Ernährungswiss., Veterinärmedizin",
2019-01-01T00:00:00.000Z,Bayern,Theologische Hochschulen,Ingenieurwissenschaften,
2022-01-01T00:00:00.000Z,Sachsen,Fachhochschulen,Zentr.Einrichtungen (o. klinikspez. Einrichtungen),1.9728E7
2021-01-01T00:00:00.000Z,Saarland,Pädagogische Hochschulen,"Kunst, Kunstwissenschaft",
2021-01-01T00:00:00.000Z,Sachsen,Fachhochschulen,Geisteswissenschaften,261000.0
2022-01-01T00:00:00.000Z,Sachsen-Anhalt,Kunsthochschulen,Geisteswissenschaften,
2019-01-01T00:00:00.000Z,Rheinland-Pfalz,Pädagogische Hochschulen,"Mathematik, Naturwissenschaften",
2019-01-01T00:00:00.000Z,Sachsen-Anhalt,Theologische Hochschulen,Ingenieurwissenschaften,
2019-01-01T00:00:00.000Z,Sachsen,Fachhochschulen,"Agrar-, Forst- u.Ernährungswiss., Veterinärmedizin",666000.0
2020-01-01T00:00:00.000Z,Nordrhein-Westfalen,Verwaltungsfachhochschulen,Geisteswissenschaften,
2020-01-01T00:00:00.000Z,Hamburg,Fachhochschulen,"Kunst, Kunstwissenschaft",386000.0
2019-01-01T00:00:00.000Z,Niedersachsen,Pädagogische Hochschulen,Sport,
2022-01-01T00:00:00.000Z,Rheinland-Pfalz,Kunsthochschulen,"Rechts-, Wirtschafts- und Sozialwissenschaften",
2020-01-01T00:00:00.000Z,Hessen,Verwaltungsfachhochschulen,"Mathematik, Naturwissenschaften",10000.0
2021-01-01T00:00:00.000Z,Sachsen-Anhalt,Theologische Hochschulen,Sport,
2021-01-01T00:00:00.000Z,Niedersachsen,Medizinische Einrichtungen der Universitäten,Humanmedizin/Gesundheitswissenschaften,1.552374E9
2022-01-01T00:00:00.000Z,Bayern,Pädagogische Hochschulen,Humanmedizin/Gesundheitswissenschaften,
2020-01-01T00:00:00.000Z,Saarland,Kunsthochschulen,"Mathematik, Naturwissenschaften",
2020-01-01T00:00:00.000Z,Hessen,Kunsthochschulen,Zentr.Einrichtungen (o. klinikspez. Einrichtungen),3699000.0
2019-01-01T00:00:00.000Z,Bayern,Fachhochschulen,Humanmedizin/Gesundheitswissenschaften,6054000.0
2019-01-01T00:00:00.000Z,Mecklenburg-Vorpommern,Kunsthochschulen,Zentr.Einrichtungen (o. klinikspez. Einrichtungen),340000.0
2021-01-01T00:00:00.000Z,Sachsen,Pädagogische Hochschulen,"Kunst, Kunstwissenschaft",
2021-01-01T00:00:00.000Z,Brandenburg,Universitäten (ohne Medizinische Einrichtungen),"Rechts-, Wirtschafts- und Sozialwissenschaften",1.7286E7
2021-01-01T00:00:00.000Z,Schleswig-Holstein,Kunsthochschulen,"Mathematik, Naturwissenschaften",
2020-01-01T00:00:00.000Z,Berlin,Kunsthochschulen,"Agrar-, Forst- u.Ernährungswiss., Veterinärmedizin",
2020-01-01T00:00:00.000Z,Sachsen,Verwaltungsfachhochschulen,"Agrar-, Forst- u.Ernährungswiss., Veterinärmedizin",
2020-01-01T00:00:00.000Z,Nordrhein-Westfalen,Pädagogische Hochschulen,"Mathematik, Naturwissenschaften",
2022-01-01T00:00:00.000Z,Rheinland-Pfalz,Verwaltungsfachhochschulen,Geisteswissenschaften,
2020-01-01T00:00:00.000Z,Hessen,Kunsthochschulen,Geisteswissenschaften,
2020-01-01T00:00:00.000Z,Sachsen-Anhalt,Theologische Hochschulen,Zentr.Einrichtungen (o. klinikspez. Einrichtungen),1326000.0
2021-01-01T00:00:00.000Z,Bremen,Theologische Hochschulen,Ingenieurwissenschaften,
2019-01-01T00:00:00.000Z,Niedersachsen,Theologische Hochschulen,"Kunst, Kunstwissenschaft",
2020-01-01T00:00:00.000Z,Saarland,Medizinische Einrichtungen der Universitäten,"Mathematik, Naturwissenschaften",
2019-01-01T00:00:00.000Z,Schleswig-Holstein,Universitäten (ohne Medizinische Einrichtungen),Zentr.Einrichtungen (o. klinikspez. Einrichtungen),4.3311E7
2019-01-01T00:00:00.000Z,Sachsen,Fachhochschulen,Ingenieurwissenschaften,3.8265E7
2021-01-01T00:00:00.000Z,Schleswig-Holstein,Fachhochschulen,Zentr.Einrichtungen (o. klinikspez. Einrichtungen),6887000.0
2020-01-01T00:00:00.000Z,Hessen,Kunsthochschulen,Humanmedizin/Gesundheitswissenschaften,
2021-01-01T00:00:00.000Z,Mecklenburg-Vorpommern,Theologische Hochschulen,"Agrar-, Forst- u.Ernährungswiss., Veterinärmedizin",
2022-01-01T00:00:00.000Z,Sachsen,Pädagogische Hochschulen,"Agrar-, Forst- u.Ernährungswiss., Veterinärmedizin",
2020-01-01T00:00:00.000Z,Bayern,Universitäten (ohne Medizinische Einrichtungen),"Kunst, Kunstwissenschaft",6832000.0
2020-01-01T00:00:00.000Z,Brandenburg,Fachhochschulen,Ingenieurwissenschaften,6486000.0
2019-01-01T00:00:00.000Z,Nordrhein-Westfalen,Fachhochschulen,Humanmedizin/Gesundheitswissenschaften,1.4461E7
2020-01-01T00:00:00.000Z,Schleswig-Holstein,Universitäten (ohne Medizinische Einrichtungen),Sport,381000.0
2020-01-01T00:00:00.000Z,Sachsen-Anhalt,Universitäten (ohne Medizinische Einrichtungen),Zentr.Einrichtungen (o. klinikspez. Einrichtungen),3.1709E7
2020-01-01T00:00:00.000Z,Berlin,Pädagogische Hochschulen,"Mathematik, Naturwissenschaften",
2020-01-01T00:00:00.000Z,Berlin,Verwaltungsfachhochschulen,"Rechts-, Wirtschafts- und Sozialwissenschaften",519000.0
2019-01-01T00:00:00.000Z,Brandenburg,Kunsthochschulen,"Mathematik, Naturwissenschaften",
2020-01-01T00:00:00.000Z,Rheinland-Pfalz,Verwaltungsfachhochschulen,"Kunst, Kunstwissenschaft",
2021-01-01T00:00:00.000Z,Saarland,Theologische Hochschulen,Ingenieurwissenschaften,
2021-01-01T00:00:00.000Z,Bayern,Verwaltungsfachhochschulen,Sport,
2020-01-01T00:00:00.000Z,Baden-Württemberg,Theologische Hochschulen,"Mathematik, Naturwissenschaften",
2022-01-01T00:00:00.000Z,Niedersachsen,Fachhochschulen,Humanmedizin/Gesundheitswissenschaften,2464000.0
2019-01-01T00:00:00.000Z,Rheinland-Pfalz,Verwaltungsfachhochschulen,"Agrar-, Forst- u.Ernährungswiss., Veterinärmedizin",
2021-01-01T00:00:00.000Z,Nordrhein-Westfalen,Universitäten (ohne Medizinische Einrichtungen),"Mathematik, Naturwissenschaften",3.81675E8
2020-01-01T00:00:00.000Z,Hessen,Fachhochschulen,Ingenieurwissenschaften,3.6027E7
2021-01-01T00:00:00.000Z,Hamburg,Verwaltungsfachhochschulen,Geisteswissenschaften,
2022-01-01T00:00:00.000Z,Hessen,Verwaltungsfachhochschulen,Ingenieurwissenschaften,0.0
2019-01-01T00:00:00.000Z,Bayern,Universitäten (ohne Medizinische Einrichtungen),Zentr.Einrichtungen (o. klinikspez. Einrichtungen),2.14312E8
2019-01-01T00:00:00.000Z,Nordrhein-Westfalen,Medizinische Einrichtungen der Universitäten,"Rechts-, Wirtschafts- und Sozialwissenschaften",
2020-01-01T00:00:00.000Z,Rheinland-Pfalz,Theologische Hochschulen,"Agrar-, Forst- u.Ernährungswiss., Veterinärmedizin",
2020-01-01T00:00:00.000Z,Schleswig-Holstein,Theologische Hochschulen,Humanmedizin/Gesundheitswissenschaften,
2021-01-01T00:00:00.000Z,Sachsen-Anhalt,Verwaltungsfachhochschulen,Sport,
2022-01-01T00:00:00.000Z,Sachsen,Theologische Hochschulen,Humanmedizin/Gesundheitswissenschaften,
2019-01-01T00:00:00.000Z,Hessen,Kunsthochschulen,"Mathematik, Naturwissenschaften",
2022-01-01T00:00:00.000Z,Schleswig-Holstein,Theologische Hochschulen,"Kunst, Kunstwissenschaft",
2022-01-01T00:00:00.000Z,Hessen,Universitäten (ohne Medizinische Einrichtungen),"Rechts-, Wirtschafts- und Sozialwissenschaften",2.05852E8
2019-01-01T00:00:00.000Z,Mecklenburg-Vorpommern,Universitäten (ohne Medizinische Einrichtungen),Ingenieurwissenschaften,2.0688E7
2022-01-01T00:00:00.000Z,Berlin,Universitäten (ohne Medizinische Einrichtungen),Ingenieurwissenschaften,1.74515E8
2020-01-01T00:00:00.000Z,Niedersachsen,Medizinische Einrichtungen der Universitäten,Ingenieurwissenschaften,
2022-01-01T00:00:00.000Z,Brandenburg,Verwaltungsfachhochschulen,Sport,
2022-01-01T00:00:00.000Z,Brandenburg,Theologische Hochschulen,Geisteswissenschaften,
2020-01-01T00:00:00.000Z,Hessen,Verwaltungsfachhochschulen,"Agrar-, Forst- u.Ernährungswiss., Veterinärmedizin",
2021-01-01T00:00:00.000Z,Brandenburg,Kunsthochschulen,Humanmedizin/Gesundheitswissenschaften,
2021-01-01T00:00:00.000Z,Berlin,Theologische Hochschulen,Sport,
2019-01-01T00:00:00.000Z,Baden-Württemberg,Fachhochschulen,Geisteswissenschaften,5356000.0
2019-01-01T00:00:00.000Z,Rheinland-Pfalz,Pädagogische Hochschulen,Sport,
2022-01-01T00:00:00.000Z,Hamburg,Kunsthochschulen,"Kunst, Kunstwissenschaft",2591000.0
2022-01-01T00:00:00.000Z,Niedersachsen,Theologische Hochschulen,Zentr.Einrichtungen (o. klinikspez. Einrichtungen),
2019-01-01T00:00:00.000Z,Sachsen,Pädagogische Hochschulen,"Rechts-, Wirtschafts- und Sozialwissenschaften",
2022-01-01T00:00:00.000Z,Mecklenburg-Vorpommern,Kunsthochschulen,Zentr.Einrichtungen (o. klinikspez. Einrichtungen),502000.0
2019-01-01T00:00:00.000Z,Baden-Württemberg,Fachhochschulen,Ingenieurwissenschaften,8.4126E7
2022-01-01T00:00:00.000Z,Sachsen-Anhalt,Fachhochschulen,"Mathematik, Naturwissenschaften",
2020-01-01T00:00:00.000Z,Niedersachsen,Theologische Hochschulen,Geisteswissenschaften,
2019-01-01T00:00:00.000Z,Berlin,Kunsthochschulen,Sport,
2019-01-01T00:00:00.000Z,Saarland,Pädagogische Hochschulen,Humanmedizin/Gesundheitswissenschaften,
2019-01-01T00:00:00.000Z,Thüringen,Pädagogische Hochschulen,"Agrar-, Forst- u.Ernährungswiss., Veterinärmedizin",
2020-01-01T00:00:00.000Z,Baden-Württemberg,Universitäten (ohne Medizinische Einrichtungen),"Agrar-, Forst- u.Ernährungswiss., Veterinärmedizin",3.4506E7
2020-01-01T00:00:00.000Z,Bayern,Fachhochschulen,Zentr.Einrichtungen (o. klinikspez. Einrichtungen),5.4113E7
2022-01-01T00:00:00.000Z,Mecklenburg-Vorpommern,Verwaltungsfachhochschulen,Geisteswissenschaften,
2022-01-01T00:00:00.000Z,Baden-Württemberg,Medizinische Einrichtungen der Universitäten,Humanmedizin/Gesundheitswissenschaften,4.289016E9
2019-01-01T00:00:00.000Z,Thüringen,Fachhochschulen,Zentr.Einrichtungen (o. klinikspez. Einrichtungen),1.374E7
2021-01-01T00:00:00.000Z,Baden-Württemberg,Pädagogische Hochschulen,"Agrar-, Forst- u.Ernährungswiss., Veterinärmedizin",43000.0
2022-01-01T00:00:00.000Z,Niedersachsen,Medizinische Einrichtungen der Universitäten,"Rechts-, Wirtschafts- und Sozialwissenschaften",
2020-01-01T00:00:00.000Z,Hamburg,Kunsthochschulen,Geisteswissenschaften,
2020-01-01T00:00:00.000Z,Berlin,Kunsthochschulen,"Rechts-, Wirtschafts- und Sozialwissenschaften",
2022-01-01T00:00:00.000Z,Schleswig-Holstein,Kunsthochschulen,Sport,
2021-01-01T00:00:00.000Z,Thüringen,Medizinische Einrichtungen der Universitäten,Ingenieurwissenschaften,
2022-01-01T00:00:00.000Z,Nordrhein-Westfalen,Pädagogische Hochschulen,Humanmedizin/Gesundheitswissenschaften,
2022-01-01T00:00:00.000Z,Berlin,Kunsthochschulen,Geisteswissenschaften,1890000.0
2020-01-01T00:00:00.000Z,Hessen,Universitäten (ohne Medizinische Einrichtungen),Ingenieurwissenschaften,1.44238E8
2020-01-01T00:00:00.000Z,Sachsen-Anhalt,Fachhochschulen,Humanmedizin/Gesundheitswissenschaften,
2022-01-01T00:00:00.000Z,Bremen,Universitäten (ohne Medizinische Einrichtungen),Humanmedizin/Gesundheitswissenschaften,
2022-01-01T00:00:00.000Z,Mecklenburg-Vorpommern,Pädagogische Hochschulen,"Mathematik, Naturwissenschaften",
2021-01-01T00:00:00.000Z,Sachsen-Anhalt,Kunsthochschulen,"Mathematik, Naturwissenschaften",
2022-01-01T00:00:00.000Z,Nordrhein-Westfalen,Medizinische Einrichtungen der Universitäten,Geisteswissenschaften,
2021-01-01T00:00:00.000Z,Hessen,Theologische Hochschulen,Geisteswissenschaften,5529000.0
2019-01-01T00:00:00.000Z,Hessen,Pädagogische Hochschulen,Ingenieurwissenschaften,
2022-01-01T00:00:00.000Z,Niedersachsen,Fachhochschulen,Sport,
2020-01-01T00:00:00.000Z,Niedersachsen,Theologische Hochschulen,"Agrar-, Forst- u.Ernährungswiss., Veterinärmedizin",
2020-01-01T00:00:00.000Z,Thüringen,Medizinische Einrichtungen der Universitäten,Zentr.Einrichtungen (o. klinikspez. Einrichtungen),
2021-01-01T00:00:00.000Z,Thüringen,Universitäten (ohne Medizinische Einrichtungen),"Kunst, Kunstwissenschaft",867000.0
2022-01-01T00:00:00.000Z,Thüringen,Medizinische Einrichtungen der Universitäten,Humanmedizin/Gesundheitswissenschaften,5.69388E8
2020-01-01T00:00:00.000Z,Mecklenburg-Vorpommern,Theologische Hochschulen,Ingenieurwissenschaften,
2019-01-01T00:00:00.000Z,Berlin,Kunsthochschulen,Ingenieurwissenschaften,642000.0
2021-01-01T00:00:00.000Z,Bayern,Kunsthochschulen,"Mathematik, Naturwissenschaften",
2020-01-01T00:00:00.000Z,Berlin,Universitäten (ohne Medizinische Einrichtungen),Zentr.Einrichtungen (o. klinikspez. Einrichtungen),8.2794E7
2020-01-01T00:00:00.000Z,Mecklenburg-Vorpommern,Theologische Hochschulen,"Kunst, Kunstwissenschaft",
2020-01-01T00:00:00.000Z,Sachsen-Anhalt,Theologische Hochschulen,"Rechts-, Wirtschafts- und Sozialwissenschaften",481000.0
2021-01-01T00:00:00.000Z,Berlin,Medizinische Einrichtungen der Universitäten,"Rechts-, Wirtschafts- und Sozialwissenschaften",
2020-01-01T00:00:00.000Z,Saarland,Verwaltungsfachhochschulen,Sport,
2022-01-01T00:00:00.000Z,Sachsen-Anhalt,Verwaltungsfachhochschulen,Zentr.Einrichtungen (o. klinikspez. Einrichtungen),
2022-01-01T00:00:00.000Z,Bremen,Universitäten (ohne Medizinische Einrichtungen),"Rechts-, Wirtschafts- und Sozialwissenschaften",1.483E7
2021-01-01T00:00:00.000Z,Berlin,Theologische Hochschulen,Humanmedizin/Gesundheitswissenschaften,
2019-01-01T00:00:00.000Z,Baden-Württemberg,Pädagogische Hochschulen,"Rechts-, Wirtschafts- und Sozialwissenschaften",7088000.0
2019-01-01T00:00:00.000Z,Rheinland-Pfalz,Pädagogische Hochschulen,Humanmedizin/Gesundheitswissenschaften,
2019-01-01T00:00:00.000Z,Hamburg,Medizinische Einrichtungen der Universitäten,Zentr.Einrichtungen (o. klinikspez. Einrichtungen),
2022-01-01T00:00:00.000Z,Niedersachsen,Universitäten (ohne Medizinische Einrichtungen),Sport,1078000.0
2021-01-01T00:00:00.000Z,Thüringen,Universitäten (ohne Medizinische Einrichtungen),Geisteswissenschaften,1.4256E7
2021-01-01T00:00:00.000Z,Baden-Württemberg,Pädagogische Hochschulen,Geisteswissenschaften,2237000.0
2022-01-01T00:00:00.000Z,Rheinland-Pfalz,Fachhochschulen,Humanmedizin/Gesundheitswissenschaften,2219000.0
2021-01-01T00:00:00.000Z,Bremen,Theologische Hochschulen,Humanmedizin/Gesundheitswissenschaften,
2021-01-01T00:00:00.000Z,Mecklenburg-Vorpommern,Pädagogische Hochschulen,Sport,
2020-01-01T00:00:00.000Z,Nordrhein-Westfalen,Medizinische Einrichtungen der Universitäten,Ingenieurwissenschaften,
2019-01-01T00:00:00.000Z,Niedersachsen,Medizinische Einrichtungen der Universitäten,"Rechts-, Wirtschafts- und Sozialwissenschaften",
2021-01-01T00:00:00.000Z,Rheinland-Pfalz,Universitäten (ohne Medizinische Einrichtungen),"Agrar-, Forst- u.Ernährungswiss., Veterinärmedizin",0.0
2021-01-01T00:00:00.000Z,Thüringen,Verwaltungsfachhochschulen,Geisteswissenschaften,
2022-01-01T00:00:00.000Z,Brandenburg,Pädagogische Hochschulen,Sport,
2022-01-01T00:00:00.000Z,Nordrhein-Westfalen,Medizinische Einrichtungen der Universitäten,"Rechts-, Wirtschafts- und Sozialwissenschaften",
2020-01-01T00:00:00.000Z,Berlin,Universitäten (ohne Medizinische Einrichtungen),"Kunst, Kunstwissenschaft",9154000.0
2019-01-01T00:00:00.000Z,Hessen,Kunsthochschulen,Geisteswissenschaften,
2020-01-01T00:00:00.000Z,Bremen,Verwaltungsfachhochschulen,Sport,
2019-01-01T00:00:00.000Z,Brandenburg,Pädagogische Hochschulen,"Agrar-, Forst- u.Ernährungswiss., Veterinärmedizin",
2019-01-01T00:00:00.000Z,Rheinland-Pfalz,Kunsthochschulen,"Rechts-, Wirtschafts- und Sozialwissenschaften",
2020-01-01T00:00:00.000Z,Bremen,Universitäten (ohne Medizinische Einrichtungen),Ingenieurwissenschaften,4.1266E7
2022-01-01T00:00:00.000Z,Baden-Württemberg,Medizinische Einrichtungen der Universitäten,Zentr.Einrichtungen (o. klinikspez. Einrichtungen),
2022-01-01T00:00:00.000Z,Bayern,Fachhochschulen,"Agrar-, Forst- u.Ernährungswiss., Veterinärmedizin",2454000.0
2021-01-01T00:00:00.000Z,Baden-Württemberg,Theologische Hochschulen,Humanmedizin/Gesundheitswissenschaften,
2022-01-01T00:00:00.000Z,Berlin,Fachhochschulen,"Kunst, Kunstwissenschaft",1.2547E7
2019-01-01T00:00:00.000Z,Baden-Württemberg,Verwaltungsfachhochschulen,Ingenieurwissenschaften,
2019-01-01T00:00:00.000Z,Niedersachsen,Pädagogische Hochschulen,Humanmedizin/Gesundheitswissenschaften,
2020-01-01T00:00:00.000Z,Mecklenburg-Vorpommern,Verwaltungsfachhochschulen,"Rechts-, Wirtschafts- und Sozialwissenschaften",1385000.0
2019-01-01T00:00:00.000Z,Baden-Württemberg,Verwaltungsfachhochschulen,"Kunst, Kunstwissenschaft",
2022-01-01T00:00:00.000Z,Berlin,Kunsthochschulen,Zentr.Einrichtungen (o. klinikspez. Einrichtungen),
2022-01-01T00:00:00.000Z,Berlin,Verwaltungsfachhochschulen,"Mathematik, Naturwissenschaften",
2019-01-01T00:00:00.000Z,Saarland,Universitäten (ohne Medizinische Einrichtungen),Geisteswissenschaften,9429000.0
2021-01-01T00:00:00.000Z,Baden-Württemberg,Universitäten (ohne Medizinische Einrichtungen),"Kunst, Kunstwissenschaft",2018000.0
2022-01-01T00:00:00.000Z,Nordrhein-Westfalen,Kunsthochschulen,Sport,
2019-01-01T00:00:00.000Z,Mecklenburg-Vorpommern,Pädagogische Hochschulen,Geisteswissenschaften,
2020-01-01T00:00:00.000Z,Thüringen,Medizinische Einrichtungen der Universitäten,Sport,
2019-01-01T00:00:00.000Z,Bremen,Fachhochschulen,Geisteswissenschaften,
2022-01-01T00:00:00.000Z,Bayern,Pädagogische Hochschulen,Ingenieurwissenschaften,
2020-01-01T00:00:00.000Z,Saarland,Universitäten (ohne Medizinische Einrichtungen),"Agrar-, Forst- u.Ernährungswiss., Veterinärmedizin",
2022-01-01T00:00:00.000Z,Rheinland-Pfalz,Pädagogische Hochschulen,"Mathematik, Naturwissenschaften",
2022-01-01T00:00:00.000Z,Thüringen,Theologische Hochschulen,Geisteswissenschaften,
2020-01-01T00:00:00.000Z,Niedersachsen,Medizinische Einrichtungen der Universitäten,Geisteswissenschaften,
2022-01-01T00:00:00.000Z,Brandenburg,Medizinische Einrichtungen der Universitäten,Ingenieurwissenschaften,
2019-01-01T00:00:00.000Z,Brandenburg,Pädagogische Hochschulen,Ingenieurwissenschaften,
2020-01-01T00:00:00.000Z,Rheinland-Pfalz,Fachhochschulen,Zentr.Einrichtungen (o. klinikspez. Einrichtungen),1.1888E7
2022-01-01T00:00:00.000Z,Brandenburg,Fachhochschulen,"Agrar-, Forst- u.Ernährungswiss., Veterinärmedizin",7513000.0
2021-01-01T00:00:00.000Z,Hessen,Medizinische Einrichtungen der Universitäten,"Mathematik, Naturwissenschaften",
2021-01-01T00:00:00.000Z,Hamburg,Fachhochschulen,"Rechts-, Wirtschafts- und Sozialwissenschaften",8.9269E7
2022-01-01T00:00:00.000Z,Schleswig-Holstein,Pädagogische Hochschulen,Humanmedizin/Gesundheitswissenschaften,
2019-01-01T00:00:00.000Z,Hamburg,Medizinische Einrichtungen der Universitäten,Geisteswissenschaften,
2022-01-01T00:00:00.000Z,Bayern,Fachhochschulen,"Mathematik, Naturwissenschaften",4292000.0
2021-01-01T00:00:00.000Z,Sachsen,Verwaltungsfachhochschulen,Ingenieurwissenschaften,
2021-01-01T00:00:00.000Z,Hamburg,Theologische Hochschulen,Geisteswissenschaften,
2022-01-01T00:00:00.000Z,Rheinland-Pfalz,Fachhochschulen,Sport,
2020-01-01T00:00:00.000Z,Sachsen,Fachhochschulen,"Rechts-, Wirtschafts- und Sozialwissenschaften",8049000.0
2021-01-01T00:00:00.000Z,Brandenburg,Kunsthochschulen,Geisteswissenschaften,
2019-01-01T00:00:00.000Z,Schleswig-Holstein,Theologische Hochschulen,Zentr.Einrichtungen (o. klinikspez. Einrichtungen),
2022-01-01T00:00:00.000Z,Hessen,Medizinische Einrichtungen der Universitäten,"Kunst, Kunstwissenschaft",
2019-01-01T00:00:00.000Z,Berlin,Kunsthochschulen,"Kunst, Kunstwissenschaft",1.973E7
2022-01-01T00:00:00.000Z,Hessen,Kunsthochschulen,"Mathematik, Naturwissenschaften",
2021-01-01T00:00:00.000Z,Baden-Württemberg,Medizinische Einrichtungen der Universitäten,Geisteswissenschaften,
2021-01-01T00:00:00.000Z,Thüringen,Pädagogische Hochschulen,"Mathematik, Naturwissenschaften",
2022-01-01T00:00:00.000Z,Sachsen,Kunsthochschulen,Ingenieurwissenschaften,
2022-01-01T00:00:00.000Z,Brandenburg,Verwaltungsfachhochschulen,"Agrar-, Forst- u.Ernährungswiss., Veterinärmedizin",
2019-01-01T00:00:00.000Z,Schleswig-Holstein,Medizinische Einrichtungen der Universitäten,Sport,
2019-01-01T00:00:00.000Z,Schleswig-Holstein,Kunsthochschulen,"Agrar-, Forst- u.Ernährungswiss., Veterinärmedizin",
2021-01-01T00:00:00.000Z,Nordrhein-Westfalen,Verwaltungsfachhochschulen,Zentr.Einrichtungen (o. klinikspez. Einrichtungen),1285000.0
2019-01-01T00:00:00.000Z,Sachsen-Anhalt,Fachhochschulen,"Mathematik, Naturwissenschaften",
2021-01-01T00:00:00.000Z,Bremen,Pädagogische Hochschulen,Geisteswissenschaften,
2021-01-01T00:00:00.000Z,Saarland,Fachhochschulen,Geisteswissenschaften,
2020-01-01T00:00:00.000Z,Hamburg,Universitäten (ohne Medizinische Einrichtungen),"Agrar-, Forst- u.Ernährungswiss., Veterinärmedizin",
2022-01-01T00:00:00.000Z,Hessen,Kunsthochschulen,"Kunst, Kunstwissenschaft",2697000.0
2021-01-01T00:00:00.000Z,Mecklenburg-Vorpommern,Medizinische Einrichtungen der Universitäten,Sport,
2022-01-01T00:00:00.000Z,Brandenburg,Kunsthochschulen,"Mathematik, Naturwissenschaften",
2021-01-01T00:00:00.000Z,Sachsen,Medizinische Einrichtungen der Universitäten,Geisteswissenschaften,
2021-01-01T00:00:00.000Z,Brandenburg,Fachhochschulen,"Kunst, Kunstwissenschaft",8370000.0
2020-01-01T00:00:00.000Z,Baden-Württemberg,Verwaltungsfachhochschulen,"Mathematik, Naturwissenschaften",
2022-01-01T00:00:00.000Z,Thüringen,Pädagogische Hochschulen,Sport,
2020-01-01T00:00:00.000Z,Berlin,Universitäten (ohne Medizinische Einrichtungen),Geisteswissenschaften,6.2385E7
2022-01-01T00:00:00.000Z,Saarland,Medizinische Einrichtungen der Universitäten,Ingenieurwissenschaften,
2020-01-01T00:00:00.000Z,Bayern,Universitäten (ohne Medizinische Einrichtungen),Sport,8182000.0
2020-01-01T00:00:00.000Z,Mecklenburg-Vorpommern,Kunsthochschulen,Humanmedizin/Gesundheitswissenschaften,
2019-01-01T00:00:00.000Z,Hamburg,Kunsthochschulen,Geisteswissenschaften,
2021-01-01T00:00:00.000Z,Sachsen-Anhalt,Universitäten (ohne Medizinische Einrichtungen),"Agrar-, Forst- u.Ernährungswiss., Veterinärmedizin",2882000.0
2019-01-01T00:00:00.000Z,Nordrhein-Westfalen,Kunsthochschulen,Ingenieurwissenschaften,786000.0
2021-01-01T00:00:00.000Z,Berlin,Medizinische Einrichtungen der Universitäten,Humanmedizin/Gesundheitswissenschaften,1.841487E9
2020-01-01T00:00:00.000Z,Schleswig-Holstein,Verwaltungsfachhochschulen,Ingenieurwissenschaften,
2020-01-01T00:00:00.000Z,Bayern,Theologische Hochschulen,Humanmedizin/Gesundheitswissenschaften,
2020-01-01T00:00:00.000Z,Niedersachsen,Universitäten (ohne Medizinische Einrichtungen),"Kunst, Kunstwissenschaft",2163000.0
2021-01-01T00:00:00.000Z,Bayern,Fachhochschulen,"Kunst, Kunstwissenschaft",1.2365E7
2021-01-01T00:00:00.000Z,Niedersachsen,Theologische Hochschulen,"Rechts-, Wirtschafts- und Sozialwissenschaften",
2022-01-01T00:00:00.000Z,Sachsen-Anhalt,Pädagogische Hochschulen,Ingenieurwissenschaften,
2019-01-01T00:00:00.000Z,Niedersachsen,Theologische Hochschulen,Geisteswissenschaften,
2019-01-01T00:00:00.000Z,Thüringen,Verwaltungsfachhochschulen,"Kunst, Kunstwissenschaft",
2019-01-01T00:00:00.000Z,Baden-Württemberg,Kunsthochschulen,"Kunst, Kunstwissenschaft",3488000.0
2021-01-01T00:00:00.000Z,Hessen,Universitäten (ohne Medizinische Einrichtungen),Sport,2060000.0
2022-01-01T00:00:00.000Z,Nordrhein-Westfalen,Theologische Hochschulen,"Kunst, Kunstwissenschaft",99000.0
2022-01-01T00:00:00.000Z,Mecklenburg-Vorpommern,Verwaltungsfachhochschulen,"Mathematik, Naturwissenschaften",
2019-01-01T00:00:00.000Z,Schleswig-Holstein,Universitäten (ohne Medizinische Einrichtungen),"Mathematik, Naturwissenschaften",1.8544E7
2022-01-01T00:00:00.000Z,Berlin,Medizinische Einrichtungen der Universitäten,Geisteswissenschaften,
2021-01-01T00:00:00.000Z,Berlin,Theologische Hochschulen,Zentr.Einrichtungen (o. klinikspez. Einrichtungen),
2022-01-01T00:00:00.000Z,Bayern,Kunsthochschulen,Sport,
2022-01-01T00:00:00.000Z,Niedersachsen,Universitäten (ohne Medizinische Einrichtungen),Zentr.Einrichtungen (o. klinikspez. Einrichtungen),1.80998E8
2022-01-01T00:00:00.000Z,Saarland,Medizinische Einrichtungen der Universitäten,Sport,
2019-01-01T00:00:00.000Z,Hessen,Verwaltungsfachhochschulen,Ingenieurwissenschaften,0.0
2019-01-01T00:00:00.000Z,Thüringen,Theologische Hochschulen,"Mathematik, Naturwissenschaften",
2019-01-01T00:00:00.000Z,Saarland,Theologische Hochschulen,"Kunst, Kunstwissenschaft",
2019-01-01T00:00:00.000Z,Hamburg,Pädagogische Hochschulen,Zentr.Einrichtungen (o. klinikspez. Einrichtungen),
2021-01-01T00:00:00.000Z,Hamburg,Fachhochschulen,"Agrar-, Forst- u.Ernährungswiss., Veterinärmedizin",273000.0
2019-01-01T00:00:00.000Z,Rheinland-Pfalz,Fachhochschulen,"Agrar-, Forst- u.Ernährungswiss., Veterinärmedizin",371000.0
2020-01-01T00:00:00.000Z,Mecklenburg-Vorpommern,Theologische Hochschulen,Zentr.Einrichtungen (o. klinikspez. Einrichtungen),
2022-01-01T00:00:00.000Z,Bremen,Universitäten (ohne Medizinische Einrichtungen),Geisteswissenschaften,1743000.0
2020-01-01T00:00:00.000Z,Nordrhein-Westfalen,Pädagogische Hochschulen,"Agrar-, Forst- u.Ernährungswiss., Veterinärmedizin",
2021-01-01T00:00:00.000Z,Niedersachsen,Verwaltungsfachhochschulen,Humanmedizin/Gesundheitswissenschaften,
2022-01-01T00:00:00.000Z,Niedersachsen,Pädagogische Hochschulen,"Agrar-, Forst- u.Ernährungswiss., Veterinärmedizin",
2022-01-01T00:00:00.000Z,Rheinland-Pfalz,Kunsthochschulen,"Agrar-, Forst- u.Ernährungswiss., Veterinärmedizin",
2019-01-01T00:00:00.000Z,Hessen,Fachhochschulen,"Mathematik, Naturwissenschaften",6646000.0
2022-01-01T00:00:00.000Z,Sachsen,Medizinische Einrichtungen der Universitäten,"Kunst, Kunstwissenschaft",
2019-01-01T00:00:00.000Z,Hessen,Verwaltungsfachhochschulen,Sport,
2021-01-01T00:00:00.000Z,Rheinland-Pfalz,Pädagogische Hochschulen,"Kunst, Kunstwissenschaft",
2019-01-01T00:00:00.000Z,Thüringen,Fachhochschulen,"Rechts-, Wirtschafts- und Sozialwissenschaften",7350000.0
2021-01-01T00:00:00.000Z,Thüringen,Kunsthochschulen,Geisteswissenschaften,
2019-01-01T00:00:00.000Z,Brandenburg,Theologische Hochschulen,Humanmedizin/Gesundheitswissenschaften,
2022-01-01T00:00:00.000Z,Baden-Württemberg,Medizinische Einrichtungen der Universitäten,Ingenieurwissenschaften,
2019-01-01T00:00:00.000Z,Rheinland-Pfalz,Medizinische Einrichtungen der Universitäten,"Agrar-, Forst- u.Ernährungswiss., Veterinärmedizin",
2021-01-01T00:00:00.000Z,Schleswig-Holstein,Medizinische Einrichtungen der Universitäten,Zentr.Einrichtungen (o. klinikspez. Einrichtungen),
2019-01-01T00:00:00.000Z,Baden-Württemberg,Kunsthochschulen,Sport,
2021-01-01T00:00:00.000Z,Hessen,Pädagogische Hochschulen,Humanmedizin/Gesundheitswissenschaften,
2022-01-01T00:00:00.000Z,Baden-Württemberg,Verwaltungsfachhochschulen,Ingenieurwissenschaften,
2020-01-01T00:00:00.000Z,Sachsen-Anhalt,Universitäten (ohne Medizinische Einrichtungen),Sport,840000.0
2021-01-01T00:00:00.000Z,Baden-Württemberg,Fachhochschulen,Sport,
2022-01-01T00:00:00.000Z,Hessen,Pädagogische Hochschulen,Ingenieurwissenschaften,
2021-01-01T00:00:00.000Z,Sachsen-Anhalt,Universitäten (ohne Medizinische Einrichtungen),Sport,769000.0
2022-01-01T00:00:00.000Z,Mecklenburg-Vorpommern,Verwaltungsfachhochschulen,"Kunst, Kunstwissenschaft",
2021-01-01T00:00:00.000Z,Nordrhein-Westfalen,Universitäten (ohne Medizinische Einrichtungen),Humanmedizin/Gesundheitswissenschaften,
2022-01-01T00:00:00.000Z,Mecklenburg-Vorpommern,Pädagogische Hochschulen,"Kunst, Kunstwissenschaft",
2020-01-01T00:00:00.000Z,Nordrhein-Westfalen,Theologische Hochschulen,Sport,
2019-01-01T00:00:00.000Z,Baden-Württemberg,Universitäten (ohne Medizinische Einrichtungen),"Rechts-, Wirtschafts- und Sozialwissenschaften",8.6433E7
2019-01-01T00:00:00.000Z,Rheinland-Pfalz,Medizinische Einrichtungen der Universitäten,"Rechts-, Wirtschafts- und Sozialwissenschaften",
2019-01-01T00:00:00.000Z,Bremen,Verwaltungsfachhochschulen,Ingenieurwissenschaften,
2019-01-01T00:00:00.000Z,Baden-Württemberg,Medizinische Einrichtungen der Universitäten,"Kunst, Kunstwissenschaft",
2022-01-01T00:00:00.000Z,Nordrhein-Westfalen,Verwaltungsfachhochschulen,"Kunst, Kunstwissenschaft",
2019-01-01T00:00:00.000Z,Brandenburg,Universitäten (ohne Medizinische Einrichtungen),Zentr.Einrichtungen (o. klinikspez. Einrichtungen),2.8128E7
2022-01-01T00:00:00.000Z,Rheinland-Pfalz,Pädagogische Hochschulen,"Agrar-, Forst- u.Ernährungswiss., Veterinärmedizin",
2022-01-01T00:00:00.000Z,Baden-Württemberg,Kunsthochschulen,Ingenieurwissenschaften,230000.0
2022-01-01T00:00:00.000Z,Baden-Württemberg,Universitäten (ohne Medizinische Einrichtungen),"Rechts-, Wirtschafts- und Sozialwissenschaften",1.09017E8
2019-01-01T00:00:00.000Z,Mecklenburg-Vorpommern,Medizinische Einrichtungen der Universitäten,Zentr.Einrichtungen (o. klinikspez. Einrichtungen),
2019-01-01T00:00:00.000Z,Mecklenburg-Vorpommern,Fachhochschulen,"Kunst, Kunstwissenschaft",246000.0
2022-01-01T00:00:00.000Z,Mecklenburg-Vorpommern,Kunsthochschulen,"Kunst, Kunstwissenschaft",368000.0
2021-01-01T00:00:00.000Z,Bayern,Universitäten (ohne Medizinische Einrichtungen),Sport,9357000.0
2019-01-01T00:00:00.000Z,Rheinland-Pfalz,Theologische Hochschulen,"Mathematik, Naturwissenschaften",
2020-01-01T00:00:00.000Z,Baden-Württemberg,Medizinische Einrichtungen der Universitäten,"Mathematik, Naturwissenschaften",
2022-01-01T00:00:00.000Z,Nordrhein-Westfalen,Theologische Hochschulen,Zentr.Einrichtungen (o. klinikspez. Einrichtungen),234000.0
2022-01-01T00:00:00.000Z,Thüringen,Verwaltungsfachhochschulen,"Rechts-, Wirtschafts- und Sozialwissenschaften",460000.0
2019-01-01T00:00:00.000Z,Rheinland-Pfalz,Theologische Hochschulen,Geisteswissenschaften,710000.0
2022-01-01T00:00:00.000Z,Sachsen-Anhalt,Verwaltungsfachhochschulen,"Mathematik, Naturwissenschaften",
2019-01-01T00:00:00.000Z,Brandenburg,Fachhochschulen,Humanmedizin/Gesundheitswissenschaften,
2022-01-01T00:00:00.000Z,Baden-Württemberg,Verwaltungsfachhochschulen,Humanmedizin/Gesundheitswissenschaften,
2022-01-01T00:00:00.000Z,Brandenburg,Pädagogische Hochschulen,Ingenieurwissenschaften,
2022-01-01T00:00:00.000Z,Rheinland-Pfalz,Fachhochschulen,"Rechts-, Wirtschafts- und Sozialwissenschaften",2.2264E7
2022-01-01T00:00:00.000Z,Sachsen,Universitäten (ohne Medizinische Einrichtungen),"Agrar-, Forst- u.Ernährungswiss., Veterinärmedizin",2.2215E7
2020-01-01T00:00:00.000Z,Saarland,Pädagogische Hochschulen,Ingenieurwissenschaften,
2019-01-01T00:00:00.000Z,Brandenburg,Fachhochschulen,"Mathematik, Naturwissenschaften",1725000.0
2021-01-01T00:00:00.000Z,Niedersachsen,Universitäten (ohne Medizinische Einrichtungen),"Mathematik, Naturwissenschaften",1.52741E8
2022-01-01T00:00:00.000Z,Niedersachsen,Pädagogische Hochschulen,Geisteswissenschaften,
2020-01-01T00:00:00.000Z,Baden-Württemberg,Universitäten (ohne Medizinische Einrichtungen),Ingenieurwissenschaften,3.13327E8
2020-01-01T00:00:00.000Z,Mecklenburg-Vorpommern,Pädagogische Hochschulen,Geisteswissenschaften,
2022-01-01T00:00:00.000Z,Sachsen-Anhalt,Universitäten (ohne Medizinische Einrichtungen),"Kunst, Kunstwissenschaft",885000.0
2019-01-01T00:00:00.000Z,Bayern,Fachhochschulen,"Mathematik, Naturwissenschaften",5135000.0
2022-01-01T00:00:00.000Z,Berlin,Kunsthochschulen,Ingenieurwissenschaften,136000.0
2019-01-01T00:00:00.000Z,Thüringen,Theologische Hochschulen,Humanmedizin/Gesundheitswissenschaften,
2022-01-01T00:00:00.000Z,Brandenburg,Pädagogische Hochschulen,Humanmedizin/Gesundheitswissenschaften,
2022-01-01T00:00:00.000Z,Bremen,Verwaltungsfachhochschulen,"Agrar-, Forst- u.Ernährungswiss., Veterinärmedizin",
2019-01-01T00:00:00.000Z,Niedersachsen,Fachhochschulen,"Agrar-, Forst- u.Ernährungswiss., Veterinärmedizin",5751000.0
2020-01-01T00:00:00.000Z,Sachsen,Medizinische Einrichtungen der Universitäten,"Agrar-, Forst- u.Ernährungswiss., Veterinärmedizin",
2021-01-01T00:00:00.000Z,Rheinland-Pfalz,Verwaltungsfachhochschulen,"Rechts-, Wirtschafts- und Sozialwissenschaften",6871000.0
2022-01-01T00:00:00.000Z,Brandenburg,Universitäten (ohne Medizinische Einrichtungen),Humanmedizin/Gesundheitswissenschaften,
2022-01-01T00:00:00.000Z,Saarland,Universitäten (ohne Medizinische Einrichtungen),"Kunst, Kunstwissenschaft",92000.0
2021-01-01T00:00:00.000Z,Brandenburg,Universitäten (ohne Medizinische Einrichtungen),Sport,3146000.0
2021-01-01T00:00:00.000Z,Bayern,Pädagogische Hochschulen,Ingenieurwissenschaften,
2021-01-01T00:00:00.000Z,Bayern,Medizinische Einrichtungen der Universitäten,Humanmedizin/Gesundheitswissenschaften,4.451626E9
2020-01-01T00:00:00.000Z,Sachsen,Theologische Hochschulen,"Agrar-, Forst- u.Ernährungswiss., Veterinärmedizin",
2020-01-01T00:00:00.000Z,Hamburg,Medizinische Einrichtungen der Universitäten,Sport,
2021-01-01T00:00:00.000Z,Nordrhein-Westfalen,Kunsthochschulen,Humanmedizin/Gesundheitswissenschaften,
2020-01-01T00:00:00.000Z,Thüringen,Pädagogische Hochschulen,Zentr.Einrichtungen (o. klinikspez. Einrichtungen),
2022-01-01T00:00:00.000Z,Hamburg,Medizinische Einrichtungen der Universitäten,Geisteswissenschaften,
2019-01-01T00:00:00.000Z,Schleswig-Holstein,Universitäten (ohne Medizinische Einrichtungen),Humanmedizin/Gesundheitswissenschaften,
2022-01-01T00:00:00.000Z,Brandenburg,Universitäten (ohne Medizinische Einrichtungen),Sport,2910000.0
2020-01-01T00:00:00.000Z,Saarland,Kunsthochschulen,"Kunst, Kunstwissenschaft",0.0
2022-01-01T00:00:00.000Z,Saarland,Fachhochschulen,Sport,
2019-01-01T00:00:00.000Z,Thüringen,Universitäten (ohne Medizinische Einrichtungen),Zentr.Einrichtungen (o. klinikspez. Einrichtungen),4.1231E7
2021-01-01T00:00:00.000Z,Hamburg,Verwaltungsfachhochschulen,"Mathematik, Naturwissenschaften",
2021-01-01T00:00:00.000Z,Hessen,Verwaltungsfachhochschulen,"Kunst, Kunstwissenschaft",
2019-01-01T00:00:00.000Z,Schleswig-Holstein,Verwaltungsfachhochschulen,"Rechts-, Wirtschafts- und Sozialwissenschaften",1.0757E7
2020-01-01T00:00:00.000Z,Bremen,Verwaltungsfachhochschulen,"Mathematik, Naturwissenschaften",
2020-01-01T00:00:00.000Z,Baden-Württemberg,Kunsthochschulen,Sport,
2022-01-01T00:00:00.000Z,Baden-Württemberg,Theologische Hochschulen,"Rechts-, Wirtschafts- und Sozialwissenschaften",
2021-01-01T00:00:00.000Z,Bremen,Fachhochschulen,"Mathematik, Naturwissenschaften",740000.0
2019-01-01T00:00:00.000Z,Hessen,Verwaltungsfachhochschulen,Zentr.Einrichtungen (o. klinikspez. Einrichtungen),24000.0
2022-01-01T00:00:00.000Z,Thüringen,Pädagogische Hochschulen,"Mathematik, Naturwissenschaften",
2022-01-01T00:00:00.000Z,Schleswig-Holstein,Fachhochschulen,"Agrar-, Forst- u.Ernährungswiss., Veterinärmedizin",63000.0
2019-01-01T00:00:00.000Z,Berlin,Verwaltungsfachhochschulen,"Mathematik, Naturwissenschaften",
2019-01-01T00:00:00.000Z,Nordrhein-Westfalen,Theologische Hochschulen,Sport,
2019-01-01T00:00:00.000Z,Mecklenburg-Vorpommern,Theologische Hochschulen,"Mathematik, Naturwissenschaften",
2022-01-01T00:00:00.000Z,Bremen,Pädagogische Hochschulen,Zentr.Einrichtungen (o. klinikspez. Einrichtungen),
2020-01-01T00:00:00.000Z,Baden-Württemberg,Kunsthochschulen,Zentr.Einrichtungen (o. klinikspez. Einrichtungen),2753000.0
2022-01-01T00:00:00.000Z,Hamburg,Theologische Hochschulen,Sport,
2021-01-01T00:00:00.000Z,Nordrhein-Westfalen,Verwaltungsfachhochschulen,"Agrar-, Forst- u.Ernährungswiss., Veterinärmedizin",
2022-01-01T00:00:00.000Z,Nordrhein-Westfalen,Fachhochschulen,Geisteswissenschaften,1101000.0
2022-01-01T00:00:00.000Z,Nordrhein-Westfalen,Kunsthochschulen,Ingenieurwissenschaften,1141000.0
2019-01-01T00:00:00.000Z,Hamburg,Medizinische Einrichtungen der Universitäten,"Agrar-, Forst- u.Ernährungswiss., Veterinärmedizin",
2020-01-01T00:00:00.000Z,Saarland,Medizinische Einrichtungen der Universitäten,"Kunst, Kunstwissenschaft",
2021-01-01T00:00:00.000Z,Schleswig-Holstein,Medizinische Einrichtungen der Universitäten,"Kunst, Kunstwissenschaft",
2021-01-01T00:00:00.000Z,Berlin,Pädagogische Hochschulen,"Agrar-, Forst- u.Ernährungswiss., Veterinärmedizin",
2019-01-01T00:00:00.000Z,Bremen,Verwaltungsfachhochschulen,Geisteswissenschaften,
2020-01-01T00:00:00.000Z,Berlin,Fachhochschulen,Humanmedizin/Gesundheitswissenschaften,7677000.0
2021-01-01T00:00:00.000Z,Baden-Württemberg,Kunsthochschulen,Ingenieurwissenschaften,83000.0
2020-01-01T00:00:00.000Z,Berlin,Verwaltungsfachhochschulen,Humanmedizin/Gesundheitswissenschaften,
2020-01-01T00:00:00.000Z,Sachsen-Anhalt,Pädagogische Hochschulen,"Kunst, Kunstwissenschaft",
2020-01-01T00:00:00.000Z,Mecklenburg-Vorpommern,Universitäten (ohne Medizinische Einrichtungen),Humanmedizin/Gesundheitswissenschaften,
2022-01-01T00:00:00.000Z,Saarland,Fachhochschulen,Humanmedizin/Gesundheitswissenschaften,3.0078E7
2019-01-01T00:00:00.000Z,Brandenburg,Theologische Hochschulen,Sport,
2019-01-01T00:00:00.000Z,Hessen,Universitäten (ohne Medizinische Einrichtungen),Humanmedizin/Gesundheitswissenschaften,
2022-01-01T00:00:00.000Z,Schleswig-Holstein,Fachhochschulen,"Mathematik, Naturwissenschaften",1425000.0
2021-01-01T00:00:00.000Z,Thüringen,Verwaltungsfachhochschulen,Zentr.Einrichtungen (o. klinikspez. Einrichtungen),8000.0
2020-01-01T00:00:00.000Z,Sachsen-Anhalt,Medizinische Einrichtungen der Universitäten,"Kunst, Kunstwissenschaft",
2022-01-01T00:00:00.000Z,Bayern,Universitäten (ohne Medizinische Einrichtungen),Ingenieurwissenschaften,3.74211E8
2019-01-01T00:00:00.000Z,Thüringen,Verwaltungsfachhochschulen,"Rechts-, Wirtschafts- und Sozialwissenschaften",457000.0
2019-01-01T00:00:00.000Z,Hamburg,Universitäten (ohne Medizinische Einrichtungen),"Rechts-, Wirtschafts- und Sozialwissenschaften",4.0215E7
2021-01-01T00:00:00.000Z,Hessen,Pädagogische Hochschulen,Sport,
2021-01-01T00:00:00.000Z,Bayern,Kunsthochschulen,Geisteswissenschaften,0.0
2019-01-01T00:00:00.000Z,Mecklenburg-Vorpommern,Kunsthochschulen,"Rechts-, Wirtschafts- und Sozialwissenschaften",
2019-01-01T00:00:00.000Z,Brandenburg,Universitäten (ohne Medizinische Einrichtungen),"Kunst, Kunstwissenschaft",1198000.0
2019-01-01T00:00:00.000Z,Baden-Württemberg,Medizinische Einrichtungen der Universitäten,Ingenieurwissenschaften,
2019-01-01T00:00:00.000Z,Brandenburg,Kunsthochschulen,"Agrar-, Forst- u.Ernährungswiss., Veterinärmedizin",
2022-01-01T00:00:00.000Z,Hamburg,Theologische Hochschulen,"Mathematik, Naturwissenschaften",
2022-01-01T00:00:00.000Z,Bremen,Verwaltungsfachhochschulen,Zentr.Einrichtungen (o. klinikspez. Einrichtungen),310000.0
2022-01-01T00:00:00.000Z,Mecklenburg-Vorpommern,Medizinische Einrichtungen der Universitäten,"Agrar-, Forst- u.Ernährungswiss., Veterinärmedizin",
2021-01-01T00:00:00.000Z,Bayern,Medizinische Einrichtungen der Universitäten,Zentr.Einrichtungen (o. klinikspez. Einrichtungen),
2022-01-01T00:00:00.000Z,Sachsen-Anhalt,Kunsthochschulen,"Mathematik, Naturwissenschaften",
2019-01-01T00:00:00.000Z,Berlin,Universitäten (ohne Medizinische Einrichtungen),"Agrar-, Forst- u.Ernährungswiss., Veterinärmedizin",2.2574E7
2019-01-01T00:00:00.000Z,Niedersachsen,Medizinische Einrichtungen der Universitäten,"Kunst, Kunstwissenschaft",
2022-01-01T00:00:00.000Z,Hamburg,Pädagogische Hochschulen,Zentr.Einrichtungen (o. klinikspez. Einrichtungen),
2021-01-01T00:00:00.000Z,Rheinland-Pfalz,Universitäten (ohne Medizinische Einrichtungen),"Mathematik, Naturwissenschaften",9.138E7
2021-01-01T00:00:00.000Z,Nordrhein-Westfalen,Theologische Hochschulen,"Mathematik, Naturwissenschaften",
2022-01-01T00:00:00.000Z,Saarland,Theologische Hochschulen,Humanmedizin/Gesundheitswissenschaften,
2022-01-01T00:00:00.000Z,Sachsen,Fachhochschulen,Humanmedizin/Gesundheitswissenschaften,103000.0
2022-01-01T00:00:00.000Z,Sachsen,Fachhochschulen,Ingenieurwissenschaften,3.4194E7
2022-01-01T00:00:00.000Z,Hamburg,Verwaltungsfachhochschulen,Humanmedizin/Gesundheitswissenschaften,
2019-01-01T00:00:00.000Z,Nordrhein-Westfalen,Pädagogische Hochschulen,"Agrar-, Forst- u.Ernährungswiss., Veterinärmedizin",
2021-01-01T00:00:00.000Z,Hessen,Fachhochschulen,"Agrar-, Forst- u.Ernährungswiss., Veterinärmedizin",7087000.0
2019-01-01T00:00:00.000Z,Bayern,Kunsthochschulen,"Agrar-, Forst- u.Ernährungswiss., Veterinärmedizin",
2020-01-01T00:00:00.000Z,Baden-Württemberg,Fachhochschulen,Geisteswissenschaften,5726000.0
2022-01-01T00:00:00.000Z,Bayern,Kunsthochschulen,"Mathematik, Naturwissenschaften",
2021-01-01T00:00:00.000Z,Berlin,Theologische Hochschulen,"Mathematik, Naturwissenschaften",
2020-01-01T00:00:00.000Z,Schleswig-Holstein,Fachhochschulen,Sport,
2021-01-01T00:00:00.000Z,Mecklenburg-Vorpommern,Fachhochschulen,"Agrar-, Forst- u.Ernährungswiss., Veterinärmedizin",905000.0
2022-01-01T00:00:00.000Z,Schleswig-Holstein,Theologische Hochschulen,Zentr.Einrichtungen (o. klinikspez. Einrichtungen),
2022-01-01T00:00:00.000Z,Bremen,Pädagogische Hochschulen,Sport,
2020-01-01T00:00:00.000Z,Bremen,Universitäten (ohne Medizinische Einrichtungen),Zentr.Einrichtungen (o. klinikspez. Einrichtungen),1.33358E8
2022-01-01T00:00:00.000Z,Rheinland-Pfalz,Theologische Hochschulen,Humanmedizin/Gesundheitswissenschaften,543000.0
2021-01-01T00:00:00.000Z,Bayern,Verwaltungsfachhochschulen,Humanmedizin/Gesundheitswissenschaften,
2020-01-01T00:00:00.000Z,Saarland,Pädagogische Hochschulen,Zentr.Einrichtungen (o. klinikspez. Einrichtungen),
2021-01-01T00:00:00.000Z,Baden-Württemberg,Universitäten (ohne Medizinische Einrichtungen),"Rechts-, Wirtschafts- und Sozialwissenschaften",1.03452E8
2021-01-01T00:00:00.000Z,Thüringen,Fachhochschulen,"Kunst, Kunstwissenschaft",29000.0
2019-01-01T00:00:00.000Z,Niedersachsen,Verwaltungsfachhochschulen,"Rechts-, Wirtschafts- und Sozialwissenschaften",1051000.0
2022-01-01T00:00:00.000Z,Bremen,Verwaltungsfachhochschulen,Ingenieurwissenschaften,
2019-01-01T00:00:00.000Z,Niedersachsen,Theologische Hochschulen,"Rechts-, Wirtschafts- und Sozialwissenschaften",
2022-01-01T00:00:00.000Z,Baden-Württemberg,Fachhochschulen,Ingenieurwissenschaften,1.07274E8
2020-01-01T00:00:00.000Z,Hamburg,Verwaltungsfachhochschulen,"Mathematik, Naturwissenschaften",
2019-01-01T00:00:00.000Z,Sachsen,Pädagogische Hochschulen,Humanmedizin/Gesundheitswissenschaften,
2022-01-01T00:00:00.000Z,Bayern,Kunsthochschulen,Zentr.Einrichtungen (o. klinikspez. Einrichtungen),1052000.0
2020-01-01T00:00:00.000Z,Bayern,Pädagogische Hochschulen,Geisteswissenschaften,
2021-01-01T00:00:00.000Z,Sachsen,Kunsthochschulen,Sport,
2022-01-01T00:00:00.000Z,Rheinland-Pfalz,Universitäten (ohne Medizinische Einrichtungen),Zentr.Einrichtungen (o. klinikspez. Einrichtungen),7.1258E7
2021-01-01T00:00:00.000Z,Schleswig-Holstein,Pädagogische Hochschulen,Ingenieurwissenschaften,
2019-01-01T00:00:00.000Z,Nordrhein-Westfalen,Kunsthochschulen,"Agrar-, Forst- u.Ernährungswiss., Veterinärmedizin",
2022-01-01T00:00:00.000Z,Hamburg,Verwaltungsfachhochschulen,Ingenieurwissenschaften,
2020-01-01T00:00:00.000Z,Saarland,Theologische Hochschulen,"Agrar-, Forst- u.Ernährungswiss., Veterinärmedizin",
2022-01-01T00:00:00.000Z,Bremen,Kunsthochschulen,"Rechts-, Wirtschafts- und Sozialwissenschaften",
2021-01-01T00:00:00.000Z,Sachsen-Anhalt,Pädagogische Hochschulen,Ingenieurwissenschaften,
2020-01-01T00:00:00.000Z,Hamburg,Kunsthochschulen,Humanmedizin/Gesundheitswissenschaften,
2020-01-01T00:00:00.000Z,Rheinland-Pfalz,Theologische Hochschulen,Ingenieurwissenschaften,
2020-01-01T00:00:00.000Z,Mecklenburg-Vorpommern,Fachhochschulen,Sport,
2021-01-01T00:00:00.000Z,Schleswig-Holstein,Verwaltungsfachhochschulen,"Rechts-, Wirtschafts- und Sozialwissenschaften",1.0961E7
2019-01-01T00:00:00.000Z,Schleswig-Holstein,Medizinische Einrichtungen der Universitäten,"Agrar-, Forst- u.Ernährungswiss., Veterinärmedizin",
2021-01-01T00:00:00.000Z,Brandenburg,Fachhochschulen,Sport,1002000.0
2022-01-01T00:00:00.000Z,Saarland,Universitäten (ohne Medizinische Einrichtungen),Zentr.Einrichtungen (o. klinikspez. Einrichtungen),2.8695E7
2020-01-01T00:00:00.000Z,Rheinland-Pfalz,Theologische Hochschulen,Geisteswissenschaften,659000.0
2019-01-01T00:00:00.000Z,Thüringen,Universitäten (ohne Medizinische Einrichtungen),"Mathematik, Naturwissenschaften",5.7051E7
2022-01-01T00:00:00.000Z,Bayern,Theologische Hochschulen,Ingenieurwissenschaften,
2020-01-01T00:00:00.000Z,Brandenburg,Verwaltungsfachhochschulen,Humanmedizin/Gesundheitswissenschaften,
2019-01-01T00:00:00.000Z,Bremen,Medizinische Einrichtungen der Universitäten,Sport,
2022-01-01T00:00:00.000Z,Hessen,Universitäten (ohne Medizinische Einrichtungen),Sport,3776000.0
2019-01-01T00:00:00.000Z,Nordrhein-Westfalen,Medizinische Einrichtungen der Universitäten,Humanmedizin/Gesundheitswissenschaften,4.724697E9
2021-01-01T00:00:00.000Z,Rheinland-Pfalz,Medizinische Einrichtungen der Universitäten,"Rechts-, Wirtschafts- und Sozialwissenschaften",
2020-01-01T00:00:00.000Z,Rheinland-Pfalz,Fachhochschulen,"Mathematik, Naturwissenschaften",1268000.0
2020-01-01T00:00:00.000Z,Sachsen-Anhalt,Kunsthochschulen,Sport,
2021-01-01T00:00:00.000Z,Schleswig-Holstein,Verwaltungsfachhochschulen,"Kunst, Kunstwissenschaft",
2019-01-01T00:00:00.000Z,Sachsen-Anhalt,Kunsthochschulen,"Kunst, Kunstwissenschaft",919000.0
2021-01-01T00:00:00.000Z,Berlin,Medizinische Einrichtungen der Universitäten,Geisteswissenschaften,
2019-01-01T00:00:00.000Z,Sachsen-Anhalt,Kunsthochschulen,Sport,
2019-01-01T00:00:00.000Z,Bremen,Universitäten (ohne Medizinische Einrichtungen),"Rechts-, Wirtschafts- und Sozialwissenschaften",1.4766E7
2019-01-01T00:00:00.000Z,Hamburg,Fachhochschulen,"Rechts-, Wirtschafts- und Sozialwissenschaften",8.6537E7
2020-01-01T00:00:00.000Z,Sachsen,Medizinische Einrichtungen der Universitäten,Geisteswissenschaften,
2020-01-01T00:00:00.000Z,Berlin,Theologische Hochschulen,Geisteswissenschaften,
2022-01-01T00:00:00.000Z,Berlin,Verwaltungsfachhochschulen,Zentr.Einrichtungen (o. klinikspez. Einrichtungen),
2020-01-01T00:00:00.000Z,Sachsen-Anhalt,Fachhochschulen,Geisteswissenschaften,34000.0
2020-01-01T00:00:00.000Z,Brandenburg,Theologische Hochschulen,Sport,
2021-01-01T00:00:00.000Z,Bayern,Universitäten (ohne Medizinische Einrichtungen),"Mathematik, Naturwissenschaften",2.94438E8
2021-01-01T00:00:00.000Z,Rheinland-Pfalz,Medizinische Einrichtungen der Universitäten,"Kunst, Kunstwissenschaft",
2019-01-01T00:00:00.000Z,Rheinland-Pfalz,Universitäten (ohne Medizinische Einrichtungen),Geisteswissenschaften,1.5656E7
2020-01-01T00:00:00.000Z,Bremen,Fachhochschulen,Humanmedizin/Gesundheitswissenschaften,8074000.0
2021-01-01T00:00:00.000Z,Thüringen,Theologische Hochschulen,"Kunst, Kunstwissenschaft",
2021-01-01T00:00:00.000Z,Schleswig-Holstein,Universitäten (ohne Medizinische Einrichtungen),"Agrar-, Forst- u.Ernährungswiss., Veterinärmedizin",8986000.0
2019-01-01T00:00:00.000Z,Mecklenburg-Vorpommern,Fachhochschulen,Sport,
2021-01-01T00:00:00.000Z,Nordrhein-Westfalen,Medizinische Einrichtungen der Universitäten,Zentr.Einrichtungen (o. klinikspez. Einrichtungen),
2021-01-01T00:00:00.000Z,Niedersachsen,Verwaltungsfachhochschulen,"Rechts-, Wirtschafts- und Sozialwissenschaften",680000.0
2019-01-01T00:00:00.000Z,Hessen,Medizinische Einrichtungen der Universitäten,Zentr.Einrichtungen (o. klinikspez. Einrichtungen),
2019-01-01T00:00:00.000Z,Mecklenburg-Vorpommern,Verwaltungsfachhochschulen,Zentr.Einrichtungen (o. klinikspez. Einrichtungen),520000.0
2022-01-01T00:00:00.000Z,Baden-Württemberg,Verwaltungsfachhochschulen,Zentr.Einrichtungen (o. klinikspez. Einrichtungen),1202000.0
2020-01-01T00:00:00.000Z,Brandenburg,Pädagogische Hochschulen,Zentr.Einrichtungen (o. klinikspez. Einrichtungen),
2021-01-01T00:00:00.000Z,Bayern,Verwaltungsfachhochschulen,Zentr.Einrichtungen (o. klinikspez. Einrichtungen),710000.0
2022-01-01T00:00:00.000Z,Hamburg,Medizinische Einrichtungen der Universitäten,Humanmedizin/Gesundheitswissenschaften,1.106499E9
2022-01-01T00:00:00.000Z,Saarland,Pädagogische Hochschulen,Geisteswissenschaften,
2021-01-01T00:00:00.000Z,Hamburg,Universitäten (ohne Medizinische Einrichtungen),"Kunst, Kunstwissenschaft",
2022-01-01T00:00:00.000Z,Bremen,Medizinische Einrichtungen der Universitäten,Zentr.Einrichtungen (o. klinikspez. Einrichtungen),
2019-01-01T00:00:00.000Z,Mecklenburg-Vorpommern,Universitäten (ohne Medizinische Einrichtungen),Geisteswissenschaften,3764000.0
2020-01-01T00:00:00.000Z,Sachsen,Pädagogische Hochschulen,Sport,
2021-01-01T00:00:00.000Z,Brandenburg,Verwaltungsfachhochschulen,Zentr.Einrichtungen (o. klinikspez. Einrichtungen),0.0
2020-01-01T00:00:00.000Z,Brandenburg,Medizinische Einrichtungen der Universitäten,Humanmedizin/Gesundheitswissenschaften,1.2725E7
2019-01-01T00:00:00.000Z,Nordrhein-Westfalen,Verwaltungsfachhochschulen,Humanmedizin/Gesundheitswissenschaften,
2019-01-01T00:00:00.000Z,Schleswig-Holstein,Pädagogische Hochschulen,"Kunst, Kunstwissenschaft",
2021-01-01T00:00:00.000Z,Sachsen,Kunsthochschulen,Ingenieurwissenschaften,
2020-01-01T00:00:00.000Z,Bayern,Pädagogische Hochschulen,"Agrar-, Forst- u.Ernährungswiss., Veterinärmedizin",
2022-01-01T00:00:00.000Z,Niedersachsen,Kunsthochschulen,"Agrar-, Forst- u.Ernährungswiss., Veterinärmedizin",
2019-01-01T00:00:00.000Z,Nordrhein-Westfalen,Fachhochschulen,Ingenieurwissenschaften,9.5932E7
2022-01-01T00:00:00.000Z,Rheinland-Pfalz,Verwaltungsfachhochschulen,Humanmedizin/Gesundheitswissenschaften,
2021-01-01T00:00:00.000Z,Hessen,Theologische Hochschulen,"Agrar-, Forst- u.Ernährungswiss., Veterinärmedizin",
2019-01-01T00:00:00.000Z,Brandenburg,Verwaltungsfachhochschulen,Sport,
2020-01-01T00:00:00.000Z,Mecklenburg-Vorpommern,Fachhochschulen,"Mathematik, Naturwissenschaften",
2022-01-01T00:00:00.000Z,Sachsen,Verwaltungsfachhochschulen,"Kunst, Kunstwissenschaft",
2022-01-01T00:00:00.000Z,Sachsen-Anhalt,Theologische Hochschulen,Ingenieurwissenschaften,
2019-01-01T00:00:00.000Z,Hamburg,Verwaltungsfachhochschulen,"Kunst, Kunstwissenschaft",
2019-01-01T00:00:00.000Z,Schleswig-Holstein,Verwaltungsfachhochschulen,"Agrar-, Forst- u.Ernährungswiss., Veterinärmedizin",
2019-01-01T00:00:00.000Z,Bayern,Medizinische Einrichtungen der Universitäten,"Rechts-, Wirtschafts- und Sozialwissenschaften",
2020-01-01T00:00:00.000Z,Thüringen,Verwaltungsfachhochschulen,Ingenieurwissenschaften,
2020-01-01T00:00:00.000Z,Bremen,Pädagogische Hochschulen,Ingenieurwissenschaften,
2019-01-01T00:00:00.000Z,Sachsen-Anhalt,Verwaltungsfachhochschulen,"Mathematik, Naturwissenschaften",
2021-01-01T00:00:00.000Z,Sachsen-Anhalt,Theologische Hochschulen,Humanmedizin/Gesundheitswissenschaften,
2021-01-01T00:00:00.000Z,Hamburg,Theologische Hochschulen,"Kunst, Kunstwissenschaft",
2021-01-01T00:00:00.000Z,Mecklenburg-Vorpommern,Pädagogische Hochschulen,"Rechts-, Wirtschafts- und Sozialwissenschaften",
2019-01-01T00:00:00.000Z,Niedersachsen,Universitäten (ohne Medizinische Einrichtungen),Zentr.Einrichtungen (o. klinikspez. Einrichtungen),1.56525E8
2022-01-01T00:00:00.000Z,Niedersachsen,Pädagogische Hochschulen,"Mathematik, Naturwissenschaften",
2021-01-01T00:00:00.000Z,Rheinland-Pfalz,Pädagogische Hochschulen,"Rechts-, Wirtschafts- und Sozialwissenschaften",
2019-01-01T00:00:00.000Z,Sachsen-Anhalt,Fachhochschulen,Zentr.Einrichtungen (o. klinikspez. Einrichtungen),1.6498E7
2019-01-01T00:00:00.000Z,Nordrhein-Westfalen,Theologische Hochschulen,"Kunst, Kunstwissenschaft",342000.0
2020-01-01T00:00:00.000Z,Bremen,Kunsthochschulen,Geisteswissenschaften,
2020-01-01T00:00:00.000Z,Hessen,Pädagogische Hochschulen,"Kunst, Kunstwissenschaft",
2022-01-01T00:00:00.000Z,Sachsen-Anhalt,Medizinische Einrichtungen der Universitäten,Geisteswissenschaften,
2021-01-01T00:00:00.000Z,Brandenburg,Kunsthochschulen,"Rechts-, Wirtschafts- und Sozialwissenschaften",
2022-01-01T00:00:00.000Z,Hamburg,Medizinische Einrichtungen der Universitäten,Zentr.Einrichtungen (o. klinikspez. Einrichtungen),
2022-01-01T00:00:00.000Z,Schleswig-Holstein,Pädagogische Hochschulen,Zentr.Einrichtungen (o. klinikspez. Einrichtungen),
2022-01-01T00:00:00.000Z,Bayern,Fachhochschulen,Sport,0.0
2021-01-01T00:00:00.000Z,Sachsen-Anhalt,Theologische Hochschulen,"Mathematik, Naturwissenschaften",
2022-01-01T00:00:00.000Z,Niedersachsen,Pädagogische Hochschulen,Humanmedizin/Gesundheitswissenschaften,
2021-01-01T00:00:00.000Z,Niedersachsen,Verwaltungsfachhochschulen,Zentr.Einrichtungen (o. klinikspez. Einrichtungen),
2021-01-01T00:00:00.000Z,Hamburg,Pädagogische Hochschulen,Geisteswissenschaften,
2020-01-01T00:00:00.000Z,Bayern,Pädagogische Hochschulen,Sport,
2020-01-01T00:00:00.000Z,Brandenburg,Verwaltungsfachhochschulen,"Rechts-, Wirtschafts- und Sozialwissenschaften",5220000.0
2021-01-01T00:00:00.000Z,Brandenburg,Verwaltungsfachhochschulen,Geisteswissenschaften,
2020-01-01T00:00:00.000Z,Baden-Württemberg,Kunsthochschulen,Humanmedizin/Gesundheitswissenschaften,
2021-01-01T00:00:00.000Z,Hessen,Universitäten (ohne Medizinische Einrichtungen),"Mathematik, Naturwissenschaften",1.45304E8
2022-01-01T00:00:00.000Z,Hamburg,Theologische Hochschulen,Zentr.Einrichtungen (o. klinikspez. Einrichtungen),
2019-01-01T00:00:00.000Z,Rheinland-Pfalz,Universitäten (ohne Medizinische Einrichtungen),Zentr.Einrichtungen (o. klinikspez. Einrichtungen),7.5435E7
2021-01-01T00:00:00.000Z,Sachsen,Kunsthochschulen,Humanmedizin/Gesundheitswissenschaften,
2022-01-01T00:00:00.000Z,Brandenburg,Pädagogische Hochschulen,"Agrar-, Forst- u.Ernährungswiss., Veterinärmedizin",
2019-01-01T00:00:00.000Z,Schleswig-Holstein,Kunsthochschulen,Ingenieurwissenschaften,
2019-01-01T00:00:00.000Z,Bayern,Theologische Hochschulen,"Kunst, Kunstwissenschaft",
2021-01-01T00:00:00.000Z,Brandenburg,Fachhochschulen,Geisteswissenschaften,1037000.0
2020-01-01T00:00:00.000Z,Bayern,Verwaltungsfachhochschulen,"Agrar-, Forst- u.Ernährungswiss., Veterinärmedizin",
2022-01-01T00:00:00.000Z,Nordrhein-Westfalen,Verwaltungsfachhochschulen,Ingenieurwissenschaften,182000.0
2021-01-01T00:00:00.000Z,Rheinland-Pfalz,Pädagogische Hochschulen,Zentr.Einrichtungen (o. klinikspez. Einrichtungen),
2019-01-01T00:00:00.000Z,Bremen,Medizinische Einrichtungen der Universitäten,"Rechts-, Wirtschafts- und Sozialwissenschaften",
2020-01-01T00:00:00.000Z,Bremen,Medizinische Einrichtungen der Universitäten,Ingenieurwissenschaften,
2019-01-01T00:00:00.000Z,Berlin,Medizinische Einrichtungen der Universitäten,Ingenieurwissenschaften,
2021-01-01T00:00:00.000Z,Thüringen,Verwaltungsfachhochschulen,"Agrar-, Forst- u.Ernährungswiss., Veterinärmedizin",
2022-01-01T00:00:00.000Z,Nordrhein-Westfalen,Universitäten (ohne Medizinische Einrichtungen),"Rechts-, Wirtschafts- und Sozialwissenschaften",1.8076E8
2020-01-01T00:00:00.000Z,Thüringen,Pädagogische Hochschulen,"Rechts-, Wirtschafts- und Sozialwissenschaften",
2021-01-01T00:00:00.000Z,Rheinland-Pfalz,Verwaltungsfachhochschulen,Zentr.Einrichtungen (o. klinikspez. Einrichtungen),
2022-01-01T00:00:00.000Z,Thüringen,Theologische Hochschulen,Humanmedizin/Gesundheitswissenschaften,
2022-01-01T00:00:00.000Z,Bremen,Pädagogische Hochschulen,"Rechts-, Wirtschafts- und Sozialwissenschaften",
2022-01-01T00:00:00.000Z,Mecklenburg-Vorpommern,Kunsthochschulen,Geisteswissenschaften,
2020-01-01T00:00:00.000Z,Rheinland-Pfalz,Kunsthochschulen,Zentr.Einrichtungen (o. klinikspez. Einrichtungen),
2019-01-01T00:00:00.000Z,Hamburg,Medizinische Einrichtungen der Universitäten,Humanmedizin/Gesundheitswissenschaften,9.32792E8
2020-01-01T00:00:00.000Z,Sachsen-Anhalt,Fachhochschulen,Sport,
2020-01-01T00:00:00.000Z,Berlin,Verwaltungsfachhochschulen,"Agrar-, Forst- u.Ernährungswiss., Veterinärmedizin",
2021-01-01T00:00:00.000Z,Berlin,Universitäten (ohne Medizinische Einrichtungen),"Rechts-, Wirtschafts- und Sozialwissenschaften",1.43365E8
2020-01-01T00:00:00.000Z,Hamburg,Pädagogische Hochschulen,"Kunst, Kunstwissenschaft",
2020-01-01T00:00:00.000Z,Mecklenburg-Vorpommern,Universitäten (ohne Medizinische Einrichtungen),"Agrar-, Forst- u.Ernährungswiss., Veterinärmedizin",6331000.0
2019-01-01T00:00:00.000Z,Bayern,Pädagogische Hochschulen,Sport,
2022-01-01T00:00:00.000Z,Brandenburg,Kunsthochschulen,Zentr.Einrichtungen (o. klinikspez. Einrichtungen),
2019-01-01T00:00:00.000Z,Niedersachsen,Kunsthochschulen,"Agrar-, Forst- u.Ernährungswiss., Veterinärmedizin",
2020-01-01T00:00:00.000Z,Bremen,Fachhochschulen,"Kunst, Kunstwissenschaft",
2021-01-01T00:00:00.000Z,Mecklenburg-Vorpommern,Theologische Hochschulen,Sport,
2020-01-01T00:00:00.000Z,Schleswig-Holstein,Theologische Hochschulen,Geisteswissenschaften,
2020-01-01T00:00:00.000Z,Sachsen,Universitäten (ohne Medizinische Einrichtungen),"Kunst, Kunstwissenschaft",1280000.0
2019-01-01T00:00:00.000Z,Sachsen,Kunsthochschulen,Zentr.Einrichtungen (o. klinikspez. Einrichtungen),726000.0
2020-01-01T00:00:00.000Z,Thüringen,Theologische Hochschulen,Zentr.Einrichtungen (o. klinikspez. Einrichtungen),
2020-01-01T00:00:00.000Z,Baden-Württemberg,Verwaltungsfachhochschulen,Sport,
2020-01-01T00:00:00.000Z,Berlin,Medizinische Einrichtungen der Universitäten,"Mathematik, Naturwissenschaften",
2021-01-01T00:00:00.000Z,Berlin,Kunsthochschulen,"Mathematik, Naturwissenschaften",
2021-01-01T00:00:00.000Z,Berlin,Theologische Hochschulen,"Agrar-, Forst- u.Ernährungswiss., Veterinärmedizin",
2019-01-01T00:00:00.000Z,Baden-Württemberg,Medizinische Einrichtungen der Universitäten,Zentr.Einrichtungen (o. klinikspez. Einrichtungen),
2020-01-01T00:00:00.000Z,Mecklenburg-Vorpommern,Medizinische Einrichtungen der Universitäten,Geisteswissenschaften,
2022-01-01T00:00:00.000Z,Niedersachsen,Verwaltungsfachhochschulen,Geisteswissenschaften,
2021-01-01T00:00:00.000Z,Bayern,Theologische Hochschulen,"Mathematik, Naturwissenschaften",
2022-01-01T00:00:00.000Z,Saarland,Fachhochschulen,Ingenieurwissenschaften,5882000.0
2022-01-01T00:00:00.000Z,Sachsen,Theologische Hochschulen,Geisteswissenschaften,
2020-01-01T00:00:00.000Z,Nordrhein-Westfalen,Universitäten (ohne Medizinische Einrichtungen),Ingenieurwissenschaften,4.74184E8
2020-01-01T00:00:00.000Z,Bayern,Verwaltungsfachhochschulen,Geisteswissenschaften,
2022-01-01T00:00:00.000Z,Schleswig-Holstein,Fachhochschulen,Humanmedizin/Gesundheitswissenschaften,
2022-01-01T00:00:00.000Z,Brandenburg,Theologische Hochschulen,"Mathematik, Naturwissenschaften",
2022-01-01T00:00:00.000Z,Niedersachsen,Kunsthochschulen,Sport,
2022-01-01T00:00:00.000Z,Bremen,Medizinische Einrichtungen der Universitäten,"Rechts-, Wirtschafts- und Sozialwissenschaften",
2021-01-01T00:00:00.000Z,Saarland,Fachhochschulen,"Kunst, Kunstwissenschaft",
2019-01-01T00:00:00.000Z,Brandenburg,Universitäten (ohne Medizinische Einrichtungen),Ingenieurwissenschaften,2.5077E7
2021-01-01T00:00:00.000Z,Mecklenburg-Vorpommern,Fachhochschulen,Ingenieurwissenschaften,1.1234E7
2021-01-01T00:00:00.000Z,Baden-Württemberg,Fachhochschulen,"Mathematik, Naturwissenschaften",6548000.0
2020-01-01T00:00:00.000Z,Schleswig-Holstein,Pädagogische Hochschulen,"Mathematik, Naturwissenschaften",
2019-01-01T00:00:00.000Z,Sachsen-Anhalt,Verwaltungsfachhochschulen,Zentr.Einrichtungen (o. klinikspez. Einrichtungen),
2019-01-01T00:00:00.000Z,Mecklenburg-Vorpommern,Kunsthochschulen,"Kunst, Kunstwissenschaft",585000.0
2020-01-01T00:00:00.000Z,Hamburg,Fachhochschulen,Ingenieurwissenschaften,8487000.0
2022-01-01T00:00:00.000Z,Mecklenburg-Vorpommern,Verwaltungsfachhochschulen,Zentr.Einrichtungen (o. klinikspez. Einrichtungen),694000.0
2022-01-01T00:00:00.000Z,Baden-Württemberg,Kunsthochschulen,"Kunst, Kunstwissenschaft",6280000.0
2021-01-01T00:00:00.000Z,Berlin,Verwaltungsfachhochschulen,Ingenieurwissenschaften,
2019-01-01T00:00:00.000Z,Niedersachsen,Fachhochschulen,"Rechts-, Wirtschafts- und Sozialwissenschaften",3.5657E7
2019-01-01T00:00:00.000Z,Mecklenburg-Vorpommern,Universitäten (ohne Medizinische Einrichtungen),Sport,369000.0
2019-01-01T00:00:00.000Z,Saarland,Pädagogische Hochschulen,"Agrar-, Forst- u.Ernährungswiss., Veterinärmedizin",
2019-01-01T00:00:00.000Z,Niedersachsen,Pädagogische Hochschulen,"Mathematik, Naturwissenschaften",
2020-01-01T00:00:00.000Z,Thüringen,Medizinische Einrichtungen der Universitäten,"Rechts-, Wirtschafts- und Sozialwissenschaften",
2022-01-01T00:00:00.000Z,Bayern,Medizinische Einrichtungen der Universitäten,Geisteswissenschaften,
2021-01-01T00:00:00.000Z,Hamburg,Pädagogische Hochschulen,"Agrar-, Forst- u.Ernährungswiss., Veterinärmedizin",
2019-01-01T00:00:00.000Z,Brandenburg,Verwaltungsfachhochschulen,"Mathematik, Naturwissenschaften",
2019-01-01T00:00:00.000Z,Thüringen,Kunsthochschulen,"Mathematik, Naturwissenschaften",
2019-01-01T00:00:00.000Z,Nordrhein-Westfalen,Theologische Hochschulen,Ingenieurwissenschaften,
2020-01-01T00:00:00.000Z,Nordrhein-Westfalen,Verwaltungsfachhochschulen,"Mathematik, Naturwissenschaften",
2020-01-01T00:00:00.000Z,Sachsen,Kunsthochschulen,"Mathematik, Naturwissenschaften",
2020-01-01T00:00:00.000Z,Brandenburg,Verwaltungsfachhochschulen,"Kunst, Kunstwissenschaft",
2020-01-01T00:00:00.000Z,Niedersachsen,Theologische Hochschulen,Ingenieurwissenschaften,
2022-01-01T00:00:00.000Z,Mecklenburg-Vorpommern,Medizinische Einrichtungen der Universitäten,Humanmedizin/Gesundheitswissenschaften,7.9861E8
2022-01-01T00:00:00.000Z,Hessen,Medizinische Einrichtungen der Universitäten,Zentr.Einrichtungen (o. klinikspez. Einrichtungen),
2022-01-01T00:00:00.000Z,Mecklenburg-Vorpommern,Fachhochschulen,Zentr.Einrichtungen (o. klinikspez. Einrichtungen),8665000.0
2021-01-01T00:00:00.000Z,Thüringen,Fachhochschulen,Geisteswissenschaften,
2022-01-01T00:00:00.000Z,Niedersachsen,Medizinische Einrichtungen der Universitäten,"Kunst, Kunstwissenschaft",
2021-01-01T00:00:00.000Z,Thüringen,Kunsthochschulen,Sport,
2020-01-01T00:00:00.000Z,Bayern,Pädagogische Hochschulen,"Mathematik, Naturwissenschaften",
2019-01-01T00:00:00.000Z,Sachsen,Universitäten (ohne Medizinische Einrichtungen),Ingenieurwissenschaften,2.59667E8
2019-01-01T00:00:00.000Z,Nordrhein-Westfalen,Medizinische Einrichtungen der Universitäten,Sport,
2020-01-01T00:00:00.000Z,Rheinland-Pfalz,Verwaltungsfachhochschulen,"Mathematik, Naturwissenschaften",
2021-01-01T00:00:00.000Z,Hessen,Theologische Hochschulen,Humanmedizin/Gesundheitswissenschaften,
2022-01-01T00:00:00.000Z,Sachsen-Anhalt,Verwaltungsfachhochschulen,"Agrar-, Forst- u.Ernährungswiss., Veterinärmedizin",
2021-01-01T00:00:00.000Z,Saarland,Medizinische Einrichtungen der Universitäten,Geisteswissenschaften,
2020-01-01T00:00:00.000Z,Nordrhein-Westfalen,Kunsthochschulen,Zentr.Einrichtungen (o. klinikspez. Einrichtungen),1.3663E7
2020-01-01T00:00:00.000Z,Berlin,Fachhochschulen,Sport,2579000.0
2021-01-01T00:00:00.000Z,Thüringen,Theologische Hochschulen,"Rechts-, Wirtschafts- und Sozialwissenschaften",
2020-01-01T00:00:00.000Z,Nordrhein-Westfalen,Universitäten (ohne Medizinische Einrichtungen),"Agrar-, Forst- u.Ernährungswiss., Veterinärmedizin",1.5797E7
2021-01-01T00:00:00.000Z,Sachsen,Fachhochschulen,"Kunst, Kunstwissenschaft",1022000.0
2021-01-01T00:00:00.000Z,Berlin,Verwaltungsfachhochschulen,Sport,
2020-01-01T00:00:00.000Z,Berlin,Theologische Hochschulen,"Kunst, Kunstwissenschaft",
2022-01-01T00:00:00.000Z,Thüringen,Medizinische Einrichtungen der Universitäten,"Mathematik, Naturwissenschaften",
2019-01-01T00:00:00.000Z,Mecklenburg-Vorpommern,Kunsthochschulen,Sport,
2020-01-01T00:00:00.000Z,Nordrhein-Westfalen,Theologische Hochschulen,Geisteswissenschaften,2029000.0
2022-01-01T00:00:00.000Z,Nordrhein-Westfalen,Fachhochschulen,"Mathematik, Naturwissenschaften",8885000.0
2019-01-01T00:00:00.000Z,Saarland,Theologische Hochschulen,"Rechts-, Wirtschafts- und Sozialwissenschaften",
2022-01-01T00:00:00.000Z,Hamburg,Medizinische Einrichtungen der Universitäten,"Agrar-, Forst- u.Ernährungswiss., Veterinärmedizin",
2020-01-01T00:00:00.000Z,Sachsen-Anhalt,Universitäten (ohne Medizinische Einrichtungen),Geisteswissenschaften,2684000.0
2020-01-01T00:00:00.000Z,Schleswig-Holstein,Theologische Hochschulen,"Agrar-, Forst- u.Ernährungswiss., Veterinärmedizin",
2022-01-01T00:00:00.000Z,Nordrhein-Westfalen,Universitäten (ohne Medizinische Einrichtungen),Zentr.Einrichtungen (o. klinikspez. Einrichtungen),5.01931E8
2022-01-01T00:00:00.000Z,Rheinland-Pfalz,Theologische Hochschulen,"Kunst, Kunstwissenschaft",
2021-01-01T00:00:00.000Z,Saarland,Theologische Hochschulen,Zentr.Einrichtungen (o. klinikspez. Einrichtungen),
2020-01-01T00:00:00.000Z,Mecklenburg-Vorpommern,Kunsthochschulen,Sport,
2020-01-01T00:00:00.000Z,Mecklenburg-Vorpommern,Fachhochschulen,Humanmedizin/Gesundheitswissenschaften,337000.0
2019-01-01T00:00:00.000Z,Niedersachsen,Pädagogische Hochschulen,Zentr.Einrichtungen (o. klinikspez. Einrichtungen),
2020-01-01T00:00:00.000Z,Rheinland-Pfalz,Theologische Hochschulen,Humanmedizin/Gesundheitswissenschaften,954000.0
2019-01-01T00:00:00.000Z,Nordrhein-Westfalen,Verwaltungsfachhochschulen,Ingenieurwissenschaften,1034000.0
2019-01-01T00:00:00.000Z,Mecklenburg-Vorpommern,Verwaltungsfachhochschulen,"Kunst, Kunstwissenschaft",
2022-01-01T00:00:00.000Z,Schleswig-Holstein,Universitäten (ohne Medizinische Einrichtungen),Zentr.Einrichtungen (o. klinikspez. Einrichtungen),4.8562E7
2022-01-01T00:00:00.000Z,Niedersachsen,Theologische Hochschulen,"Kunst, Kunstwissenschaft",
2019-01-01T00:00:00.000Z,Berlin,Fachhochschulen,Sport,2116000.0
2021-01-01T00:00:00.000Z,Sachsen-Anhalt,Fachhochschulen,"Rechts-, Wirtschafts- und Sozialwissenschaften",4104000.0
2020-01-01T00:00:00.000Z,Mecklenburg-Vorpommern,Universitäten (ohne Medizinische Einrichtungen),Zentr.Einrichtungen (o. klinikspez. Einrichtungen),1.5387E7
2021-01-01T00:00:00.000Z,Bremen,Fachhochschulen,"Agrar-, Forst- u.Ernährungswiss., Veterinärmedizin",636000.0
2021-01-01T00:00:00.000Z,Mecklenburg-Vorpommern,Verwaltungsfachhochschulen,Ingenieurwissenschaften,
2020-01-01T00:00:00.000Z,Saarland,Theologische Hochschulen,Sport,
2022-01-01T00:00:00.000Z,Hessen,Theologische Hochschulen,"Mathematik, Naturwissenschaften",
2020-01-01T00:00:00.000Z,Baden-Württemberg,Kunsthochschulen,"Mathematik, Naturwissenschaften",
2020-01-01T00:00:00.000Z,Schleswig-Holstein,Pädagogische Hochschulen,Sport,
2021-01-01T00:00:00.000Z,Niedersachsen,Medizinische Einrichtungen der Universitäten,"Mathematik, Naturwissenschaften",
2021-01-01T00:00:00.000Z,Brandenburg,Pädagogische Hochschulen,"Mathematik, Naturwissenschaften",
2022-01-01T00:00:00.000Z,Bremen,Kunsthochschulen,"Kunst, Kunstwissenschaft",715000.0
2019-01-01T00:00:00.000Z,Bremen,Theologische Hochschulen,Zentr.Einrichtungen (o. klinikspez. Einrichtungen),
2020-01-01T00:00:00.000Z,Nordrhein-Westfalen,Theologische Hochschulen,"Agrar-, Forst- u.Ernährungswiss., Veterinärmedizin",
2020-01-01T00:00:00.000Z,Schleswig-Holstein,Medizinische Einrichtungen der Universitäten,Humanmedizin/Gesundheitswissenschaften,1.217036E9
2020-01-01T00:00:00.000Z,Nordrhein-Westfalen,Universitäten (ohne Medizinische Einrichtungen),Sport,1.5763E7
2019-01-01T00:00:00.000Z,Brandenburg,Verwaltungsfachhochschulen,"Agrar-, Forst- u.Ernährungswiss., Veterinärmedizin",
2021-01-01T00:00:00.000Z,Brandenburg,Universitäten (ohne Medizinische Einrichtungen),"Agrar-, Forst- u.Ernährungswiss., Veterinärmedizin",1343000.0
2019-01-01T00:00:00.000Z,Rheinland-Pfalz,Theologische Hochschulen,Sport,
2020-01-01T00:00:00.000Z,Hessen,Universitäten (ohne Medizinische Einrichtungen),"Kunst, Kunstwissenschaft",3303000.0
2020-01-01T00:00:00.000Z,Sachsen-Anhalt,Theologische Hochschulen,"Kunst, Kunstwissenschaft",4000.0
2020-01-01T00:00:00.000Z,Sachsen,Verwaltungsfachhochschulen,Sport,
2019-01-01T00:00:00.000Z,Sachsen-Anhalt,Kunsthochschulen,Ingenieurwissenschaften,14000.0
2021-01-01T00:00:00.000Z,Saarland,Kunsthochschulen,Humanmedizin/Gesundheitswissenschaften,
2022-01-01T00:00:00.000Z,Berlin,Medizinische Einrichtungen der Universitäten,"Kunst, Kunstwissenschaft",
2022-01-01T00:00:00.000Z,Sachsen,Verwaltungsfachhochschulen,"Mathematik, Naturwissenschaften",
2021-01-01T00:00:00.000Z,Brandenburg,Universitäten (ohne Medizinische Einrichtungen),Geisteswissenschaften,9454000.0
2022-01-01T00:00:00.000Z,Bayern,Pädagogische Hochschulen,"Agrar-, Forst- u.Ernährungswiss., Veterinärmedizin",
2020-01-01T00:00:00.000Z,Sachsen-Anhalt,Verwaltungsfachhochschulen,Geisteswissenschaften,
2022-01-01T00:00:00.000Z,Rheinland-Pfalz,Verwaltungsfachhochschulen,"Agrar-, Forst- u.Ernährungswiss., Veterinärmedizin",
2020-01-01T00:00:00.000Z,Sachsen-Anhalt,Pädagogische Hochschulen,Geisteswissenschaften,
2020-01-01T00:00:00.000Z,Thüringen,Universitäten (ohne Medizinische Einrichtungen),Humanmedizin/Gesundheitswissenschaften,
2022-01-01T00:00:00.000Z,Schleswig-Holstein,Medizinische Einrichtungen der Universitäten,Geisteswissenschaften,
2019-01-01T00:00:00.000Z,Rheinland-Pfalz,Verwaltungsfachhochschulen,Ingenieurwissenschaften,
2022-01-01T00:00:00.000Z,Baden-Württemberg,Verwaltungsfachhochschulen,"Kunst, Kunstwissenschaft",
2020-01-01T00:00:00.000Z,Bayern,Theologische Hochschulen,Geisteswissenschaften,5486000.0
2022-01-01T00:00:00.000Z,Sachsen,Medizinische Einrichtungen der Universitäten,Sport,
2019-01-01T00:00:00.000Z,Sachsen,Pädagogische Hochschulen,"Agrar-, Forst- u.Ernährungswiss., Veterinärmedizin",
2019-01-01T00:00:00.000Z,Schleswig-Holstein,Pädagogische Hochschulen,Zentr.Einrichtungen (o. klinikspez. Einrichtungen),
2022-01-01T00:00:00.000Z,Niedersachsen,Fachhochschulen,"Rechts-, Wirtschafts- und Sozialwissenschaften",3.6417E7
2019-01-01T00:00:00.000Z,Bayern,Kunsthochschulen,Ingenieurwissenschaften,6000.0
2020-01-01T00:00:00.000Z,Hessen,Fachhochschulen,Zentr.Einrichtungen (o. klinikspez. Einrichtungen),4.8561E7
2021-01-01T00:00:00.000Z,Hamburg,Universitäten (ohne Medizinische Einrichtungen),Sport,209000.0
2022-01-01T00:00:00.000Z,Berlin,Medizinische Einrichtungen der Universitäten,Ingenieurwissenschaften,
2020-01-01T00:00:00.000Z,Baden-Württemberg,Kunsthochschulen,Geisteswissenschaften,
2019-01-01T00:00:00.000Z,Hamburg,Pädagogische Hochschulen,Ingenieurwissenschaften,
2022-01-01T00:00:00.000Z,Thüringen,Kunsthochschulen,"Mathematik, Naturwissenschaften",
2020-01-01T00:00:00.000Z,Sachsen,Theologische Hochschulen,Sport,
2021-01-01T00:00:00.000Z,Bayern,Kunsthochschulen,"Kunst, Kunstwissenschaft",7519000.0
2021-01-01T00:00:00.000Z,Thüringen,Kunsthochschulen,"Agrar-, Forst- u.Ernährungswiss., Veterinärmedizin",
2022-01-01T00:00:00.000Z,Sachsen,Fachhochschulen,"Agrar-, Forst- u.Ernährungswiss., Veterinärmedizin",829000.0
2020-01-01T00:00:00.000Z,Rheinland-Pfalz,Medizinische Einrichtungen der Universitäten,Geisteswissenschaften,
2021-01-01T00:00:00.000Z,Nordrhein-Westfalen,Kunsthochschulen,"Mathematik, Naturwissenschaften",
2020-01-01T00:00:00.000Z,Schleswig-Holstein,Verwaltungsfachhochschulen,Geisteswissenschaften,
2019-01-01T00:00:00.000Z,Hamburg,Theologische Hochschulen,Zentr.Einrichtungen (o. klinikspez. Einrichtungen),
2019-01-01T00:00:00.000Z,Thüringen,Pädagogische Hochschulen,Ingenieurwissenschaften,
2019-01-01T00:00:00.000Z,Berlin,Medizinische Einrichtungen der Universitäten,Sport,
2019-01-01T00:00:00.000Z,Nordrhein-Westfalen,Pädagogische Hochschulen,Humanmedizin/Gesundheitswissenschaften,
2021-01-01T00:00:00.000Z,Nordrhein-Westfalen,Medizinische Einrichtungen der Universitäten,"Mathematik, Naturwissenschaften",
2019-01-01T00:00:00.000Z,Rheinland-Pfalz,Fachhochschulen,Humanmedizin/Gesundheitswissenschaften,1584000.0
2019-01-01T00:00:00.000Z,Sachsen-Anhalt,Fachhochschulen,Sport,
2020-01-01T00:00:00.000Z,Nordrhein-Westfalen,Pädagogische Hochschulen,Sport,
2020-01-01T00:00:00.000Z,Hessen,Fachhochschulen,Geisteswissenschaften,4552000.0
2019-01-01T00:00:00.000Z,Saarland,Fachhochschulen,Humanmedizin/Gesundheitswissenschaften,3.158E7
2022-01-01T00:00:00.000Z,Nordrhein-Westfalen,Fachhochschulen,Humanmedizin/Gesundheitswissenschaften,2.8561E7
2021-01-01T00:00:00.000Z,Baden-Württemberg,Pädagogische Hochschulen,Ingenieurwissenschaften,627000.0
2021-01-01T00:00:00.000Z,Sachsen-Anhalt,Theologische Hochschulen,"Agrar-, Forst- u.Ernährungswiss., Veterinärmedizin",
2019-01-01T00:00:00.000Z,Thüringen,Fachhochschulen,"Agrar-, Forst- u.Ernährungswiss., Veterinärmedizin",1698000.0
2022-01-01T00:00:00.000Z,Niedersachsen,Universitäten (ohne Medizinische Einrichtungen),"Rechts-, Wirtschafts- und Sozialwissenschaften",5.5097E7
2022-01-01T00:00:00.000Z,Schleswig-Holstein,Universitäten (ohne Medizinische Einrichtungen),Humanmedizin/Gesundheitswissenschaften,
2021-01-01T00:00:00.000Z,Hessen,Medizinische Einrichtungen der Universitäten,Humanmedizin/Gesundheitswissenschaften,1.680561E9
2022-01-01T00:00:00.000Z,Mecklenburg-Vorpommern,Universitäten (ohne Medizinische Einrichtungen),Sport,149000.0
2021-01-01T00:00:00.000Z,Bremen,Medizinische Einrichtungen der Universitäten,Geisteswissenschaften,
2020-01-01T00:00:00.000Z,Hessen,Medizinische Einrichtungen der Universitäten,Ingenieurwissenschaften,
2021-01-01T00:00:00.000Z,Hessen,Pädagogische Hochschulen,"Mathematik, Naturwissenschaften",
2022-01-01T00:00:00.000Z,Hamburg,Kunsthochschulen,"Mathematik, Naturwissenschaften",
2019-01-01T00:00:00.000Z,Hamburg,Medizinische Einrichtungen der Universitäten,"Rechts-, Wirtschafts- und Sozialwissenschaften",
2020-01-01T00:00:00.000Z,Berlin,Theologische Hochschulen,"Rechts-, Wirtschafts- und Sozialwissenschaften",
2022-01-01T00:00:00.000Z,Hessen,Medizinische Einrichtungen der Universitäten,"Rechts-, Wirtschafts- und Sozialwissenschaften",
2020-01-01T00:00:00.000Z,Hessen,Verwaltungsfachhochschulen,Humanmedizin/Gesundheitswissenschaften,
2020-01-01T00:00:00.000Z,Mecklenburg-Vorpommern,Pädagogische Hochschulen,"Kunst, Kunstwissenschaft",
2021-01-01T00:00:00.000Z,Nordrhein-Westfalen,Pädagogische Hochschulen,Zentr.Einrichtungen (o. klinikspez. Einrichtungen),
2022-01-01T00:00:00.000Z,Niedersachsen,Fachhochschulen,Geisteswissenschaften,476000.0
2019-01-01T00:00:00.000Z,Sachsen,Fachhochschulen,Humanmedizin/Gesundheitswissenschaften,518000.0
2019-01-01T00:00:00.000Z,Saarland,Universitäten (ohne Medizinische Einrichtungen),Zentr.Einrichtungen (o. klinikspez. Einrichtungen),1.7906E7
2022-01-01T00:00:00.000Z,Nordrhein-Westfalen,Medizinische Einrichtungen der Universitäten,Sport,
2019-01-01T00:00:00.000Z,Sachsen,Theologische Hochschulen,Sport,
2022-01-01T00:00:00.000Z,Berlin,Pädagogische Hochschulen,"Kunst, Kunstwissenschaft",
2019-01-01T00:00:00.000Z,Bayern,Theologische Hochschulen,Geisteswissenschaften,5685000.0
2019-01-01T00:00:00.000Z,Sachsen-Anhalt,Fachhochschulen,"Kunst, Kunstwissenschaft",172000.0
2019-01-01T00:00:00.000Z,Schleswig-Holstein,Pädagogische Hochschulen,"Rechts-, Wirtschafts- und Sozialwissenschaften",
2022-01-01T00:00:00.000Z,Sachsen-Anhalt,Kunsthochschulen,"Kunst, Kunstwissenschaft",1778000.0
2020-01-01T00:00:00.000Z,Nordrhein-Westfalen,Theologische Hochschulen,"Rechts-, Wirtschafts- und Sozialwissenschaften",
2020-01-01T00:00:00.000Z,Sachsen,Verwaltungsfachhochschulen,"Rechts-, Wirtschafts- und Sozialwissenschaften",1289000.0
2020-01-01T00:00:00.000Z,Niedersachsen,Pädagogische Hochschulen,"Agrar-, Forst- u.Ernährungswiss., Veterinärmedizin",
2022-01-01T00:00:00.000Z,Hamburg,Verwaltungsfachhochschulen,Zentr.Einrichtungen (o. klinikspez. Einrichtungen),
2022-01-01T00:00:00.000Z,Mecklenburg-Vorpommern,Verwaltungsfachhochschulen,Humanmedizin/Gesundheitswissenschaften,
2020-01-01T00:00:00.000Z,Mecklenburg-Vorpommern,Medizinische Einrichtungen der Universitäten,"Mathematik, Naturwissenschaften",
2022-01-01T00:00:00.000Z,Schleswig-Holstein,Pädagogische Hochschulen,Geisteswissenschaften,
2019-01-01T00:00:00.000Z,Saarland,Universitäten (ohne Medizinische Einrichtungen),Ingenieurwissenschaften,1.3682E7
2022-01-01T00:00:00.000Z,Niedersachsen,Universitäten (ohne Medizinische Einrichtungen),Geisteswissenschaften,2.7574E7
2019-01-01T00:00:00.000Z,Bayern,Verwaltungsfachhochschulen,Ingenieurwissenschaften,3517000.0
2022-01-01T00:00:00.000Z,Saarland,Kunsthochschulen,Zentr.Einrichtungen (o. klinikspez. Einrichtungen),321000.0
2021-01-01T00:00:00.000Z,Baden-Württemberg,Pädagogische Hochschulen,Sport,422000.0
2021-01-01T00:00:00.000Z,Niedersachsen,Universitäten (ohne Medizinische Einrichtungen),Geisteswissenschaften,2.5928E7
2019-01-01T00:00:00.000Z,Thüringen,Kunsthochschulen,Zentr.Einrichtungen (o. klinikspez. Einrichtungen),505000.0
2021-01-01T00:00:00.000Z,Thüringen,Medizinische Einrichtungen der Universitäten,"Agrar-, Forst- u.Ernährungswiss., Veterinärmedizin",
2021-01-01T00:00:00.000Z,Bayern,Pädagogische Hochschulen,"Kunst, Kunstwissenschaft",
2022-01-01T00:00:00.000Z,Mecklenburg-Vorpommern,Medizinische Einrichtungen der Universitäten,Ingenieurwissenschaften,
2022-01-01T00:00:00.000Z,Saarland,Pädagogische Hochschulen,Humanmedizin/Gesundheitswissenschaften,
2022-01-01T00:00:00.000Z,Baden-Württemberg,Theologische Hochschulen,Sport,
2022-01-01T00:00:00.000Z,Bayern,Kunsthochschulen,"Agrar-, Forst- u.Ernährungswiss., Veterinärmedizin",
2021-01-01T00:00:00.000Z,Rheinland-Pfalz,Kunsthochschulen,Ingenieurwissenschaften,
2021-01-01T00:00:00.000Z,Schleswig-Holstein,Universitäten (ohne Medizinische Einrichtungen),Ingenieurwissenschaften,1.9594E7
2020-01-01T00:00:00.000Z,Niedersachsen,Universitäten (ohne Medizinische Einrichtungen),Humanmedizin/Gesundheitswissenschaften,
2021-01-01T00:00:00.000Z,Sachsen-Anhalt,Medizinische Einrichtungen der Universitäten,Ingenieurwissenschaften,
2019-01-01T00:00:00.000Z,Brandenburg,Medizinische Einrichtungen der Universitäten,"Agrar-, Forst- u.Ernährungswiss., Veterinärmedizin",
2020-01-01T00:00:00.000Z,Hessen,Universitäten (ohne Medizinische Einrichtungen),Geisteswissenschaften,2.8042E7
2022-01-01T00:00:00.000Z,Saarland,Kunsthochschulen,Ingenieurwissenschaften,
2022-01-01T00:00:00.000Z,Nordrhein-Westfalen,Kunsthochschulen,"Agrar-, Forst- u.Ernährungswiss., Veterinärmedizin",
2021-01-01T00:00:00.000Z,Brandenburg,Fachhochschulen,"Rechts-, Wirtschafts- und Sozialwissenschaften",3.1991E7
2020-01-01T00:00:00.000Z,Bremen,Fachhochschulen,"Rechts-, Wirtschafts- und Sozialwissenschaften",2206000.0
2020-01-01T00:00:00.000Z,Rheinland-Pfalz,Pädagogische Hochschulen,"Agrar-, Forst- u.Ernährungswiss., Veterinärmedizin",
2020-01-01T00:00:00.000Z,Thüringen,Theologische Hochschulen,"Agrar-, Forst- u.Ernährungswiss., Veterinärmedizin",
2021-01-01T00:00:00.000Z,Saarland,Universitäten (ohne Medizinische Einrichtungen),Humanmedizin/Gesundheitswissenschaften,
2022-01-01T00:00:00.000Z,Schleswig-Holstein,Pädagogische Hochschulen,"Agrar-, Forst- u.Ernährungswiss., Veterinärmedizin",
2020-01-01T00:00:00.000Z,Hamburg,Fachhochschulen,Geisteswissenschaften,971000.0
2020-01-01T00:00:00.000Z,Rheinland-Pfalz,Medizinische Einrichtungen der Universitäten,Humanmedizin/Gesundheitswissenschaften,7.13873E8
2020-01-01T00:00:00.000Z,Sachsen,Medizinische Einrichtungen der Universitäten,"Rechts-, Wirtschafts- und Sozialwissenschaften",
2019-01-01T00:00:00.000Z,Brandenburg,Theologische Hochschulen,"Mathematik, Naturwissenschaften",
2021-01-01T00:00:00.000Z,Brandenburg,Medizinische Einrichtungen der Universitäten,"Rechts-, Wirtschafts- und Sozialwissenschaften",
2022-01-01T00:00:00.000Z,Berlin,Pädagogische Hochschulen,Ingenieurwissenschaften,
2019-01-01T00:00:00.000Z,Bayern,Fachhochschulen,"Agrar-, Forst- u.Ernährungswiss., Veterinärmedizin",2059000.0
2020-01-01T00:00:00.000Z,Niedersachsen,Medizinische Einrichtungen der Universitäten,Sport,
2020-01-01T00:00:00.000Z,Berlin,Kunsthochschulen,Humanmedizin/Gesundheitswissenschaften,
2019-01-01T00:00:00.000Z,Baden-Württemberg,Verwaltungsfachhochschulen,Zentr.Einrichtungen (o. klinikspez. Einrichtungen),1533000.0
2022-01-01T00:00:00.000Z,Hessen,Fachhochschulen,"Rechts-, Wirtschafts- und Sozialwissenschaften",4.7615E7
2019-01-01T00:00:00.000Z,Berlin,Fachhochschulen,"Mathematik, Naturwissenschaften",418000.0
2019-01-01T00:00:00.000Z,Saarland,Theologische Hochschulen,Humanmedizin/Gesundheitswissenschaften,
2019-01-01T00:00:00.000Z,Rheinland-Pfalz,Verwaltungsfachhochschulen,Sport,
2021-01-01T00:00:00.000Z,Mecklenburg-Vorpommern,Universitäten (ohne Medizinische Einrichtungen),"Kunst, Kunstwissenschaft",210000.0
2019-01-01T00:00:00.000Z,Baden-Württemberg,Universitäten (ohne Medizinische Einrichtungen),Geisteswissenschaften,8.8238E7
2020-01-01T00:00:00.000Z,Saarland,Universitäten (ohne Medizinische Einrichtungen),"Mathematik, Naturwissenschaften",1.2453E7
2022-01-01T00:00:00.000Z,Hamburg,Verwaltungsfachhochschulen,Sport,
2020-01-01T00:00:00.000Z,Niedersachsen,Pädagogische Hochschulen,Geisteswissenschaften,
2020-01-01T00:00:00.000Z,Hamburg,Medizinische Einrichtungen der Universitäten,Ingenieurwissenschaften,
2021-01-01T00:00:00.000Z,Baden-Württemberg,Medizinische Einrichtungen der Universitäten,Sport,
2022-01-01T00:00:00.000Z,Hamburg,Universitäten (ohne Medizinische Einrichtungen),"Mathematik, Naturwissenschaften",6.7256E7
2022-01-01T00:00:00.000Z,Schleswig-Holstein,Kunsthochschulen,"Agrar-, Forst- u.Ernährungswiss., Veterinärmedizin",
2021-01-01T00:00:00.000Z,Sachsen,Pädagogische Hochschulen,Ingenieurwissenschaften,
2022-01-01T00:00:00.000Z,Saarland,Universitäten (ohne Medizinische Einrichtungen),Ingenieurwissenschaften,1.6416E7
2022-01-01T00:00:00.000Z,Baden-Württemberg,Medizinische Einrichtungen der Universitäten,Sport,
2021-01-01T00:00:00.000Z,Berlin,Verwaltungsfachhochschulen,"Kunst, Kunstwissenschaft",
2019-01-01T00:00:00.000Z,Niedersachsen,Pädagogische Hochschulen,"Kunst, Kunstwissenschaft",
2021-01-01T00:00:00.000Z,Baden-Württemberg,Theologische Hochschulen,"Agrar-, Forst- u.Ernährungswiss., Veterinärmedizin",
2020-01-01T00:00:00.000Z,Hamburg,Kunsthochschulen,"Agrar-, Forst- u.Ernährungswiss., Veterinärmedizin",
2019-01-01T00:00:00.000Z,Berlin,Medizinische Einrichtungen der Universitäten,Zentr.Einrichtungen (o. klinikspez. Einrichtungen),
2022-01-01T00:00:00.000Z,Rheinland-Pfalz,Universitäten (ohne Medizinische Einrichtungen),Sport,1495000.0
2021-01-01T00:00:00.000Z,Bayern,Fachhochschulen,"Rechts-, Wirtschafts- und Sozialwissenschaften",1.05259E8
2019-01-01T00:00:00.000Z,Mecklenburg-Vorpommern,Verwaltungsfachhochschulen,Sport,
2022-01-01T00:00:00.000Z,Sachsen,Medizinische Einrichtungen der Universitäten,"Mathematik, Naturwissenschaften",
2020-01-01T00:00:00.000Z,Bayern,Medizinische Einrichtungen der Universitäten,"Agrar-, Forst- u.Ernährungswiss., Veterinärmedizin",
2022-01-01T00:00:00.000Z,Rheinland-Pfalz,Universitäten (ohne Medizinische Einrichtungen),Humanmedizin/Gesundheitswissenschaften,
2020-01-01T00:00:00.000Z,Hamburg,Theologische Hochschulen,"Rechts-, Wirtschafts- und Sozialwissenschaften",
2021-01-01T00:00:00.000Z,Sachsen,Medizinische Einrichtungen der Universitäten,Sport,
2022-01-01T00:00:00.000Z,Nordrhein-Westfalen,Universitäten (ohne Medizinische Einrichtungen),"Kunst, Kunstwissenschaft",6964000.0
2019-01-01T00:00:00.000Z,Mecklenburg-Vorpommern,Medizinische Einrichtungen der Universitäten,"Kunst, Kunstwissenschaft",
2021-01-01T00:00:00.000Z,Sachsen,Medizinische Einrichtungen der Universitäten,Humanmedizin/Gesundheitswissenschaften,1.320526E9
2020-01-01T00:00:00.000Z,Bayern,Universitäten (ohne Medizinische Einrichtungen),Geisteswissenschaften,5.3355E7
2021-01-01T00:00:00.000Z,Niedersachsen,Kunsthochschulen,Humanmedizin/Gesundheitswissenschaften,
2020-01-01T00:00:00.000Z,Brandenburg,Kunsthochschulen,"Kunst, Kunstwissenschaft",
2020-01-01T00:00:00.000Z,Sachsen-Anhalt,Fachhochschulen,"Rechts-, Wirtschafts- und Sozialwissenschaften",3962000.0
2022-01-01T00:00:00.000Z,Saarland,Verwaltungsfachhochschulen,"Mathematik, Naturwissenschaften",
2021-01-01T00:00:00.000Z,Saarland,Verwaltungsfachhochschulen,"Agrar-, Forst- u.Ernährungswiss., Veterinärmedizin",
2019-01-01T00:00:00.000Z,Rheinland-Pfalz,Universitäten (ohne Medizinische Einrichtungen),"Kunst, Kunstwissenschaft",1464000.0
2022-01-01T00:00:00.000Z,Sachsen-Anhalt,Pädagogische Hochschulen,"Kunst, Kunstwissenschaft",
2021-01-01T00:00:00.000Z,Sachsen,Theologische Hochschulen,"Kunst, Kunstwissenschaft",
2019-01-01T00:00:00.000Z,Bayern,Kunsthochschulen,Humanmedizin/Gesundheitswissenschaften,
2020-01-01T00:00:00.000Z,Schleswig-Holstein,Kunsthochschulen,"Rechts-, Wirtschafts- und Sozialwissenschaften",
2019-01-01T00:00:00.000Z,Nordrhein-Westfalen,Pädagogische Hochschulen,Zentr.Einrichtungen (o. klinikspez. Einrichtungen),
2022-01-01T00:00:00.000Z,Berlin,Medizinische Einrichtungen der Universitäten,Sport,
2020-01-01T00:00:00.000Z,Saarland,Verwaltungsfachhochschulen,"Rechts-, Wirtschafts- und Sozialwissenschaften",1177000.0
2021-01-01T00:00:00.000Z,Niedersachsen,Medizinische Einrichtungen der Universitäten,Zentr.Einrichtungen (o. klinikspez. Einrichtungen),
2022-01-01T00:00:00.000Z,Niedersachsen,Universitäten (ohne Medizinische Einrichtungen),"Agrar-, Forst- u.Ernährungswiss., Veterinärmedizin",7.2748E7
2021-01-01T00:00:00.000Z,Hamburg,Theologische Hochschulen,"Rechts-, Wirtschafts- und Sozialwissenschaften",
2019-01-01T00:00:00.000Z,Schleswig-Holstein,Medizinische Einrichtungen der Universitäten,Geisteswissenschaften,
2021-01-01T00:00:00.000Z,Mecklenburg-Vorpommern,Kunsthochschulen,Ingenieurwissenschaften,
2020-01-01T00:00:00.000Z,Nordrhein-Westfalen,Medizinische Einrichtungen der Universitäten,"Kunst, Kunstwissenschaft",
2019-01-01T00:00:00.000Z,Nordrhein-Westfalen,Fachhochschulen,"Agrar-, Forst- u.Ernährungswiss., Veterinärmedizin",7060000.0
2020-01-01T00:00:00.000Z,Schleswig-Holstein,Fachhochschulen,"Rechts-, Wirtschafts- und Sozialwissenschaften",2.2529E7
2022-01-01T00:00:00.000Z,Brandenburg,Fachhochschulen,"Rechts-, Wirtschafts- und Sozialwissenschaften",3.6666E7
2022-01-01T00:00:00.000Z,Thüringen,Pädagogische Hochschulen,Geisteswissenschaften,
2019-01-01T00:00:00.000Z,Sachsen-Anhalt,Medizinische Einrichtungen der Universitäten,Geisteswissenschaften,
2022-01-01T00:00:00.000Z,Mecklenburg-Vorpommern,Theologische Hochschulen,"Rechts-, Wirtschafts- und Sozialwissenschaften",
2020-01-01T00:00:00.000Z,Hamburg,Kunsthochschulen,Ingenieurwissenschaften,
2020-01-01T00:00:00.000Z,Schleswig-Holstein,Verwaltungsfachhochschulen,Humanmedizin/Gesundheitswissenschaften,
2022-01-01T00:00:00.000Z,Sachsen,Pädagogische Hochschulen,Humanmedizin/Gesundheitswissenschaften,
2019-01-01T00:00:00.000Z,Thüringen,Medizinische Einrichtungen der Universitäten,Humanmedizin/Gesundheitswissenschaften,5.09249E8
2019-01-01T00:00:00.000Z,Sachsen,Universitäten (ohne Medizinische Einrichtungen),Geisteswissenschaften,1.5392E7
2019-01-01T00:00:00.000Z,Hessen,Universitäten (ohne Medizinische Einrichtungen),"Agrar-, Forst- u.Ernährungswiss., Veterinärmedizin",2.9218E7
2022-01-01T00:00:00.000Z,Nordrhein-Westfalen,Pädagogische Hochschulen,"Agrar-, Forst- u.Ernährungswiss., Veterinärmedizin",
2020-01-01T00:00:00.000Z,Brandenburg,Universitäten (ohne Medizinische Einrichtungen),Geisteswissenschaften,7122000.0
2021-01-01T00:00:00.000Z,Bayern,Verwaltungsfachhochschulen,Ingenieurwissenschaften,1423000.0
2022-01-01T00:00:00.000Z,Baden-Württemberg,Medizinische Einrichtungen der Universitäten,"Agrar-, Forst- u.Ernährungswiss., Veterinärmedizin",
2021-01-01T00:00:00.000Z,Saarland,Verwaltungsfachhochschulen,Zentr.Einrichtungen (o. klinikspez. Einrichtungen),1692000.0
2019-01-01T00:00:00.000Z,Schleswig-Holstein,Medizinische Einrichtungen der Universitäten,"Mathematik, Naturwissenschaften",
2019-01-01T00:00:00.000Z,Thüringen,Pädagogische Hochschulen,Humanmedizin/Gesundheitswissenschaften,
2020-01-01T00:00:00.000Z,Thüringen,Kunsthochschulen,Ingenieurwissenschaften,
2021-01-01T00:00:00.000Z,Schleswig-Holstein,Medizinische Einrichtungen der Universitäten,"Mathematik, Naturwissenschaften",
2021-01-01T00:00:00.000Z,Hessen,Theologische Hochschulen,Zentr.Einrichtungen (o. klinikspez. Einrichtungen),6000.0
2019-01-01T00:00:00.000Z,Hessen,Theologische Hochschulen,Zentr.Einrichtungen (o. klinikspez. Einrichtungen),0.0
2020-01-01T00:00:00.000Z,Niedersachsen,Pädagogische Hochschulen,Ingenieurwissenschaften,
2020-01-01T00:00:00.000Z,Schleswig-Holstein,Theologische Hochschulen,"Mathematik, Naturwissenschaften",
2021-01-01T00:00:00.000Z,Baden-Württemberg,Pädagogische Hochschulen,Humanmedizin/Gesundheitswissenschaften,1385000.0
2022-01-01T00:00:00.000Z,Berlin,Kunsthochschulen,"Kunst, Kunstwissenschaft",2.3945E7
2019-01-01T00:00:00.000Z,Hamburg,Kunsthochschulen,Sport,
2022-01-01T00:00:00.000Z,Bayern,Medizinische Einrichtungen der Universitäten,"Kunst, Kunstwissenschaft",
2021-01-01T00:00:00.000Z,Nordrhein-Westfalen,Verwaltungsfachhochschulen,Sport,
2020-01-01T00:00:00.000Z,Baden-Württemberg,Universitäten (ohne Medizinische Einrichtungen),Humanmedizin/Gesundheitswissenschaften,
2021-01-01T00:00:00.000Z,Hessen,Universitäten (ohne Medizinische Einrichtungen),Geisteswissenschaften,3.1091E7
2020-01-01T00:00:00.000Z,Hessen,Universitäten (ohne Medizinische Einrichtungen),Zentr.Einrichtungen (o. klinikspez. Einrichtungen),1.51572E8
2021-01-01T00:00:00.000Z,Sachsen-Anhalt,Pädagogische Hochschulen,Sport,
2022-01-01T00:00:00.000Z,Sachsen,Pädagogische Hochschulen,Sport,
2019-01-01T00:00:00.000Z,Brandenburg,Pädagogische Hochschulen,Humanmedizin/Gesundheitswissenschaften,
2019-01-01T00:00:00.000Z,Berlin,Universitäten (ohne Medizinische Einrichtungen),Humanmedizin/Gesundheitswissenschaften,
2022-01-01T00:00:00.000Z,Saarland,Fachhochschulen,"Agrar-, Forst- u.Ernährungswiss., Veterinärmedizin",
2019-01-01T00:00:00.000Z,Mecklenburg-Vorpommern,Theologische Hochschulen,Geisteswissenschaften,
2019-01-01T00:00:00.000Z,Bremen,Theologische Hochschulen,"Rechts-, Wirtschafts- und Sozialwissenschaften",
2022-01-01T00:00:00.000Z,Schleswig-Holstein,Medizinische Einrichtungen der Universitäten,"Mathematik, Naturwissenschaften",
2019-01-01T00:00:00.000Z,Saarland,Medizinische Einrichtungen der Universitäten,Humanmedizin/Gesundheitswissenschaften,5.16854E8
2019-01-01T00:00:00.000Z,Sachsen-Anhalt,Medizinische Einrichtungen der Universitäten,Ingenieurwissenschaften,
2022-01-01T00:00:00.000Z,Bayern,Fachhochschulen,Humanmedizin/Gesundheitswissenschaften,1.0189E7
2021-01-01T00:00:00.000Z,Sachsen,Verwaltungsfachhochschulen,Humanmedizin/Gesundheitswissenschaften,
2022-01-01T00:00:00.000Z,Sachsen,Kunsthochschulen,Zentr.Einrichtungen (o. klinikspez. Einrichtungen),1967000.0
2019-01-01T00:00:00.000Z,Schleswig-Holstein,Theologische Hochschulen,Geisteswissenschaften,
2020-01-01T00:00:00.000Z,Berlin,Verwaltungsfachhochschulen,Sport,
2021-01-01T00:00:00.000Z,Berlin,Fachhochschulen,"Mathematik, Naturwissenschaften",451000.0
2022-01-01T00:00:00.000Z,Bremen,Universitäten (ohne Medizinische Einrichtungen),"Kunst, Kunstwissenschaft",1153000.0
2021-01-01T00:00:00.000Z,Bremen,Kunsthochschulen,Sport,
2021-01-01T00:00:00.000Z,Berlin,Fachhochschulen,"Agrar-, Forst- u.Ernährungswiss., Veterinärmedizin",260000.0
2019-01-01T00:00:00.000Z,Mecklenburg-Vorpommern,Pädagogische Hochschulen,"Kunst, Kunstwissenschaft",
2019-01-01T00:00:00.000Z,Rheinland-Pfalz,Kunsthochschulen,"Agrar-, Forst- u.Ernährungswiss., Veterinärmedizin",
2019-01-01T00:00:00.000Z,Baden-Württemberg,Kunsthochschulen,"Rechts-, Wirtschafts- und Sozialwissenschaften",
2020-01-01T00:00:00.000Z,Bayern,Fachhochschulen,"Agrar-, Forst- u.Ernährungswiss., Veterinärmedizin",2464000.0
2022-01-01T00:00:00.000Z,Sachsen,Theologische Hochschulen,Ingenieurwissenschaften,
2019-01-01T00:00:00.000Z,Bremen,Fachhochschulen,Ingenieurwissenschaften,3506000.0
2019-01-01T00:00:00.000Z,Thüringen,Universitäten (ohne Medizinische Einrichtungen),Sport,441000.0
2022-01-01T00:00:00.000Z,Niedersachsen,Kunsthochschulen,"Rechts-, Wirtschafts- und Sozialwissenschaften",826000.0
2019-01-01T00:00:00.000Z,Sachsen-Anhalt,Pädagogische Hochschulen,Geisteswissenschaften,
2022-01-01T00:00:00.000Z,Mecklenburg-Vorpommern,Fachhochschulen,"Kunst, Kunstwissenschaft",97000.0
2021-01-01T00:00:00.000Z,Mecklenburg-Vorpommern,Universitäten (ohne Medizinische Einrichtungen),"Rechts-, Wirtschafts- und Sozialwissenschaften",6764000.0
2019-01-01T00:00:00.000Z,Schleswig-Holstein,Fachhochschulen,"Kunst, Kunstwissenschaft",
2022-01-01T00:00:00.000Z,Rheinland-Pfalz,Fachhochschulen,"Agrar-, Forst- u.Ernährungswiss., Veterinärmedizin",551000.0
2019-01-01T00:00:00.000Z,Hamburg,Universitäten (ohne Medizinische Einrichtungen),"Kunst, Kunstwissenschaft",1842000.0
2021-01-01T00:00:00.000Z,Hamburg,Fachhochschulen,Zentr.Einrichtungen (o. klinikspez. Einrichtungen),9703000.0
2020-01-01T00:00:00.000Z,Niedersachsen,Verwaltungsfachhochschulen,"Agrar-, Forst- u.Ernährungswiss., Veterinärmedizin",
2020-01-01T00:00:00.000Z,Bremen,Verwaltungsfachhochschulen,"Kunst, Kunstwissenschaft",
2019-01-01T00:00:00.000Z,Rheinland-Pfalz,Pädagogische Hochschulen,"Agrar-, Forst- u.Ernährungswiss., Veterinärmedizin",
2019-01-01T00:00:00.000Z,Berlin,Fachhochschulen,Zentr.Einrichtungen (o. klinikspez. Einrichtungen),1.0896E7
2022-01-01T00:00:00.000Z,Hamburg,Medizinische Einrichtungen der Universitäten,"Rechts-, Wirtschafts- und Sozialwissenschaften",
2021-01-01T00:00:00.000Z,Bremen,Theologische Hochschulen,"Agrar-, Forst- u.Ernährungswiss., Veterinärmedizin",
2021-01-01T00:00:00.000Z,Nordrhein-Westfalen,Fachhochschulen,"Mathematik, Naturwissenschaften",1.0206E7
2020-01-01T00:00:00.000Z,Hamburg,Universitäten (ohne Medizinische Einrichtungen),Zentr.Einrichtungen (o. klinikspez. Einrichtungen),7.6255E7
2021-01-01T00:00:00.000Z,Bremen,Theologische Hochschulen,"Kunst, Kunstwissenschaft",
2022-01-01T00:00:00.000Z,Bremen,Universitäten (ohne Medizinische Einrichtungen),"Agrar-, Forst- u.Ernährungswiss., Veterinärmedizin",
2019-01-01T00:00:00.000Z,Saarland,Kunsthochschulen,"Agrar-, Forst- u.Ernährungswiss., Veterinärmedizin",
2020-01-01T00:00:00.000Z,Baden-Württemberg,Fachhochschulen,"Mathematik, Naturwissenschaften",6921000.0
2022-01-01T00:00:00.000Z,Mecklenburg-Vorpommern,Fachhochschulen,Ingenieurwissenschaften,6988000.0
2020-01-01T00:00:00.000Z,Bremen,Medizinische Einrichtungen der Universitäten,"Kunst, Kunstwissenschaft",
2021-01-01T00:00:00.000Z,Sachsen-Anhalt,Theologische Hochschulen,Geisteswissenschaften,245000.0
2021-01-01T00:00:00.000Z,Brandenburg,Theologische Hochschulen,"Mathematik, Naturwissenschaften",
2021-01-01T00:00:00.000Z,Sachsen,Verwaltungsfachhochschulen,Zentr.Einrichtungen (o. klinikspez. Einrichtungen),1225000.0
2021-01-01T00:00:00.000Z,Thüringen,Fachhochschulen,Ingenieurwissenschaften,1.3798E7
2021-01-01T00:00:00.000Z,Schleswig-Holstein,Kunsthochschulen,Zentr.Einrichtungen (o. klinikspez. Einrichtungen),698000.0
2021-01-01T00:00:00.000Z,Baden-Württemberg,Theologische Hochschulen,Geisteswissenschaften,
2021-01-01T00:00:00.000Z,Baden-Württemberg,Theologische Hochschulen,Zentr.Einrichtungen (o. klinikspez. Einrichtungen),
2019-01-01T00:00:00.000Z,Saarland,Kunsthochschulen,Zentr.Einrichtungen (o. klinikspez. Einrichtungen),623000.0
2020-01-01T00:00:00.000Z,Brandenburg,Theologische Hochschulen,Ingenieurwissenschaften,
2021-01-01T00:00:00.000Z,Mecklenburg-Vorpommern,Theologische Hochschulen,Humanmedizin/Gesundheitswissenschaften,
2022-01-01T00:00:00.000Z,Schleswig-Holstein,Fachhochschulen,Sport,
2022-01-01T00:00:00.000Z,Niedersachsen,Fachhochschulen,"Agrar-, Forst- u.Ernährungswiss., Veterinärmedizin",7562000.0
2022-01-01T00:00:00.000Z,Sachsen-Anhalt,Kunsthochschulen,Sport,
2022-01-01T00:00:00.000Z,Bayern,Pädagogische Hochschulen,Geisteswissenschaften,
2020-01-01T00:00:00.000Z,Hamburg,Pädagogische Hochschulen,"Rechts-, Wirtschafts- und Sozialwissenschaften",
2022-01-01T00:00:00.000Z,Sachsen-Anhalt,Fachhochschulen,Zentr.Einrichtungen (o. klinikspez. Einrichtungen),2.5282E7
2019-01-01T00:00:00.000Z,Bremen,Medizinische Einrichtungen der Universitäten,Zentr.Einrichtungen (o. klinikspez. Einrichtungen),
2020-01-01T00:00:00.000Z,Sachsen,Universitäten (ohne Medizinische Einrichtungen),"Mathematik, Naturwissenschaften",1.03138E8
2019-01-01T00:00:00.000Z,Niedersachsen,Pädagogische Hochschulen,"Agrar-, Forst- u.Ernährungswiss., Veterinärmedizin",
2022-01-01T00:00:00.000Z,Thüringen,Universitäten (ohne Medizinische Einrichtungen),Ingenieurwissenschaften,4.8281E7
2020-01-01T00:00:00.000Z,Niedersachsen,Medizinische Einrichtungen der Universitäten,"Agrar-, Forst- u.Ernährungswiss., Veterinärmedizin",
2020-01-01T00:00:00.000Z,Hamburg,Universitäten (ohne Medizinische Einrichtungen),"Rechts-, Wirtschafts- und Sozialwissenschaften",3.9231E7
2019-01-01T00:00:00.000Z,Niedersachsen,Pädagogische Hochschulen,Geisteswissenschaften,
2021-01-01T00:00:00.000Z,Hamburg,Fachhochschulen,Sport,
2019-01-01T00:00:00.000Z,Bayern,Pädagogische Hochschulen,Humanmedizin/Gesundheitswissenschaften,
2022-01-01T00:00:00.000Z,Brandenburg,Fachhochschulen,Humanmedizin/Gesundheitswissenschaften,
2022-01-01T00:00:00.000Z,Rheinland-Pfalz,Theologische Hochschulen,Geisteswissenschaften,764000.0
2022-01-01T00:00:00.000Z,Thüringen,Kunsthochschulen,Zentr.Einrichtungen (o. klinikspez. Einrichtungen),3632000.0
2019-01-01T00:00:00.000Z,Mecklenburg-Vorpommern,Medizinische Einrichtungen der Universitäten,Ingenieurwissenschaften,
2021-01-01T00:00:00.000Z,Sachsen-Anhalt,Universitäten (ohne Medizinische Einrichtungen),Humanmedizin/Gesundheitswissenschaften,
2022-01-01T00:00:00.000Z,Rheinland-Pfalz,Theologische Hochschulen,"Rechts-, Wirtschafts- und Sozialwissenschaften",13000.0
2019-01-01T00:00:00.000Z,Schleswig-Holstein,Pädagogische Hochschulen,Sport,
2019-01-01T00:00:00.000Z,Bremen,Kunsthochschulen,Geisteswissenschaften,
2019-01-01T00:00:00.000Z,Berlin,Verwaltungsfachhochschulen,Zentr.Einrichtungen (o. klinikspez. Einrichtungen),
2021-01-01T00:00:00.000Z,Berlin,Medizinische Einrichtungen der Universitäten,"Agrar-, Forst- u.Ernährungswiss., Veterinärmedizin",
2019-01-01T00:00:00.000Z,Niedersachsen,Verwaltungsfachhochschulen,Geisteswissenschaften,
2022-01-01T00:00:00.000Z,Hessen,Verwaltungsfachhochschulen,Zentr.Einrichtungen (o. klinikspez. Einrichtungen),
2020-01-01T00:00:00.000Z,Bayern,Theologische Hochschulen,"Agrar-, Forst- u.Ernährungswiss., Veterinärmedizin",
2019-01-01T00:00:00.000Z,Schleswig-Holstein,Theologische Hochschulen,"Kunst, Kunstwissenschaft",
2021-01-01T00:00:00.000Z,Hessen,Kunsthochschulen,"Rechts-, Wirtschafts- und Sozialwissenschaften",
2020-01-01T00:00:00.000Z,Rheinland-Pfalz,Verwaltungsfachhochschulen,Humanmedizin/Gesundheitswissenschaften,
2021-01-01T00:00:00.000Z,Sachsen-Anhalt,Verwaltungsfachhochschulen,Geisteswissenschaften,
2020-01-01T00:00:00.000Z,Sachsen-Anhalt,Medizinische Einrichtungen der Universitäten,"Mathematik, Naturwissenschaften",
2019-01-01T00:00:00.000Z,Sachsen-Anhalt,Pädagogische Hochschulen,"Rechts-, Wirtschafts- und Sozialwissenschaften",
2021-01-01T00:00:00.000Z,Brandenburg,Medizinische Einrichtungen der Universitäten,"Kunst, Kunstwissenschaft",
2020-01-01T00:00:00.000Z,Hessen,Fachhochschulen,Humanmedizin/Gesundheitswissenschaften,2.3634E7
2019-01-01T00:00:00.000Z,Hamburg,Fachhochschulen,Geisteswissenschaften,1199000.0
2019-01-01T00:00:00.000Z,Saarland,Verwaltungsfachhochschulen,Humanmedizin/Gesundheitswissenschaften,
2021-01-01T00:00:00.000Z,Saarland,Kunsthochschulen,Geisteswissenschaften,
2019-01-01T00:00:00.000Z,Berlin,Theologische Hochschulen,Ingenieurwissenschaften,
2022-01-01T00:00:00.000Z,Brandenburg,Verwaltungsfachhochschulen,Humanmedizin/Gesundheitswissenschaften,
2021-01-01T00:00:00.000Z,Rheinland-Pfalz,Medizinische Einrichtungen der Universitäten,Zentr.Einrichtungen (o. klinikspez. Einrichtungen),
2021-01-01T00:00:00.000Z,Bremen,Fachhochschulen,Zentr.Einrichtungen (o. klinikspez. Einrichtungen),2.8462E7
2021-01-01T00:00:00.000Z,Sachsen-Anhalt,Universitäten (ohne Medizinische Einrichtungen),"Rechts-, Wirtschafts- und Sozialwissenschaften",7925000.0
2022-01-01T00:00:00.000Z,Bayern,Universitäten (ohne Medizinische Einrichtungen),"Agrar-, Forst- u.Ernährungswiss., Veterinärmedizin",5.8642E7
2020-01-01T00:00:00.000Z,Bayern,Theologische Hochschulen,"Mathematik, Naturwissenschaften",
2019-01-01T00:00:00.000Z,Bayern,Medizinische Einrichtungen der Universitäten,Geisteswissenschaften,
2021-01-01T00:00:00.000Z,Thüringen,Pädagogische Hochschulen,"Kunst, Kunstwissenschaft",
2020-01-01T00:00:00.000Z,Hamburg,Universitäten (ohne Medizinische Einrichtungen),Humanmedizin/Gesundheitswissenschaften,
2021-01-01T00:00:00.000Z,Schleswig-Holstein,Theologische Hochschulen,Sport,
2019-01-01T00:00:00.000Z,Mecklenburg-Vorpommern,Fachhochschulen,Zentr.Einrichtungen (o. klinikspez. Einrichtungen),4044000.0
2021-01-01T00:00:00.000Z,Bayern,Verwaltungsfachhochschulen,Geisteswissenschaften,
2020-01-01T00:00:00.000Z,Hessen,Theologische Hochschulen,Ingenieurwissenschaften,
2019-01-01T00:00:00.000Z,Saarland,Fachhochschulen,Ingenieurwissenschaften,6344000.0
2019-01-01T00:00:00.000Z,Sachsen-Anhalt,Verwaltungsfachhochschulen,Humanmedizin/Gesundheitswissenschaften,
2020-01-01T00:00:00.000Z,Nordrhein-Westfalen,Fachhochschulen,Ingenieurwissenschaften,9.9907E7
2022-01-01T00:00:00.000Z,Thüringen,Fachhochschulen,"Mathematik, Naturwissenschaften",46000.0
2020-01-01T00:00:00.000Z,Brandenburg,Medizinische Einrichtungen der Universitäten,"Rechts-, Wirtschafts- und Sozialwissenschaften",
2021-01-01T00:00:00.000Z,Niedersachsen,Kunsthochschulen,Zentr.Einrichtungen (o. klinikspez. Einrichtungen),714000.0
2022-01-01T00:00:00.000Z,Brandenburg,Universitäten (ohne Medizinische Einrichtungen),Zentr.Einrichtungen (o. klinikspez. Einrichtungen),4.1799E7
2022-01-01T00:00:00.000Z,Brandenburg,Theologische Hochschulen,Humanmedizin/Gesundheitswissenschaften,
2022-01-01T00:00:00.000Z,Thüringen,Fachhochschulen,Sport,
2022-01-01T00:00:00.000Z,Brandenburg,Verwaltungsfachhochschulen,Geisteswissenschaften,
2021-01-01T00:00:00.000Z,Mecklenburg-Vorpommern,Medizinische Einrichtungen der Universitäten,Ingenieurwissenschaften,
2022-01-01T00:00:00.000Z,Saarland,Pädagogische Hochschulen,"Rechts-, Wirtschafts- und Sozialwissenschaften",
2019-01-01T00:00:00.000Z,Brandenburg,Kunsthochschulen,Zentr.Einrichtungen (o. klinikspez. Einrichtungen),
2022-01-01T00:00:00.000Z,Niedersachsen,Theologische Hochschulen,"Mathematik, Naturwissenschaften",
2021-01-01T00:00:00.000Z,Niedersachsen,Kunsthochschulen,Geisteswissenschaften,27000.0
2019-01-01T00:00:00.000Z,Sachsen,Theologische Hochschulen,Humanmedizin/Gesundheitswissenschaften,
2022-01-01T00:00:00.000Z,Bayern,Universitäten (ohne Medizinische Einrichtungen),Zentr.Einrichtungen (o. klinikspez. Einrichtungen),2.20269E8
2022-01-01T00:00:00.000Z,Brandenburg,Theologische Hochschulen,Sport,
2022-01-01T00:00:00.000Z,Sachsen-Anhalt,Fachhochschulen,Geisteswissenschaften,0.0
2019-01-01T00:00:00.000Z,Sachsen,Universitäten (ohne Medizinische Einrichtungen),Zentr.Einrichtungen (o. klinikspez. Einrichtungen),6.9712E7
2022-01-01T00:00:00.000Z,Hamburg,Fachhochschulen,"Mathematik, Naturwissenschaften",103000.0
2020-01-01T00:00:00.000Z,Brandenburg,Theologische Hochschulen,"Agrar-, Forst- u.Ernährungswiss., Veterinärmedizin",
2020-01-01T00:00:00.000Z,Bremen,Kunsthochschulen,Humanmedizin/Gesundheitswissenschaften,
2021-01-01T00:00:00.000Z,Hessen,Theologische Hochschulen,"Mathematik, Naturwissenschaften",
2022-01-01T00:00:00.000Z,Sachsen,Universitäten (ohne Medizinische Einrichtungen),Ingenieurwissenschaften,2.89581E8
2020-01-01T00:00:00.000Z,Brandenburg,Universitäten (ohne Medizinische Einrichtungen),"Mathematik, Naturwissenschaften",3.0567E7
2021-01-01T00:00:00.000Z,Baden-Württemberg,Fachhochschulen,"Agrar-, Forst- u.Ernährungswiss., Veterinärmedizin",3580000.0
2019-01-01T00:00:00.000Z,Sachsen,Kunsthochschulen,"Rechts-, Wirtschafts- und Sozialwissenschaften",
2022-01-01T00:00:00.000Z,Bayern,Theologische Hochschulen,Humanmedizin/Gesundheitswissenschaften,
2021-01-01T00:00:00.000Z,Bayern,Pädagogische Hochschulen,Zentr.Einrichtungen (o. klinikspez. Einrichtungen),
2022-01-01T00:00:00.000Z,Baden-Württemberg,Verwaltungsfachhochschulen,"Agrar-, Forst- u.Ernährungswiss., Veterinärmedizin",
2020-01-01T00:00:00.000Z,Baden-Württemberg,Pädagogische Hochschulen,Humanmedizin/Gesundheitswissenschaften,1162000.0
2019-01-01T00:00:00.000Z,Baden-Württemberg,Theologische Hochschulen,Zentr.Einrichtungen (o. klinikspez. Einrichtungen),
2019-01-01T00:00:00.000Z,Bremen,Verwaltungsfachhochschulen,"Rechts-, Wirtschafts- und Sozialwissenschaften",297000.0
2021-01-01T00:00:00.000Z,Hessen,Theologische Hochschulen,Sport,
2020-01-01T00:00:00.000Z,Sachsen-Anhalt,Verwaltungsfachhochschulen,Humanmedizin/Gesundheitswissenschaften,
2022-01-01T00:00:00.000Z,Hessen,Kunsthochschulen,Geisteswissenschaften,
2021-01-01T00:00:00.000Z,Hessen,Fachhochschulen,Zentr.Einrichtungen (o. klinikspez. Einrichtungen),6.6761E7
2022-01-01T00:00:00.000Z,Saarland,Medizinische Einrichtungen der Universitäten,"Kunst, Kunstwissenschaft",
2021-01-01T00:00:00.000Z,Brandenburg,Verwaltungsfachhochschulen,"Kunst, Kunstwissenschaft",
2021-01-01T00:00:00.000Z,Thüringen,Kunsthochschulen,"Kunst, Kunstwissenschaft",673000.0
2019-01-01T00:00:00.000Z,Baden-Württemberg,Verwaltungsfachhochschulen,"Mathematik, Naturwissenschaften",
2022-01-01T00:00:00.000Z,Sachsen,Kunsthochschulen,"Rechts-, Wirtschafts- und Sozialwissenschaften",
2019-01-01T00:00:00.000Z,Sachsen,Theologische Hochschulen,Ingenieurwissenschaften,
2020-01-01T00:00:00.000Z,Berlin,Kunsthochschulen,Zentr.Einrichtungen (o. klinikspez. Einrichtungen),403000.0
2019-01-01T00:00:00.000Z,Berlin,Kunsthochschulen,Geisteswissenschaften,2009000.0
2019-01-01T00:00:00.000Z,Sachsen,Pädagogische Hochschulen,"Mathematik, Naturwissenschaften",
2020-01-01T00:00:00.000Z,Rheinland-Pfalz,Pädagogische Hochschulen,"Rechts-, Wirtschafts- und Sozialwissenschaften",
2019-01-01T00:00:00.000Z,Baden-Württemberg,Theologische Hochschulen,Humanmedizin/Gesundheitswissenschaften,
2021-01-01T00:00:00.000Z,Mecklenburg-Vorpommern,Medizinische Einrichtungen der Universitäten,Humanmedizin/Gesundheitswissenschaften,7.64478E8
2021-01-01T00:00:00.000Z,Sachsen-Anhalt,Kunsthochschulen,"Kunst, Kunstwissenschaft",1421000.0
2022-01-01T00:00:00.000Z,Hessen,Universitäten (ohne Medizinische Einrichtungen),Humanmedizin/Gesundheitswissenschaften,
2019-01-01T00:00:00.000Z,Baden-Württemberg,Theologische Hochschulen,Ingenieurwissenschaften,
2021-01-01T00:00:00.000Z,Nordrhein-Westfalen,Theologische Hochschulen,Sport,
2022-01-01T00:00:00.000Z,Brandenburg,Medizinische Einrichtungen der Universitäten,"Mathematik, Naturwissenschaften",
2020-01-01T00:00:00.000Z,Bayern,Pädagogische Hochschulen,Humanmedizin/Gesundheitswissenschaften,
2021-01-01T00:00:00.000Z,Hamburg,Fachhochschulen,Ingenieurwissenschaften,8756000.0
2021-01-01T00:00:00.000Z,Sachsen,Verwaltungsfachhochschulen,"Mathematik, Naturwissenschaften",
2022-01-01T00:00:00.000Z,Baden-Württemberg,Kunsthochschulen,"Rechts-, Wirtschafts- und Sozialwissenschaften",
2021-01-01T00:00:00.000Z,Saarland,Pädagogische Hochschulen,Geisteswissenschaften,
2020-01-01T00:00:00.000Z,Mecklenburg-Vorpommern,Pädagogische Hochschulen,"Rechts-, Wirtschafts- und Sozialwissenschaften",
2021-01-01T00:00:00.000Z,Schleswig-Holstein,Fachhochschulen,Geisteswissenschaften,20000.0
2019-01-01T00:00:00.000Z,Bremen,Universitäten (ohne Medizinische Einrichtungen),Sport,0.0
2019-01-01T00:00:00.000Z,Brandenburg,Pädagogische Hochschulen,"Mathematik, Naturwissenschaften",
2020-01-01T00:00:00.000Z,Bremen,Pädagogische Hochschulen,"Mathematik, Naturwissenschaften",
2019-01-01T00:00:00.000Z,Baden-Württemberg,Fachhochschulen,"Kunst, Kunstwissenschaft",7910000.0
2020-01-01T00:00:00.000Z,Thüringen,Kunsthochschulen,Geisteswissenschaften,
2021-01-01T00:00:00.000Z,Hamburg,Kunsthochschulen,"Mathematik, Naturwissenschaften",
2021-01-01T00:00:00.000Z,Sachsen-Anhalt,Pädagogische Hochschulen,Humanmedizin/Gesundheitswissenschaften,
2019-01-01T00:00:00.000Z,Schleswig-Holstein,Universitäten (ohne Medizinische Einrichtungen),"Rechts-, Wirtschafts- und Sozialwissenschaften",5677000.0
2019-01-01T00:00:00.000Z,Bremen,Theologische Hochschulen,Humanmedizin/Gesundheitswissenschaften,
2019-01-01T00:00:00.000Z,Hessen,Verwaltungsfachhochschulen,"Kunst, Kunstwissenschaft",
2022-01-01T00:00:00.000Z,Schleswig-Holstein,Fachhochschulen,Ingenieurwissenschaften,1.8171E7
2019-01-01T00:00:00.000Z,Sachsen-Anhalt,Universitäten (ohne Medizinische Einrichtungen),"Mathematik, Naturwissenschaften",2.1354E7
2021-01-01T00:00:00.000Z,Rheinland-Pfalz,Verwaltungsfachhochschulen,Ingenieurwissenschaften,
2020-01-01T00:00:00.000Z,Bremen,Pädagogische Hochschulen,Humanmedizin/Gesundheitswissenschaften,
2019-01-01T00:00:00.000Z,Rheinland-Pfalz,Pädagogische Hochschulen,Zentr.Einrichtungen (o. klinikspez. Einrichtungen),
2020-01-01T00:00:00.000Z,Bayern,Pädagogische Hochschulen,Zentr.Einrichtungen (o. klinikspez. Einrichtungen),
2019-01-01T00:00:00.000Z,Saarland,Universitäten (ohne Medizinische Einrichtungen),Sport,185000.0
2022-01-01T00:00:00.000Z,Baden-Württemberg,Verwaltungsfachhochschulen,Geisteswissenschaften,
2022-01-01T00:00:00.000Z,Hessen,Kunsthochschulen,"Rechts-, Wirtschafts- und Sozialwissenschaften",
2020-01-01T00:00:00.000Z,Berlin,Fachhochschulen,Ingenieurwissenschaften,2.0485E7
2019-01-01T00:00:00.000Z,Niedersachsen,Fachhochschulen,Sport,
2019-01-01T00:00:00.000Z,Thüringen,Pädagogische Hochschulen,Zentr.Einrichtungen (o. klinikspez. Einrichtungen),
2021-01-01T00:00:00.000Z,Saarland,Verwaltungsfachhochschulen,"Rechts-, Wirtschafts- und Sozialwissenschaften",
2022-01-01T00:00:00.000Z,Thüringen,Universitäten (ohne Medizinische Einrichtungen),Zentr.Einrichtungen (o. klinikspez. Einrichtungen),9.2345E7
2022-01-01T00:00:00.000Z,Nordrhein-Westfalen,Kunsthochschulen,Geisteswissenschaften,
2020-01-01T00:00:00.000Z,Sachsen-Anhalt,Kunsthochschulen,Geisteswissenschaften,
2021-01-01T00:00:00.000Z,Hamburg,Medizinische Einrichtungen der Universitäten,Ingenieurwissenschaften,
2022-01-01T00:00:00.000Z,Hamburg,Fachhochschulen,"Kunst, Kunstwissenschaft",284000.0
2021-01-01T00:00:00.000Z,Bremen,Theologische Hochschulen,Zentr.Einrichtungen (o. klinikspez. Einrichtungen),
2020-01-01T00:00:00.000Z,Thüringen,Medizinische Einrichtungen der Universitäten,Geisteswissenschaften,
2022-01-01T00:00:00.000Z,Berlin,Kunsthochschulen,"Agrar-, Forst- u.Ernährungswiss., Veterinärmedizin",
2022-01-01T00:00:00.000Z,Baden-Württemberg,Pädagogische Hochschulen,"Kunst, Kunstwissenschaft",902000.0
2019-01-01T00:00:00.000Z,Niedersachsen,Medizinische Einrichtungen der Universitäten,"Mathematik, Naturwissenschaften",
2019-01-01T00:00:00.000Z,Baden-Württemberg,Universitäten (ohne Medizinische Einrichtungen),"Kunst, Kunstwissenschaft",2154000.0
2019-01-01T00:00:00.000Z,Baden-Württemberg,Pädagogische Hochschulen,"Mathematik, Naturwissenschaften",5167000.0
2020-01-01T00:00:00.000Z,Brandenburg,Fachhochschulen,Zentr.Einrichtungen (o. klinikspez. Einrichtungen),8612000.0
2020-01-01T00:00:00.000Z,Hamburg,Fachhochschulen,Zentr.Einrichtungen (o. klinikspez. Einrichtungen),8542000.0
2021-01-01T00:00:00.000Z,Nordrhein-Westfalen,Fachhochschulen,Geisteswissenschaften,1364000.0
2020-01-01T00:00:00.000Z,Bremen,Fachhochschulen,Sport,
2021-01-01T00:00:00.000Z,Thüringen,Pädagogische Hochschulen,"Rechts-, Wirtschafts- und Sozialwissenschaften",
2020-01-01T00:00:00.000Z,Nordrhein-Westfalen,Pädagogische Hochschulen,"Rechts-, Wirtschafts- und Sozialwissenschaften",
2022-01-01T00:00:00.000Z,Berlin,Kunsthochschulen,"Mathematik, Naturwissenschaften",
2022-01-01T00:00:00.000Z,Hessen,Pädagogische Hochschulen,Sport,
2019-01-01T00:00:00.000Z,Sachsen,Verwaltungsfachhochschulen,Geisteswissenschaften,
2021-01-01T00:00:00.000Z,Nordrhein-Westfalen,Theologische Hochschulen,Ingenieurwissenschaften,
2020-01-01T00:00:00.000Z,Niedersachsen,Fachhochschulen,Humanmedizin/Gesundheitswissenschaften,2579000.0
2022-01-01T00:00:00.000Z,Rheinland-Pfalz,Fachhochschulen,Ingenieurwissenschaften,1.8002E7
2022-01-01T00:00:00.000Z,Rheinland-Pfalz,Theologische Hochschulen,"Agrar-, Forst- u.Ernährungswiss., Veterinärmedizin",
2021-01-01T00:00:00.000Z,Hessen,Medizinische Einrichtungen der Universitäten,"Rechts-, Wirtschafts- und Sozialwissenschaften",
2019-01-01T00:00:00.000Z,Berlin,Kunsthochschulen,Humanmedizin/Gesundheitswissenschaften,
2021-01-01T00:00:00.000Z,Sachsen,Kunsthochschulen,Zentr.Einrichtungen (o. klinikspez. Einrichtungen),1068000.0
2021-01-01T00:00:00.000Z,Niedersachsen,Universitäten (ohne Medizinische Einrichtungen),Ingenieurwissenschaften,2.12826E8
2022-01-01T00:00:00.000Z,Sachsen-Anhalt,Medizinische Einrichtungen der Universitäten,Ingenieurwissenschaften,
2021-01-01T00:00:00.000Z,Nordrhein-Westfalen,Kunsthochschulen,Zentr.Einrichtungen (o. klinikspez. Einrichtungen),1.3062E7
2022-01-01T00:00:00.000Z,Nordrhein-Westfalen,Kunsthochschulen,"Mathematik, Naturwissenschaften",
2022-01-01T00:00:00.000Z,Baden-Württemberg,Universitäten (ohne Medizinische Einrichtungen),Ingenieurwissenschaften,3.65029E8
2022-01-01T00:00:00.000Z,Bremen,Verwaltungsfachhochschulen,"Rechts-, Wirtschafts- und Sozialwissenschaften",0.0
2019-01-01T00:00:00.000Z,Thüringen,Universitäten (ohne Medizinische Einrichtungen),"Kunst, Kunstwissenschaft",633000.0
2022-01-01T00:00:00.000Z,Sachsen-Anhalt,Kunsthochschulen,"Agrar-, Forst- u.Ernährungswiss., Veterinärmedizin",
2021-01-01T00:00:00.000Z,Sachsen-Anhalt,Fachhochschulen,Zentr.Einrichtungen (o. klinikspez. Einrichtungen),2.125E7
2020-01-01T00:00:00.000Z,Schleswig-Holstein,Universitäten (ohne Medizinische Einrichtungen),"Kunst, Kunstwissenschaft",409000.0
2020-01-01T00:00:00.000Z,Mecklenburg-Vorpommern,Universitäten (ohne Medizinische Einrichtungen),"Rechts-, Wirtschafts- und Sozialwissenschaften",6223000.0
2022-01-01T00:00:00.000Z,Mecklenburg-Vorpommern,Kunsthochschulen,"Mathematik, Naturwissenschaften",
2020-01-01T00:00:00.000Z,Nordrhein-Westfalen,Pädagogische Hochschulen,Humanmedizin/Gesundheitswissenschaften,
2022-01-01T00:00:00.000Z,Mecklenburg-Vorpommern,Verwaltungsfachhochschulen,"Rechts-, Wirtschafts- und Sozialwissenschaften",1849000.0
2022-01-01T00:00:00.000Z,Saarland,Verwaltungsfachhochschulen,"Agrar-, Forst- u.Ernährungswiss., Veterinärmedizin",
2022-01-01T00:00:00.000Z,Thüringen,Fachhochschulen,Humanmedizin/Gesundheitswissenschaften,3183000.0
2019-01-01T00:00:00.000Z,Baden-Württemberg,Verwaltungsfachhochschulen,Humanmedizin/Gesundheitswissenschaften,
2019-01-01T00:00:00.000Z,Berlin,Universitäten (ohne Medizinische Einrichtungen),"Rechts-, Wirtschafts- und Sozialwissenschaften",1.38755E8
2021-01-01T00:00:00.000Z,Mecklenburg-Vorpommern,Universitäten (ohne Medizinische Einrichtungen),"Agrar-, Forst- u.Ernährungswiss., Veterinärmedizin",6387000.0
2020-01-01T00:00:00.000Z,Berlin,Kunsthochschulen,Geisteswissenschaften,585000.0
2021-01-01T00:00:00.000Z,Bayern,Universitäten (ohne Medizinische Einrichtungen),Zentr.Einrichtungen (o. klinikspez. Einrichtungen),1.82373E8
2019-01-01T00:00:00.000Z,Rheinland-Pfalz,Fachhochschulen,Sport,
2020-01-01T00:00:00.000Z,Sachsen,Fachhochschulen,"Mathematik, Naturwissenschaften",6353000.0
2020-01-01T00:00:00.000Z,Mecklenburg-Vorpommern,Theologische Hochschulen,"Mathematik, Naturwissenschaften",
2019-01-01T00:00:00.000Z,Brandenburg,Kunsthochschulen,Humanmedizin/Gesundheitswissenschaften,
2022-01-01T00:00:00.000Z,Brandenburg,Medizinische Einrichtungen der Universitäten,Geisteswissenschaften,
2019-01-01T00:00:00.000Z,Mecklenburg-Vorpommern,Verwaltungsfachhochschulen,"Agrar-, Forst- u.Ernährungswiss., Veterinärmedizin",
2020-01-01T00:00:00.000Z,Sachsen,Pädagogische Hochschulen,"Agrar-, Forst- u.Ernährungswiss., Veterinärmedizin",
2020-01-01T00:00:00.000Z,Schleswig-Holstein,Kunsthochschulen,Zentr.Einrichtungen (o. klinikspez. Einrichtungen),715000.0
2022-01-01T00:00:00.000Z,Brandenburg,Kunsthochschulen,"Rechts-, Wirtschafts- und Sozialwissenschaften",
2019-01-01T00:00:00.000Z,Nordrhein-Westfalen,Pädagogische Hochschulen,Ingenieurwissenschaften,
2020-01-01T00:00:00.000Z,Baden-Württemberg,Fachhochschulen,"Agrar-, Forst- u.Ernährungswiss., Veterinärmedizin",3054000.0
2022-01-01T00:00:00.000Z,Nordrhein-Westfalen,Medizinische Einrichtungen der Universitäten,Ingenieurwissenschaften,
2019-01-01T00:00:00.000Z,Berlin,Verwaltungsfachhochschulen,Ingenieurwissenschaften,
2019-01-01T00:00:00.000Z,Brandenburg,Kunsthochschulen,Geisteswissenschaften,
2020-01-01T00:00:00.000Z,Bremen,Universitäten (ohne Medizinische Einrichtungen),"Rechts-, Wirtschafts- und Sozialwissenschaften",1.8758E7
2020-01-01T00:00:00.000Z,Rheinland-Pfalz,Pädagogische Hochschulen,Geisteswissenschaften,
2019-01-01T00:00:00.000Z,Mecklenburg-Vorpommern,Kunsthochschulen,"Agrar-, Forst- u.Ernährungswiss., Veterinärmedizin",
2021-01-01T00:00:00.000Z,Nordrhein-Westfalen,Universitäten (ohne Medizinische Einrichtungen),Zentr.Einrichtungen (o. klinikspez. Einrichtungen),4.20293E8
2021-01-01T00:00:00.000Z,Berlin,Pädagogische Hochschulen,Zentr.Einrichtungen (o. klinikspez. Einrichtungen),
2020-01-01T00:00:00.000Z,Thüringen,Theologische Hochschulen,"Rechts-, Wirtschafts- und Sozialwissenschaften",
2019-01-01T00:00:00.000Z,Hessen,Verwaltungsfachhochschulen,Geisteswissenschaften,
2020-01-01T00:00:00.000Z,Saarland,Theologische Hochschulen,Humanmedizin/Gesundheitswissenschaften,
2021-01-01T00:00:00.000Z,Saarland,Theologische Hochschulen,"Kunst, Kunstwissenschaft",
2019-01-01T00:00:00.000Z,Berlin,Pädagogische Hochschulen,Ingenieurwissenschaften,
2021-01-01T00:00:00.000Z,Nordrhein-Westfalen,Verwaltungsfachhochschulen,Humanmedizin/Gesundheitswissenschaften,
2022-01-01T00:00:00.000Z,Mecklenburg-Vorpommern,Universitäten (ohne Medizinische Einrichtungen),"Kunst, Kunstwissenschaft",496000.0
2020-01-01T00:00:00.000Z,Baden-Württemberg,Verwaltungsfachhochschulen,"Rechts-, Wirtschafts- und Sozialwissenschaften",3338000.0
2022-01-01T00:00:00.000Z,Saarland,Medizinische Einrichtungen der Universitäten,Geisteswissenschaften,
2021-01-01T00:00:00.000Z,Bayern,Fachhochschulen,Humanmedizin/Gesundheitswissenschaften,7468000.0
2021-01-01T00:00:00.000Z,Niedersachsen,Kunsthochschulen,"Rechts-, Wirtschafts- und Sozialwissenschaften",288000.0
2019-01-01T00:00:00.000Z,Schleswig-Holstein,Medizinische Einrichtungen der Universitäten,Humanmedizin/Gesundheitswissenschaften,1.125679E9
2020-01-01T00:00:00.000Z,Thüringen,Theologische Hochschulen,Geisteswissenschaften,
2021-01-01T00:00:00.000Z,Sachsen,Fachhochschulen,Sport,
2020-01-01T00:00:00.000Z,Baden-Württemberg,Pädagogische Hochschulen,Geisteswissenschaften,7696000.0
2020-01-01T00:00:00.000Z,Bayern,Theologische Hochschulen,"Kunst, Kunstwissenschaft",
2021-01-01T00:00:00.000Z,Schleswig-Holstein,Theologische Hochschulen,"Agrar-, Forst- u.Ernährungswiss., Veterinärmedizin",
2022-01-01T00:00:00.000Z,Hessen,Medizinische Einrichtungen der Universitäten,Geisteswissenschaften,
2020-01-01T00:00:00.000Z,Rheinland-Pfalz,Universitäten (ohne Medizinische Einrichtungen),Zentr.Einrichtungen (o. klinikspez. Einrichtungen),6.3561E7
2021-01-01T00:00:00.000Z,Hamburg,Universitäten (ohne Medizinische Einrichtungen),"Mathematik, Naturwissenschaften",5.5757E7
2022-01-01T00:00:00.000Z,Berlin,Universitäten (ohne Medizinische Einrichtungen),"Rechts-, Wirtschafts- und Sozialwissenschaften",1.38047E8
2020-01-01T00:00:00.000Z,Rheinland-Pfalz,Theologische Hochschulen,"Mathematik, Naturwissenschaften",
2021-01-01T00:00:00.000Z,Mecklenburg-Vorpommern,Medizinische Einrichtungen der Universitäten,Zentr.Einrichtungen (o. klinikspez. Einrichtungen),
2020-01-01T00:00:00.000Z,Sachsen-Anhalt,Medizinische Einrichtungen der Universitäten,Sport,
2020-01-01T00:00:00.000Z,Nordrhein-Westfalen,Kunsthochschulen,Sport,
2019-01-01T00:00:00.000Z,Brandenburg,Medizinische Einrichtungen der Universitäten,"Mathematik, Naturwissenschaften",
2020-01-01T00:00:00.000Z,Sachsen,Theologische Hochschulen,Humanmedizin/Gesundheitswissenschaften,
2019-01-01T00:00:00.000Z,Sachsen,Fachhochschulen,Geisteswissenschaften,304000.0
2021-01-01T00:00:00.000Z,Brandenburg,Universitäten (ohne Medizinische Einrichtungen),"Mathematik, Naturwissenschaften",3.1519E7
2020-01-01T00:00:00.000Z,Mecklenburg-Vorpommern,Theologische Hochschulen,Humanmedizin/Gesundheitswissenschaften,
2021-01-01T00:00:00.000Z,Hessen,Fachhochschulen,Humanmedizin/Gesundheitswissenschaften,2.7248E7
2021-01-01T00:00:00.000Z,Sachsen-Anhalt,Pädagogische Hochschulen,"Mathematik, Naturwissenschaften",
2022-01-01T00:00:00.000Z,Hamburg,Theologische Hochschulen,Humanmedizin/Gesundheitswissenschaften,
2020-01-01T00:00:00.000Z,Bremen,Fachhochschulen,"Agrar-, Forst- u.Ernährungswiss., Veterinärmedizin",334000.0
2019-01-01T00:00:00.000Z,Saarland,Pädagogische Hochschulen,"Kunst, Kunstwissenschaft",
2021-01-01T00:00:00.000Z,Berlin,Universitäten (ohne Medizinische Einrichtungen),Sport,855000.0
2022-01-01T00:00:00.000Z,Rheinland-Pfalz,Verwaltungsfachhochschulen,Sport,
2022-01-01T00:00:00.000Z,Hessen,Theologische Hochschulen,Geisteswissenschaften,6020000.0
2020-01-01T00:00:00.000Z,Mecklenburg-Vorpommern,Fachhochschulen,Ingenieurwissenschaften,7934000.0
2019-01-01T00:00:00.000Z,Hessen,Medizinische Einrichtungen der Universitäten,"Kunst, Kunstwissenschaft",
2022-01-01T00:00:00.000Z,Rheinland-Pfalz,Kunsthochschulen,"Mathematik, Naturwissenschaften",
2021-01-01T00:00:00.000Z,Berlin,Medizinische Einrichtungen der Universitäten,"Kunst, Kunstwissenschaft",
2022-01-01T00:00:00.000Z,Hessen,Verwaltungsfachhochschulen,"Mathematik, Naturwissenschaften",7000.0
2021-01-01T00:00:00.000Z,Thüringen,Theologische Hochschulen,Geisteswissenschaften,
2022-01-01T00:00:00.000Z,Schleswig-Holstein,Universitäten (ohne Medizinische Einrichtungen),"Rechts-, Wirtschafts- und Sozialwissenschaften",7571000.0
2020-01-01T00:00:00.000Z,Baden-Württemberg,Medizinische Einrichtungen der Universitäten,Ingenieurwissenschaften,
2021-01-01T00:00:00.000Z,Sachsen-Anhalt,Fachhochschulen,"Agrar-, Forst- u.Ernährungswiss., Veterinärmedizin",3617000.0
2022-01-01T00:00:00.000Z,Baden-Württemberg,Fachhochschulen,"Mathematik, Naturwissenschaften",6308000.0
2020-01-01T00:00:00.000Z,Hamburg,Verwaltungsfachhochschulen,Ingenieurwissenschaften,
2020-01-01T00:00:00.000Z,Schleswig-Holstein,Kunsthochschulen,"Kunst, Kunstwissenschaft",1600000.0
2020-01-01T00:00:00.000Z,Mecklenburg-Vorpommern,Verwaltungsfachhochschulen,"Kunst, Kunstwissenschaft",
2019-01-01T00:00:00.000Z,Hessen,Kunsthochschulen,"Rechts-, Wirtschafts- und Sozialwissenschaften",
2022-01-01T00:00:00.000Z,Baden-Württemberg,Medizinische Einrichtungen der Universitäten,"Kunst, Kunstwissenschaft",
2022-01-01T00:00:00.000Z,Niedersachsen,Verwaltungsfachhochschulen,"Kunst, Kunstwissenschaft",
2021-01-01T00:00:00.000Z,Nordrhein-Westfalen,Kunsthochschulen,Sport,
2019-01-01T00:00:00.000Z,Schleswig-Holstein,Fachhochschulen,"Agrar-, Forst- u.Ernährungswiss., Veterinärmedizin",254000.0
2021-01-01T00:00:00.000Z,Niedersachsen,Fachhochschulen,"Mathematik, Naturwissenschaften",
2021-01-01T00:00:00.000Z,Mecklenburg-Vorpommern,Verwaltungsfachhochschulen,Humanmedizin/Gesundheitswissenschaften,
2021-01-01T00:00:00.000Z,Hessen,Universitäten (ohne Medizinische Einrichtungen),"Kunst, Kunstwissenschaft",3913000.0
2020-01-01T00:00:00.000Z,Baden-Württemberg,Verwaltungsfachhochschulen,Zentr.Einrichtungen (o. klinikspez. Einrichtungen),1055000.0
2022-01-01T00:00:00.000Z,Baden-Württemberg,Theologische Hochschulen,Zentr.Einrichtungen (o. klinikspez. Einrichtungen),
2020-01-01T00:00:00.000Z,Nordrhein-Westfalen,Verwaltungsfachhochschulen,"Kunst, Kunstwissenschaft",
2019-01-01T00:00:00.000Z,Mecklenburg-Vorpommern,Pädagogische Hochschulen,Sport,
2020-01-01T00:00:00.000Z,Thüringen,Verwaltungsfachhochschulen,"Rechts-, Wirtschafts- und Sozialwissenschaften",457000.0
2019-01-01T00:00:00.000Z,Thüringen,Universitäten (ohne Medizinische Einrichtungen),Ingenieurwissenschaften,4.817E7
2021-01-01T00:00:00.000Z,Niedersachsen,Pädagogische Hochschulen,Zentr.Einrichtungen (o. klinikspez. Einrichtungen),
2022-01-01T00:00:00.000Z,Schleswig-Holstein,Kunsthochschulen,Geisteswissenschaften,
2019-01-01T00:00:00.000Z,Schleswig-Holstein,Verwaltungsfachhochschulen,Humanmedizin/Gesundheitswissenschaften,
2020-01-01T00:00:00.000Z,Schleswig-Holstein,Universitäten (ohne Medizinische Einrichtungen),Geisteswissenschaften,3388000.0
2022-01-01T00:00:00.000Z,Sachsen,Fachhochschulen,"Mathematik, Naturwissenschaften",7514000.0
2020-01-01T00:00:00.000Z,Bayern,Verwaltungsfachhochschulen,"Mathematik, Naturwissenschaften",
2022-01-01T00:00:00.000Z,Saarland,Verwaltungsfachhochschulen,"Kunst, Kunstwissenschaft",
2022-01-01T00:00:00.000Z,Baden-Württemberg,Theologische Hochschulen,"Agrar-, Forst- u.Ernährungswiss., Veterinärmedizin",
2021-01-01T00:00:00.000Z,Mecklenburg-Vorpommern,Pädagogische Hochschulen,"Agrar-, Forst- u.Ernährungswiss., Veterinärmedizin",
2021-01-01T00:00:00.000Z,Brandenburg,Theologische Hochschulen,Zentr.Einrichtungen (o. klinikspez. Einrichtungen),
2021-01-01T00:00:00.000Z,Brandenburg,Kunsthochschulen,"Kunst, Kunstwissenschaft",
2021-01-01T00:00:00.000Z,Sachsen-Anhalt,Verwaltungsfachhochschulen,Ingenieurwissenschaften,
2021-01-01T00:00:00.000Z,Hamburg,Verwaltungsfachhochschulen,Sport,
2021-01-01T00:00:00.000Z,Niedersachsen,Verwaltungsfachhochschulen,Geisteswissenschaften,
2020-01-01T00:00:00.000Z,Rheinland-Pfalz,Fachhochschulen,Ingenieurwissenschaften,1.7966E7
2020-01-01T00:00:00.000Z,Saarland,Pädagogische Hochschulen,"Mathematik, Naturwissenschaften",
2019-01-01T00:00:00.000Z,Mecklenburg-Vorpommern,Medizinische Einrichtungen der Universitäten,"Agrar-, Forst- u.Ernährungswiss., Veterinärmedizin",
2019-01-01T00:00:00.000Z,Brandenburg,Medizinische Einrichtungen der Universitäten,Geisteswissenschaften,
2019-01-01T00:00:00.000Z,Brandenburg,Fachhochschulen,"Kunst, Kunstwissenschaft",857000.0
2020-01-01T00:00:00.000Z,Bayern,Kunsthochschulen,Sport,
2019-01-01T00:00:00.000Z,Brandenburg,Kunsthochschulen,"Rechts-, Wirtschafts- und Sozialwissenschaften",
2020-01-01T00:00:00.000Z,Mecklenburg-Vorpommern,Medizinische Einrichtungen der Universitäten,"Kunst, Kunstwissenschaft",
2021-01-01T00:00:00.000Z,Thüringen,Universitäten (ohne Medizinische Einrichtungen),Ingenieurwissenschaften,4.9952E7
2019-01-01T00:00:00.000Z,Baden-Württemberg,Fachhochschulen,Sport,
2022-01-01T00:00:00.000Z,Thüringen,Pädagogische Hochschulen,Zentr.Einrichtungen (o. klinikspez. Einrichtungen),
2021-01-01T00:00:00.000Z,Schleswig-Holstein,Universitäten (ohne Medizinische Einrichtungen),Humanmedizin/Gesundheitswissenschaften,
2019-01-01T00:00:00.000Z,Hessen,Pädagogische Hochschulen,"Kunst, Kunstwissenschaft",
2022-01-01T00:00:00.000Z,Saarland,Theologische Hochschulen,"Rechts-, Wirtschafts- und Sozialwissenschaften",
2022-01-01T00:00:00.000Z,Sachsen-Anhalt,Medizinische Einrichtungen der Universitäten,"Agrar-, Forst- u.Ernährungswiss., Veterinärmedizin",
2022-01-01T00:00:00.000Z,Brandenburg,Medizinische Einrichtungen der Universitäten,Zentr.Einrichtungen (o. klinikspez. Einrichtungen),
2019-01-01T00:00:00.000Z,Bremen,Verwaltungsfachhochschulen,Zentr.Einrichtungen (o. klinikspez. Einrichtungen),
2020-01-01T00:00:00.000Z,Hessen,Medizinische Einrichtungen der Universitäten,Humanmedizin/Gesundheitswissenschaften,1.59791E9
2022-01-01T00:00:00.000Z,Hessen,Fachhochschulen,"Kunst, Kunstwissenschaft",3230000.0
2022-01-01T00:00:00.000Z,Bremen,Pädagogische Hochschulen,"Kunst, Kunstwissenschaft",
2021-01-01T00:00:00.000Z,Niedersachsen,Medizinische Einrichtungen der Universitäten,"Kunst, Kunstwissenschaft",
2022-01-01T00:00:00.000Z,Sachsen-Anhalt,Universitäten (ohne Medizinische Einrichtungen),"Mathematik, Naturwissenschaften",2.7832E7
2021-01-01T00:00:00.000Z,Hessen,Fachhochschulen,"Rechts-, Wirtschafts- und Sozialwissenschaften",4.1871E7
2022-01-01T00:00:00.000Z,Bremen,Kunsthochschulen,Ingenieurwissenschaften,
2022-01-01T00:00:00.000Z,Rheinland-Pfalz,Pädagogische Hochschulen,Zentr.Einrichtungen (o. klinikspez. Einrichtungen),
2020-01-01T00:00:00.000Z,Thüringen,Pädagogische Hochschulen,Sport,
2021-01-01T00:00:00.000Z,Baden-Württemberg,Theologische Hochschulen,"Kunst, Kunstwissenschaft",
2021-01-01T00:00:00.000Z,Hessen,Universitäten (ohne Medizinische Einrichtungen),Zentr.Einrichtungen (o. klinikspez. Einrichtungen),1.26496E8
2022-01-01T00:00:00.000Z,Schleswig-Holstein,Theologische Hochschulen,"Mathematik, Naturwissenschaften",
2021-01-01T00:00:00.000Z,Berlin,Kunsthochschulen,"Kunst, Kunstwissenschaft",2.3414E7
2022-01-01T00:00:00.000Z,Mecklenburg-Vorpommern,Verwaltungsfachhochschulen,Sport,
2020-01-01T00:00:00.000Z,Rheinland-Pfalz,Verwaltungsfachhochschulen,Zentr.Einrichtungen (o. klinikspez. Einrichtungen),
2021-01-01T00:00:00.000Z,Niedersachsen,Medizinische Einrichtungen der Universitäten,Sport,
2020-01-01T00:00:00.000Z,Nordrhein-Westfalen,Fachhochschulen,"Agrar-, Forst- u.Ernährungswiss., Veterinärmedizin",7251000.0
2019-01-01T00:00:00.000Z,Baden-Württemberg,Universitäten (ohne Medizinische Einrichtungen),Ingenieurwissenschaften,3.02634E8
2022-01-01T00:00:00.000Z,Sachsen,Universitäten (ohne Medizinische Einrichtungen),Geisteswissenschaften,1.4675E7
2022-01-01T00:00:00.000Z,Hessen,Universitäten (ohne Medizinische Einrichtungen),"Mathematik, Naturwissenschaften",1.59201E8
2020-01-01T00:00:00.000Z,Niedersachsen,Theologische Hochschulen,Sport,
2021-01-01T00:00:00.000Z,Berlin,Theologische Hochschulen,Ingenieurwissenschaften,
2022-01-01T00:00:00.000Z,Sachsen,Verwaltungsfachhochschulen,Geisteswissenschaften,
2020-01-01T00:00:00.000Z,Berlin,Universitäten (ohne Medizinische Einrichtungen),Humanmedizin/Gesundheitswissenschaften,
2019-01-01T00:00:00.000Z,Niedersachsen,Medizinische Einrichtungen der Universitäten,Humanmedizin/Gesundheitswissenschaften,1.421504E9
2021-01-01T00:00:00.000Z,Bremen,Theologische Hochschulen,"Rechts-, Wirtschafts- und Sozialwissenschaften",
2021-01-01T00:00:00.000Z,Nordrhein-Westfalen,Medizinische Einrichtungen der Universitäten,Sport,
2022-01-01T00:00:00.000Z,Brandenburg,Pädagogische Hochschulen,"Kunst, Kunstwissenschaft",
2021-01-01T00:00:00.000Z,Saarland,Fachhochschulen,"Rechts-, Wirtschafts- und Sozialwissenschaften",3219000.0
2022-01-01T00:00:00.000Z,Sachsen,Fachhochschulen,Geisteswissenschaften,167000.0
2021-01-01T00:00:00.000Z,Brandenburg,Kunsthochschulen,"Agrar-, Forst- u.Ernährungswiss., Veterinärmedizin",
2022-01-01T00:00:00.000Z,Niedersachsen,Verwaltungsfachhochschulen,Ingenieurwissenschaften,
2022-01-01T00:00:00.000Z,Sachsen,Medizinische Einrichtungen der Universitäten,Humanmedizin/Gesundheitswissenschaften,1.405733E9
2022-01-01T00:00:00.000Z,Bremen,Theologische Hochschulen,"Rechts-, Wirtschafts- und Sozialwissenschaften",
2019-01-01T00:00:00.000Z,Thüringen,Fachhochschulen,"Kunst, Kunstwissenschaft",35000.0
2020-01-01T00:00:00.000Z,Bayern,Kunsthochschulen,Zentr.Einrichtungen (o. klinikspez. Einrichtungen),1515000.0
2020-01-01T00:00:00.000Z,Brandenburg,Universitäten (ohne Medizinische Einrichtungen),"Agrar-, Forst- u.Ernährungswiss., Veterinärmedizin",1330000.0
2020-01-01T00:00:00.000Z,Niedersachsen,Universitäten (ohne Medizinische Einrichtungen),Ingenieurwissenschaften,2.00548E8
2020-01-01T00:00:00.000Z,Niedersachsen,Theologische Hochschulen,Zentr.Einrichtungen (o. klinikspez. Einrichtungen),
2021-01-01T00:00:00.000Z,Rheinland-Pfalz,Pädagogische Hochschulen,Humanmedizin/Gesundheitswissenschaften,
2021-01-01T00:00:00.000Z,Niedersachsen,Verwaltungsfachhochschulen,"Kunst, Kunstwissenschaft",
2019-01-01T00:00:00.000Z,Sachsen-Anhalt,Theologische Hochschulen,"Rechts-, Wirtschafts- und Sozialwissenschaften",440000.0
2020-01-01T00:00:00.000Z,Hessen,Fachhochschulen,"Rechts-, Wirtschafts- und Sozialwissenschaften",3.8596E7
2020-01-01T00:00:00.000Z,Thüringen,Kunsthochschulen,"Kunst, Kunstwissenschaft",559000.0
2021-01-01T00:00:00.000Z,Niedersachsen,Medizinische Einrichtungen der Universitäten,"Agrar-, Forst- u.Ernährungswiss., Veterinärmedizin",
2019-01-01T00:00:00.000Z,Hessen,Kunsthochschulen,Zentr.Einrichtungen (o. klinikspez. Einrichtungen),4380000.0
2021-01-01T00:00:00.000Z,Thüringen,Universitäten (ohne Medizinische Einrichtungen),Sport,464000.0
2021-01-01T00:00:00.000Z,Bremen,Universitäten (ohne Medizinische Einrichtungen),"Agrar-, Forst- u.Ernährungswiss., Veterinärmedizin",
2020-01-01T00:00:00.000Z,Sachsen-Anhalt,Kunsthochschulen,Humanmedizin/Gesundheitswissenschaften,
2019-01-01T00:00:00.000Z,Bayern,Medizinische Einrichtungen der Universitäten,Ingenieurwissenschaften,
2020-01-01T00:00:00.000Z,Berlin,Medizinische Einrichtungen der Universitäten,"Agrar-, Forst- u.Ernährungswiss., Veterinärmedizin",
2019-01-01T00:00:00.000Z,Hamburg,Universitäten (ohne Medizinische Einrichtungen),"Mathematik, Naturwissenschaften",4.5632E7
2020-01-01T00:00:00.000Z,Saarland,Fachhochschulen,"Rechts-, Wirtschafts- und Sozialwissenschaften",1968000.0
2020-01-01T00:00:00.000Z,Brandenburg,Pädagogische Hochschulen,Ingenieurwissenschaften,
2019-01-01T00:00:00.000Z,Bremen,Universitäten (ohne Medizinische Einrichtungen),Humanmedizin/Gesundheitswissenschaften,
2019-01-01T00:00:00.000Z,Saarland,Medizinische Einrichtungen der Universitäten,Geisteswissenschaften,
2022-01-01T00:00:00.000Z,Rheinland-Pfalz,Fachhochschulen,Zentr.Einrichtungen (o. klinikspez. Einrichtungen),1.6354E7
2022-01-01T00:00:00.000Z,Mecklenburg-Vorpommern,Kunsthochschulen,Humanmedizin/Gesundheitswissenschaften,
2021-01-01T00:00:00.000Z,Sachsen-Anhalt,Pädagogische Hochschulen,Zentr.Einrichtungen (o. klinikspez. Einrichtungen),
2022-01-01T00:00:00.000Z,Thüringen,Universitäten (ohne Medizinische Einrichtungen),Sport,465000.0
2019-01-01T00:00:00.000Z,Hamburg,Theologische Hochschulen,"Agrar-, Forst- u.Ernährungswiss., Veterinärmedizin",
2020-01-01T00:00:00.000Z,Hessen,Pädagogische Hochschulen,"Agrar-, Forst- u.Ernährungswiss., Veterinärmedizin",
2019-01-01T00:00:00.000Z,Bayern,Theologische Hochschulen,"Rechts-, Wirtschafts- und Sozialwissenschaften",
2019-01-01T00:00:00.000Z,Hessen,Theologische Hochschulen,"Mathematik, Naturwissenschaften",
2022-01-01T00:00:00.000Z,Niedersachsen,Medizinische Einrichtungen der Universitäten,Sport,
2019-01-01T00:00:00.000Z,Bayern,Universitäten (ohne Medizinische Einrichtungen),Humanmedizin/Gesundheitswissenschaften,
2021-01-01T00:00:00.000Z,Nordrhein-Westfalen,Pädagogische Hochschulen,"Kunst, Kunstwissenschaft",
2022-01-01T00:00:00.000Z,Bremen,Pädagogische Hochschulen,Geisteswissenschaften,
2022-01-01T00:00:00.000Z,Hamburg,Theologische Hochschulen,"Rechts-, Wirtschafts- und Sozialwissenschaften",
2020-01-01T00:00:00.000Z,Niedersachsen,Universitäten (ohne Medizinische Einrichtungen),Geisteswissenschaften,2.5205E7
2019-01-01T00:00:00.000Z,Bremen,Medizinische Einrichtungen der Universitäten,Geisteswissenschaften,
2021-01-01T00:00:00.000Z,Baden-Württemberg,Verwaltungsfachhochschulen,"Kunst, Kunstwissenschaft",
2021-01-01T00:00:00.000Z,Bayern,Universitäten (ohne Medizinische Einrichtungen),"Agrar-, Forst- u.Ernährungswiss., Veterinärmedizin",6.0015E7
2021-01-01T00:00:00.000Z,Rheinland-Pfalz,Medizinische Einrichtungen der Universitäten,"Mathematik, Naturwissenschaften",
2020-01-01T00:00:00.000Z,Sachsen-Anhalt,Medizinische Einrichtungen der Universitäten,Humanmedizin/Gesundheitswissenschaften,8.42914E8
2021-01-01T00:00:00.000Z,Berlin,Medizinische Einrichtungen der Universitäten,Sport,
2021-01-01T00:00:00.000Z,Schleswig-Holstein,Verwaltungsfachhochschulen,"Mathematik, Naturwissenschaften",
2021-01-01T00:00:00.000Z,Thüringen,Theologische Hochschulen,Zentr.Einrichtungen (o. klinikspez. Einrichtungen),
2021-01-01T00:00:00.000Z,Saarland,Theologische Hochschulen,"Rechts-, Wirtschafts- und Sozialwissenschaften",
2021-01-01T00:00:00.000Z,Bremen,Pädagogische Hochschulen,Humanmedizin/Gesundheitswissenschaften,
2020-01-01T00:00:00.000Z,Mecklenburg-Vorpommern,Kunsthochschulen,"Kunst, Kunstwissenschaft",280000.0
2021-01-01T00:00:00.000Z,Schleswig-Holstein,Theologische Hochschulen,"Mathematik, Naturwissenschaften",
2022-01-01T00:00:00.000Z,Bayern,Kunsthochschulen,Ingenieurwissenschaften,3000.0
2019-01-01T00:00:00.000Z,Hessen,Kunsthochschulen,Sport,
2020-01-01T00:00:00.000Z,Berlin,Verwaltungsfachhochschulen,Ingenieurwissenschaften,
2022-01-01T00:00:00.000Z,Saarland,Medizinische Einrichtungen der Universitäten,"Agrar-, Forst- u.Ernährungswiss., Veterinärmedizin",
2020-01-01T00:00:00.000Z,Berlin,Pädagogische Hochschulen,Zentr.Einrichtungen (o. klinikspez. Einrichtungen),
2020-01-01T00:00:00.000Z,Berlin,Verwaltungsfachhochschulen,"Kunst, Kunstwissenschaft",
2022-01-01T00:00:00.000Z,Brandenburg,Pädagogische Hochschulen,Geisteswissenschaften,
2021-01-01T00:00:00.000Z,Bremen,Kunsthochschulen,Ingenieurwissenschaften,
2020-01-01T00:00:00.000Z,Bremen,Verwaltungsfachhochschulen,"Rechts-, Wirtschafts- und Sozialwissenschaften",197000.0
2020-01-01T00:00:00.000Z,Baden-Württemberg,Pädagogische Hochschulen,Ingenieurwissenschaften,504000.0
2021-01-01T00:00:00.000Z,Rheinland-Pfalz,Medizinische Einrichtungen der Universitäten,Humanmedizin/Gesundheitswissenschaften,7.77879E8
2019-01-01T00:00:00.000Z,Hessen,Medizinische Einrichtungen der Universitäten,Geisteswissenschaften,
2022-01-01T00:00:00.000Z,Hessen,Universitäten (ohne Medizinische Einrichtungen),Geisteswissenschaften,3.3334E7
2020-01-01T00:00:00.000Z,Hessen,Verwaltungsfachhochschulen,Ingenieurwissenschaften,1000.0
2019-01-01T00:00:00.000Z,Saarland,Verwaltungsfachhochschulen,"Mathematik, Naturwissenschaften",
2020-01-01T00:00:00.000Z,Hamburg,Pädagogische Hochschulen,Zentr.Einrichtungen (o. klinikspez. Einrichtungen),
2019-01-01T00:00:00.000Z,Saarland,Medizinische Einrichtungen der Universitäten,Zentr.Einrichtungen (o. klinikspez. Einrichtungen),
2021-01-01T00:00:00.000Z,Bayern,Theologische Hochschulen,"Agrar-, Forst- u.Ernährungswiss., Veterinärmedizin",
2019-01-01T00:00:00.000Z,Hamburg,Pädagogische Hochschulen,"Kunst, Kunstwissenschaft",
2019-01-01T00:00:00.000Z,Bayern,Universitäten (ohne Medizinische Einrichtungen),"Rechts-, Wirtschafts- und Sozialwissenschaften",1.02416E8
2019-01-01T00:00:00.000Z,Niedersachsen,Verwaltungsfachhochschulen,Ingenieurwissenschaften,
2019-01-01T00:00:00.000Z,Schleswig-Holstein,Fachhochschulen,Geisteswissenschaften,11000.0
2021-01-01T00:00:00.000Z,Berlin,Kunsthochschulen,Geisteswissenschaften,1935000.0
2022-01-01T00:00:00.000Z,Saarland,Kunsthochschulen,"Kunst, Kunstwissenschaft",0.0
2021-01-01T00:00:00.000Z,Brandenburg,Kunsthochschulen,Sport,
2019-01-01T00:00:00.000Z,Hessen,Medizinische Einrichtungen der Universitäten,"Rechts-, Wirtschafts- und Sozialwissenschaften",
2022-01-01T00:00:00.000Z,Bremen,Theologische Hochschulen,Zentr.Einrichtungen (o. klinikspez. Einrichtungen),
2019-01-01T00:00:00.000Z,Rheinland-Pfalz,Theologische Hochschulen,"Rechts-, Wirtschafts- und Sozialwissenschaften",
2020-01-01T00:00:00.000Z,Bayern,Medizinische Einrichtungen der Universitäten,Sport,
2022-01-01T00:00:00.000Z,Rheinland-Pfalz,Fachhochschulen,Geisteswissenschaften,285000.0
2020-01-01T00:00:00.000Z,Saarland,Medizinische Einrichtungen der Universitäten,Zentr.Einrichtungen (o. klinikspez. Einrichtungen),
2020-01-01T00:00:00.000Z,Schleswig-Holstein,Fachhochschulen,"Agrar-, Forst- u.Ernährungswiss., Veterinärmedizin",112000.0
2022-01-01T00:00:00.000Z,Hamburg,Pädagogische Hochschulen,Ingenieurwissenschaften,
2019-01-01T00:00:00.000Z,Bremen,Pädagogische Hochschulen,"Rechts-, Wirtschafts- und Sozialwissenschaften",
2021-01-01T00:00:00.000Z,Baden-Württemberg,Universitäten (ohne Medizinische Einrichtungen),Humanmedizin/Gesundheitswissenschaften,
2022-01-01T00:00:00.000Z,Baden-Württemberg,Universitäten (ohne Medizinische Einrichtungen),Geisteswissenschaften,8.0393E7
2022-01-01T00:00:00.000Z,Bayern,Fachhochschulen,"Rechts-, Wirtschafts- und Sozialwissenschaften",8.3263E7
2019-01-01T00:00:00.000Z,Thüringen,Medizinische Einrichtungen der Universitäten,"Mathematik, Naturwissenschaften",
2019-01-01T00:00:00.000Z,Sachsen,Medizinische Einrichtungen der Universitäten,Sport,
2020-01-01T00:00:00.000Z,Saarland,Medizinische Einrichtungen der Universitäten,Humanmedizin/Gesundheitswissenschaften,5.51825E8
2021-01-01T00:00:00.000Z,Bremen,Pädagogische Hochschulen,Sport,
2021-01-01T00:00:00.000Z,Baden-Württemberg,Universitäten (ohne Medizinische Einrichtungen),Geisteswissenschaften,7.3579E7
2019-01-01T00:00:00.000Z,Hamburg,Fachhochschulen,"Mathematik, Naturwissenschaften",708000.0
2020-01-01T00:00:00.000Z,Berlin,Theologische Hochschulen,Sport,
2022-01-01T00:00:00.000Z,Sachsen-Anhalt,Kunsthochschulen,Ingenieurwissenschaften,7000.0
2019-01-01T00:00:00.000Z,Schleswig-Holstein,Pädagogische Hochschulen,Humanmedizin/Gesundheitswissenschaften,
2020-01-01T00:00:00.000Z,Sachsen,Pädagogische Hochschulen,Geisteswissenschaften,
2021-01-01T00:00:00.000Z,Baden-Württemberg,Verwaltungsfachhochschulen,"Rechts-, Wirtschafts- und Sozialwissenschaften",3043000.0
2022-01-01T00:00:00.000Z,Thüringen,Pädagogische Hochschulen,"Kunst, Kunstwissenschaft",
2019-01-01T00:00:00.000Z,Saarland,Pädagogische Hochschulen,"Rechts-, Wirtschafts- und Sozialwissenschaften",
2021-01-01T00:00:00.000Z,Thüringen,Medizinische Einrichtungen der Universitäten,"Mathematik, Naturwissenschaften",
2020-01-01T00:00:00.000Z,Sachsen,Theologische Hochschulen,"Rechts-, Wirtschafts- und Sozialwissenschaften",
2021-01-01T00:00:00.000Z,Schleswig-Holstein,Medizinische Einrichtungen der Universitäten,Geisteswissenschaften,
2021-01-01T00:00:00.000Z,Baden-Württemberg,Medizinische Einrichtungen der Universitäten,"Agrar-, Forst- u.Ernährungswiss., Veterinärmedizin",
2021-01-01T00:00:00.000Z,Bayern,Universitäten (ohne Medizinische Einrichtungen),"Rechts-, Wirtschafts- und Sozialwissenschaften",1.09043E8
2020-01-01T00:00:00.000Z,Bremen,Verwaltungsfachhochschulen,Zentr.Einrichtungen (o. klinikspez. Einrichtungen),
2019-01-01T00:00:00.000Z,Rheinland-Pfalz,Pädagogische Hochschulen,Ingenieurwissenschaften,
2020-01-01T00:00:00.000Z,Sachsen-Anhalt,Theologische Hochschulen,Ingenieurwissenschaften,
2021-01-01T00:00:00.000Z,Rheinland-Pfalz,Fachhochschulen,"Kunst, Kunstwissenschaft",911000.0
2020-01-01T00:00:00.000Z,Sachsen-Anhalt,Pädagogische Hochschulen,"Mathematik, Naturwissenschaften",
2020-01-01T00:00:00.000Z,Berlin,Universitäten (ohne Medizinische Einrichtungen),Sport,649000.0
2022-01-01T00:00:00.000Z,Schleswig-Holstein,Verwaltungsfachhochschulen,"Agrar-, Forst- u.Ernährungswiss., Veterinärmedizin",
2022-01-01T00:00:00.000Z,Nordrhein-Westfalen,Pädagogische Hochschulen,Geisteswissenschaften,
2021-01-01T00:00:00.000Z,Brandenburg,Theologische Hochschulen,Humanmedizin/Gesundheitswissenschaften,
2022-01-01T00:00:00.000Z,Rheinland-Pfalz,Verwaltungsfachhochschulen,Ingenieurwissenschaften,
2022-01-01T00:00:00.000Z,Brandenburg,Pädagogische Hochschulen,Zentr.Einrichtungen (o. klinikspez. Einrichtungen),
2019-01-01T00:00:00.000Z,Brandenburg,Pädagogische Hochschulen,"Rechts-, Wirtschafts- und Sozialwissenschaften",
2022-01-01T00:00:00.000Z,Hessen,Theologische Hochschulen,Humanmedizin/Gesundheitswissenschaften,
2021-01-01T00:00:00.000Z,Hessen,Fachhochschulen,Sport,21000.0
2022-01-01T00:00:00.000Z,Niedersachsen,Pädagogische Hochschulen,Zentr.Einrichtungen (o. klinikspez. Einrichtungen),
2022-01-01T00:00:00.000Z,Nordrhein-Westfalen,Verwaltungsfachhochschulen,Humanmedizin/Gesundheitswissenschaften,
2019-01-01T00:00:00.000Z,Rheinland-Pfalz,Fachhochschulen,Zentr.Einrichtungen (o. klinikspez. Einrichtungen),1.7148E7
2021-01-01T00:00:00.000Z,Nordrhein-Westfalen,Universitäten (ohne Medizinische Einrichtungen),Sport,1.6514E7
2020-01-01T00:00:00.000Z,Sachsen-Anhalt,Theologische Hochschulen,"Agrar-, Forst- u.Ernährungswiss., Veterinärmedizin",
2020-01-01T00:00:00.000Z,Niedersachsen,Medizinische Einrichtungen der Universitäten,"Mathematik, Naturwissenschaften",
2021-01-01T00:00:00.000Z,Mecklenburg-Vorpommern,Fachhochschulen,Sport,
2022-01-01T00:00:00.000Z,Thüringen,Medizinische Einrichtungen der Universitäten,Sport,
2019-01-01T00:00:00.000Z,Rheinland-Pfalz,Kunsthochschulen,Ingenieurwissenschaften,
2022-01-01T00:00:00.000Z,Nordrhein-Westfalen,Verwaltungsfachhochschulen,Sport,
2021-01-01T00:00:00.000Z,Rheinland-Pfalz,Fachhochschulen,"Agrar-, Forst- u.Ernährungswiss., Veterinärmedizin",391000.0
2019-01-01T00:00:00.000Z,Thüringen,Kunsthochschulen,"Kunst, Kunstwissenschaft",1248000.0
2022-01-01T00:00:00.000Z,Bayern,Universitäten (ohne Medizinische Einrichtungen),"Rechts-, Wirtschafts- und Sozialwissenschaften",1.28759E8
2022-01-01T00:00:00.000Z,Hessen,Verwaltungsfachhochschulen,"Agrar-, Forst- u.Ernährungswiss., Veterinärmedizin",
2022-01-01T00:00:00.000Z,Sachsen,Fachhochschulen,"Kunst, Kunstwissenschaft",1119000.0
2019-01-01T00:00:00.000Z,Bremen,Pädagogische Hochschulen,Geisteswissenschaften,
2020-01-01T00:00:00.000Z,Sachsen-Anhalt,Verwaltungsfachhochschulen,Ingenieurwissenschaften,
2019-01-01T00:00:00.000Z,Schleswig-Holstein,Kunsthochschulen,Sport,
2022-01-01T00:00:00.000Z,Berlin,Verwaltungsfachhochschulen,Sport,
2019-01-01T00:00:00.000Z,Sachsen,Pädagogische Hochschulen,"Kunst, Kunstwissenschaft",
2020-01-01T00:00:00.000Z,Hessen,Universitäten (ohne Medizinische Einrichtungen),"Mathematik, Naturwissenschaften",1.31634E8
2022-01-01T00:00:00.000Z,Bremen,Theologische Hochschulen,"Agrar-, Forst- u.Ernährungswiss., Veterinärmedizin",
2022-01-01T00:00:00.000Z,Schleswig-Holstein,Theologische Hochschulen,Sport,
2022-01-01T00:00:00.000Z,Rheinland-Pfalz,Kunsthochschulen,Sport,
2019-01-01T00:00:00.000Z,Hessen,Fachhochschulen,Geisteswissenschaften,4209000.0
2019-01-01T00:00:00.000Z,Brandenburg,Verwaltungsfachhochschulen,Geisteswissenschaften,
2019-01-01T00:00:00.000Z,Brandenburg,Theologische Hochschulen,Geisteswissenschaften,
2021-01-01T00:00:00.000Z,Schleswig-Holstein,Kunsthochschulen,"Rechts-, Wirtschafts- und Sozialwissenschaften",
2021-01-01T00:00:00.000Z,Bayern,Pädagogische Hochschulen,"Mathematik, Naturwissenschaften",
2019-01-01T00:00:00.000Z,Bayern,Medizinische Einrichtungen der Universitäten,"Agrar-, Forst- u.Ernährungswiss., Veterinärmedizin",
2020-01-01T00:00:00.000Z,Sachsen,Medizinische Einrichtungen der Universitäten,Zentr.Einrichtungen (o. klinikspez. Einrichtungen),
2020-01-01T00:00:00.000Z,Rheinland-Pfalz,Universitäten (ohne Medizinische Einrichtungen),Ingenieurwissenschaften,4.7624E7
2019-01-01T00:00:00.000Z,Bremen,Verwaltungsfachhochschulen,"Agrar-, Forst- u.Ernährungswiss., Veterinärmedizin",
2019-01-01T00:00:00.000Z,Hessen,Universitäten (ohne Medizinische Einrichtungen),"Mathematik, Naturwissenschaften",1.20777E8
2019-01-01T00:00:00.000Z,Nordrhein-Westfalen,Medizinische Einrichtungen der Universitäten,Ingenieurwissenschaften,
2020-01-01T00:00:00.000Z,Saarland,Medizinische Einrichtungen der Universitäten,Ingenieurwissenschaften,
2019-01-01T00:00:00.000Z,Bremen,Verwaltungsfachhochschulen,"Kunst, Kunstwissenschaft",
2022-01-01T00:00:00.000Z,Schleswig-Holstein,Pädagogische Hochschulen,"Rechts-, Wirtschafts- und Sozialwissenschaften",
2019-01-01T00:00:00.000Z,Hessen,Pädagogische Hochschulen,"Rechts-, Wirtschafts- und Sozialwissenschaften",
2020-01-01T00:00:00.000Z,Brandenburg,Theologische Hochschulen,Zentr.Einrichtungen (o. klinikspez. Einrichtungen),
2021-01-01T00:00:00.000Z,Nordrhein-Westfalen,Verwaltungsfachhochschulen,"Mathematik, Naturwissenschaften",
2021-01-01T00:00:00.000Z,Sachsen,Universitäten (ohne Medizinische Einrichtungen),Geisteswissenschaften,1.3979E7
2021-01-01T00:00:00.000Z,Hamburg,Universitäten (ohne Medizinische Einrichtungen),Zentr.Einrichtungen (o. klinikspez. Einrichtungen),8.0602E7
2021-01-01T00:00:00.000Z,Nordrhein-Westfalen,Theologische Hochschulen,"Agrar-, Forst- u.Ernährungswiss., Veterinärmedizin",
2020-01-01T00:00:00.000Z,Rheinland-Pfalz,Fachhochschulen,Humanmedizin/Gesundheitswissenschaften,1380000.0
2020-01-01T00:00:00.000Z,Sachsen-Anhalt,Pädagogische Hochschulen,Zentr.Einrichtungen (o. klinikspez. Einrichtungen),
2020-01-01T00:00:00.000Z,Berlin,Theologische Hochschulen,"Agrar-, Forst- u.Ernährungswiss., Veterinärmedizin",
2019-01-01T00:00:00.000Z,Sachsen,Universitäten (ohne Medizinische Einrichtungen),"Agrar-, Forst- u.Ernährungswiss., Veterinärmedizin",1.7183E7
2020-01-01T00:00:00.000Z,Thüringen,Verwaltungsfachhochschulen,"Agrar-, Forst- u.Ernährungswiss., Veterinärmedizin",
2022-01-01T00:00:00.000Z,Thüringen,Universitäten (ohne Medizinische Einrichtungen),"Agrar-, Forst- u.Ernährungswiss., Veterinärmedizin",1583000.0
2021-01-01T00:00:00.000Z,Mecklenburg-Vorpommern,Verwaltungsfachhochschulen,Sport,
2019-01-01T00:00:00.000Z,Sachsen,Verwaltungsfachhochschulen,"Mathematik, Naturwissenschaften",
2022-01-01T00:00:00.000Z,Berlin,Theologische Hochschulen,Ingenieurwissenschaften,
2019-01-01T00:00:00.000Z,Mecklenburg-Vorpommern,Pädagogische Hochschulen,Ingenieurwissenschaften,
2019-01-01T00:00:00.000Z,Bayern,Verwaltungsfachhochschulen,"Agrar-, Forst- u.Ernährungswiss., Veterinärmedizin",
2022-01-01T00:00:00.000Z,Sachsen,Kunsthochschulen,Sport,
2019-01-01T00:00:00.000Z,Brandenburg,Pädagogische Hochschulen,Sport,
2019-01-01T00:00:00.000Z,Mecklenburg-Vorpommern,Fachhochschulen,Geisteswissenschaften,
2019-01-01T00:00:00.000Z,Mecklenburg-Vorpommern,Kunsthochschulen,Ingenieurwissenschaften,
2021-01-01T00:00:00.000Z,Berlin,Pädagogische Hochschulen,Sport,
2020-01-01T00:00:00.000Z,Baden-Württemberg,Fachhochschulen,"Kunst, Kunstwissenschaft",1.0905E7
2019-01-01T00:00:00.000Z,Niedersachsen,Fachhochschulen,Humanmedizin/Gesundheitswissenschaften,2466000.0
2019-01-01T00:00:00.000Z,Schleswig-Holstein,Fachhochschulen,Ingenieurwissenschaften,1.5895E7
2019-01-01T00:00:00.000Z,Baden-Württemberg,Verwaltungsfachhochschulen,Geisteswissenschaften,
2022-01-01T00:00:00.000Z,Baden-Württemberg,Theologische Hochschulen,"Mathematik, Naturwissenschaften",
2022-01-01T00:00:00.000Z,Nordrhein-Westfalen,Theologische Hochschulen,Ingenieurwissenschaften,
2022-01-01T00:00:00.000Z,Brandenburg,Universitäten (ohne Medizinische Einrichtungen),Geisteswissenschaften,1.1709E7
2019-01-01T00:00:00.000Z,Baden-Württemberg,Medizinische Einrichtungen der Universitäten,Sport,
2019-01-01T00:00:00.000Z,Brandenburg,Verwaltungsfachhochschulen,Zentr.Einrichtungen (o. klinikspez. Einrichtungen),0.0
2022-01-01T00:00:00.000Z,Bremen,Universitäten (ohne Medizinische Einrichtungen),Ingenieurwissenschaften,4.2591E7
2021-01-01T00:00:00.000Z,Schleswig-Holstein,Universitäten (ohne Medizinische Einrichtungen),Geisteswissenschaften,4131000.0
2020-01-01T00:00:00.000Z,Schleswig-Holstein,Pädagogische Hochschulen,Humanmedizin/Gesundheitswissenschaften,
2020-01-01T00:00:00.000Z,Thüringen,Medizinische Einrichtungen der Universitäten,"Agrar-, Forst- u.Ernährungswiss., Veterinärmedizin",
2021-01-01T00:00:00.000Z,Schleswig-Holstein,Pädagogische Hochschulen,"Kunst, Kunstwissenschaft",
2022-01-01T00:00:00.000Z,Hessen,Kunsthochschulen,Zentr.Einrichtungen (o. klinikspez. Einrichtungen),6206000.0
2021-01-01T00:00:00.000Z,Sachsen,Fachhochschulen,"Mathematik, Naturwissenschaften",6613000.0
2019-01-01T00:00:00.000Z,Hessen,Theologische Hochschulen,Sport,
2019-01-01T00:00:00.000Z,Nordrhein-Westfalen,Theologische Hochschulen,Geisteswissenschaften,944000.0
2021-01-01T00:00:00.000Z,Thüringen,Theologische Hochschulen,Humanmedizin/Gesundheitswissenschaften,
2020-01-01T00:00:00.000Z,Sachsen,Pädagogische Hochschulen,Ingenieurwissenschaften,
2020-01-01T00:00:00.000Z,Niedersachsen,Fachhochschulen,"Mathematik, Naturwissenschaften",
2021-01-01T00:00:00.000Z,Nordrhein-Westfalen,Universitäten (ohne Medizinische Einrichtungen),"Rechts-, Wirtschafts- und Sozialwissenschaften",1.64507E8
2020-01-01T00:00:00.000Z,Baden-Württemberg,Theologische Hochschulen,"Rechts-, Wirtschafts- und Sozialwissenschaften",
2021-01-01T00:00:00.000Z,Baden-Württemberg,Verwaltungsfachhochschulen,"Agrar-, Forst- u.Ernährungswiss., Veterinärmedizin",
2019-01-01T00:00:00.000Z,Thüringen,Theologische Hochschulen,Ingenieurwissenschaften,
2019-01-01T00:00:00.000Z,Berlin,Pädagogische Hochschulen,Geisteswissenschaften,
2022-01-01T00:00:00.000Z,Baden-Württemberg,Verwaltungsfachhochschulen,"Rechts-, Wirtschafts- und Sozialwissenschaften",3496000.0
2022-01-01T00:00:00.000Z,Schleswig-Holstein,Medizinische Einrichtungen der Universitäten,"Agrar-, Forst- u.Ernährungswiss., Veterinärmedizin",
2019-01-01T00:00:00.000Z,Baden-Württemberg,Medizinische Einrichtungen der Universitäten,Humanmedizin/Gesundheitswissenschaften,3.382673E9
2019-01-01T00:00:00.000Z,Hamburg,Theologische Hochschulen,"Kunst, Kunstwissenschaft",
2021-01-01T00:00:00.000Z,Niedersachsen,Fachhochschulen,"Kunst, Kunstwissenschaft",2982000.0
2019-01-01T00:00:00.000Z,Bremen,Fachhochschulen,"Kunst, Kunstwissenschaft",
2022-01-01T00:00:00.000Z,Saarland,Universitäten (ohne Medizinische Einrichtungen),Humanmedizin/Gesundheitswissenschaften,
2019-01-01T00:00:00.000Z,Nordrhein-Westfalen,Medizinische Einrichtungen der Universitäten,Zentr.Einrichtungen (o. klinikspez. Einrichtungen),
2021-01-01T00:00:00.000Z,Rheinland-Pfalz,Fachhochschulen,Ingenieurwissenschaften,1.9229E7
2022-01-01T00:00:00.000Z,Thüringen,Pädagogische Hochschulen,"Agrar-, Forst- u.Ernährungswiss., Veterinärmedizin",
2020-01-01T00:00:00.000Z,Hamburg,Verwaltungsfachhochschulen,Sport,
2019-01-01T00:00:00.000Z,Nordrhein-Westfalen,Universitäten (ohne Medizinische Einrichtungen),"Rechts-, Wirtschafts- und Sozialwissenschaften",1.59305E8
2021-01-01T00:00:00.000Z,Berlin,Theologische Hochschulen,Geisteswissenschaften,
2022-01-01T00:00:00.000Z,Berlin,Universitäten (ohne Medizinische Einrichtungen),"Agrar-, Forst- u.Ernährungswiss., Veterinärmedizin",2.6493E7
2022-01-01T00:00:00.000Z,Baden-Württemberg,Universitäten (ohne Medizinische Einrichtungen),Zentr.Einrichtungen (o. klinikspez. Einrichtungen),2.73605E8
2019-01-01T00:00:00.000Z,Bremen,Medizinische Einrichtungen der Universitäten,"Agrar-, Forst- u.Ernährungswiss., Veterinärmedizin",
2019-01-01T00:00:00.000Z,Mecklenburg-Vorpommern,Verwaltungsfachhochschulen,"Rechts-, Wirtschafts- und Sozialwissenschaften",808000.0
2020-01-01T00:00:00.000Z,Berlin,Pädagogische Hochschulen,"Rechts-, Wirtschafts- und Sozialwissenschaften",
2021-01-01T00:00:00.000Z,Bremen,Theologische Hochschulen,Geisteswissenschaften,
2019-01-01T00:00:00.000Z,Hessen,Theologische Hochschulen,"Agrar-, Forst- u.Ernährungswiss., Veterinärmedizin",
2022-01-01T00:00:00.000Z,Sachsen-Anhalt,Fachhochschulen,"Rechts-, Wirtschafts- und Sozialwissenschaften",2.4272E7
2021-01-01T00:00:00.000Z,Bremen,Fachhochschulen,"Rechts-, Wirtschafts- und Sozialwissenschaften",2228000.0
2021-01-01T00:00:00.000Z,Niedersachsen,Verwaltungsfachhochschulen,"Agrar-, Forst- u.Ernährungswiss., Veterinärmedizin",
2021-01-01T00:00:00.000Z,Bremen,Verwaltungsfachhochschulen,"Rechts-, Wirtschafts- und Sozialwissenschaften",398000.0
2019-01-01T00:00:00.000Z,Thüringen,Verwaltungsfachhochschulen,Sport,
2021-01-01T00:00:00.000Z,Saarland,Kunsthochschulen,Ingenieurwissenschaften,
2019-01-01T00:00:00.000Z,Mecklenburg-Vorpommern,Theologische Hochschulen,"Rechts-, Wirtschafts- und Sozialwissenschaften",
2022-01-01T00:00:00.000Z,Sachsen-Anhalt,Universitäten (ohne Medizinische Einrichtungen),Humanmedizin/Gesundheitswissenschaften,
2020-01-01T00:00:00.000Z,Rheinland-Pfalz,Medizinische Einrichtungen der Universitäten,"Mathematik, Naturwissenschaften",
2020-01-01T00:00:00.000Z,Hessen,Universitäten (ohne Medizinische Einrichtungen),"Agrar-, Forst- u.Ernährungswiss., Veterinärmedizin",3.1487E7
2022-01-01T00:00:00.000Z,Bayern,Medizinische Einrichtungen der Universitäten,Ingenieurwissenschaften,
2020-01-01T00:00:00.000Z,Schleswig-Holstein,Verwaltungsfachhochschulen,"Mathematik, Naturwissenschaften",
2020-01-01T00:00:00.000Z,Niedersachsen,Universitäten (ohne Medizinische Einrichtungen),Zentr.Einrichtungen (o. klinikspez. Einrichtungen),1.67677E8
2021-01-01T00:00:00.000Z,Nordrhein-Westfalen,Pädagogische Hochschulen,"Agrar-, Forst- u.Ernährungswiss., Veterinärmedizin",
2019-01-01T00:00:00.000Z,Sachsen-Anhalt,Kunsthochschulen,Humanmedizin/Gesundheitswissenschaften,
2022-01-01T00:00:00.000Z,Sachsen,Kunsthochschulen,"Kunst, Kunstwissenschaft",4660000.0
2021-01-01T00:00:00.000Z,Hamburg,Fachhochschulen,Humanmedizin/Gesundheitswissenschaften,3.7627E7
2020-01-01T00:00:00.000Z,Mecklenburg-Vorpommern,Verwaltungsfachhochschulen,Geisteswissenschaften,
2021-01-01T00:00:00.000Z,Brandenburg,Theologische Hochschulen,Sport,
2020-01-01T00:00:00.000Z,Brandenburg,Fachhochschulen,"Rechts-, Wirtschafts- und Sozialwissenschaften",1.2531E7
2022-01-01T00:00:00.000Z,Brandenburg,Medizinische Einrichtungen der Universitäten,"Kunst, Kunstwissenschaft",
2019-01-01T00:00:00.000Z,Sachsen,Medizinische Einrichtungen der Universitäten,"Rechts-, Wirtschafts- und Sozialwissenschaften",
2020-01-01T00:00:00.000Z,Bayern,Verwaltungsfachhochschulen,Ingenieurwissenschaften,440000.0
2021-01-01T00:00:00.000Z,Brandenburg,Verwaltungsfachhochschulen,Humanmedizin/Gesundheitswissenschaften,
2021-01-01T00:00:00.000Z,Sachsen,Kunsthochschulen,"Rechts-, Wirtschafts- und Sozialwissenschaften",
2022-01-01T00:00:00.000Z,Brandenburg,Theologische Hochschulen,Zentr.Einrichtungen (o. klinikspez. Einrichtungen),
2020-01-01T00:00:00.000Z,Baden-Württemberg,Pädagogische Hochschulen,"Rechts-, Wirtschafts- und Sozialwissenschaften",8032000.0
2021-01-01T00:00:00.000Z,Sachsen-Anhalt,Kunsthochschulen,Humanmedizin/Gesundheitswissenschaften,
2019-01-01T00:00:00.000Z,Bayern,Pädagogische Hochschulen,"Mathematik, Naturwissenschaften",
2022-01-01T00:00:00.000Z,Hamburg,Universitäten (ohne Medizinische Einrichtungen),Ingenieurwissenschaften,7.2065E7
2021-01-01T00:00:00.000Z,Bayern,Universitäten (ohne Medizinische Einrichtungen),Humanmedizin/Gesundheitswissenschaften,
2022-01-01T00:00:00.000Z,Sachsen-Anhalt,Universitäten (ohne Medizinische Einrichtungen),"Rechts-, Wirtschafts- und Sozialwissenschaften",1.1682E7
2022-01-01T00:00:00.000Z,Schleswig-Holstein,Verwaltungsfachhochschulen,Sport,
2022-01-01T00:00:00.000Z,Mecklenburg-Vorpommern,Theologische Hochschulen,"Kunst, Kunstwissenschaft",
2021-01-01T00:00:00.000Z,Nordrhein-Westfalen,Universitäten (ohne Medizinische Einrichtungen),Geisteswissenschaften,9.6025E7
2019-01-01T00:00:00.000Z,Berlin,Verwaltungsfachhochschulen,"Agrar-, Forst- u.Ernährungswiss., Veterinärmedizin",
2020-01-01T00:00:00.000Z,Hamburg,Medizinische Einrichtungen der Universitäten,Humanmedizin/Gesundheitswissenschaften,9.64136E8
2022-01-01T00:00:00.000Z,Niedersachsen,Verwaltungsfachhochschulen,"Agrar-, Forst- u.Ernährungswiss., Veterinärmedizin",
2019-01-01T00:00:00.000Z,Bayern,Universitäten (ohne Medizinische Einrichtungen),"Mathematik, Naturwissenschaften",2.92155E8
2020-01-01T00:00:00.000Z,Brandenburg,Verwaltungsfachhochschulen,Sport,
2021-01-01T00:00:00.000Z,Brandenburg,Universitäten (ohne Medizinische Einrichtungen),"Kunst, Kunstwissenschaft",2503000.0
2020-01-01T00:00:00.000Z,Thüringen,Fachhochschulen,Sport,
2021-01-01T00:00:00.000Z,Brandenburg,Verwaltungsfachhochschulen,"Rechts-, Wirtschafts- und Sozialwissenschaften",5050000.0
2022-01-01T00:00:00.000Z,Baden-Württemberg,Fachhochschulen,Zentr.Einrichtungen (o. klinikspez. Einrichtungen),1.06114E8
2021-01-01T00:00:00.000Z,Bremen,Verwaltungsfachhochschulen,"Mathematik, Naturwissenschaften",
2020-01-01T00:00:00.000Z,Sachsen,Kunsthochschulen,"Rechts-, Wirtschafts- und Sozialwissenschaften",
2019-01-01T00:00:00.000Z,Hessen,Theologische Hochschulen,Humanmedizin/Gesundheitswissenschaften,
2022-01-01T00:00:00.000Z,Hamburg,Theologische Hochschulen,Ingenieurwissenschaften,
2019-01-01T00:00:00.000Z,Rheinland-Pfalz,Theologische Hochschulen,Humanmedizin/Gesundheitswissenschaften,1316000.0
2021-01-01T00:00:00.000Z,Baden-Württemberg,Medizinische Einrichtungen der Universitäten,Humanmedizin/Gesundheitswissenschaften,4.083705E9
2019-01-01T00:00:00.000Z,Schleswig-Holstein,Verwaltungsfachhochschulen,Ingenieurwissenschaften,
2021-01-01T00:00:00.000Z,Brandenburg,Medizinische Einrichtungen der Universitäten,Ingenieurwissenschaften,
2021-01-01T00:00:00.000Z,Bayern,Kunsthochschulen,"Rechts-, Wirtschafts- und Sozialwissenschaften",0.0
2019-01-01T00:00:00.000Z,Sachsen-Anhalt,Kunsthochschulen,"Mathematik, Naturwissenschaften",
2020-01-01T00:00:00.000Z,Rheinland-Pfalz,Pädagogische Hochschulen,Humanmedizin/Gesundheitswissenschaften,
2020-01-01T00:00:00.000Z,Schleswig-Holstein,Verwaltungsfachhochschulen,"Agrar-, Forst- u.Ernährungswiss., Veterinärmedizin",
2019-01-01T00:00:00.000Z,Sachsen,Verwaltungsfachhochschulen,"Rechts-, Wirtschafts- und Sozialwissenschaften",2062000.0
2020-01-01T00:00:00.000Z,Sachsen-Anhalt,Medizinische Einrichtungen der Universitäten,"Agrar-, Forst- u.Ernährungswiss., Veterinärmedizin",
2022-01-01T00:00:00.000Z,Brandenburg,Kunsthochschulen,"Agrar-, Forst- u.Ernährungswiss., Veterinärmedizin",
2022-01-01T00:00:00.000Z,Saarland,Verwaltungsfachhochschulen,Geisteswissenschaften,
2021-01-01T00:00:00.000Z,Bremen,Kunsthochschulen,"Mathematik, Naturwissenschaften",
2019-01-01T00:00:00.000Z,Nordrhein-Westfalen,Fachhochschulen,Sport,
2021-01-01T00:00:00.000Z,Niedersachsen,Pädagogische Hochschulen,"Mathematik, Naturwissenschaften",
2020-01-01T00:00:00.000Z,Niedersachsen,Kunsthochschulen,"Mathematik, Naturwissenschaften",
2022-01-01T00:00:00.000Z,Mecklenburg-Vorpommern,Kunsthochschulen,"Agrar-, Forst- u.Ernährungswiss., Veterinärmedizin",
2022-01-01T00:00:00.000Z,Bayern,Pädagogische Hochschulen,"Kunst, Kunstwissenschaft",
2020-01-01T00:00:00.000Z,Berlin,Medizinische Einrichtungen der Universitäten,Humanmedizin/Gesundheitswissenschaften,1.696794E9
2020-01-01T00:00:00.000Z,Hessen,Medizinische Einrichtungen der Universitäten,"Mathematik, Naturwissenschaften",
2021-01-01T00:00:00.000Z,Thüringen,Verwaltungsfachhochschulen,Sport,
2021-01-01T00:00:00.000Z,Hessen,Kunsthochschulen,"Agrar-, Forst- u.Ernährungswiss., Veterinärmedizin",
2021-01-01T00:00:00.000Z,Berlin,Verwaltungsfachhochschulen,"Agrar-, Forst- u.Ernährungswiss., Veterinärmedizin",
2019-01-01T00:00:00.000Z,Saarland,Kunsthochschulen,Geisteswissenschaften,
2021-01-01T00:00:00.000Z,Schleswig-Holstein,Theologische Hochschulen,Ingenieurwissenschaften,
2021-01-01T00:00:00.000Z,Rheinland-Pfalz,Verwaltungsfachhochschulen,"Kunst, Kunstwissenschaft",
2021-01-01T00:00:00.000Z,Bayern,Medizinische Einrichtungen der Universitäten,"Mathematik, Naturwissenschaften",
2020-01-01T00:00:00.000Z,Saarland,Verwaltungsfachhochschulen,Geisteswissenschaften,
2021-01-01T00:00:00.000Z,Sachsen-Anhalt,Kunsthochschulen,"Rechts-, Wirtschafts- und Sozialwissenschaften",
2020-01-01T00:00:00.000Z,Hessen,Pädagogische Hochschulen,Humanmedizin/Gesundheitswissenschaften,
2020-01-01T00:00:00.000Z,Baden-Württemberg,Verwaltungsfachhochschulen,Geisteswissenschaften,
2020-01-01T00:00:00.000Z,Brandenburg,Pädagogische Hochschulen,"Agrar-, Forst- u.Ernährungswiss., Veterinärmedizin",
2019-01-01T00:00:00.000Z,Hessen,Medizinische Einrichtungen der Universitäten,Ingenieurwissenschaften,
2021-01-01T00:00:00.000Z,Nordrhein-Westfalen,Kunsthochschulen,"Agrar-, Forst- u.Ernährungswiss., Veterinärmedizin",
2022-01-01T00:00:00.000Z,Bremen,Verwaltungsfachhochschulen,Geisteswissenschaften,
2020-01-01T00:00:00.000Z,Saarland,Universitäten (ohne Medizinische Einrichtungen),Ingenieurwissenschaften,1.0279E7
2019-01-01T00:00:00.000Z,Bremen,Fachhochschulen,Sport,
2021-01-01T00:00:00.000Z,Baden-Württemberg,Theologische Hochschulen,Sport,
2019-01-01T00:00:00.000Z,Mecklenburg-Vorpommern,Fachhochschulen,Ingenieurwissenschaften,7882000.0
2019-01-01T00:00:00.000Z,Berlin,Verwaltungsfachhochschulen,"Kunst, Kunstwissenschaft",
2021-01-01T00:00:00.000Z,Sachsen,Universitäten (ohne Medizinische Einrichtungen),Ingenieurwissenschaften,2.73554E8
2022-01-01T00:00:00.000Z,Baden-Württemberg,Pädagogische Hochschulen,Sport,392000.0
2021-01-01T00:00:00.000Z,Mecklenburg-Vorpommern,Pädagogische Hochschulen,Geisteswissenschaften,
2021-01-01T00:00:00.000Z,Mecklenburg-Vorpommern,Kunsthochschulen,"Kunst, Kunstwissenschaft",433000.0
2022-01-01T00:00:00.000Z,Nordrhein-Westfalen,Pädagogische Hochschulen,"Rechts-, Wirtschafts- und Sozialwissenschaften",
2019-01-01T00:00:00.000Z,Bayern,Kunsthochschulen,"Mathematik, Naturwissenschaften",
2022-01-01T00:00:00.000Z,Thüringen,Medizinische Einrichtungen der Universitäten,Ingenieurwissenschaften,
2022-01-01T00:00:00.000Z,Bremen,Verwaltungsfachhochschulen,Humanmedizin/Gesundheitswissenschaften,
2019-01-01T00:00:00.000Z,Mecklenburg-Vorpommern,Universitäten (ohne Medizinische Einrichtungen),"Kunst, Kunstwissenschaft",233000.0
2019-01-01T00:00:00.000Z,Saarland,Fachhochschulen,Zentr.Einrichtungen (o. klinikspez. Einrichtungen),2588000.0
2021-01-01T00:00:00.000Z,Saarland,Pädagogische Hochschulen,"Rechts-, Wirtschafts- und Sozialwissenschaften",
2021-01-01T00:00:00.000Z,Rheinland-Pfalz,Theologische Hochschulen,Sport,
2020-01-01T00:00:00.000Z,Niedersachsen,Medizinische Einrichtungen der Universitäten,Humanmedizin/Gesundheitswissenschaften,1.528663E9
2022-01-01T00:00:00.000Z,Hamburg,Pädagogische Hochschulen,"Kunst, Kunstwissenschaft",
2022-01-01T00:00:00.000Z,Bayern,Pädagogische Hochschulen,Sport,
2021-01-01T00:00:00.000Z,Brandenburg,Pädagogische Hochschulen,Geisteswissenschaften,
2019-01-01T00:00:00.000Z,Mecklenburg-Vorpommern,Theologische Hochschulen,"Agrar-, Forst- u.Ernährungswiss., Veterinärmedizin",
2022-01-01T00:00:00.000Z,Saarland,Verwaltungsfachhochschulen,Ingenieurwissenschaften,
2019-01-01T00:00:00.000Z,Nordrhein-Westfalen,Fachhochschulen,"Kunst, Kunstwissenschaft",2560000.0
2020-01-01T00:00:00.000Z,Schleswig-Holstein,Theologische Hochschulen,"Kunst, Kunstwissenschaft",
2022-01-01T00:00:00.000Z,Schleswig-Holstein,Verwaltungsfachhochschulen,Ingenieurwissenschaften,
2019-01-01T00:00:00.000Z,Hamburg,Medizinische Einrichtungen der Universitäten,"Kunst, Kunstwissenschaft",
2022-01-01T00:00:00.000Z,Saarland,Pädagogische Hochschulen,"Mathematik, Naturwissenschaften",
2022-01-01T00:00:00.000Z,Baden-Württemberg,Verwaltungsfachhochschulen,"Mathematik, Naturwissenschaften",
2021-01-01T00:00:00.000Z,Bremen,Pädagogische Hochschulen,"Rechts-, Wirtschafts- und Sozialwissenschaften",
2020-01-01T00:00:00.000Z,Bayern,Universitäten (ohne Medizinische Einrichtungen),Humanmedizin/Gesundheitswissenschaften,
2020-01-01T00:00:00.000Z,Berlin,Theologische Hochschulen,Zentr.Einrichtungen (o. klinikspez. Einrichtungen),
2019-01-01T00:00:00.000Z,Bremen,Kunsthochschulen,Ingenieurwissenschaften,
2022-01-01T00:00:00.000Z,Sachsen-Anhalt,Pädagogische Hochschulen,"Rechts-, Wirtschafts- und Sozialwissenschaften",
2020-01-01T00:00:00.000Z,Brandenburg,Theologische Hochschulen,Geisteswissenschaften,
2022-01-01T00:00:00.000Z,Schleswig-Holstein,Pädagogische Hochschulen,"Kunst, Kunstwissenschaft",
2021-01-01T00:00:00.000Z,Hessen,Fachhochschulen,Ingenieurwissenschaften,3.9414E7
2022-01-01T00:00:00.000Z,Schleswig-Holstein,Theologische Hochschulen,Humanmedizin/Gesundheitswissenschaften,
2020-01-01T00:00:00.000Z,Bremen,Verwaltungsfachhochschulen,Geisteswissenschaften,
2021-01-01T00:00:00.000Z,Mecklenburg-Vorpommern,Medizinische Einrichtungen der Universitäten,Geisteswissenschaften,
2022-01-01T00:00:00.000Z,Hessen,Kunsthochschulen,Humanmedizin/Gesundheitswissenschaften,
2021-01-01T00:00:00.000Z,Bayern,Theologische Hochschulen,Sport,
2021-01-01T00:00:00.000Z,Bremen,Universitäten (ohne Medizinische Einrichtungen),Humanmedizin/Gesundheitswissenschaften,
2019-01-01T00:00:00.000Z,Niedersachsen,Pädagogische Hochschulen,Ingenieurwissenschaften,
2020-01-01T00:00:00.000Z,Mecklenburg-Vorpommern,Pädagogische Hochschulen,"Agrar-, Forst- u.Ernährungswiss., Veterinärmedizin",
2022-01-01T00:00:00.000Z,Hessen,Theologische Hochschulen,Ingenieurwissenschaften,
2019-01-01T00:00:00.000Z,Brandenburg,Theologische Hochschulen,"Agrar-, Forst- u.Ernährungswiss., Veterinärmedizin",
2020-01-01T00:00:00.000Z,Baden-Württemberg,Universitäten (ohne Medizinische Einrichtungen),"Mathematik, Naturwissenschaften",2.92924E8
2022-01-01T00:00:00.000Z,Rheinland-Pfalz,Verwaltungsfachhochschulen,"Mathematik, Naturwissenschaften",
2020-01-01T00:00:00.000Z,Rheinland-Pfalz,Medizinische Einrichtungen der Universitäten,Zentr.Einrichtungen (o. klinikspez. Einrichtungen),
2019-01-01T00:00:00.000Z,Rheinland-Pfalz,Medizinische Einrichtungen der Universitäten,Ingenieurwissenschaften,
2022-01-01T00:00:00.000Z,Bremen,Pädagogische Hochschulen,"Mathematik, Naturwissenschaften",
2021-01-01T00:00:00.000Z,Sachsen,Pädagogische Hochschulen,Geisteswissenschaften,
2019-01-01T00:00:00.000Z,Schleswig-Holstein,Pädagogische Hochschulen,"Agrar-, Forst- u.Ernährungswiss., Veterinärmedizin",
2020-01-01T00:00:00.000Z,Schleswig-Holstein,Kunsthochschulen,Sport,
2022-01-01T00:00:00.000Z,Hamburg,Universitäten (ohne Medizinische Einrichtungen),Sport,490000.0
2019-01-01T00:00:00.000Z,Bayern,Pädagogische Hochschulen,"Rechts-, Wirtschafts- und Sozialwissenschaften",
2021-01-01T00:00:00.000Z,Rheinland-Pfalz,Fachhochschulen,Geisteswissenschaften,283000.0
2021-01-01T00:00:00.000Z,Baden-Württemberg,Kunsthochschulen,"Mathematik, Naturwissenschaften",
2020-01-01T00:00:00.000Z,Saarland,Theologische Hochschulen,Zentr.Einrichtungen (o. klinikspez. Einrichtungen),
2020-01-01T00:00:00.000Z,Baden-Württemberg,Kunsthochschulen,"Rechts-, Wirtschafts- und Sozialwissenschaften",
2021-01-01T00:00:00.000Z,Niedersachsen,Verwaltungsfachhochschulen,"Mathematik, Naturwissenschaften",
2019-01-01T00:00:00.000Z,Thüringen,Medizinische Einrichtungen der Universitäten,Ingenieurwissenschaften,
2021-01-01T00:00:00.000Z,Baden-Württemberg,Universitäten (ohne Medizinische Einrichtungen),"Agrar-, Forst- u.Ernährungswiss., Veterinärmedizin",3.7871E7
2021-01-01T00:00:00.000Z,Sachsen,Theologische Hochschulen,Zentr.Einrichtungen (o. klinikspez. Einrichtungen),
2022-01-01T00:00:00.000Z,Rheinland-Pfalz,Kunsthochschulen,Humanmedizin/Gesundheitswissenschaften,
2019-01-01T00:00:00.000Z,Thüringen,Medizinische Einrichtungen der Universitäten,"Agrar-, Forst- u.Ernährungswiss., Veterinärmedizin",
2020-01-01T00:00:00.000Z,Rheinland-Pfalz,Universitäten (ohne Medizinische Einrichtungen),"Mathematik, Naturwissenschaften",7.2524E7
2020-01-01T00:00:00.000Z,Schleswig-Holstein,Theologische Hochschulen,Zentr.Einrichtungen (o. klinikspez. Einrichtungen),
2020-01-01T00:00:00.000Z,Sachsen,Verwaltungsfachhochschulen,Geisteswissenschaften,
2022-01-01T00:00:00.000Z,Berlin,Pädagogische Hochschulen,"Rechts-, Wirtschafts- und Sozialwissenschaften",
2020-01-01T00:00:00.000Z,Schleswig-Holstein,Medizinische Einrichtungen der Universitäten,"Kunst, Kunstwissenschaft",
2019-01-01T00:00:00.000Z,Mecklenburg-Vorpommern,Verwaltungsfachhochschulen,Humanmedizin/Gesundheitswissenschaften,
2022-01-01T00:00:00.000Z,Hessen,Theologische Hochschulen,"Agrar-, Forst- u.Ernährungswiss., Veterinärmedizin",
2022-01-01T00:00:00.000Z,Bayern,Kunsthochschulen,Geisteswissenschaften,0.0
2022-01-01T00:00:00.000Z,Niedersachsen,Theologische Hochschulen,Geisteswissenschaften,
2019-01-01T00:00:00.000Z,Hessen,Fachhochschulen,"Kunst, Kunstwissenschaft",1457000.0
2021-01-01T00:00:00.000Z,Sachsen,Kunsthochschulen,"Kunst, Kunstwissenschaft",3437000.0
2021-01-01T00:00:00.000Z,Rheinland-Pfalz,Theologische Hochschulen,"Kunst, Kunstwissenschaft",
2020-01-01T00:00:00.000Z,Berlin,Theologische Hochschulen,Humanmedizin/Gesundheitswissenschaften,
2021-01-01T00:00:00.000Z,Saarland,Medizinische Einrichtungen der Universitäten,"Agrar-, Forst- u.Ernährungswiss., Veterinärmedizin",
2022-01-01T00:00:00.000Z,Berlin,Theologische Hochschulen,Sport,
2020-01-01T00:00:00.000Z,Sachsen,Pädagogische Hochschulen,"Mathematik, Naturwissenschaften",
2021-01-01T00:00:00.000Z,Sachsen-Anhalt,Universitäten (ohne Medizinische Einrichtungen),Ingenieurwissenschaften,2.7489E7
2021-01-01T00:00:00.000Z,Bayern,Fachhochschulen,Geisteswissenschaften,4456000.0
2021-01-01T00:00:00.000Z,Hessen,Theologische Hochschulen,"Kunst, Kunstwissenschaft",
2021-01-01T00:00:00.000Z,Bremen,Universitäten (ohne Medizinische Einrichtungen),Zentr.Einrichtungen (o. klinikspez. Einrichtungen),1.3372E8
2020-01-01T00:00:00.000Z,Thüringen,Universitäten (ohne Medizinische Einrichtungen),"Mathematik, Naturwissenschaften",5.5146E7
2021-01-01T00:00:00.000Z,Hessen,Verwaltungsfachhochschulen,Sport,
2021-01-01T00:00:00.000Z,Sachsen-Anhalt,Medizinische Einrichtungen der Universitäten,Zentr.Einrichtungen (o. klinikspez. Einrichtungen),
2019-01-01T00:00:00.000Z,Baden-Württemberg,Verwaltungsfachhochschulen,"Agrar-, Forst- u.Ernährungswiss., Veterinärmedizin",
2019-01-01T00:00:00.000Z,Saarland,Fachhochschulen,"Rechts-, Wirtschafts- und Sozialwissenschaften",1362000.0
2019-01-01T00:00:00.000Z,Baden-Württemberg,Pädagogische Hochschulen,"Kunst, Kunstwissenschaft",61000.0
2021-01-01T00:00:00.000Z,Saarland,Medizinische Einrichtungen der Universitäten,"Mathematik, Naturwissenschaften",
2022-01-01T00:00:00.000Z,Baden-Württemberg,Pädagogische Hochschulen,"Mathematik, Naturwissenschaften",5141000.0
2020-01-01T00:00:00.000Z,Hessen,Fachhochschulen,"Mathematik, Naturwissenschaften",6592000.0
2022-01-01T00:00:00.000Z,Thüringen,Verwaltungsfachhochschulen,"Mathematik, Naturwissenschaften",
2022-01-01T00:00:00.000Z,Saarland,Theologische Hochschulen,Sport,
2021-01-01T00:00:00.000Z,Schleswig-Holstein,Pädagogische Hochschulen,Zentr.Einrichtungen (o. klinikspez. Einrichtungen),
2020-01-01T00:00:00.000Z,Baden-Württemberg,Pädagogische Hochschulen,"Mathematik, Naturwissenschaften",4552000.0
2019-01-01T00:00:00.000Z,Rheinland-Pfalz,Pädagogische Hochschulen,"Kunst, Kunstwissenschaft",
2022-01-01T00:00:00.000Z,Thüringen,Medizinische Einrichtungen der Universitäten,"Kunst, Kunstwissenschaft",
2022-01-01T00:00:00.000Z,Sachsen,Medizinische Einrichtungen der Universitäten,Zentr.Einrichtungen (o. klinikspez. Einrichtungen),
2021-01-01T00:00:00.000Z,Nordrhein-Westfalen,Universitäten (ohne Medizinische Einrichtungen),Ingenieurwissenschaften,4.90539E8
2021-01-01T00:00:00.000Z,Nordrhein-Westfalen,Theologische Hochschulen,Zentr.Einrichtungen (o. klinikspez. Einrichtungen),1077000.0
2021-01-01T00:00:00.000Z,Thüringen,Kunsthochschulen,Zentr.Einrichtungen (o. klinikspez. Einrichtungen),5030000.0
2021-01-01T00:00:00.000Z,Mecklenburg-Vorpommern,Fachhochschulen,Humanmedizin/Gesundheitswissenschaften,547000.0
2022-01-01T00:00:00.000Z,Sachsen,Theologische Hochschulen,"Rechts-, Wirtschafts- und Sozialwissenschaften",
2019-01-01T00:00:00.000Z,Bremen,Verwaltungsfachhochschulen,Humanmedizin/Gesundheitswissenschaften,
2019-01-01T00:00:00.000Z,Saarland,Pädagogische Hochschulen,Sport,
2022-01-01T00:00:00.000Z,Thüringen,Kunsthochschulen,Sport,
2019-01-01T00:00:00.000Z,Bayern,Universitäten (ohne Medizinische Einrichtungen),Ingenieurwissenschaften,2.86485E8
2019-01-01T00:00:00.000Z,Bremen,Fachhochschulen,"Rechts-, Wirtschafts- und Sozialwissenschaften",2198000.0
2021-01-01T00:00:00.000Z,Niedersachsen,Universitäten (ohne Medizinische Einrichtungen),"Kunst, Kunstwissenschaft",2462000.0
2020-01-01T00:00:00.000Z,Hessen,Medizinische Einrichtungen der Universitäten,Geisteswissenschaften,
2019-01-01T00:00:00.000Z,Nordrhein-Westfalen,Universitäten (ohne Medizinische Einrichtungen),Geisteswissenschaften,9.2837E7
2021-01-01T00:00:00.000Z,Sachsen,Medizinische Einrichtungen der Universitäten,Zentr.Einrichtungen (o. klinikspez. Einrichtungen),
2022-01-01T00:00:00.000Z,Brandenburg,Universitäten (ohne Medizinische Einrichtungen),"Agrar-, Forst- u.Ernährungswiss., Veterinärmedizin",951000.0
2021-01-01T00:00:00.000Z,Brandenburg,Verwaltungsfachhochschulen,Sport,
2022-01-01T00:00:00.000Z,Baden-Württemberg,Universitäten (ohne Medizinische Einrichtungen),"Kunst, Kunstwissenschaft",4171000.0
2022-01-01T00:00:00.000Z,Bayern,Verwaltungsfachhochschulen,Ingenieurwissenschaften,799000.0
2022-01-01T00:00:00.000Z,Brandenburg,Theologische Hochschulen,Ingenieurwissenschaften,
2021-01-01T00:00:00.000Z,Mecklenburg-Vorpommern,Fachhochschulen,"Mathematik, Naturwissenschaften",
2020-01-01T00:00:00.000Z,Brandenburg,Kunsthochschulen,Zentr.Einrichtungen (o. klinikspez. Einrichtungen),
2022-01-01T00:00:00.000Z,Hamburg,Verwaltungsfachhochschulen,"Agrar-, Forst- u.Ernährungswiss., Veterinärmedizin",
2019-01-01T00:00:00.000Z,Hamburg,Pädagogische Hochschulen,Geisteswissenschaften,
2022-01-01T00:00:00.000Z,Sachsen-Anhalt,Medizinische Einrichtungen der Universitäten,Sport,
2022-01-01T00:00:00.000Z,Rheinland-Pfalz,Medizinische Einrichtungen der Universitäten,"Agrar-, Forst- u.Ernährungswiss., Veterinärmedizin",
2022-01-01T00:00:00.000Z,Bayern,Fachhochschulen,Geisteswissenschaften,4561000.0
2020-01-01T00:00:00.000Z,Sachsen-Anhalt,Universitäten (ohne Medizinische Einrichtungen),"Rechts-, Wirtschafts- und Sozialwissenschaften",7159000.0
2022-01-01T00:00:00.000Z,Sachsen,Pädagogische Hochschulen,Zentr.Einrichtungen (o. klinikspez. Einrichtungen),
2019-01-01T00:00:00.000Z,Berlin,Universitäten (ohne Medizinische Einrichtungen),Geisteswissenschaften,5.6444E7
2020-01-01T00:00:00.000Z,Nordrhein-Westfalen,Verwaltungsfachhochschulen,Sport,
2020-01-01T00:00:00.000Z,Niedersachsen,Kunsthochschulen,Zentr.Einrichtungen (o. klinikspez. Einrichtungen),637000.0
2021-01-01T00:00:00.000Z,Sachsen,Kunsthochschulen,"Mathematik, Naturwissenschaften",
2021-01-01T00:00:00.000Z,Sachsen-Anhalt,Verwaltungsfachhochschulen,"Kunst, Kunstwissenschaft",
2021-01-01T00:00:00.000Z,Berlin,Universitäten (ohne Medizinische Einrichtungen),"Kunst, Kunstwissenschaft",4444000.0
2021-01-01T00:00:00.000Z,Niedersachsen,Kunsthochschulen,Ingenieurwissenschaften,
2022-01-01T00:00:00.000Z,Nordrhein-Westfalen,Pädagogische Hochschulen,Zentr.Einrichtungen (o. klinikspez. Einrichtungen),
2019-01-01T00:00:00.000Z,Sachsen,Kunsthochschulen,Ingenieurwissenschaften,
2020-01-01T00:00:00.000Z,Niedersachsen,Fachhochschulen,Sport,
2019-01-01T00:00:00.000Z,Nordrhein-Westfalen,Verwaltungsfachhochschulen,Zentr.Einrichtungen (o. klinikspez. Einrichtungen),4552000.0
2022-01-01T00:00:00.000Z,Bayern,Theologische Hochschulen,Zentr.Einrichtungen (o. klinikspez. Einrichtungen),0.0
2019-01-01T00:00:00.000Z,Saarland,Pädagogische Hochschulen,"Mathematik, Naturwissenschaften",
2022-01-01T00:00:00.000Z,Baden-Württemberg,Fachhochschulen,"Kunst, Kunstwissenschaft",2.0686E7
2022-01-01T00:00:00.000Z,Mecklenburg-Vorpommern,Medizinische Einrichtungen der Universitäten,Zentr.Einrichtungen (o. klinikspez. Einrichtungen),
2021-01-01T00:00:00.000Z,Brandenburg,Fachhochschulen,Humanmedizin/Gesundheitswissenschaften,
2019-01-01T00:00:00.000Z,Bayern,Fachhochschulen,Zentr.Einrichtungen (o. klinikspez. Einrichtungen),5.5667E7
2021-01-01T00:00:00.000Z,Hessen,Medizinische Einrichtungen der Universitäten,"Kunst, Kunstwissenschaft",
2021-01-01T00:00:00.000Z,Bayern,Verwaltungsfachhochschulen,"Rechts-, Wirtschafts- und Sozialwissenschaften",4248000.0
2022-01-01T00:00:00.000Z,Berlin,Fachhochschulen,Zentr.Einrichtungen (o. klinikspez. Einrichtungen),1.4949E7
2019-01-01T00:00:00.000Z,Schleswig-Holstein,Universitäten (ohne Medizinische Einrichtungen),Geisteswissenschaften,4228000.0
2021-01-01T00:00:00.000Z,Hamburg,Medizinische Einrichtungen der Universitäten,"Agrar-, Forst- u.Ernährungswiss., Veterinärmedizin",
2021-01-01T00:00:00.000Z,Mecklenburg-Vorpommern,Theologische Hochschulen,Geisteswissenschaften,
2019-01-01T00:00:00.000Z,Nordrhein-Westfalen,Medizinische Einrichtungen der Universitäten,"Mathematik, Naturwissenschaften",
2019-01-01T00:00:00.000Z,Berlin,Medizinische Einrichtungen der Universitäten,"Kunst, Kunstwissenschaft",
2019-01-01T00:00:00.000Z,Nordrhein-Westfalen,Kunsthochschulen,Humanmedizin/Gesundheitswissenschaften,
2020-01-01T00:00:00.000Z,Berlin,Verwaltungsfachhochschulen,Zentr.Einrichtungen (o. klinikspez. Einrichtungen),
2020-01-01T00:00:00.000Z,Schleswig-Holstein,Universitäten (ohne Medizinische Einrichtungen),Ingenieurwissenschaften,2.1043E7
2022-01-01T00:00:00.000Z,Sachsen,Universitäten (ohne Medizinische Einrichtungen),Humanmedizin/Gesundheitswissenschaften,
2020-01-01T00:00:00.000Z,Mecklenburg-Vorpommern,Kunsthochschulen,Zentr.Einrichtungen (o. klinikspez. Einrichtungen),338000.0
2022-01-01T00:00:00.000Z,Schleswig-Holstein,Fachhochschulen,Zentr.Einrichtungen (o. klinikspez. Einrichtungen),1.0025E7
2019-01-01T00:00:00.000Z,Sachsen-Anhalt,Medizinische Einrichtungen der Universitäten,"Mathematik, Naturwissenschaften",
2020-01-01T00:00:00.000Z,Hamburg,Medizinische Einrichtungen der Universitäten,Geisteswissenschaften,
2020-01-01T00:00:00.000Z,Rheinland-Pfalz,Medizinische Einrichtungen der Universitäten,Ingenieurwissenschaften,
2021-01-01T00:00:00.000Z,Mecklenburg-Vorpommern,Pädagogische Hochschulen,Ingenieurwissenschaften,
2021-01-01T00:00:00.000Z,Mecklenburg-Vorpommern,Theologische Hochschulen,"Rechts-, Wirtschafts- und Sozialwissenschaften",
2022-01-01T00:00:00.000Z,Hamburg,Theologische Hochschulen,Geisteswissenschaften,
2021-01-01T00:00:00.000Z,Baden-Württemberg,Verwaltungsfachhochschulen,Humanmedizin/Gesundheitswissenschaften,
2019-01-01T00:00:00.000Z,Thüringen,Kunsthochschulen,"Rechts-, Wirtschafts- und Sozialwissenschaften",
2020-01-01T00:00:00.000Z,Niedersachsen,Verwaltungsfachhochschulen,Humanmedizin/Gesundheitswissenschaften,
2020-01-01T00:00:00.000Z,Nordrhein-Westfalen,Verwaltungsfachhochschulen,"Rechts-, Wirtschafts- und Sozialwissenschaften",2398000.0
2019-01-01T00:00:00.000Z,Baden-Württemberg,Medizinische Einrichtungen der Universitäten,"Agrar-, Forst- u.Ernährungswiss., Veterinärmedizin",
2019-01-01T00:00:00.000Z,Berlin,Fachhochschulen,Geisteswissenschaften,754000.0
2019-01-01T00:00:00.000Z,Niedersachsen,Verwaltungsfachhochschulen,"Kunst, Kunstwissenschaft",
2022-01-01T00:00:00.000Z,Saarland,Fachhochschulen,Geisteswissenschaften,
2021-01-01T00:00:00.000Z,Rheinland-Pfalz,Theologische Hochschulen,"Rechts-, Wirtschafts- und Sozialwissenschaften",
2020-01-01T00:00:00.000Z,Thüringen,Universitäten (ohne Medizinische Einrichtungen),"Kunst, Kunstwissenschaft",734000.0
2020-01-01T00:00:00.000Z,Sachsen,Kunsthochschulen,"Kunst, Kunstwissenschaft",4255000.0
2021-01-01T00:00:00.000Z,Saarland,Kunsthochschulen,"Mathematik, Naturwissenschaften",
2019-01-01T00:00:00.000Z,Saarland,Kunsthochschulen,Ingenieurwissenschaften,
2020-01-01T00:00:00.000Z,Hamburg,Universitäten (ohne Medizinische Einrichtungen),Ingenieurwissenschaften,6.2714E7
2022-01-01T00:00:00.000Z,Rheinland-Pfalz,Fachhochschulen,"Kunst, Kunstwissenschaft",1802000.0
2022-01-01T00:00:00.000Z,Sachsen-Anhalt,Pädagogische Hochschulen,Geisteswissenschaften,
2022-01-01T00:00:00.000Z,Saarland,Fachhochschulen,Zentr.Einrichtungen (o. klinikspez. Einrichtungen),3895000.0
2022-01-01T00:00:00.000Z,Baden-Württemberg,Kunsthochschulen,Geisteswissenschaften,
2019-01-01T00:00:00.000Z,Sachsen,Medizinische Einrichtungen der Universitäten,"Mathematik, Naturwissenschaften",
2021-01-01T00:00:00.000Z,Hamburg,Kunsthochschulen,Sport,
2019-01-01T00:00:00.000Z,Bremen,Pädagogische Hochschulen,"Mathematik, Naturwissenschaften",
2020-01-01T00:00:00.000Z,Sachsen-Anhalt,Verwaltungsfachhochschulen,"Rechts-, Wirtschafts- und Sozialwissenschaften",205000.0
2019-01-01T00:00:00.000Z,Niedersachsen,Kunsthochschulen,Sport,
2020-01-01T00:00:00.000Z,Brandenburg,Medizinische Einrichtungen der Universitäten,Geisteswissenschaften,
2021-01-01T00:00:00.000Z,Nordrhein-Westfalen,Verwaltungsfachhochschulen,Ingenieurwissenschaften,418000.0
2021-01-01T00:00:00.000Z,Rheinland-Pfalz,Kunsthochschulen,Humanmedizin/Gesundheitswissenschaften,
2019-01-01T00:00:00.000Z,Sachsen,Theologische Hochschulen,Geisteswissenschaften,
2020-01-01T00:00:00.000Z,Hessen,Verwaltungsfachhochschulen,"Rechts-, Wirtschafts- und Sozialwissenschaften",2520000.0
2020-01-01T00:00:00.000Z,Saarland,Verwaltungsfachhochschulen,"Kunst, Kunstwissenschaft",
2019-01-01T00:00:00.000Z,Sachsen,Fachhochschulen,"Rechts-, Wirtschafts- und Sozialwissenschaften",9404000.0
2020-01-01T00:00:00.000Z,Hamburg,Kunsthochschulen,Sport,
2020-01-01T00:00:00.000Z,Saarland,Verwaltungsfachhochschulen,Zentr.Einrichtungen (o. klinikspez. Einrichtungen),0.0
2021-01-01T00:00:00.000Z,Saarland,Pädagogische Hochschulen,Zentr.Einrichtungen (o. klinikspez. Einrichtungen),
2021-01-01T00:00:00.000Z,Rheinland-Pfalz,Fachhochschulen,"Mathematik, Naturwissenschaften",1934000.0
2019-01-01T00:00:00.000Z,Rheinland-Pfalz,Fachhochschulen,Ingenieurwissenschaften,1.3107E7
2022-01-01T00:00:00.000Z,Bayern,Medizinische Einrichtungen der Universitäten,Sport,
2020-01-01T00:00:00.000Z,Mecklenburg-Vorpommern,Theologische Hochschulen,Geisteswissenschaften,
2020-01-01T00:00:00.000Z,Brandenburg,Theologische Hochschulen,Humanmedizin/Gesundheitswissenschaften,
2020-01-01T00:00:00.000Z,Berlin,Universitäten (ohne Medizinische Einrichtungen),Ingenieurwissenschaften,1.52183E8
2019-01-01T00:00:00.000Z,Bremen,Medizinische Einrichtungen der Universitäten,Humanmedizin/Gesundheitswissenschaften,2725000.0
2020-01-01T00:00:00.000Z,Saarland,Fachhochschulen,Zentr.Einrichtungen (o. klinikspez. Einrichtungen),2819000.0
2019-01-01T00:00:00.000Z,Bremen,Pädagogische Hochschulen,Zentr.Einrichtungen (o. klinikspez. Einrichtungen),
2022-01-01T00:00:00.000Z,Hamburg,Pädagogische Hochschulen,Geisteswissenschaften,
2022-01-01T00:00:00.000Z,Sachsen-Anhalt,Kunsthochschulen,Humanmedizin/Gesundheitswissenschaften,
2021-01-01T00:00:00.000Z,Mecklenburg-Vorpommern,Universitäten (ohne Medizinische Einrichtungen),"Mathematik, Naturwissenschaften",3.4898E7
2020-01-01T00:00:00.000Z,Rheinland-Pfalz,Kunsthochschulen,Ingenieurwissenschaften,
2019-01-01T00:00:00.000Z,Thüringen,Universitäten (ohne Medizinische Einrichtungen),Geisteswissenschaften,1.1677E7
2019-01-01T00:00:00.000Z,Brandenburg,Theologische Hochschulen,"Kunst, Kunstwissenschaft",
2020-01-01T00:00:00.000Z,Bremen,Pädagogische Hochschulen,"Agrar-, Forst- u.Ernährungswiss., Veterinärmedizin",
2019-01-01T00:00:00.000Z,Bremen,Theologische Hochschulen,"Agrar-, Forst- u.Ernährungswiss., Veterinärmedizin",
2020-01-01T00:00:00.000Z,Hessen,Medizinische Einrichtungen der Universitäten,"Agrar-, Forst- u.Ernährungswiss., Veterinärmedizin",
2020-01-01T00:00:00.000Z,Saarland,Verwaltungsfachhochschulen,"Agrar-, Forst- u.Ernährungswiss., Veterinärmedizin",
2020-01-01T00:00:00.000Z,Bremen,Universitäten (ohne Medizinische Einrichtungen),Geisteswissenschaften,1655000.0
2020-01-01T00:00:00.000Z,Thüringen,Universitäten (ohne Medizinische Einrichtungen),"Rechts-, Wirtschafts- und Sozialwissenschaften",1.564E7
2020-01-01T00:00:00.000Z,Hessen,Verwaltungsfachhochschulen,"Kunst, Kunstwissenschaft",
2022-01-01T00:00:00.000Z,Niedersachsen,Theologische Hochschulen,"Rechts-, Wirtschafts- und Sozialwissenschaften",
2019-01-01T00:00:00.000Z,Bremen,Universitäten (ohne Medizinische Einrichtungen),"Kunst, Kunstwissenschaft",1393000.0
2019-01-01T00:00:00.000Z,Sachsen,Fachhochschulen,"Kunst, Kunstwissenschaft",1994000.0
2022-01-01T00:00:00.000Z,Mecklenburg-Vorpommern,Pädagogische Hochschulen,Humanmedizin/Gesundheitswissenschaften,
2020-01-01T00:00:00.000Z,Bremen,Kunsthochschulen,Zentr.Einrichtungen (o. klinikspez. Einrichtungen),654000.0
2020-01-01T00:00:00.000Z,Berlin,Pädagogische Hochschulen,Geisteswissenschaften,
2022-01-01T00:00:00.000Z,Hessen,Verwaltungsfachhochschulen,"Rechts-, Wirtschafts- und Sozialwissenschaften",2915000.0
2022-01-01T00:00:00.000Z,Sachsen,Pädagogische Hochschulen,Geisteswissenschaften,
2020-01-01T00:00:00.000Z,Mecklenburg-Vorpommern,Kunsthochschulen,Ingenieurwissenschaften,
2020-01-01T00:00:00.000Z,Hamburg,Verwaltungsfachhochschulen,Zentr.Einrichtungen (o. klinikspez. Einrichtungen),0.0
2021-01-01T00:00:00.000Z,Baden-Württemberg,Medizinische Einrichtungen der Universitäten,"Rechts-, Wirtschafts- und Sozialwissenschaften",
2021-01-01T00:00:00.000Z,Rheinland-Pfalz,Verwaltungsfachhochschulen,"Agrar-, Forst- u.Ernährungswiss., Veterinärmedizin",
2019-01-01T00:00:00.000Z,Sachsen-Anhalt,Medizinische Einrichtungen der Universitäten,Sport,
2022-01-01T00:00:00.000Z,Saarland,Pädagogische Hochschulen,"Kunst, Kunstwissenschaft",
2020-01-01T00:00:00.000Z,Saarland,Universitäten (ohne Medizinische Einrichtungen),Geisteswissenschaften,7434000.0
2020-01-01T00:00:00.000Z,Brandenburg,Pädagogische Hochschulen,Geisteswissenschaften,
2020-01-01T00:00:00.000Z,Rheinland-Pfalz,Fachhochschulen,"Rechts-, Wirtschafts- und Sozialwissenschaften",2.0082E7
2020-01-01T00:00:00.000Z,Hessen,Kunsthochschulen,"Agrar-, Forst- u.Ernährungswiss., Veterinärmedizin",
2021-01-01T00:00:00.000Z,Berlin,Medizinische Einrichtungen der Universitäten,"Mathematik, Naturwissenschaften",
2022-01-01T00:00:00.000Z,Brandenburg,Kunsthochschulen,"Kunst, Kunstwissenschaft",
2021-01-01T00:00:00.000Z,Schleswig-Holstein,Verwaltungsfachhochschulen,Sport,
2021-01-01T00:00:00.000Z,Hessen,Universitäten (ohne Medizinische Einrichtungen),Ingenieurwissenschaften,1.3836E8
2021-01-01T00:00:00.000Z,Brandenburg,Medizinische Einrichtungen der Universitäten,Humanmedizin/Gesundheitswissenschaften,2.3822E7
2021-01-01T00:00:00.000Z,Brandenburg,Pädagogische Hochschulen,"Agrar-, Forst- u.Ernährungswiss., Veterinärmedizin",
2020-01-01T00:00:00.000Z,Rheinland-Pfalz,Pädagogische Hochschulen,Ingenieurwissenschaften,
2019-01-01T00:00:00.000Z,Thüringen,Medizinische Einrichtungen der Universitäten,"Kunst, Kunstwissenschaft",
2022-01-01T00:00:00.000Z,Schleswig-Holstein,Universitäten (ohne Medizinische Einrichtungen),"Mathematik, Naturwissenschaften",2.1814E7
2020-01-01T00:00:00.000Z,Sachsen-Anhalt,Pädagogische Hochschulen,Humanmedizin/Gesundheitswissenschaften,
2020-01-01T00:00:00.000Z,Hessen,Theologische Hochschulen,Sport,
2022-01-01T00:00:00.000Z,Nordrhein-Westfalen,Universitäten (ohne Medizinische Einrichtungen),Geisteswissenschaften,1.06967E8
2019-01-01T00:00:00.000Z,Sachsen,Universitäten (ohne Medizinische Einrichtungen),Humanmedizin/Gesundheitswissenschaften,
2021-01-01T00:00:00.000Z,Sachsen,Kunsthochschulen,"Agrar-, Forst- u.Ernährungswiss., Veterinärmedizin",
2020-01-01T00:00:00.000Z,Rheinland-Pfalz,Universitäten (ohne Medizinische Einrichtungen),"Agrar-, Forst- u.Ernährungswiss., Veterinärmedizin",0.0
2022-01-01T00:00:00.000Z,Berlin,Fachhochschulen,Geisteswissenschaften,1557000.0
2022-01-01T00:00:00.000Z,Bayern,Medizinische Einrichtungen der Universitäten,Humanmedizin/Gesundheitswissenschaften,4.642207E9
2022-01-01T00:00:00.000Z,Bremen,Medizinische Einrichtungen der Universitäten,Sport,
2020-01-01T00:00:00.000Z,Schleswig-Holstein,Medizinische Einrichtungen der Universitäten,"Agrar-, Forst- u.Ernährungswiss., Veterinärmedizin",
2021-01-01T00:00:00.000Z,Hamburg,Verwaltungsfachhochschulen,"Agrar-, Forst- u.Ernährungswiss., Veterinärmedizin",
2021-01-01T00:00:00.000Z,Hamburg,Fachhochschulen,"Mathematik, Naturwissenschaften",173000.0
2019-01-01T00:00:00.000Z,Hessen,Fachhochschulen,"Agrar-, Forst- u.Ernährungswiss., Veterinärmedizin",6209000.0
2020-01-01T00:00:00.000Z,Rheinland-Pfalz,Theologische Hochschulen,Sport,
2021-01-01T00:00:00.000Z,Saarland,Medizinische Einrichtungen der Universitäten,Sport,
2021-01-01T00:00:00.000Z,Bremen,Fachhochschulen,Humanmedizin/Gesundheitswissenschaften,8975000.0
2020-01-01T00:00:00.000Z,Saarland,Kunsthochschulen,Humanmedizin/Gesundheitswissenschaften,
2022-01-01T00:00:00.000Z,Saarland,Pädagogische Hochschulen,Sport,
2022-01-01T00:00:00.000Z,Rheinland-Pfalz,Universitäten (ohne Medizinische Einrichtungen),"Rechts-, Wirtschafts- und Sozialwissenschaften",5.7011E7
2019-01-01T00:00:00.000Z,Schleswig-Holstein,Pädagogische Hochschulen,Geisteswissenschaften,
2019-01-01T00:00:00.000Z,Hessen,Verwaltungsfachhochschulen,"Rechts-, Wirtschafts- und Sozialwissenschaften",3220000.0
2021-01-01T00:00:00.000Z,Brandenburg,Verwaltungsfachhochschulen,"Mathematik, Naturwissenschaften",
2022-01-01T00:00:00.000Z,Thüringen,Fachhochschulen,"Agrar-, Forst- u.Ernährungswiss., Veterinärmedizin",1844000.0
2021-01-01T00:00:00.000Z,Schleswig-Holstein,Theologische Hochschulen,Geisteswissenschaften,
2019-01-01T00:00:00.000Z,Saarland,Theologische Hochschulen,Sport,
2019-01-01T00:00:00.000Z,Baden-Württemberg,Fachhochschulen,"Rechts-, Wirtschafts- und Sozialwissenschaften",8.9219E7
2020-01-01T00:00:00.000Z,Sachsen,Medizinische Einrichtungen der Universitäten,Sport,
2021-01-01T00:00:00.000Z,Nordrhein-Westfalen,Kunsthochschulen,"Kunst, Kunstwissenschaft",8282000.0
2021-01-01T00:00:00.000Z,Sachsen,Fachhochschulen,Zentr.Einrichtungen (o. klinikspez. Einrichtungen),1.9977E7
2020-01-01T00:00:00.000Z,Bayern,Verwaltungsfachhochschulen,Zentr.Einrichtungen (o. klinikspez. Einrichtungen),508000.0
2022-01-01T00:00:00.000Z,Niedersachsen,Kunsthochschulen,Ingenieurwissenschaften,
2019-01-01T00:00:00.000Z,Thüringen,Kunsthochschulen,Sport,
2022-01-01T00:00:00.000Z,Sachsen-Anhalt,Verwaltungsfachhochschulen,"Rechts-, Wirtschafts- und Sozialwissenschaften",368000.0
2019-01-01T00:00:00.000Z,Nordrhein-Westfalen,Kunsthochschulen,"Rechts-, Wirtschafts- und Sozialwissenschaften",5704000.0
2019-01-01T00:00:00.000Z,Niedersachsen,Medizinische Einrichtungen der Universitäten,Geisteswissenschaften,
2022-01-01T00:00:00.000Z,Sachsen,Theologische Hochschulen,"Agrar-, Forst- u.Ernährungswiss., Veterinärmedizin",
2021-01-01T00:00:00.000Z,Rheinland-Pfalz,Kunsthochschulen,Geisteswissenschaften,
2019-01-01T00:00:00.000Z,Bremen,Kunsthochschulen,Sport,
2021-01-01T00:00:00.000Z,Sachsen,Theologische Hochschulen,Geisteswissenschaften,
2021-01-01T00:00:00.000Z,Hamburg,Medizinische Einrichtungen der Universitäten,"Mathematik, Naturwissenschaften",
2020-01-01T00:00:00.000Z,Niedersachsen,Fachhochschulen,"Agrar-, Forst- u.Ernährungswiss., Veterinärmedizin",5313000.0
2019-01-01T00:00:00.000Z,Niedersachsen,Verwaltungsfachhochschulen,"Agrar-, Forst- u.Ernährungswiss., Veterinärmedizin",
2021-01-01T00:00:00.000Z,Niedersachsen,Fachhochschulen,"Rechts-, Wirtschafts- und Sozialwissenschaften",3.5945E7
2020-01-01T00:00:00.000Z,Mecklenburg-Vorpommern,Pädagogische Hochschulen,Ingenieurwissenschaften,
2020-01-01T00:00:00.000Z,Rheinland-Pfalz,Theologische Hochschulen,"Rechts-, Wirtschafts- und Sozialwissenschaften",
2021-01-01T00:00:00.000Z,Niedersachsen,Pädagogische Hochschulen,"Kunst, Kunstwissenschaft",
2021-01-01T00:00:00.000Z,Bremen,Fachhochschulen,Sport,
2022-01-01T00:00:00.000Z,Bremen,Medizinische Einrichtungen der Universitäten,Humanmedizin/Gesundheitswissenschaften,4013000.0
2019-01-01T00:00:00.000Z,Brandenburg,Medizinische Einrichtungen der Universitäten,Zentr.Einrichtungen (o. klinikspez. Einrichtungen),
2019-01-01T00:00:00.000Z,Berlin,Kunsthochschulen,"Rechts-, Wirtschafts- und Sozialwissenschaften",
2022-01-01T00:00:00.000Z,Berlin,Universitäten (ohne Medizinische Einrichtungen),Geisteswissenschaften,7.9702E7
2020-01-01T00:00:00.000Z,Bayern,Theologische Hochschulen,Zentr.Einrichtungen (o. klinikspez. Einrichtungen),0.0
2019-01-01T00:00:00.000Z,Sachsen-Anhalt,Theologische Hochschulen,Geisteswissenschaften,262000.0
2020-01-01T00:00:00.000Z,Schleswig-Holstein,Verwaltungsfachhochschulen,Sport,
2021-01-01T00:00:00.000Z,Brandenburg,Universitäten (ohne Medizinische Einrichtungen),Zentr.Einrichtungen (o. klinikspez. Einrichtungen),2.6936E7
2019-01-01T00:00:00.000Z,Sachsen,Theologische Hochschulen,"Rechts-, Wirtschafts- und Sozialwissenschaften",
2022-01-01T00:00:00.000Z,Berlin,Fachhochschulen,Humanmedizin/Gesundheitswissenschaften,1.5659E7
2020-01-01T00:00:00.000Z,Schleswig-Holstein,Fachhochschulen,Zentr.Einrichtungen (o. klinikspez. Einrichtungen),7147000.0
2021-01-01T00:00:00.000Z,Schleswig-Holstein,Fachhochschulen,"Kunst, Kunstwissenschaft",
2021-01-01T00:00:00.000Z,Bremen,Universitäten (ohne Medizinische Einrichtungen),"Mathematik, Naturwissenschaften",5.2626E7
2020-01-01T00:00:00.000Z,Sachsen-Anhalt,Verwaltungsfachhochschulen,"Agrar-, Forst- u.Ernährungswiss., Veterinärmedizin",
2022-01-01T00:00:00.000Z,Sachsen-Anhalt,Medizinische Einrichtungen der Universitäten,"Mathematik, Naturwissenschaften",
2021-01-01T00:00:00.000Z,Rheinland-Pfalz,Pädagogische Hochschulen,Ingenieurwissenschaften,
2020-01-01T00:00:00.000Z,Thüringen,Fachhochschulen,Ingenieurwissenschaften,1.3623E7
2021-01-01T00:00:00.000Z,Bremen,Medizinische Einrichtungen der Universitäten,Sport,
2022-01-01T00:00:00.000Z,Thüringen,Verwaltungsfachhochschulen,"Kunst, Kunstwissenschaft",
2022-01-01T00:00:00.000Z,Bayern,Theologische Hochschulen,Sport,
2019-01-01T00:00:00.000Z,Baden-Württemberg,Pädagogische Hochschulen,"Agrar-, Forst- u.Ernährungswiss., Veterinärmedizin",33000.0
2019-01-01T00:00:00.000Z,Saarland,Fachhochschulen,Geisteswissenschaften,
2019-01-01T00:00:00.000Z,Bayern,Medizinische Einrichtungen der Universitäten,Sport,
2022-01-01T00:00:00.000Z,Hamburg,Verwaltungsfachhochschulen,"Kunst, Kunstwissenschaft",
2022-01-01T00:00:00.000Z,Hessen,Medizinische Einrichtungen der Universitäten,"Mathematik, Naturwissenschaften",
2022-01-01T00:00:00.000Z,Sachsen,Fachhochschulen,"Rechts-, Wirtschafts- und Sozialwissenschaften",1.1702E7
2021-01-01T00:00:00.000Z,Mecklenburg-Vorpommern,Universitäten (ohne Medizinische Einrichtungen),Humanmedizin/Gesundheitswissenschaften,
2020-01-01T00:00:00.000Z,Mecklenburg-Vorpommern,Fachhochschulen,"Rechts-, Wirtschafts- und Sozialwissenschaften",2765000.0
2020-01-01T00:00:00.000Z,Hamburg,Fachhochschulen,"Mathematik, Naturwissenschaften",248000.0
2020-01-01T00:00:00.000Z,Baden-Württemberg,Theologische Hochschulen,"Kunst, Kunstwissenschaft",
2019-01-01T00:00:00.000Z,Niedersachsen,Theologische Hochschulen,"Mathematik, Naturwissenschaften",
2020-01-01T00:00:00.000Z,Rheinland-Pfalz,Fachhochschulen,Geisteswissenschaften,287000.0
2022-01-01T00:00:00.000Z,Saarland,Universitäten (ohne Medizinische Einrichtungen),"Mathematik, Naturwissenschaften",1.5435E7
2019-01-01T00:00:00.000Z,Rheinland-Pfalz,Universitäten (ohne Medizinische Einrichtungen),"Rechts-, Wirtschafts- und Sozialwissenschaften",5.2825E7
2019-01-01T00:00:00.000Z,Baden-Württemberg,Kunsthochschulen,Geisteswissenschaften,
2020-01-01T00:00:00.000Z,Nordrhein-Westfalen,Universitäten (ohne Medizinische Einrichtungen),Zentr.Einrichtungen (o. klinikspez. Einrichtungen),4.01366E8
2019-01-01T00:00:00.000Z,Hamburg,Theologische Hochschulen,Ingenieurwissenschaften,
2020-01-01T00:00:00.000Z,Mecklenburg-Vorpommern,Medizinische Einrichtungen der Universitäten,"Rechts-, Wirtschafts- und Sozialwissenschaften",
2020-01-01T00:00:00.000Z,Berlin,Fachhochschulen,"Agrar-, Forst- u.Ernährungswiss., Veterinärmedizin",314000.0
2020-01-01T00:00:00.000Z,Sachsen,Kunsthochschulen,Sport,
2021-01-01T00:00:00.000Z,Niedersachsen,Universitäten (ohne Medizinische Einrichtungen),"Rechts-, Wirtschafts- und Sozialwissenschaften",4.8297E7
2021-01-01T00:00:00.000Z,Sachsen-Anhalt,Universitäten (ohne Medizinische Einrichtungen),Geisteswissenschaften,3095000.0
2022-01-01T00:00:00.000Z,Berlin,Verwaltungsfachhochschulen,"Kunst, Kunstwissenschaft",
2019-01-01T00:00:00.000Z,Berlin,Kunsthochschulen,"Agrar-, Forst- u.Ernährungswiss., Veterinärmedizin",
2021-01-01T00:00:00.000Z,Baden-Württemberg,Pädagogische Hochschulen,"Mathematik, Naturwissenschaften",5905000.0
2021-01-01T00:00:00.000Z,Baden-Württemberg,Fachhochschulen,Geisteswissenschaften,5692000.0
2022-01-01T00:00:00.000Z,Thüringen,Fachhochschulen,"Kunst, Kunstwissenschaft",-20000.0
2021-01-01T00:00:00.000Z,Berlin,Verwaltungsfachhochschulen,"Rechts-, Wirtschafts- und Sozialwissenschaften",2853000.0
2019-01-01T00:00:00.000Z,Baden-Württemberg,Kunsthochschulen,Ingenieurwissenschaften,144000.0
2019-01-01T00:00:00.000Z,Berlin,Pädagogische Hochschulen,Humanmedizin/Gesundheitswissenschaften,
2019-01-01T00:00:00.000Z,Hamburg,Theologische Hochschulen,Geisteswissenschaften,
2021-01-01T00:00:00.000Z,Saarland,Fachhochschulen,"Agrar-, Forst- u.Ernährungswiss., Veterinärmedizin",
2021-01-01T00:00:00.000Z,Niedersachsen,Kunsthochschulen,Sport,
2021-01-01T00:00:00.000Z,Sachsen-Anhalt,Medizinische Einrichtungen der Universitäten,"Kunst, Kunstwissenschaft",
2019-01-01T00:00:00.000Z,Bayern,Theologische Hochschulen,Sport,
2019-01-01T00:00:00.000Z,Bayern,Theologische Hochschulen,Zentr.Einrichtungen (o. klinikspez. Einrichtungen),0.0
2019-01-01T00:00:00.000Z,Saarland,Verwaltungsfachhochschulen,Ingenieurwissenschaften,
2019-01-01T00:00:00.000Z,Mecklenburg-Vorpommern,Kunsthochschulen,Humanmedizin/Gesundheitswissenschaften,
2021-01-01T00:00:00.000Z,Bayern,Universitäten (ohne Medizinische Einrichtungen),Geisteswissenschaften,5.5025E7
2020-01-01T00:00:00.000Z,Hamburg,Universitäten (ohne Medizinische Einrichtungen),"Kunst, Kunstwissenschaft",
2020-01-01T00:00:00.000Z,Hamburg,Fachhochschulen,Sport,
2019-01-01T00:00:00.000Z,Sachsen,Pädagogische Hochschulen,Geisteswissenschaften,
2020-01-01T00:00:00.000Z,Hessen,Universitäten (ohne Medizinische Einrichtungen),Sport,2052000.0
2022-01-01T00:00:00.000Z,Thüringen,Medizinische Einrichtungen der Universitäten,"Agrar-, Forst- u.Ernährungswiss., Veterinärmedizin",
2022-01-01T00:00:00.000Z,Berlin,Theologische Hochschulen,Zentr.Einrichtungen (o. klinikspez. Einrichtungen),
2022-01-01T00:00:00.000Z,Baden-Württemberg,Theologische Hochschulen,Humanmedizin/Gesundheitswissenschaften,
2021-01-01T00:00:00.000Z,Hamburg,Theologische Hochschulen,Humanmedizin/Gesundheitswissenschaften,
2022-01-01T00:00:00.000Z,Berlin,Verwaltungsfachhochschulen,"Agrar-, Forst- u.Ernährungswiss., Veterinärmedizin",
2022-01-01T00:00:00.000Z,Bremen,Kunsthochschulen,Sport,
2022-01-01T00:00:00.000Z,Rheinland-Pfalz,Fachhochschulen,"Mathematik, Naturwissenschaften",1957000.0
2019-01-01T00:00:00.000Z,Thüringen,Pädagogische Hochschulen,"Kunst, Kunstwissenschaft",
2020-01-01T00:00:00.000Z,Sachsen,Medizinische Einrichtungen der Universitäten,"Mathematik, Naturwissenschaften",
2022-01-01T00:00:00.000Z,Rheinland-Pfalz,Verwaltungsfachhochschulen,"Kunst, Kunstwissenschaft",
2021-01-01T00:00:00.000Z,Bayern,Fachhochschulen,"Agrar-, Forst- u.Ernährungswiss., Veterinärmedizin",1586000.0
2019-01-01T00:00:00.000Z,Schleswig-Holstein,Fachhochschulen,Zentr.Einrichtungen (o. klinikspez. Einrichtungen),1.0079E7
2019-01-01T00:00:00.000Z,Sachsen-Anhalt,Verwaltungsfachhochschulen,"Rechts-, Wirtschafts- und Sozialwissenschaften",221000.0
2020-01-01T00:00:00.000Z,Berlin,Fachhochschulen,"Kunst, Kunstwissenschaft",1.4601E7
2020-01-01T00:00:00.000Z,Baden-Württemberg,Theologische Hochschulen,"Agrar-, Forst- u.Ernährungswiss., Veterinärmedizin",
2022-01-01T00:00:00.000Z,Hessen,Verwaltungsfachhochschulen,Sport,
2021-01-01T00:00:00.000Z,Sachsen-Anhalt,Kunsthochschulen,Sport,
2020-01-01T00:00:00.000Z,Nordrhein-Westfalen,Medizinische Einrichtungen der Universitäten,"Mathematik, Naturwissenschaften",
2019-01-01T00:00:00.000Z,Nordrhein-Westfalen,Pädagogische Hochschulen,"Rechts-, Wirtschafts- und Sozialwissenschaften",
2019-01-01T00:00:00.000Z,Hamburg,Universitäten (ohne Medizinische Einrichtungen),Ingenieurwissenschaften,5.9804E7
2021-01-01T00:00:00.000Z,Nordrhein-Westfalen,Fachhochschulen,Zentr.Einrichtungen (o. klinikspez. Einrichtungen),3.0198E8
2019-01-01T00:00:00.000Z,Berlin,Universitäten (ohne Medizinische Einrichtungen),Ingenieurwissenschaften,1.29922E8
2021-01-01T00:00:00.000Z,Sachsen-Anhalt,Theologische Hochschulen,"Kunst, Kunstwissenschaft",3000.0
2021-01-01T00:00:00.000Z,Sachsen,Pädagogische Hochschulen,"Mathematik, Naturwissenschaften",
2022-01-01T00:00:00.000Z,Rheinland-Pfalz,Medizinische Einrichtungen der Universitäten,Ingenieurwissenschaften,
2022-01-01T00:00:00.000Z,Rheinland-Pfalz,Theologische Hochschulen,"Mathematik, Naturwissenschaften",
2020-01-01T00:00:00.000Z,Bremen,Kunsthochschulen,"Rechts-, Wirtschafts- und Sozialwissenschaften",
2022-01-01T00:00:00.000Z,Mecklenburg-Vorpommern,Theologische Hochschulen,"Mathematik, Naturwissenschaften",
2019-01-01T00:00:00.000Z,Rheinland-Pfalz,Universitäten (ohne Medizinische Einrichtungen),Sport,1480000.0
2019-01-01T00:00:00.000Z,Bayern,Universitäten (ohne Medizinische Einrichtungen),"Agrar-, Forst- u.Ernährungswiss., Veterinärmedizin",5.1984E7
2019-01-01T00:00:00.000Z,Sachsen,Pädagogische Hochschulen,Ingenieurwissenschaften,
2019-01-01T00:00:00.000Z,Niedersachsen,Fachhochschulen,"Mathematik, Naturwissenschaften",
2021-01-01T00:00:00.000Z,Hamburg,Medizinische Einrichtungen der Universitäten,Geisteswissenschaften,
2021-01-01T00:00:00.000Z,Hessen,Medizinische Einrichtungen der Universitäten,Zentr.Einrichtungen (o. klinikspez. Einrichtungen),
2021-01-01T00:00:00.000Z,Hamburg,Theologische Hochschulen,"Mathematik, Naturwissenschaften",
2019-01-01T00:00:00.000Z,Hamburg,Verwaltungsfachhochschulen,Sport,
2022-01-01T00:00:00.000Z,Nordrhein-Westfalen,Universitäten (ohne Medizinische Einrichtungen),Humanmedizin/Gesundheitswissenschaften,
2022-01-01T00:00:00.000Z,Brandenburg,Universitäten (ohne Medizinische Einrichtungen),"Kunst, Kunstwissenschaft",2323000.0
2020-01-01T00:00:00.000Z,Hessen,Kunsthochschulen,"Kunst, Kunstwissenschaft",2043000.0
2019-01-01T00:00:00.000Z,Thüringen,Verwaltungsfachhochschulen,"Mathematik, Naturwissenschaften",
2022-01-01T00:00:00.000Z,Sachsen-Anhalt,Theologische Hochschulen,Geisteswissenschaften,148000.0
2020-01-01T00:00:00.000Z,Mecklenburg-Vorpommern,Theologische Hochschulen,"Rechts-, Wirtschafts- und Sozialwissenschaften",
2022-01-01T00:00:00.000Z,Thüringen,Verwaltungsfachhochschulen,"Agrar-, Forst- u.Ernährungswiss., Veterinärmedizin",
2021-01-01T00:00:00.000Z,Hamburg,Verwaltungsfachhochschulen,"Rechts-, Wirtschafts- und Sozialwissenschaften",210000.0
2020-01-01T00:00:00.000Z,Saarland,Kunsthochschulen,"Rechts-, Wirtschafts- und Sozialwissenschaften",
2022-01-01T00:00:00.000Z,Mecklenburg-Vorpommern,Medizinische Einrichtungen der Universitäten,Geisteswissenschaften,
2022-01-01T00:00:00.000Z,Bayern,Fachhochschulen,Zentr.Einrichtungen (o. klinikspez. Einrichtungen),6.656E7
2021-01-01T00:00:00.000Z,Niedersachsen,Medizinische Einrichtungen der Universitäten,Ingenieurwissenschaften,
2019-01-01T00:00:00.000Z,Baden-Württemberg,Pädagogische Hochschulen,Ingenieurwissenschaften,226000.0
2019-01-01T00:00:00.000Z,Sachsen-Anhalt,Theologische Hochschulen,Humanmedizin/Gesundheitswissenschaften,
2019-01-01T00:00:00.000Z,Baden-Württemberg,Theologische Hochschulen,"Rechts-, Wirtschafts- und Sozialwissenschaften",
2020-01-01T00:00:00.000Z,Schleswig-Holstein,Fachhochschulen,Ingenieurwissenschaften,1.83E7
2020-01-01T00:00:00.000Z,Bayern,Universitäten (ohne Medizinische Einrichtungen),Ingenieurwissenschaften,2.93536E8
2020-01-01T00:00:00.000Z,Schleswig-Holstein,Verwaltungsfachhochschulen,"Kunst, Kunstwissenschaft",
2019-01-01T00:00:00.000Z,Baden-Württemberg,Universitäten (ohne Medizinische Einrichtungen),"Mathematik, Naturwissenschaften",3.03524E8
2021-01-01T00:00:00.000Z,Baden-Württemberg,Pädagogische Hochschulen,Zentr.Einrichtungen (o. klinikspez. Einrichtungen),1.2008E7
2022-01-01T00:00:00.000Z,Sachsen,Theologische Hochschulen,"Kunst, Kunstwissenschaft",
2019-01-01T00:00:00.000Z,Baden-Württemberg,Pädagogische Hochschulen,Sport,528000.0
2019-01-01T00:00:00.000Z,Bayern,Fachhochschulen,Geisteswissenschaften,4072000.0
2022-01-01T00:00:00.000Z,Hamburg,Medizinische Einrichtungen der Universitäten,"Kunst, Kunstwissenschaft",
2019-01-01T00:00:00.000Z,Mecklenburg-Vorpommern,Medizinische Einrichtungen der Universitäten,Humanmedizin/Gesundheitswissenschaften,6.41355E8
2021-01-01T00:00:00.000Z,Rheinland-Pfalz,Theologische Hochschulen,"Agrar-, Forst- u.Ernährungswiss., Veterinärmedizin",
2019-01-01T00:00:00.000Z,Schleswig-Holstein,Fachhochschulen,Humanmedizin/Gesundheitswissenschaften,
2019-01-01T00:00:00.000Z,Berlin,Pädagogische Hochschulen,"Rechts-, Wirtschafts- und Sozialwissenschaften",
2020-01-01T00:00:00.000Z,Bremen,Medizinische Einrichtungen der Universitäten,"Rechts-, Wirtschafts- und Sozialwissenschaften",
2021-01-01T00:00:00.000Z,Rheinland-Pfalz,Pädagogische Hochschulen,Sport,
2022-01-01T00:00:00.000Z,Bayern,Pädagogische Hochschulen,"Rechts-, Wirtschafts- und Sozialwissenschaften",
2022-01-01T00:00:00.000Z,Nordrhein-Westfalen,Fachhochschulen,Sport,
2020-01-01T00:00:00.000Z,Baden-Württemberg,Verwaltungsfachhochschulen,Ingenieurwissenschaften,
2019-01-01T00:00:00.000Z,Bremen,Universitäten (ohne Medizinische Einrichtungen),"Agrar-, Forst- u.Ernährungswiss., Veterinärmedizin",
2022-01-01T00:00:00.000Z,Bremen,Kunsthochschulen,"Agrar-, Forst- u.Ernährungswiss., Veterinärmedizin",
2022-01-01T00:00:00.000Z,Berlin,Universitäten (ohne Medizinische Einrichtungen),Zentr.Einrichtungen (o. klinikspez. Einrichtungen),1.21003E8
2021-01-01T00:00:00.000Z,Sachsen,Pädagogische Hochschulen,Humanmedizin/Gesundheitswissenschaften,
2020-01-01T00:00:00.000Z,Niedersachsen,Theologische Hochschulen,Humanmedizin/Gesundheitswissenschaften,
2022-01-01T00:00:00.000Z,Saarland,Kunsthochschulen,Geisteswissenschaften,
2020-01-01T00:00:00.000Z,Mecklenburg-Vorpommern,Pädagogische Hochschulen,Zentr.Einrichtungen (o. klinikspez. Einrichtungen),
2020-01-01T00:00:00.000Z,Bremen,Pädagogische Hochschulen,"Kunst, Kunstwissenschaft",
2021-01-01T00:00:00.000Z,Thüringen,Fachhochschulen,Sport,
2022-01-01T00:00:00.000Z,Hamburg,Pädagogische Hochschulen,"Agrar-, Forst- u.Ernährungswiss., Veterinärmedizin",
2022-01-01T00:00:00.000Z,Rheinland-Pfalz,Medizinische Einrichtungen der Universitäten,"Kunst, Kunstwissenschaft",
2022-01-01T00:00:00.000Z,Niedersachsen,Pädagogische Hochschulen,Ingenieurwissenschaften,
2020-01-01T00:00:00.000Z,Bremen,Pädagogische Hochschulen,Zentr.Einrichtungen (o. klinikspez. Einrichtungen),
2019-01-01T00:00:00.000Z,Rheinland-Pfalz,Verwaltungsfachhochschulen,"Mathematik, Naturwissenschaften",
2022-01-01T00:00:00.000Z,Berlin,Medizinische Einrichtungen der Universitäten,"Agrar-, Forst- u.Ernährungswiss., Veterinärmedizin",
2020-01-01T00:00:00.000Z,Rheinland-Pfalz,Universitäten (ohne Medizinische Einrichtungen),"Kunst, Kunstwissenschaft",1233000.0
2020-01-01T00:00:00.000Z,Berlin,Universitäten (ohne Medizinische Einrichtungen),"Agrar-, Forst- u.Ernährungswiss., Veterinärmedizin",2.2164E7
2022-01-01T00:00:00.000Z,Rheinland-Pfalz,Verwaltungsfachhochschulen,Zentr.Einrichtungen (o. klinikspez. Einrichtungen),
2020-01-01T00:00:00.000Z,Brandenburg,Universitäten (ohne Medizinische Einrichtungen),Sport,3310000.0
2020-01-01T00:00:00.000Z,Nordrhein-Westfalen,Fachhochschulen,Humanmedizin/Gesundheitswissenschaften,1.8237E7
2020-01-01T00:00:00.000Z,Thüringen,Theologische Hochschulen,Ingenieurwissenschaften,
2019-01-01T00:00:00.000Z,Hamburg,Kunsthochschulen,"Kunst, Kunstwissenschaft",2399000.0
2021-01-01T00:00:00.000Z,Brandenburg,Fachhochschulen,Ingenieurwissenschaften,7793000.0
2020-01-01T00:00:00.000Z,Baden-Württemberg,Medizinische Einrichtungen der Universitäten,Sport,
2022-01-01T00:00:00.000Z,Hessen,Pädagogische Hochschulen,Humanmedizin/Gesundheitswissenschaften,
2022-01-01T00:00:00.000Z,Bayern,Kunsthochschulen,"Rechts-, Wirtschafts- und Sozialwissenschaften",74000.0
2019-01-01T00:00:00.000Z,Thüringen,Verwaltungsfachhochschulen,Ingenieurwissenschaften,
2020-01-01T00:00:00.000Z,Rheinland-Pfalz,Verwaltungsfachhochschulen,Geisteswissenschaften,
2021-01-01T00:00:00.000Z,Hamburg,Theologische Hochschulen,Ingenieurwissenschaften,
2021-01-01T00:00:00.000Z,Niedersachsen,Kunsthochschulen,"Mathematik, Naturwissenschaften",
2020-01-01T00:00:00.000Z,Thüringen,Theologische Hochschulen,"Mathematik, Naturwissenschaften",
2019-01-01T00:00:00.000Z,Sachsen,Kunsthochschulen,"Mathematik, Naturwissenschaften",
2020-01-01T00:00:00.000Z,Sachsen,Medizinische Einrichtungen der Universitäten,Ingenieurwissenschaften,
2019-01-01T00:00:00.000Z,Schleswig-Holstein,Medizinische Einrichtungen der Universitäten,Ingenieurwissenschaften,
2021-01-01T00:00:00.000Z,Bayern,Verwaltungsfachhochschulen,"Mathematik, Naturwissenschaften",
2022-01-01T00:00:00.000Z,Nordrhein-Westfalen,Verwaltungsfachhochschulen,Geisteswissenschaften,
2022-01-01T00:00:00.000Z,Bayern,Universitäten (ohne Medizinische Einrichtungen),"Mathematik, Naturwissenschaften",3.11608E8
2019-01-01T00:00:00.000Z,Niedersachsen,Universitäten (ohne Medizinische Einrichtungen),Ingenieurwissenschaften,1.99361E8
2021-01-01T00:00:00.000Z,Hamburg,Verwaltungsfachhochschulen,Zentr.Einrichtungen (o. klinikspez. Einrichtungen),
2022-01-01T00:00:00.000Z,Niedersachsen,Kunsthochschulen,Zentr.Einrichtungen (o. klinikspez. Einrichtungen),746000.0
2022-01-01T00:00:00.000Z,Bremen,Kunsthochschulen,"Mathematik, Naturwissenschaften",
2021-01-01T00:00:00.000Z,Saarland,Verwaltungsfachhochschulen,Geisteswissenschaften,
2021-01-01T00:00:00.000Z,Baden-Württemberg,Kunsthochschulen,"Rechts-, Wirtschafts- und Sozialwissenschaften",
2021-01-01T00:00:00.000Z,Schleswig-Holstein,Pädagogische Hochschulen,Geisteswissenschaften,
2019-01-01T00:00:00.000Z,Brandenburg,Medizinische Einrichtungen der Universitäten,"Kunst, Kunstwissenschaft",
2021-01-01T00:00:00.000Z,Mecklenburg-Vorpommern,Pädagogische Hochschulen,"Kunst, Kunstwissenschaft",
2021-01-01T00:00:00.000Z,Niedersachsen,Pädagogische Hochschulen,"Agrar-, Forst- u.Ernährungswiss., Veterinärmedizin",
2022-01-01T00:00:00.000Z,Berlin,Universitäten (ohne Medizinische Einrichtungen),"Kunst, Kunstwissenschaft",4257000.0
2020-01-01T00:00:00.000Z,Niedersachsen,Pädagogische Hochschulen,"Mathematik, Naturwissenschaften",
2022-01-01T00:00:00.000Z,Hamburg,Fachhochschulen,Ingenieurwissenschaften,8098000.0
2022-01-01T00:00:00.000Z,Berlin,Verwaltungsfachhochschulen,Geisteswissenschaften,
2020-01-01T00:00:00.000Z,Baden-Württemberg,Pädagogische Hochschulen,Sport,483000.0
2020-01-01T00:00:00.000Z,Hamburg,Universitäten (ohne Medizinische Einrichtungen),"Mathematik, Naturwissenschaften",5.3198E7
2020-01-01T00:00:00.000Z,Brandenburg,Universitäten (ohne Medizinische Einrichtungen),Humanmedizin/Gesundheitswissenschaften,
2022-01-01T00:00:00.000Z,Mecklenburg-Vorpommern,Medizinische Einrichtungen der Universitäten,"Rechts-, Wirtschafts- und Sozialwissenschaften",
2021-01-01T00:00:00.000Z,Nordrhein-Westfalen,Fachhochschulen,Ingenieurwissenschaften,1.17821E8
2020-01-01T00:00:00.000Z,Bayern,Kunsthochschulen,Humanmedizin/Gesundheitswissenschaften,
2022-01-01T00:00:00.000Z,Bremen,Pädagogische Hochschulen,Humanmedizin/Gesundheitswissenschaften,
2020-01-01T00:00:00.000Z,Sachsen,Pädagogische Hochschulen,"Rechts-, Wirtschafts- und Sozialwissenschaften",
2022-01-01T00:00:00.000Z,Saarland,Kunsthochschulen,"Mathematik, Naturwissenschaften",
2019-01-01T00:00:00.000Z,Bremen,Kunsthochschulen,Zentr.Einrichtungen (o. klinikspez. Einrichtungen),417000.0
2020-01-01T00:00:00.000Z,Nordrhein-Westfalen,Pädagogische Hochschulen,"Kunst, Kunstwissenschaft",
2020-01-01T00:00:00.000Z,Nordrhein-Westfalen,Kunsthochschulen,Geisteswissenschaften,
2020-01-01T00:00:00.000Z,Thüringen,Verwaltungsfachhochschulen,Sport,
2020-01-01T00:00:00.000Z,Hamburg,Verwaltungsfachhochschulen,Humanmedizin/Gesundheitswissenschaften,
2021-01-01T00:00:00.000Z,Berlin,Fachhochschulen,Geisteswissenschaften,1519000.0
2019-01-01T00:00:00.000Z,Sachsen,Verwaltungsfachhochschulen,Zentr.Einrichtungen (o. klinikspez. Einrichtungen),803000.0
2019-01-01T00:00:00.000Z,Baden-Württemberg,Kunsthochschulen,"Mathematik, Naturwissenschaften",
2020-01-01T00:00:00.000Z,Thüringen,Verwaltungsfachhochschulen,"Mathematik, Naturwissenschaften",
2019-01-01T00:00:00.000Z,Thüringen,Universitäten (ohne Medizinische Einrichtungen),"Rechts-, Wirtschafts- und Sozialwissenschaften",1.3213E7
2019-01-01T00:00:00.000Z,Sachsen-Anhalt,Fachhochschulen,"Agrar-, Forst- u.Ernährungswiss., Veterinärmedizin",3038000.0
2021-01-01T00:00:00.000Z,Thüringen,Theologische Hochschulen,"Agrar-, Forst- u.Ernährungswiss., Veterinärmedizin",
2021-01-01T00:00:00.000Z,Berlin,Pädagogische Hochschulen,"Kunst, Kunstwissenschaft",
2021-01-01T00:00:00.000Z,Rheinland-Pfalz,Medizinische Einrichtungen der Universitäten,"Agrar-, Forst- u.Ernährungswiss., Veterinärmedizin",
2021-01-01T00:00:00.000Z,Niedersachsen,Pädagogische Hochschulen,Geisteswissenschaften,
2020-01-01T00:00:00.000Z,Sachsen,Kunsthochschulen,"Agrar-, Forst- u.Ernährungswiss., Veterinärmedizin",
2019-01-01T00:00:00.000Z,Mecklenburg-Vorpommern,Theologische Hochschulen,Ingenieurwissenschaften,
2021-01-01T00:00:00.000Z,Bayern,Pädagogische Hochschulen,"Rechts-, Wirtschafts- und Sozialwissenschaften",
2019-01-01T00:00:00.000Z,Niedersachsen,Medizinische Einrichtungen der Universitäten,"Agrar-, Forst- u.Ernährungswiss., Veterinärmedizin",
2021-01-01T00:00:00.000Z,Berlin,Pädagogische Hochschulen,"Rechts-, Wirtschafts- und Sozialwissenschaften",
2021-01-01T00:00:00.000Z,Sachsen,Universitäten (ohne Medizinische Einrichtungen),Humanmedizin/Gesundheitswissenschaften,
2020-01-01T00:00:00.000Z,Sachsen-Anhalt,Verwaltungsfachhochschulen,"Mathematik, Naturwissenschaften",
2021-01-01T00:00:00.000Z,Hamburg,Verwaltungsfachhochschulen,"Kunst, Kunstwissenschaft",
2022-01-01T00:00:00.000Z,Nordrhein-Westfalen,Medizinische Einrichtungen der Universitäten,Zentr.Einrichtungen (o. klinikspez. Einrichtungen),
2019-01-01T00:00:00.000Z,Hamburg,Kunsthochschulen,"Agrar-, Forst- u.Ernährungswiss., Veterinärmedizin",
2020-01-01T00:00:00.000Z,Nordrhein-Westfalen,Medizinische Einrichtungen der Universitäten,"Agrar-, Forst- u.Ernährungswiss., Veterinärmedizin",
2019-01-01T00:00:00.000Z,Thüringen,Pädagogische Hochschulen,"Rechts-, Wirtschafts- und Sozialwissenschaften",
2021-01-01T00:00:00.000Z,Sachsen,Verwaltungsfachhochschulen,Geisteswissenschaften,
2021-01-01T00:00:00.000Z,Sachsen-Anhalt,Universitäten (ohne Medizinische Einrichtungen),"Mathematik, Naturwissenschaften",1.7218E7
2019-01-01T00:00:00.000Z,Sachsen-Anhalt,Pädagogische Hochschulen,"Agrar-, Forst- u.Ernährungswiss., Veterinärmedizin",
2021-01-01T00:00:00.000Z,Saarland,Pädagogische Hochschulen,"Mathematik, Naturwissenschaften",
2019-01-01T00:00:00.000Z,Saarland,Universitäten (ohne Medizinische Einrichtungen),Humanmedizin/Gesundheitswissenschaften,
2020-01-01T00:00:00.000Z,Rheinland-Pfalz,Kunsthochschulen,Geisteswissenschaften,
2021-01-01T00:00:00.000Z,Baden-Württemberg,Verwaltungsfachhochschulen,Zentr.Einrichtungen (o. klinikspez. Einrichtungen),1058000.0
2019-01-01T00:00:00.000Z,Bayern,Verwaltungsfachhochschulen,Geisteswissenschaften,
2021-01-01T00:00:00.000Z,Berlin,Fachhochschulen,Ingenieurwissenschaften,2.12E7
2021-01-01T00:00:00.000Z,Saarland,Kunsthochschulen,"Rechts-, Wirtschafts- und Sozialwissenschaften",
2022-01-01T00:00:00.000Z,Sachsen-Anhalt,Theologische Hochschulen,Humanmedizin/Gesundheitswissenschaften,
2022-01-01T00:00:00.000Z,Thüringen,Verwaltungsfachhochschulen,Ingenieurwissenschaften,
2022-01-01T00:00:00.000Z,Schleswig-Holstein,Verwaltungsfachhochschulen,"Kunst, Kunstwissenschaft",
2019-01-01T00:00:00.000Z,Berlin,Pädagogische Hochschulen,"Mathematik, Naturwissenschaften",
2022-01-01T00:00:00.000Z,Sachsen-Anhalt,Medizinische Einrichtungen der Universitäten,"Kunst, Kunstwissenschaft",
2022-01-01T00:00:00.000Z,Rheinland-Pfalz,Medizinische Einrichtungen der Universitäten,"Mathematik, Naturwissenschaften",
2019-01-01T00:00:00.000Z,Nordrhein-Westfalen,Universitäten (ohne Medizinische Einrichtungen),Humanmedizin/Gesundheitswissenschaften,
2020-01-01T00:00:00.000Z,Saarland,Medizinische Einrichtungen der Universitäten,"Agrar-, Forst- u.Ernährungswiss., Veterinärmedizin",
2020-01-01T00:00:00.000Z,Sachsen,Universitäten (ohne Medizinische Einrichtungen),Zentr.Einrichtungen (o. klinikspez. Einrichtungen),5.5758E7
2019-01-01T00:00:00.000Z,Bremen,Kunsthochschulen,"Agrar-, Forst- u.Ernährungswiss., Veterinärmedizin",
2020-01-01T00:00:00.000Z,Hessen,Medizinische Einrichtungen der Universitäten,"Kunst, Kunstwissenschaft",
2020-01-01T00:00:00.000Z,Nordrhein-Westfalen,Theologische Hochschulen,Ingenieurwissenschaften,
2021-01-01T00:00:00.000Z,Bayern,Pädagogische Hochschulen,"Agrar-, Forst- u.Ernährungswiss., Veterinärmedizin",
2020-01-01T00:00:00.000Z,Thüringen,Theologische Hochschulen,"Kunst, Kunstwissenschaft",
2020-01-01T00:00:00.000Z,Baden-Württemberg,Medizinische Einrichtungen der Universitäten,Humanmedizin/Gesundheitswissenschaften,3.701725E9
2021-01-01T00:00:00.000Z,Schleswig-Holstein,Fachhochschulen,Ingenieurwissenschaften,1.8647E7
2021-01-01T00:00:00.000Z,Niedersachsen,Universitäten (ohne Medizinische Einrichtungen),"Agrar-, Forst- u.Ernährungswiss., Veterinärmedizin",6.7865E7
2019-01-01T00:00:00.000Z,Niedersachsen,Universitäten (ohne Medizinische Einrichtungen),"Kunst, Kunstwissenschaft",2182000.0
2021-01-01T00:00:00.000Z,Bremen,Verwaltungsfachhochschulen,Geisteswissenschaften,
2019-01-01T00:00:00.000Z,Nordrhein-Westfalen,Pädagogische Hochschulen,"Mathematik, Naturwissenschaften",
2022-01-01T00:00:00.000Z,Mecklenburg-Vorpommern,Fachhochschulen,"Mathematik, Naturwissenschaften",
2020-01-01T00:00:00.000Z,Bremen,Pädagogische Hochschulen,Sport,
2022-01-01T00:00:00.000Z,Niedersachsen,Kunsthochschulen,"Kunst, Kunstwissenschaft",1783000.0
2022-01-01T00:00:00.000Z,Brandenburg,Verwaltungsfachhochschulen,"Kunst, Kunstwissenschaft",
2020-01-01T00:00:00.000Z,Niedersachsen,Fachhochschulen,"Kunst, Kunstwissenschaft",2954000.0
2022-01-01T00:00:00.000Z,Rheinland-Pfalz,Medizinische Einrichtungen der Universitäten,Geisteswissenschaften,
2019-01-01T00:00:00.000Z,Rheinland-Pfalz,Theologische Hochschulen,Ingenieurwissenschaften,
2019-01-01T00:00:00.000Z,Bayern,Medizinische Einrichtungen der Universitäten,Zentr.Einrichtungen (o. klinikspez. Einrichtungen),
2022-01-01T00:00:00.000Z,Bayern,Universitäten (ohne Medizinische Einrichtungen),"Kunst, Kunstwissenschaft",4630000.0
2022-01-01T00:00:00.000Z,Mecklenburg-Vorpommern,Universitäten (ohne Medizinische Einrichtungen),"Agrar-, Forst- u.Ernährungswiss., Veterinärmedizin",1.277E7
2020-01-01T00:00:00.000Z,Thüringen,Kunsthochschulen,"Agrar-, Forst- u.Ernährungswiss., Veterinärmedizin",
2021-01-01T00:00:00.000Z,Brandenburg,Theologische Hochschulen,Ingenieurwissenschaften,
2019-01-01T00:00:00.000Z,Hamburg,Universitäten (ohne Medizinische Einrichtungen),Zentr.Einrichtungen (o. klinikspez. Einrichtungen),7.9668E7
2019-01-01T00:00:00.000Z,Sachsen-Anhalt,Pädagogische Hochschulen,"Mathematik, Naturwissenschaften",
2021-01-01T00:00:00.000Z,Hamburg,Universitäten (ohne Medizinische Einrichtungen),"Rechts-, Wirtschafts- und Sozialwissenschaften",4.5129E7
2019-01-01T00:00:00.000Z,Berlin,Medizinische Einrichtungen der Universitäten,"Agrar-, Forst- u.Ernährungswiss., Veterinärmedizin",
2020-01-01T00:00:00.000Z,Bayern,Fachhochschulen,"Kunst, Kunstwissenschaft",1.1089E7
2022-01-01T00:00:00.000Z,Bayern,Verwaltungsfachhochschulen,Humanmedizin/Gesundheitswissenschaften,
2021-01-01T00:00:00.000Z,Bayern,Theologische Hochschulen,Humanmedizin/Gesundheitswissenschaften,
2020-01-01T00:00:00.000Z,Schleswig-Holstein,Theologische Hochschulen,Ingenieurwissenschaften,
2019-01-01T00:00:00.000Z,Rheinland-Pfalz,Medizinische Einrichtungen der Universitäten,"Kunst, Kunstwissenschaft",
2019-01-01T00:00:00.000Z,Sachsen-Anhalt,Kunsthochschulen,"Rechts-, Wirtschafts- und Sozialwissenschaften",
2022-01-01T00:00:00.000Z,Thüringen,Universitäten (ohne Medizinische Einrichtungen),"Rechts-, Wirtschafts- und Sozialwissenschaften",2.1067E7
2021-01-01T00:00:00.000Z,Baden-Württemberg,Verwaltungsfachhochschulen,Geisteswissenschaften,
2020-01-01T00:00:00.000Z,Bremen,Universitäten (ohne Medizinische Einrichtungen),Humanmedizin/Gesundheitswissenschaften,
2022-01-01T00:00:00.000Z,Sachsen-Anhalt,Verwaltungsfachhochschulen,Geisteswissenschaften,
2022-01-01T00:00:00.000Z,Schleswig-Holstein,Universitäten (ohne Medizinische Einrichtungen),Ingenieurwissenschaften,2.4866E7
2019-01-01T00:00:00.000Z,Niedersachsen,Medizinische Einrichtungen der Universitäten,Zentr.Einrichtungen (o. klinikspez. Einrichtungen),
2019-01-01T00:00:00.000Z,Baden-Württemberg,Universitäten (ohne Medizinische Einrichtungen),Zentr.Einrichtungen (o. klinikspez. Einrichtungen),2.67262E8
2019-01-01T00:00:00.000Z,Sachsen-Anhalt,Medizinische Einrichtungen der Universitäten,"Rechts-, Wirtschafts- und Sozialwissenschaften",
2020-01-01T00:00:00.000Z,Brandenburg,Kunsthochschulen,Sport,
2019-01-01T00:00:00.000Z,Bremen,Theologische Hochschulen,"Kunst, Kunstwissenschaft",
2019-01-01T00:00:00.000Z,Mecklenburg-Vorpommern,Fachhochschulen,"Agrar-, Forst- u.Ernährungswiss., Veterinärmedizin",782000.0
2020-01-01T00:00:00.000Z,Schleswig-Holstein,Kunsthochschulen,Humanmedizin/Gesundheitswissenschaften,
2019-01-01T00:00:00.000Z,Bremen,Kunsthochschulen,"Mathematik, Naturwissenschaften",
2019-01-01T00:00:00.000Z,Hessen,Fachhochschulen,Ingenieurwissenschaften,3.3561E7
2022-01-01T00:00:00.000Z,Sachsen,Theologische Hochschulen,"Mathematik, Naturwissenschaften",
2020-01-01T00:00:00.000Z,Rheinland-Pfalz,Kunsthochschulen,Humanmedizin/Gesundheitswissenschaften,
2022-01-01T00:00:00.000Z,Hessen,Fachhochschulen,Sport,118000.0
2022-01-01T00:00:00.000Z,Hamburg,Fachhochschulen,Humanmedizin/Gesundheitswissenschaften,4.2576E7
2022-01-01T00:00:00.000Z,Bremen,Kunsthochschulen,Zentr.Einrichtungen (o. klinikspez. Einrichtungen),1131000.0
2022-01-01T00:00:00.000Z,Baden-Württemberg,Fachhochschulen,"Agrar-, Forst- u.Ernährungswiss., Veterinärmedizin",4297000.0
2021-01-01T00:00:00.000Z,Saarland,Medizinische Einrichtungen der Universitäten,"Kunst, Kunstwissenschaft",
2021-01-01T00:00:00.000Z,Rheinland-Pfalz,Theologische Hochschulen,"Mathematik, Naturwissenschaften",
2020-01-01T00:00:00.000Z,Saarland,Pädagogische Hochschulen,"Rechts-, Wirtschafts- und Sozialwissenschaften",
2021-01-01T00:00:00.000Z,Schleswig-Holstein,Verwaltungsfachhochschulen,"Agrar-, Forst- u.Ernährungswiss., Veterinärmedizin",
2020-01-01T00:00:00.000Z,Hessen,Pädagogische Hochschulen,Sport,
2019-01-01T00:00:00.000Z,Thüringen,Fachhochschulen,Sport,
2020-01-01T00:00:00.000Z,Mecklenburg-Vorpommern,Pädagogische Hochschulen,"Mathematik, Naturwissenschaften",
2019-01-01T00:00:00.000Z,Berlin,Verwaltungsfachhochschulen,Geisteswissenschaften,
2019-01-01T00:00:00.000Z,Thüringen,Pädagogische Hochschulen,Geisteswissenschaften,
2022-01-01T00:00:00.000Z,Bremen,Universitäten (ohne Medizinische Einrichtungen),Zentr.Einrichtungen (o. klinikspez. Einrichtungen),1.31454E8
2020-01-01T00:00:00.000Z,Baden-Württemberg,Verwaltungsfachhochschulen,Humanmedizin/Gesundheitswissenschaften,
2022-01-01T00:00:00.000Z,Schleswig-Holstein,Verwaltungsfachhochschulen,"Mathematik, Naturwissenschaften",
2022-01-01T00:00:00.000Z,Hessen,Kunsthochschulen,Sport,
2022-01-01T00:00:00.000Z,Hessen,Theologische Hochschulen,"Kunst, Kunstwissenschaft",
2022-01-01T00:00:00.000Z,Brandenburg,Medizinische Einrichtungen der Universitäten,"Rechts-, Wirtschafts- und Sozialwissenschaften",
2022-01-01T00:00:00.000Z,Sachsen-Anhalt,Universitäten (ohne Medizinische Einrichtungen),Geisteswissenschaften,3055000.0
2022-01-01T00:00:00.000Z,Thüringen,Verwaltungsfachhochschulen,Zentr.Einrichtungen (o. klinikspez. Einrichtungen),18000.0
2020-01-01T00:00:00.000Z,Niedersachsen,Kunsthochschulen,"Rechts-, Wirtschafts- und Sozialwissenschaften",417000.0
2021-01-01T00:00:00.000Z,Hessen,Fachhochschulen,"Mathematik, Naturwissenschaften",7273000.0
2022-01-01T00:00:00.000Z,Niedersachsen,Fachhochschulen,Zentr.Einrichtungen (o. klinikspez. Einrichtungen),2.8342E7
2022-01-01T00:00:00.000Z,Mecklenburg-Vorpommern,Theologische Hochschulen,Ingenieurwissenschaften,
2020-01-01T00:00:00.000Z,Sachsen,Fachhochschulen,Humanmedizin/Gesundheitswissenschaften,2000.0
2021-01-01T00:00:00.000Z,Saarland,Theologische Hochschulen,Humanmedizin/Gesundheitswissenschaften,
2021-01-01T00:00:00.000Z,Brandenburg,Fachhochschulen,"Mathematik, Naturwissenschaften",1325000.0
2022-01-01T00:00:00.000Z,Schleswig-Holstein,Kunsthochschulen,"Rechts-, Wirtschafts- und Sozialwissenschaften",
2019-01-01T00:00:00.000Z,Niedersachsen,Theologische Hochschulen,Ingenieurwissenschaften,
2019-01-01T00:00:00.000Z,Bayern,Kunsthochschulen,Geisteswissenschaften,0.0
2022-01-01T00:00:00.000Z,Bremen,Fachhochschulen,Sport,
2019-01-01T00:00:00.000Z,Bayern,Medizinische Einrichtungen der Universitäten,Humanmedizin/Gesundheitswissenschaften,3.962885E9
2022-01-01T00:00:00.000Z,Rheinland-Pfalz,Theologische Hochschulen,Ingenieurwissenschaften,
2021-01-01T00:00:00.000Z,Saarland,Theologische Hochschulen,Sport,
2022-01-01T00:00:00.000Z,Hamburg,Universitäten (ohne Medizinische Einrichtungen),Zentr.Einrichtungen (o. klinikspez. Einrichtungen),9.4113E7
2019-01-01T00:00:00.000Z,Nordrhein-Westfalen,Verwaltungsfachhochschulen,Geisteswissenschaften,
2019-01-01T00:00:00.000Z,Sachsen,Medizinische Einrichtungen der Universitäten,Humanmedizin/Gesundheitswissenschaften,1.194345E9
2022-01-01T00:00:00.000Z,Bayern,Universitäten (ohne Medizinische Einrichtungen),Geisteswissenschaften,5.4546E7
2019-01-01T00:00:00.000Z,Berlin,Universitäten (ohne Medizinische Einrichtungen),"Mathematik, Naturwissenschaften",1.50967E8
2022-01-01T00:00:00.000Z,Baden-Württemberg,Universitäten (ohne Medizinische Einrichtungen),"Agrar-, Forst- u.Ernährungswiss., Veterinärmedizin",3.6989E7
2021-01-01T00:00:00.000Z,Saarland,Verwaltungsfachhochschulen,"Kunst, Kunstwissenschaft",
2020-01-01T00:00:00.000Z,Bayern,Fachhochschulen,Geisteswissenschaften,4258000.0
2020-01-01T00:00:00.000Z,Saarland,Verwaltungsfachhochschulen,Ingenieurwissenschaften,
2022-01-01T00:00:00.000Z,Bremen,Theologische Hochschulen,"Kunst, Kunstwissenschaft",
2021-01-01T00:00:00.000Z,Hamburg,Kunsthochschulen,Ingenieurwissenschaften,
2019-01-01T00:00:00.000Z,Sachsen,Kunsthochschulen,Sport,
2022-01-01T00:00:00.000Z,Sachsen-Anhalt,Verwaltungsfachhochschulen,"Kunst, Kunstwissenschaft",
2022-01-01T00:00:00.000Z,Sachsen,Verwaltungsfachhochschulen,Zentr.Einrichtungen (o. klinikspez. Einrichtungen),1385000.0
2021-01-01T00:00:00.000Z,Bayern,Medizinische Einrichtungen der Universitäten,Ingenieurwissenschaften,
2019-01-01T00:00:00.000Z,Hessen,Universitäten (ohne Medizinische Einrichtungen),Geisteswissenschaften,3.2062E7
2020-01-01T00:00:00.000Z,Brandenburg,Fachhochschulen,Humanmedizin/Gesundheitswissenschaften,
2021-01-01T00:00:00.000Z,Niedersachsen,Fachhochschulen,"Agrar-, Forst- u.Ernährungswiss., Veterinärmedizin",6183000.0
2021-01-01T00:00:00.000Z,Niedersachsen,Verwaltungsfachhochschulen,Ingenieurwissenschaften,
2021-01-01T00:00:00.000Z,Niedersachsen,Theologische Hochschulen,"Mathematik, Naturwissenschaften",
2019-01-01T00:00:00.000Z,Mecklenburg-Vorpommern,Pädagogische Hochschulen,Zentr.Einrichtungen (o. klinikspez. Einrichtungen),
2019-01-01T00:00:00.000Z,Hamburg,Fachhochschulen,Ingenieurwissenschaften,9592000.0
2020-01-01T00:00:00.000Z,Thüringen,Kunsthochschulen,Sport,
2021-01-01T00:00:00.000Z,Berlin,Fachhochschulen,"Kunst, Kunstwissenschaft",1.4743E7
2019-01-01T00:00:00.000Z,Mecklenburg-Vorpommern,Medizinische Einrichtungen der Universitäten,"Rechts-, Wirtschafts- und Sozialwissenschaften",
2021-01-01T00:00:00.000Z,Niedersachsen,Fachhochschulen,Sport,
2019-01-01T00:00:00.000Z,Baden-Württemberg,Theologische Hochschulen,Sport,
2019-01-01T00:00:00.000Z,Bayern,Kunsthochschulen,"Kunst, Kunstwissenschaft",7897000.0
2019-01-01T00:00:00.000Z,Nordrhein-Westfalen,Universitäten (ohne Medizinische Einrichtungen),"Agrar-, Forst- u.Ernährungswiss., Veterinärmedizin",1.4143E7
2022-01-01T00:00:00.000Z,Brandenburg,Fachhochschulen,Ingenieurwissenschaften,1.178E7
2021-01-01T00:00:00.000Z,Thüringen,Theologische Hochschulen,Ingenieurwissenschaften,
2022-01-01T00:00:00.000Z,Baden-Württemberg,Universitäten (ohne Medizinische Einrichtungen),"Mathematik, Naturwissenschaften",3.34083E8
2020-01-01T00:00:00.000Z,Hamburg,Theologische Hochschulen,"Agrar-, Forst- u.Ernährungswiss., Veterinärmedizin",
2021-01-01T00:00:00.000Z,Baden-Württemberg,Kunsthochschulen,Zentr.Einrichtungen (o. klinikspez. Einrichtungen),1948000.0
2019-01-01T00:00:00.000Z,Brandenburg,Kunsthochschulen,"Kunst, Kunstwissenschaft",
2020-01-01T00:00:00.000Z,Hessen,Theologische Hochschulen,"Mathematik, Naturwissenschaften",
2020-01-01T00:00:00.000Z,Bremen,Pädagogische Hochschulen,"Rechts-, Wirtschafts- und Sozialwissenschaften",
2020-01-01T00:00:00.000Z,Thüringen,Fachhochschulen,Zentr.Einrichtungen (o. klinikspez. Einrichtungen),1.3885E7
2019-01-01T00:00:00.000Z,Bayern,Verwaltungsfachhochschulen,Humanmedizin/Gesundheitswissenschaften,
2022-01-01T00:00:00.000Z,Thüringen,Pädagogische Hochschulen,"Rechts-, Wirtschafts- und Sozialwissenschaften",
2019-01-01T00:00:00.000Z,Rheinland-Pfalz,Medizinische Einrichtungen der Universitäten,"Mathematik, Naturwissenschaften",
2022-01-01T00:00:00.000Z,Nordrhein-Westfalen,Kunsthochschulen,"Rechts-, Wirtschafts- und Sozialwissenschaften",6914000.0
2020-01-01T00:00:00.000Z,Bayern,Theologische Hochschulen,Ingenieurwissenschaften,
2022-01-01T00:00:00.000Z,Sachsen-Anhalt,Fachhochschulen,"Agrar-, Forst- u.Ernährungswiss., Veterinärmedizin",4105000.0
2019-01-01T00:00:00.000Z,Sachsen,Verwaltungsfachhochschulen,Humanmedizin/Gesundheitswissenschaften,
2021-01-01T00:00:00.000Z,Baden-Württemberg,Fachhochschulen,"Kunst, Kunstwissenschaft",8395000.0
2022-01-01T00:00:00.000Z,Bayern,Verwaltungsfachhochschulen,Geisteswissenschaften,
2021-01-01T00:00:00.000Z,Baden-Württemberg,Kunsthochschulen,Geisteswissenschaften,
2022-01-01T00:00:00.000Z,Baden-Württemberg,Fachhochschulen,"Rechts-, Wirtschafts- und Sozialwissenschaften",1.42503E8
2019-01-01T00:00:00.000Z,Brandenburg,Pädagogische Hochschulen,Zentr.Einrichtungen (o. klinikspez. Einrichtungen),
2021-01-01T00:00:00.000Z,Brandenburg,Medizinische Einrichtungen der Universitäten,"Mathematik, Naturwissenschaften",
2021-01-01T00:00:00.000Z,Schleswig-Holstein,Fachhochschulen,"Agrar-, Forst- u.Ernährungswiss., Veterinärmedizin",148000.0
2019-01-01T00:00:00.000Z,Schleswig-Holstein,Verwaltungsfachhochschulen,"Mathematik, Naturwissenschaften",
2019-01-01T00:00:00.000Z,Saarland,Kunsthochschulen,"Kunst, Kunstwissenschaft",0.0
2021-01-01T00:00:00.000Z,Thüringen,Medizinische Einrichtungen der Universitäten,"Kunst, Kunstwissenschaft",
2019-01-01T00:00:00.000Z,Brandenburg,Medizinische Einrichtungen der Universitäten,"Rechts-, Wirtschafts- und Sozialwissenschaften",
2022-01-01T00:00:00.000Z,Niedersachsen,Universitäten (ohne Medizinische Einrichtungen),"Kunst, Kunstwissenschaft",2245000.0
2021-01-01T00:00:00.000Z,Hamburg,Medizinische Einrichtungen der Universitäten,"Rechts-, Wirtschafts- und Sozialwissenschaften",
2019-01-01T00:00:00.000Z,Brandenburg,Fachhochschulen,Ingenieurwissenschaften,8004000.0
2019-01-01T00:00:00.000Z,Bayern,Fachhochschulen,"Rechts-, Wirtschafts- und Sozialwissenschaften",9.0508E7
2021-01-01T00:00:00.000Z,Mecklenburg-Vorpommern,Theologische Hochschulen,"Mathematik, Naturwissenschaften",
2022-01-01T00:00:00.000Z,Hessen,Fachhochschulen,Ingenieurwissenschaften,4.1164E7
2022-01-01T00:00:00.000Z,Sachsen,Medizinische Einrichtungen der Universitäten,"Rechts-, Wirtschafts- und Sozialwissenschaften",
2022-01-01T00:00:00.000Z,Nordrhein-Westfalen,Kunsthochschulen,"Kunst, Kunstwissenschaft",1.1794E7
2022-01-01T00:00:00.000Z,Schleswig-Holstein,Medizinische Einrichtungen der Universitäten,Ingenieurwissenschaften,
2021-01-01T00:00:00.000Z,Bremen,Verwaltungsfachhochschulen,Ingenieurwissenschaften,
2022-01-01T00:00:00.000Z,Hamburg,Kunsthochschulen,Sport,
2021-01-01T00:00:00.000Z,Nordrhein-Westfalen,Pädagogische Hochschulen,"Rechts-, Wirtschafts- und Sozialwissenschaften",
2022-01-01T00:00:00.000Z,Brandenburg,Kunsthochschulen,Geisteswissenschaften,
2020-01-01T00:00:00.000Z,Hamburg,Theologische Hochschulen,"Mathematik, Naturwissenschaften",
2021-01-01T00:00:00.000Z,Sachsen-Anhalt,Pädagogische Hochschulen,"Rechts-, Wirtschafts- und Sozialwissenschaften",
2021-01-01T00:00:00.000Z,Rheinland-Pfalz,Universitäten (ohne Medizinische Einrichtungen),Ingenieurwissenschaften,4.7379E7
2022-01-01T00:00:00.000Z,Saarland,Fachhochschulen,"Kunst, Kunstwissenschaft",
2022-01-01T00:00:00.000Z,Rheinland-Pfalz,Universitäten (ohne Medizinische Einrichtungen),"Mathematik, Naturwissenschaften",9.847E7
2021-01-01T00:00:00.000Z,Hessen,Theologische Hochschulen,Ingenieurwissenschaften,
2019-01-01T00:00:00.000Z,Brandenburg,Theologische Hochschulen,Zentr.Einrichtungen (o. klinikspez. Einrichtungen),
2021-01-01T00:00:00.000Z,Bayern,Kunsthochschulen,Zentr.Einrichtungen (o. klinikspez. Einrichtungen),811000.0
2021-01-01T00:00:00.000Z,Mecklenburg-Vorpommern,Kunsthochschulen,Sport,
2019-01-01T00:00:00.000Z,Berlin,Theologische Hochschulen,Sport,
2021-01-01T00:00:00.000Z,Sachsen,Theologische Hochschulen,"Agrar-, Forst- u.Ernährungswiss., Veterinärmedizin",
2019-01-01T00:00:00.000Z,Hessen,Medizinische Einrichtungen der Universitäten,"Mathematik, Naturwissenschaften",
2019-01-01T00:00:00.000Z,Bremen,Pädagogische Hochschulen,Humanmedizin/Gesundheitswissenschaften,
2020-01-01T00:00:00.000Z,Sachsen,Fachhochschulen,Sport,
2021-01-01T00:00:00.000Z,Sachsen-Anhalt,Medizinische Einrichtungen der Universitäten,"Agrar-, Forst- u.Ernährungswiss., Veterinärmedizin",
2022-01-01T00:00:00.000Z,Bremen,Fachhochschulen,Humanmedizin/Gesundheitswissenschaften,9212000.0
2020-01-01T00:00:00.000Z,Hamburg,Theologische Hochschulen,Geisteswissenschaften,
2022-01-01T00:00:00.000Z,Sachsen-Anhalt,Kunsthochschulen,"Rechts-, Wirtschafts- und Sozialwissenschaften",
2022-01-01T00:00:00.000Z,Berlin,Pädagogische Hochschulen,"Agrar-, Forst- u.Ernährungswiss., Veterinärmedizin",
2021-01-01T00:00:00.000Z,Bremen,Kunsthochschulen,"Rechts-, Wirtschafts- und Sozialwissenschaften",
2021-01-01T00:00:00.000Z,Schleswig-Holstein,Medizinische Einrichtungen der Universitäten,"Rechts-, Wirtschafts- und Sozialwissenschaften",
2020-01-01T00:00:00.000Z,Brandenburg,Theologische Hochschulen,"Mathematik, Naturwissenschaften",
2019-01-01T00:00:00.000Z,Rheinland-Pfalz,Fachhochschulen,Geisteswissenschaften,427000.0
2019-01-01T00:00:00.000Z,Baden-Württemberg,Fachhochschulen,Humanmedizin/Gesundheitswissenschaften,8167000.0
2020-01-01T00:00:00.000Z,Sachsen,Kunsthochschulen,Zentr.Einrichtungen (o. klinikspez. Einrichtungen),1153000.0
2022-01-01T00:00:00.000Z,Thüringen,Fachhochschulen,Ingenieurwissenschaften,1.6142E7
2020-01-01T00:00:00.000Z,Rheinland-Pfalz,Universitäten (ohne Medizinische Einrichtungen),"Rechts-, Wirtschafts- und Sozialwissenschaften",5.1936E7
2019-01-01T00:00:00.000Z,Bayern,Universitäten (ohne Medizinische Einrichtungen),"Kunst, Kunstwissenschaft",5966000.0
2022-01-01T00:00:00.000Z,Sachsen-Anhalt,Medizinische Einrichtungen der Universitäten,"Rechts-, Wirtschafts- und Sozialwissenschaften",
2019-01-01T00:00:00.000Z,Mecklenburg-Vorpommern,Universitäten (ohne Medizinische Einrichtungen),"Agrar-, Forst- u.Ernährungswiss., Veterinärmedizin",6192000.0
2020-01-01T00:00:00.000Z,Brandenburg,Universitäten (ohne Medizinische Einrichtungen),Zentr.Einrichtungen (o. klinikspez. Einrichtungen),3.4725E7
2021-01-01T00:00:00.000Z,Sachsen-Anhalt,Kunsthochschulen,"Agrar-, Forst- u.Ernährungswiss., Veterinärmedizin",
2020-01-01T00:00:00.000Z,Schleswig-Holstein,Fachhochschulen,"Kunst, Kunstwissenschaft",
2019-01-01T00:00:00.000Z,Schleswig-Holstein,Verwaltungsfachhochschulen,Geisteswissenschaften,
2020-01-01T00:00:00.000Z,Thüringen,Medizinische Einrichtungen der Universitäten,Humanmedizin/Gesundheitswissenschaften,5.43494E8
2019-01-01T00:00:00.000Z,Berlin,Theologische Hochschulen,Zentr.Einrichtungen (o. klinikspez. Einrichtungen),
2022-01-01T00:00:00.000Z,Berlin,Kunsthochschulen,"Rechts-, Wirtschafts- und Sozialwissenschaften",
2019-01-01T00:00:00.000Z,Sachsen-Anhalt,Verwaltungsfachhochschulen,Geisteswissenschaften,
2020-01-01T00:00:00.000Z,Hamburg,Medizinische Einrichtungen der Universitäten,"Agrar-, Forst- u.Ernährungswiss., Veterinärmedizin",
2020-01-01T00:00:00.000Z,Sachsen-Anhalt,Medizinische Einrichtungen der Universitäten,Ingenieurwissenschaften,
2020-01-01T00:00:00.000Z,Hamburg,Pädagogische Hochschulen,Ingenieurwissenschaften,
2019-01-01T00:00:00.000Z,Hessen,Pädagogische Hochschulen,Sport,
2020-01-01T00:00:00.000Z,Baden-Württemberg,Universitäten (ohne Medizinische Einrichtungen),"Rechts-, Wirtschafts- und Sozialwissenschaften",1.00645E8
2022-01-01T00:00:00.000Z,Mecklenburg-Vorpommern,Theologische Hochschulen,Geisteswissenschaften,
2022-01-01T00:00:00.000Z,Niedersachsen,Verwaltungsfachhochschulen,Humanmedizin/Gesundheitswissenschaften,
2020-01-01T00:00:00.000Z,Schleswig-Holstein,Fachhochschulen,"Mathematik, Naturwissenschaften",1082000.0
2022-01-01T00:00:00.000Z,Schleswig-Holstein,Verwaltungsfachhochschulen,Zentr.Einrichtungen (o. klinikspez. Einrichtungen),
2019-01-01T00:00:00.000Z,Saarland,Universitäten (ohne Medizinische Einrichtungen),"Mathematik, Naturwissenschaften",1.2049E7
2021-01-01T00:00:00.000Z,Nordrhein-Westfalen,Pädagogische Hochschulen,Humanmedizin/Gesundheitswissenschaften,
2022-01-01T00:00:00.000Z,Baden-Württemberg,Pädagogische Hochschulen,"Agrar-, Forst- u.Ernährungswiss., Veterinärmedizin",45000.0
2019-01-01T00:00:00.000Z,Baden-Württemberg,Universitäten (ohne Medizinische Einrichtungen),"Agrar-, Forst- u.Ernährungswiss., Veterinärmedizin",3.1882E7
2019-01-01T00:00:00.000Z,Niedersachsen,Theologische Hochschulen,"Agrar-, Forst- u.Ernährungswiss., Veterinärmedizin",
2020-01-01T00:00:00.000Z,Saarland,Medizinische Einrichtungen der Universitäten,Sport,
2020-01-01T00:00:00.000Z,Hessen,Universitäten (ohne Medizinische Einrichtungen),"Rechts-, Wirtschafts- und Sozialwissenschaften",1.61744E8
2020-01-01T00:00:00.000Z,Thüringen,Kunsthochschulen,Humanmedizin/Gesundheitswissenschaften,
2020-01-01T00:00:00.000Z,Schleswig-Holstein,Verwaltungsfachhochschulen,Zentr.Einrichtungen (o. klinikspez. Einrichtungen),
2020-01-01T00:00:00.000Z,Saarland,Pädagogische Hochschulen,Geisteswissenschaften,
2021-01-01T00:00:00.000Z,Mecklenburg-Vorpommern,Kunsthochschulen,"Agrar-, Forst- u.Ernährungswiss., Veterinärmedizin",
2021-01-01T00:00:00.000Z,Bremen,Universitäten (ohne Medizinische Einrichtungen),Geisteswissenschaften,1079000.0
2020-01-01T00:00:00.000Z,Hessen,Pädagogische Hochschulen,Ingenieurwissenschaften,
2019-01-01T00:00:00.000Z,Berlin,Theologische Hochschulen,"Kunst, Kunstwissenschaft",
2022-01-01T00:00:00.000Z,Mecklenburg-Vorpommern,Pädagogische Hochschulen,Geisteswissenschaften,
2021-01-01T00:00:00.000Z,Bayern,Pädagogische Hochschulen,Sport,
2019-01-01T00:00:00.000Z,Thüringen,Medizinische Einrichtungen der Universitäten,Sport,
2019-01-01T00:00:00.000Z,Schleswig-Holstein,Kunsthochschulen,"Kunst, Kunstwissenschaft",1087000.0
2020-01-01T00:00:00.000Z,Brandenburg,Pädagogische Hochschulen,"Kunst, Kunstwissenschaft",
2020-01-01T00:00:00.000Z,Thüringen,Universitäten (ohne Medizinische Einrichtungen),Sport,397000.0
2019-01-01T00:00:00.000Z,Sachsen,Pädagogische Hochschulen,Zentr.Einrichtungen (o. klinikspez. Einrichtungen),
2021-01-01T00:00:00.000Z,Saarland,Universitäten (ohne Medizinische Einrichtungen),Geisteswissenschaften,1.0182E7
2022-01-01T00:00:00.000Z,Mecklenburg-Vorpommern,Pädagogische Hochschulen,Zentr.Einrichtungen (o. klinikspez. Einrichtungen),
2019-01-01T00:00:00.000Z,Saarland,Theologische Hochschulen,Zentr.Einrichtungen (o. klinikspez. Einrichtungen),
2020-01-01T00:00:00.000Z,Saarland,Fachhochschulen,Geisteswissenschaften,
2022-01-01T00:00:00.000Z,Thüringen,Kunsthochschulen,Humanmedizin/Gesundheitswissenschaften,
2022-01-01T00:00:00.000Z,Nordrhein-Westfalen,Medizinische Einrichtungen der Universitäten,"Mathematik, Naturwissenschaften",
2022-01-01T00:00:00.000Z,Rheinland-Pfalz,Kunsthochschulen,Ingenieurwissenschaften,
2020-01-01T00:00:00.000Z,Sachsen-Anhalt,Kunsthochschulen,"Kunst, Kunstwissenschaft",573000.0
2021-01-01T00:00:00.000Z,Rheinland-Pfalz,Kunsthochschulen,Zentr.Einrichtungen (o. klinikspez. Einrichtungen),
2019-01-01T00:00:00.000Z,Nordrhein-Westfalen,Theologische Hochschulen,"Agrar-, Forst- u.Ernährungswiss., Veterinärmedizin",
2022-01-01T00:00:00.000Z,Saarland,Fachhochschulen,"Rechts-, Wirtschafts- und Sozialwissenschaften",2879000.0
2019-01-01T00:00:00.000Z,Rheinland-Pfalz,Fachhochschulen,"Mathematik, Naturwissenschaften",1174000.0
2022-01-01T00:00:00.000Z,Rheinland-Pfalz,Pädagogische Hochschulen,Ingenieurwissenschaften,
2022-01-01T00:00:00.000Z,Brandenburg,Fachhochschulen,Geisteswissenschaften,856000.0
2019-01-01T00:00:00.000Z,Rheinland-Pfalz,Medizinische Einrichtungen der Universitäten,Geisteswissenschaften,
2021-01-01T00:00:00.000Z,Hessen,Kunsthochschulen,Geisteswissenschaften,
2019-01-01T00:00:00.000Z,Niedersachsen,Kunsthochschulen,"Kunst, Kunstwissenschaft",2478000.0
2019-01-01T00:00:00.000Z,Baden-Württemberg,Fachhochschulen,"Mathematik, Naturwissenschaften",6588000.0
2019-01-01T00:00:00.000Z,Bayern,Universitäten (ohne Medizinische Einrichtungen),Geisteswissenschaften,5.4926E7
2021-01-01T00:00:00.000Z,Berlin,Universitäten (ohne Medizinische Einrichtungen),Geisteswissenschaften,7.0527E7
2020-01-01T00:00:00.000Z,Schleswig-Holstein,Medizinische Einrichtungen der Universitäten,Geisteswissenschaften,
2021-01-01T00:00:00.000Z,Baden-Württemberg,Kunsthochschulen,Humanmedizin/Gesundheitswissenschaften,
2020-01-01T00:00:00.000Z,Niedersachsen,Theologische Hochschulen,"Rechts-, Wirtschafts- und Sozialwissenschaften",
2022-01-01T00:00:00.000Z,Hamburg,Fachhochschulen,Zentr.Einrichtungen (o. klinikspez. Einrichtungen),9216000.0
2021-01-01T00:00:00.000Z,Mecklenburg-Vorpommern,Fachhochschulen,Zentr.Einrichtungen (o. klinikspez. Einrichtungen),3624000.0
2020-01-01T00:00:00.000Z,Nordrhein-Westfalen,Kunsthochschulen,"Agrar-, Forst- u.Ernährungswiss., Veterinärmedizin",
2020-01-01T00:00:00.000Z,Bremen,Medizinische Einrichtungen der Universitäten,Sport,
2020-01-01T00:00:00.000Z,Thüringen,Medizinische Einrichtungen der Universitäten,Ingenieurwissenschaften,
2019-01-01T00:00:00.000Z,Mecklenburg-Vorpommern,Fachhochschulen,"Mathematik, Naturwissenschaften",
2022-01-01T00:00:00.000Z,Bremen,Fachhochschulen,"Rechts-, Wirtschafts- und Sozialwissenschaften",3020000.0
2022-01-01T00:00:00.000Z,Mecklenburg-Vorpommern,Kunsthochschulen,Ingenieurwissenschaften,
2021-01-01T00:00:00.000Z,Bremen,Universitäten (ohne Medizinische Einrichtungen),"Rechts-, Wirtschafts- und Sozialwissenschaften",1.8031E7
2020-01-01T00:00:00.000Z,Niedersachsen,Verwaltungsfachhochschulen,Zentr.Einrichtungen (o. klinikspez. Einrichtungen),
2022-01-01T00:00:00.000Z,Baden-Württemberg,Pädagogische Hochschulen,Ingenieurwissenschaften,1212000.0
2022-01-01T00:00:00.000Z,Sachsen,Kunsthochschulen,Humanmedizin/Gesundheitswissenschaften,
2021-01-01T00:00:00.000Z,Mecklenburg-Vorpommern,Universitäten (ohne Medizinische Einrichtungen),Sport,174000.0
2021-01-01T00:00:00.000Z,Mecklenburg-Vorpommern,Fachhochschulen,"Rechts-, Wirtschafts- und Sozialwissenschaften",4448000.0
2019-01-01T00:00:00.000Z,Rheinland-Pfalz,Universitäten (ohne Medizinische Einrichtungen),"Mathematik, Naturwissenschaften",7.1044E7
2021-01-01T00:00:00.000Z,Hamburg,Fachhochschulen,"Kunst, Kunstwissenschaft",339000.0
2021-01-01T00:00:00.000Z,Niedersachsen,Pädagogische Hochschulen,Ingenieurwissenschaften,
2021-01-01T00:00:00.000Z,Hessen,Kunsthochschulen,"Kunst, Kunstwissenschaft",2000000.0
2020-01-01T00:00:00.000Z,Thüringen,Verwaltungsfachhochschulen,Humanmedizin/Gesundheitswissenschaften,
2022-01-01T00:00:00.000Z,Niedersachsen,Fachhochschulen,"Mathematik, Naturwissenschaften",
2019-01-01T00:00:00.000Z,Brandenburg,Pädagogische Hochschulen,Geisteswissenschaften,
2020-01-01T00:00:00.000Z,Hamburg,Verwaltungsfachhochschulen,"Agrar-, Forst- u.Ernährungswiss., Veterinärmedizin",
2021-01-01T00:00:00.000Z,Rheinland-Pfalz,Universitäten (ohne Medizinische Einrichtungen),Sport,601000.0
2019-01-01T00:00:00.000Z,Brandenburg,Fachhochschulen,Geisteswissenschaften,1116000.0
2021-01-01T00:00:00.000Z,Hamburg,Pädagogische Hochschulen,Ingenieurwissenschaften,
2022-01-01T00:00:00.000Z,Thüringen,Theologische Hochschulen,Ingenieurwissenschaften,
2021-01-01T00:00:00.000Z,Brandenburg,Theologische Hochschulen,Geisteswissenschaften,
2019-01-01T00:00:00.000Z,Hamburg,Pädagogische Hochschulen,Humanmedizin/Gesundheitswissenschaften,
2019-01-01T00:00:00.000Z,Bremen,Kunsthochschulen,Humanmedizin/Gesundheitswissenschaften,
2022-01-01T00:00:00.000Z,Nordrhein-Westfalen,Kunsthochschulen,Zentr.Einrichtungen (o. klinikspez. Einrichtungen),1.2461E7
2020-01-01T00:00:00.000Z,Niedersachsen,Fachhochschulen,"Rechts-, Wirtschafts- und Sozialwissenschaften",3.7457E7
2021-01-01T00:00:00.000Z,Baden-Württemberg,Theologische Hochschulen,"Rechts-, Wirtschafts- und Sozialwissenschaften",
2019-01-01T00:00:00.000Z,Baden-Württemberg,Medizinische Einrichtungen der Universitäten,Geisteswissenschaften,
2019-01-01T00:00:00.000Z,Brandenburg,Universitäten (ohne Medizinische Einrichtungen),Geisteswissenschaften,1.0011E7
2022-01-01T00:00:00.000Z,Sachsen,Pädagogische Hochschulen,Ingenieurwissenschaften,
2020-01-01T00:00:00.000Z,Nordrhein-Westfalen,Fachhochschulen,Geisteswissenschaften,1169000.0
2019-01-01T00:00:00.000Z,Sachsen,Fachhochschulen,"Mathematik, Naturwissenschaften",6662000.0
2020-01-01T00:00:00.000Z,Bremen,Medizinische Einrichtungen der Universitäten,"Mathematik, Naturwissenschaften",
2019-01-01T00:00:00.000Z,Baden-Württemberg,Fachhochschulen,Zentr.Einrichtungen (o. klinikspez. Einrichtungen),9.1848E7
2022-01-01T00:00:00.000Z,Niedersachsen,Medizinische Einrichtungen der Universitäten,"Agrar-, Forst- u.Ernährungswiss., Veterinärmedizin",
2021-01-01T00:00:00.000Z,Berlin,Verwaltungsfachhochschulen,"Mathematik, Naturwissenschaften",
2020-01-01T00:00:00.000Z,Saarland,Universitäten (ohne Medizinische Einrichtungen),"Kunst, Kunstwissenschaft",176000.0
2021-01-01T00:00:00.000Z,Sachsen-Anhalt,Fachhochschulen,Sport,
2019-01-01T00:00:00.000Z,Sachsen-Anhalt,Fachhochschulen,"Rechts-, Wirtschafts- und Sozialwissenschaften",4608000.0
2021-01-01T00:00:00.000Z,Niedersachsen,Theologische Hochschulen,Humanmedizin/Gesundheitswissenschaften,
2021-01-01T00:00:00.000Z,Rheinland-Pfalz,Fachhochschulen,"Rechts-, Wirtschafts- und Sozialwissenschaften",1.8577E7
2021-01-01T00:00:00.000Z,Sachsen,Universitäten (ohne Medizinische Einrichtungen),"Mathematik, Naturwissenschaften",8.8106E7
2022-01-01T00:00:00.000Z,Sachsen-Anhalt,Theologische Hochschulen,"Agrar-, Forst- u.Ernährungswiss., Veterinärmedizin",
2020-01-01T00:00:00.000Z,Brandenburg,Fachhochschulen,"Kunst, Kunstwissenschaft",500000.0
2019-01-01T00:00:00.000Z,Rheinland-Pfalz,Verwaltungsfachhochschulen,"Rechts-, Wirtschafts- und Sozialwissenschaften",6770000.0
2021-01-01T00:00:00.000Z,Bremen,Pädagogische Hochschulen,"Kunst, Kunstwissenschaft",
2020-01-01T00:00:00.000Z,Sachsen,Universitäten (ohne Medizinische Einrichtungen),Geisteswissenschaften,1.4174E7
2021-01-01T00:00:00.000Z,Bremen,Medizinische Einrichtungen der Universitäten,Humanmedizin/Gesundheitswissenschaften,
2020-01-01T00:00:00.000Z,Sachsen-Anhalt,Medizinische Einrichtungen der Universitäten,Zentr.Einrichtungen (o. klinikspez. Einrichtungen),
2021-01-01T00:00:00.000Z,Niedersachsen,Universitäten (ohne Medizinische Einrichtungen),Zentr.Einrichtungen (o. klinikspez. Einrichtungen),1.63241E8
2020-01-01T00:00:00.000Z,Rheinland-Pfalz,Kunsthochschulen,"Agrar-, Forst- u.Ernährungswiss., Veterinärmedizin",
2020-01-01T00:00:00.000Z,Sachsen,Pädagogische Hochschulen,Humanmedizin/Gesundheitswissenschaften,
2021-01-01T00:00:00.000Z,Niedersachsen,Theologische Hochschulen,Geisteswissenschaften,
2020-01-01T00:00:00.000Z,Hamburg,Fachhochschulen,"Agrar-, Forst- u.Ernährungswiss., Veterinärmedizin",363000.0
2021-01-01T00:00:00.000Z,Thüringen,Verwaltungsfachhochschulen,"Kunst, Kunstwissenschaft",
2021-01-01T00:00:00.000Z,Sachsen-Anhalt,Verwaltungsfachhochschulen,"Agrar-, Forst- u.Ernährungswiss., Veterinärmedizin",
2020-01-01T00:00:00.000Z,Baden-Württemberg,Theologische Hochschulen,Zentr.Einrichtungen (o. klinikspez. Einrichtungen),
2022-01-01T00:00:00.000Z,Nordrhein-Westfalen,Verwaltungsfachhochschulen,"Rechts-, Wirtschafts- und Sozialwissenschaften",3275000.0
2021-01-01T00:00:00.000Z,Nordrhein-Westfalen,Fachhochschulen,Humanmedizin/Gesundheitswissenschaften,2.3334E7
2022-01-01T00:00:00.000Z,Schleswig-Holstein,Universitäten (ohne Medizinische Einrichtungen),Geisteswissenschaften,4901000.0
2019-01-01T00:00:00.000Z,Schleswig-Holstein,Kunsthochschulen,"Rechts-, Wirtschafts- und Sozialwissenschaften",
2021-01-01T00:00:00.000Z,Schleswig-Holstein,Kunsthochschulen,Sport,
2019-01-01T00:00:00.000Z,Mecklenburg-Vorpommern,Medizinische Einrichtungen der Universitäten,Geisteswissenschaften,
2019-01-01T00:00:00.000Z,Bremen,Theologische Hochschulen,Geisteswissenschaften,
2022-01-01T00:00:00.000Z,Sachsen,Pädagogische Hochschulen,"Mathematik, Naturwissenschaften",
2019-01-01T00:00:00.000Z,Mecklenburg-Vorpommern,Theologische Hochschulen,"Kunst, Kunstwissenschaft",
2022-01-01T00:00:00.000Z,Berlin,Universitäten (ohne Medizinische Einrichtungen),"Mathematik, Naturwissenschaften",1.52782E8
2021-01-01T00:00:00.000Z,Schleswig-Holstein,Medizinische Einrichtungen der Universitäten,"Agrar-, Forst- u.Ernährungswiss., Veterinärmedizin",
2020-01-01T00:00:00.000Z,Rheinland-Pfalz,Theologische Hochschulen,"Kunst, Kunstwissenschaft",
2020-01-01T00:00:00.000Z,Brandenburg,Fachhochschulen,"Agrar-, Forst- u.Ernährungswiss., Veterinärmedizin",7100000.0
2020-01-01T00:00:00.000Z,Niedersachsen,Kunsthochschulen,Sport,
2020-01-01T00:00:00.000Z,Schleswig-Holstein,Universitäten (ohne Medizinische Einrichtungen),"Mathematik, Naturwissenschaften",1.827E7
2022-01-01T00:00:00.000Z,Mecklenburg-Vorpommern,Universitäten (ohne Medizinische Einrichtungen),Humanmedizin/Gesundheitswissenschaften,
2022-01-01T00:00:00.000Z,Sachsen,Kunsthochschulen,"Mathematik, Naturwissenschaften",
2019-01-01T00:00:00.000Z,Nordrhein-Westfalen,Kunsthochschulen,Zentr.Einrichtungen (o. klinikspez. Einrichtungen),5901000.0
2020-01-01T00:00:00.000Z,Hessen,Verwaltungsfachhochschulen,Sport,
2021-01-01T00:00:00.000Z,Berlin,Universitäten (ohne Medizinische Einrichtungen),"Agrar-, Forst- u.Ernährungswiss., Veterinärmedizin",2.4085E7
2021-01-01T00:00:00.000Z,Sachsen-Anhalt,Theologische Hochschulen,Zentr.Einrichtungen (o. klinikspez. Einrichtungen),1833000.0
2021-01-01T00:00:00.000Z,Rheinland-Pfalz,Universitäten (ohne Medizinische Einrichtungen),"Kunst, Kunstwissenschaft",1584000.0
2020-01-01T00:00:00.000Z,Saarland,Theologische Hochschulen,"Kunst, Kunstwissenschaft",
2022-01-01T00:00:00.000Z,Bayern,Pädagogische Hochschulen,"Mathematik, Naturwissenschaften",
2022-01-01T00:00:00.000Z,Thüringen,Universitäten (ohne Medizinische Einrichtungen),Geisteswissenschaften,1.3713E7
2019-01-01T00:00:00.000Z,Saarland,Pädagogische Hochschulen,Ingenieurwissenschaften,
2021-01-01T00:00:00.000Z,Hessen,Medizinische Einrichtungen der Universitäten,Geisteswissenschaften,
2019-01-01T00:00:00.000Z,Sachsen,Kunsthochschulen,Humanmedizin/Gesundheitswissenschaften,
2020-01-01T00:00:00.000Z,Sachsen-Anhalt,Universitäten (ohne Medizinische Einrichtungen),"Kunst, Kunstwissenschaft",652000.0
2020-01-01T00:00:00.000Z,Bremen,Theologische Hochschulen,Humanmedizin/Gesundheitswissenschaften,
2020-01-01T00:00:00.000Z,Niedersachsen,Pädagogische Hochschulen,Zentr.Einrichtungen (o. klinikspez. Einrichtungen),
2019-01-01T00:00:00.000Z,Bayern,Kunsthochschulen,"Rechts-, Wirtschafts- und Sozialwissenschaften",0.0
2020-01-01T00:00:00.000Z,Niedersachsen,Medizinische Einrichtungen der Universitäten,"Rechts-, Wirtschafts- und Sozialwissenschaften",
2020-01-01T00:00:00.000Z,Brandenburg,Fachhochschulen,"Mathematik, Naturwissenschaften",942000.0
2021-01-01T00:00:00.000Z,Thüringen,Universitäten (ohne Medizinische Einrichtungen),"Agrar-, Forst- u.Ernährungswiss., Veterinärmedizin",1439000.0
2021-01-01T00:00:00.000Z,Brandenburg,Medizinische Einrichtungen der Universitäten,Geisteswissenschaften,
2019-01-01T00:00:00.000Z,Nordrhein-Westfalen,Verwaltungsfachhochschulen,"Rechts-, Wirtschafts- und Sozialwissenschaften",3308000.0
2022-01-01T00:00:00.000Z,Baden-Württemberg,Kunsthochschulen,"Mathematik, Naturwissenschaften",
2021-01-01T00:00:00.000Z,Thüringen,Medizinische Einrichtungen der Universitäten,"Rechts-, Wirtschafts- und Sozialwissenschaften",
2021-01-01T00:00:00.000Z,Sachsen,Theologische Hochschulen,"Rechts-, Wirtschafts- und Sozialwissenschaften",
2021-01-01T00:00:00.000Z,Rheinland-Pfalz,Medizinische Einrichtungen der Universitäten,Geisteswissenschaften,
2019-01-01T00:00:00.000Z,Saarland,Kunsthochschulen,"Mathematik, Naturwissenschaften",
2019-01-01T00:00:00.000Z,Berlin,Pädagogische Hochschulen,Sport,
2022-01-01T00:00:00.000Z,Niedersachsen,Medizinische Einrichtungen der Universitäten,Geisteswissenschaften,
2020-01-01T00:00:00.000Z,Sachsen,Medizinische Einrichtungen der Universitäten,"Kunst, Kunstwissenschaft",
2022-01-01T00:00:00.000Z,Niedersachsen,Universitäten (ohne Medizinische Einrichtungen),Ingenieurwissenschaften,2.5172E8
2021-01-01T00:00:00.000Z,Saarland,Pädagogische Hochschulen,Sport,
2021-01-01T00:00:00.000Z,Hamburg,Medizinische Einrichtungen der Universitäten,"Kunst, Kunstwissenschaft",
2020-01-01T00:00:00.000Z,Baden-Württemberg,Medizinische Einrichtungen der Universitäten,Zentr.Einrichtungen (o. klinikspez. Einrichtungen),
2022-01-01T00:00:00.000Z,Nordrhein-Westfalen,Theologische Hochschulen,"Agrar-, Forst- u.Ernährungswiss., Veterinärmedizin",
2020-01-01T00:00:00.000Z,Rheinland-Pfalz,Pädagogische Hochschulen,"Mathematik, Naturwissenschaften",
2020-01-01T00:00:00.000Z,Hamburg,Theologische Hochschulen,Zentr.Einrichtungen (o. klinikspez. Einrichtungen),
2021-01-01T00:00:00.000Z,Berlin,Medizinische Einrichtungen der Universitäten,Ingenieurwissenschaften,
2021-01-01T00:00:00.000Z,Bayern,Medizinische Einrichtungen der Universitäten,Sport,
2022-01-01T00:00:00.000Z,Sachsen-Anhalt,Theologische Hochschulen,"Kunst, Kunstwissenschaft",83000.0
2022-01-01T00:00:00.000Z,Berlin,Pädagogische Hochschulen,Sport,
2020-01-01T00:00:00.000Z,Hamburg,Theologische Hochschulen,Humanmedizin/Gesundheitswissenschaften,
2019-01-01T00:00:00.000Z,Rheinland-Pfalz,Kunsthochschulen,Geisteswissenschaften,
2022-01-01T00:00:00.000Z,Rheinland-Pfalz,Verwaltungsfachhochschulen,"Rechts-, Wirtschafts- und Sozialwissenschaften",6817000.0
2020-01-01T00:00:00.000Z,Berlin,Theologische Hochschulen,Ingenieurwissenschaften,
2021-01-01T00:00:00.000Z,Mecklenburg-Vorpommern,Verwaltungsfachhochschulen,"Mathematik, Naturwissenschaften",
2021-01-01T00:00:00.000Z,Mecklenburg-Vorpommern,Universitäten (ohne Medizinische Einrichtungen),Zentr.Einrichtungen (o. klinikspez. Einrichtungen),1.819E7
2021-01-01T00:00:00.000Z,Thüringen,Pädagogische Hochschulen,Zentr.Einrichtungen (o. klinikspez. Einrichtungen),
2022-01-01T00:00:00.000Z,Brandenburg,Medizinische Einrichtungen der Universitäten,Humanmedizin/Gesundheitswissenschaften,2.5104E7
2021-01-01T00:00:00.000Z,Bremen,Kunsthochschulen,"Kunst, Kunstwissenschaft",456000.0
2019-01-01T00:00:00.000Z,Berlin,Kunsthochschulen,"Mathematik, Naturwissenschaften",
2019-01-01T00:00:00.000Z,Sachsen-Anhalt,Universitäten (ohne Medizinische Einrichtungen),"Rechts-, Wirtschafts- und Sozialwissenschaften",5904000.0
2021-01-01T00:00:00.000Z,Hamburg,Pädagogische Hochschulen,"Kunst, Kunstwissenschaft",
2021-01-01T00:00:00.000Z,Bremen,Verwaltungsfachhochschulen,Humanmedizin/Gesundheitswissenschaften,
2021-01-01T00:00:00.000Z,Saarland,Kunsthochschulen,Zentr.Einrichtungen (o. klinikspez. Einrichtungen),368000.0
2019-01-01T00:00:00.000Z,Nordrhein-Westfalen,Kunsthochschulen,Sport,
2020-01-01T00:00:00.000Z,Nordrhein-Westfalen,Medizinische Einrichtungen der Universitäten,"Rechts-, Wirtschafts- und Sozialwissenschaften",
2020-01-01T00:00:00.000Z,Sachsen,Verwaltungsfachhochschulen,"Kunst, Kunstwissenschaft",
2019-01-01T00:00:00.000Z,Niedersachsen,Kunsthochschulen,Zentr.Einrichtungen (o. klinikspez. Einrichtungen),615000.0
2019-01-01T00:00:00.000Z,Baden-Württemberg,Theologische Hochschulen,"Mathematik, Naturwissenschaften",
2019-01-01T00:00:00.000Z,Sachsen,Medizinische Einrichtungen der Universitäten,Geisteswissenschaften,
2020-01-01T00:00:00.000Z,Baden-Württemberg,Theologische Hochschulen,Sport,
2019-01-01T00:00:00.000Z,Thüringen,Verwaltungsfachhochschulen,"Agrar-, Forst- u.Ernährungswiss., Veterinärmedizin",
2021-01-01T00:00:00.000Z,Bremen,Medizinische Einrichtungen der Universitäten,Ingenieurwissenschaften,
2021-01-01T00:00:00.000Z,Sachsen,Fachhochschulen,"Rechts-, Wirtschafts- und Sozialwissenschaften",8547000.0
2022-01-01T00:00:00.000Z,Saarland,Theologische Hochschulen,Zentr.Einrichtungen (o. klinikspez. Einrichtungen),
2021-01-01T00:00:00.000Z,Niedersachsen,Fachhochschulen,Humanmedizin/Gesundheitswissenschaften,1963000.0
2019-01-01T00:00:00.000Z,Schleswig-Holstein,Universitäten (ohne Medizinische Einrichtungen),Ingenieurwissenschaften,1.9236E7
2022-01-01T00:00:00.000Z,Bremen,Theologische Hochschulen,Geisteswissenschaften,
2021-01-01T00:00:00.000Z,Nordrhein-Westfalen,Fachhochschulen,Sport,
2019-01-01T00:00:00.000Z,Thüringen,Theologische Hochschulen,Geisteswissenschaften,
2020-01-01T00:00:00.000Z,Nordrhein-Westfalen,Pädagogische Hochschulen,Zentr.Einrichtungen (o. klinikspez. Einrichtungen),
2020-01-01T00:00:00.000Z,Nordrhein-Westfalen,Kunsthochschulen,"Kunst, Kunstwissenschaft",7799000.0
2019-01-01T00:00:00.000Z,Hamburg,Fachhochschulen,Zentr.Einrichtungen (o. klinikspez. Einrichtungen),6832000.0
2022-01-01T00:00:00.000Z,Mecklenburg-Vorpommern,Pädagogische Hochschulen,Ingenieurwissenschaften,
2019-01-01T00:00:00.000Z,Hessen,Verwaltungsfachhochschulen,"Mathematik, Naturwissenschaften",0.0
2019-01-01T00:00:00.000Z,Sachsen,Theologische Hochschulen,"Mathematik, Naturwissenschaften",
2020-01-01T00:00:00.000Z,Thüringen,Pädagogische Hochschulen,Humanmedizin/Gesundheitswissenschaften,
2020-01-01T00:00:00.000Z,Rheinland-Pfalz,Verwaltungsfachhochschulen,Ingenieurwissenschaften,
2020-01-01T00:00:00.000Z,Saarland,Fachhochschulen,"Kunst, Kunstwissenschaft",
2020-01-01T00:00:00.000Z,Baden-Württemberg,Universitäten (ohne Medizinische Einrichtungen),Geisteswissenschaften,7.426E7
2020-01-01T00:00:00.000Z,Niedersachsen,Pädagogische Hochschulen,"Kunst, Kunstwissenschaft",
2020-01-01T00:00:00.000Z,Hamburg,Universitäten (ohne Medizinische Einrichtungen),Sport,323000.0
2022-01-01T00:00:00.000Z,Baden-Württemberg,Fachhochschulen,Geisteswissenschaften,5523000.0
2019-01-01T00:00:00.000Z,Niedersachsen,Kunsthochschulen,Ingenieurwissenschaften,
2021-01-01T00:00:00.000Z,Schleswig-Holstein,Theologische Hochschulen,Humanmedizin/Gesundheitswissenschaften,
2022-01-01T00:00:00.000Z,Rheinland-Pfalz,Pädagogische Hochschulen,Sport,
2020-01-01T00:00:00.000Z,Hamburg,Fachhochschulen,"Rechts-, Wirtschafts- und Sozialwissenschaften",8.3093E7
2020-01-01T00:00:00.000Z,Niedersachsen,Verwaltungsfachhochschulen,Geisteswissenschaften,
2021-01-01T00:00:00.000Z,Baden-Württemberg,Fachhochschulen,"Rechts-, Wirtschafts- und Sozialwissenschaften",1.02645E8
2022-01-01T00:00:00.000Z,Berlin,Verwaltungsfachhochschulen,Ingenieurwissenschaften,
2022-01-01T00:00:00.000Z,Schleswig-Holstein,Fachhochschulen,"Kunst, Kunstwissenschaft",
2019-01-01T00:00:00.000Z,Bremen,Pädagogische Hochschulen,Ingenieurwissenschaften,
2019-01-01T00:00:00.000Z,Nordrhein-Westfalen,Kunsthochschulen,"Mathematik, Naturwissenschaften",
2022-01-01T00:00:00.000Z,Sachsen-Anhalt,Pädagogische Hochschulen,"Mathematik, Naturwissenschaften",
2019-01-01T00:00:00.000Z,Brandenburg,Verwaltungsfachhochschulen,"Kunst, Kunstwissenschaft",
2019-01-01T00:00:00.000Z,Hamburg,Universitäten (ohne Medizinische Einrichtungen),Sport,805000.0
2021-01-01T00:00:00.000Z,Sachsen-Anhalt,Medizinische Einrichtungen der Universitäten,Sport,
2021-01-01T00:00:00.000Z,Bremen,Pädagogische Hochschulen,"Mathematik, Naturwissenschaften",
2019-01-01T00:00:00.000Z,Hamburg,Fachhochschulen,Humanmedizin/Gesundheitswissenschaften,1.8807E7
2019-01-01T00:00:00.000Z,Rheinland-Pfalz,Verwaltungsfachhochschulen,"Kunst, Kunstwissenschaft",
2019-01-01T00:00:00.000Z,Niedersachsen,Fachhochschulen,Zentr.Einrichtungen (o. klinikspez. Einrichtungen),2.8516E7
2020-01-01T00:00:00.000Z,Thüringen,Verwaltungsfachhochschulen,Zentr.Einrichtungen (o. klinikspez. Einrichtungen),7000.0
2021-01-01T00:00:00.000Z,Sachsen,Universitäten (ohne Medizinische Einrichtungen),"Rechts-, Wirtschafts- und Sozialwissenschaften",5.3949E7
2021-01-01T00:00:00.000Z,Sachsen,Verwaltungsfachhochschulen,"Kunst, Kunstwissenschaft",
2021-01-01T00:00:00.000Z,Rheinland-Pfalz,Kunsthochschulen,"Agrar-, Forst- u.Ernährungswiss., Veterinärmedizin",
2021-01-01T00:00:00.000Z,Rheinland-Pfalz,Kunsthochschulen,"Mathematik, Naturwissenschaften",
2021-01-01T00:00:00.000Z,Niedersachsen,Pädagogische Hochschulen,"Rechts-, Wirtschafts- und Sozialwissenschaften",
2020-01-01T00:00:00.000Z,Berlin,Pädagogische Hochschulen,"Agrar-, Forst- u.Ernährungswiss., Veterinärmedizin",
2019-01-01T00:00:00.000Z,Mecklenburg-Vorpommern,Theologische Hochschulen,Sport,
2022-01-01T00:00:00.000Z,Brandenburg,Verwaltungsfachhochschulen,Ingenieurwissenschaften,
2019-01-01T00:00:00.000Z,Brandenburg,Fachhochschulen,Zentr.Einrichtungen (o. klinikspez. Einrichtungen),7954000.0
2022-01-01T00:00:00.000Z,Niedersachsen,Medizinische Einrichtungen der Universitäten,Zentr.Einrichtungen (o. klinikspez. Einrichtungen),
2020-01-01T00:00:00.000Z,Berlin,Kunsthochschulen,Sport,
2021-01-01T00:00:00.000Z,Bayern,Universitäten (ohne Medizinische Einrichtungen),Ingenieurwissenschaften,3.4007E8
2021-01-01T00:00:00.000Z,Sachsen,Medizinische Einrichtungen der Universitäten,"Mathematik, Naturwissenschaften",
2019-01-01T00:00:00.000Z,Berlin,Fachhochschulen,"Agrar-, Forst- u.Ernährungswiss., Veterinärmedizin",247000.0
2019-01-01T00:00:00.000Z,Nordrhein-Westfalen,Fachhochschulen,Zentr.Einrichtungen (o. klinikspez. Einrichtungen),3.29492E8
2022-01-01T00:00:00.000Z,Brandenburg,Pädagogische Hochschulen,"Rechts-, Wirtschafts- und Sozialwissenschaften",
2020-01-01T00:00:00.000Z,Niedersachsen,Kunsthochschulen,Geisteswissenschaften,28000.0
2021-01-01T00:00:00.000Z,Brandenburg,Medizinische Einrichtungen der Universitäten,"Agrar-, Forst- u.Ernährungswiss., Veterinärmedizin",
2020-01-01T00:00:00.000Z,Rheinland-Pfalz,Medizinische Einrichtungen der Universitäten,"Rechts-, Wirtschafts- und Sozialwissenschaften",
2021-01-01T00:00:00.000Z,Mecklenburg-Vorpommern,Fachhochschulen,Geisteswissenschaften,
2021-01-01T00:00:00.000Z,Baden-Württemberg,Medizinische Einrichtungen der Universitäten,"Kunst, Kunstwissenschaft",
2021-01-01T00:00:00.000Z,Rheinland-Pfalz,Verwaltungsfachhochschulen,Humanmedizin/Gesundheitswissenschaften,
2019-01-01T00:00:00.000Z,Thüringen,Verwaltungsfachhochschulen,Zentr.Einrichtungen (o. klinikspez. Einrichtungen),9000.0
2022-01-01T00:00:00.000Z,Thüringen,Kunsthochschulen,Geisteswissenschaften,
2021-01-01T00:00:00.000Z,Berlin,Fachhochschulen,Zentr.Einrichtungen (o. klinikspez. Einrichtungen),1.3644E7
2019-01-01T00:00:00.000Z,Schleswig-Holstein,Kunsthochschulen,Geisteswissenschaften,
2022-01-01T00:00:00.000Z,Hessen,Universitäten (ohne Medizinische Einrichtungen),"Kunst, Kunstwissenschaft",3848000.0
2019-01-01T00:00:00.000Z,Bremen,Pädagogische Hochschulen,Sport,
2019-01-01T00:00:00.000Z,Baden-Württemberg,Medizinische Einrichtungen der Universitäten,"Mathematik, Naturwissenschaften",
2020-01-01T00:00:00.000Z,Brandenburg,Kunsthochschulen,"Agrar-, Forst- u.Ernährungswiss., Veterinärmedizin",
2019-01-01T00:00:00.000Z,Hessen,Universitäten (ohne Medizinische Einrichtungen),Zentr.Einrichtungen (o. klinikspez. Einrichtungen),1.61993E8
2021-01-01T00:00:00.000Z,Mecklenburg-Vorpommern,Medizinische Einrichtungen der Universitäten,"Kunst, Kunstwissenschaft",
2022-01-01T00:00:00.000Z,Schleswig-Holstein,Medizinische Einrichtungen der Universitäten,Zentr.Einrichtungen (o. klinikspez. Einrichtungen),
2022-01-01T00:00:00.000Z,Berlin,Theologische Hochschulen,Geisteswissenschaften,
2019-01-01T00:00:00.000Z,Baden-Württemberg,Theologische Hochschulen,"Kunst, Kunstwissenschaft",
2022-01-01T00:00:00.000Z,Saarland,Universitäten (ohne Medizinische Einrichtungen),"Agrar-, Forst- u.Ernährungswiss., Veterinärmedizin",
2020-01-01T00:00:00.000Z,Thüringen,Kunsthochschulen,Zentr.Einrichtungen (o. klinikspez. Einrichtungen),318000.0
2020-01-01T00:00:00.000Z,Berlin,Medizinische Einrichtungen der Universitäten,"Kunst, Kunstwissenschaft",
2021-01-01T00:00:00.000Z,Sachsen-Anhalt,Verwaltungsfachhochschulen,"Rechts-, Wirtschafts- und Sozialwissenschaften",236000.0
2022-01-01T00:00:00.000Z,Bayern,Kunsthochschulen,"Kunst, Kunstwissenschaft",8728000.0
2020-01-01T00:00:00.000Z,Bayern,Pädagogische Hochschulen,"Kunst, Kunstwissenschaft",
2022-01-01T00:00:00.000Z,Sachsen,Medizinische Einrichtungen der Universitäten,"Agrar-, Forst- u.Ernährungswiss., Veterinärmedizin",
2020-01-01T00:00:00.000Z,Schleswig-Holstein,Medizinische Einrichtungen der Universitäten,"Mathematik, Naturwissenschaften",
2021-01-01T00:00:00.000Z,Schleswig-Holstein,Pädagogische Hochschulen,"Agrar-, Forst- u.Ernährungswiss., Veterinärmedizin",
2021-01-01T00:00:00.000Z,Thüringen,Fachhochschulen,"Mathematik, Naturwissenschaften",43000.0
2020-01-01T00:00:00.000Z,Hessen,Theologische Hochschulen,Zentr.Einrichtungen (o. klinikspez. Einrichtungen),6000.0
2022-01-01T00:00:00.000Z,Hessen,Pädagogische Hochschulen,"Rechts-, Wirtschafts- und Sozialwissenschaften",
2019-01-01T00:00:00.000Z,Nordrhein-Westfalen,Universitäten (ohne Medizinische Einrichtungen),Sport,1.6789E7
2019-01-01T00:00:00.000Z,Thüringen,Fachhochschulen,Ingenieurwissenschaften,1.1402E7
2020-01-01T00:00:00.000Z,Saarland,Fachhochschulen,Ingenieurwissenschaften,6005000.0
2020-01-01T00:00:00.000Z,Saarland,Verwaltungsfachhochschulen,Humanmedizin/Gesundheitswissenschaften,
2019-01-01T00:00:00.000Z,Bayern,Verwaltungsfachhochschulen,"Rechts-, Wirtschafts- und Sozialwissenschaften",2152000.0
2021-01-01T00:00:00.000Z,Rheinland-Pfalz,Pädagogische Hochschulen,"Agrar-, Forst- u.Ernährungswiss., Veterinärmedizin",
2021-01-01T00:00:00.000Z,Schleswig-Holstein,Universitäten (ohne Medizinische Einrichtungen),"Kunst, Kunstwissenschaft",601000.0
2020-01-01T00:00:00.000Z,Sachsen-Anhalt,Medizinische Einrichtungen der Universitäten,Geisteswissenschaften,
2022-01-01T00:00:00.000Z,Bayern,Medizinische Einrichtungen der Universitäten,"Agrar-, Forst- u.Ernährungswiss., Veterinärmedizin",
2021-01-01T00:00:00.000Z,Berlin,Kunsthochschulen,Humanmedizin/Gesundheitswissenschaften,
2022-01-01T00:00:00.000Z,Rheinland-Pfalz,Kunsthochschulen,"Kunst, Kunstwissenschaft",
2022-01-01T00:00:00.000Z,Sachsen,Kunsthochschulen,Geisteswissenschaften,
2020-01-01T00:00:00.000Z,Rheinland-Pfalz,Universitäten (ohne Medizinische Einrichtungen),Humanmedizin/Gesundheitswissenschaften,
2019-01-01T00:00:00.000Z,Hessen,Fachhochschulen,Humanmedizin/Gesundheitswissenschaften,2.1798E7
2019-01-01T00:00:00.000Z,Hamburg,Pädagogische Hochschulen,Sport,
2022-01-01T00:00:00.000Z,Baden-Württemberg,Medizinische Einrichtungen der Universitäten,"Mathematik, Naturwissenschaften",
2019-01-01T00:00:00.000Z,Rheinland-Pfalz,Medizinische Einrichtungen der Universitäten,Zentr.Einrichtungen (o. klinikspez. Einrichtungen),
2019-01-01T00:00:00.000Z,Bremen,Medizinische Einrichtungen der Universitäten,"Kunst, Kunstwissenschaft",
2019-01-01T00:00:00.000Z,Hessen,Theologische Hochschulen,"Kunst, Kunstwissenschaft",
2022-01-01T00:00:00.000Z,Thüringen,Universitäten (ohne Medizinische Einrichtungen),Humanmedizin/Gesundheitswissenschaften,
2020-01-01T00:00:00.000Z,Hessen,Kunsthochschulen,"Mathematik, Naturwissenschaften",
2022-01-01T00:00:00.000Z,Hamburg,Universitäten (ohne Medizinische Einrichtungen),"Agrar-, Forst- u.Ernährungswiss., Veterinärmedizin",
2021-01-01T00:00:00.000Z,Thüringen,Theologische Hochschulen,Sport,
2022-01-01T00:00:00.000Z,Hamburg,Verwaltungsfachhochschulen,"Mathematik, Naturwissenschaften",
2019-01-01T00:00:00.000Z,Mecklenburg-Vorpommern,Theologische Hochschulen,Zentr.Einrichtungen (o. klinikspez. Einrichtungen),
2019-01-01T00:00:00.000Z,Bremen,Universitäten (ohne Medizinische Einrichtungen),Zentr.Einrichtungen (o. klinikspez. Einrichtungen),1.3324E8
2021-01-01T00:00:00.000Z,Schleswig-Holstein,Universitäten (ohne Medizinische Einrichtungen),"Rechts-, Wirtschafts- und Sozialwissenschaften",5997000.0
2021-01-01T00:00:00.000Z,Baden-Württemberg,Medizinische Einrichtungen der Universitäten,Ingenieurwissenschaften,
2020-01-01T00:00:00.000Z,Thüringen,Universitäten (ohne Medizinische Einrichtungen),Zentr.Einrichtungen (o. klinikspez. Einrichtungen),4.2425E7
2020-01-01T00:00:00.000Z,Brandenburg,Kunsthochschulen,"Mathematik, Naturwissenschaften",
2022-01-01T00:00:00.000Z,Saarland,Pädagogische Hochschulen,Zentr.Einrichtungen (o. klinikspez. Einrichtungen),
2020-01-01T00:00:00.000Z,Nordrhein-Westfalen,Fachhochschulen,"Kunst, Kunstwissenschaft",2925000.0
2022-01-01T00:00:00.000Z,Nordrhein-Westfalen,Fachhochschulen,Zentr.Einrichtungen (o. klinikspez. Einrichtungen),2.90596E8
2021-01-01T00:00:00.000Z,Nordrhein-Westfalen,Pädagogische Hochschulen,Geisteswissenschaften,
2021-01-01T00:00:00.000Z,Hessen,Verwaltungsfachhochschulen,Zentr.Einrichtungen (o. klinikspez. Einrichtungen),21000.0
2022-01-01T00:00:00.000Z,Sachsen,Verwaltungsfachhochschulen,Sport,
2019-01-01T00:00:00.000Z,Bremen,Fachhochschulen,Humanmedizin/Gesundheitswissenschaften,7968000.0
2020-01-01T00:00:00.000Z,Saarland,Kunsthochschulen,Sport,
2020-01-01T00:00:00.000Z,Bayern,Fachhochschulen,"Mathematik, Naturwissenschaften",5418000.0
2019-01-01T00:00:00.000Z,Berlin,Universitäten (ohne Medizinische Einrichtungen),Sport,436000.0
2019-01-01T00:00:00.000Z,Nordrhein-Westfalen,Kunsthochschulen,Geisteswissenschaften,
2020-01-01T00:00:00.000Z,Thüringen,Universitäten (ohne Medizinische Einrichtungen),Ingenieurwissenschaften,5.2109E7
2022-01-01T00:00:00.000Z,Rheinland-Pfalz,Medizinische Einrichtungen der Universitäten,Zentr.Einrichtungen (o. klinikspez. Einrichtungen),
2019-01-01T00:00:00.000Z,Niedersachsen,Verwaltungsfachhochschulen,Humanmedizin/Gesundheitswissenschaften,
2022-01-01T00:00:00.000Z,Brandenburg,Verwaltungsfachhochschulen,Zentr.Einrichtungen (o. klinikspez. Einrichtungen),0.0
2022-01-01T00:00:00.000Z,Baden-Württemberg,Fachhochschulen,Sport,
2020-01-01T00:00:00.000Z,Nordrhein-Westfalen,Verwaltungsfachhochschulen,Humanmedizin/Gesundheitswissenschaften,
2022-01-01T00:00:00.000Z,Mecklenburg-Vorpommern,Pädagogische Hochschulen,"Agrar-, Forst- u.Ernährungswiss., Veterinärmedizin",
2020-01-01T00:00:00.000Z,Schleswig-Holstein,Verwaltungsfachhochschulen,"Rechts-, Wirtschafts- und Sozialwissenschaften",8854000.0
2019-01-01T00:00:00.000Z,Sachsen,Fachhochschulen,Sport,
2022-01-01T00:00:00.000Z,Sachsen,Verwaltungsfachhochschulen,Humanmedizin/Gesundheitswissenschaften,
2019-01-01T00:00:00.000Z,Saarland,Verwaltungsfachhochschulen,Zentr.Einrichtungen (o. klinikspez. Einrichtungen),0.0
2021-01-01T00:00:00.000Z,Bremen,Universitäten (ohne Medizinische Einrichtungen),"Kunst, Kunstwissenschaft",587000.0
2019-01-01T00:00:00.000Z,Hamburg,Universitäten (ohne Medizinische Einrichtungen),"Agrar-, Forst- u.Ernährungswiss., Veterinärmedizin",783000.0
2020-01-01T00:00:00.000Z,Hamburg,Kunsthochschulen,"Mathematik, Naturwissenschaften",
2022-01-01T00:00:00.000Z,Bremen,Fachhochschulen,Zentr.Einrichtungen (o. klinikspez. Einrichtungen),1.708E7
2022-01-01T00:00:00.000Z,Mecklenburg-Vorpommern,Theologische Hochschulen,Zentr.Einrichtungen (o. klinikspez. Einrichtungen),
2021-01-01T00:00:00.000Z,Rheinland-Pfalz,Medizinische Einrichtungen der Universitäten,Ingenieurwissenschaften,
2021-01-01T00:00:00.000Z,Mecklenburg-Vorpommern,Kunsthochschulen,Humanmedizin/Gesundheitswissenschaften,
2021-01-01T00:00:00.000Z,Rheinland-Pfalz,Verwaltungsfachhochschulen,Sport,
2022-01-01T00:00:00.000Z,Berlin,Pädagogische Hochschulen,Zentr.Einrichtungen (o. klinikspez. Einrichtungen),
2021-01-01T00:00:00.000Z,Rheinland-Pfalz,Pädagogische Hochschulen,Geisteswissenschaften,
2019-01-01T00:00:00.000Z,Hamburg,Theologische Hochschulen,"Rechts-, Wirtschafts- und Sozialwissenschaften",
2022-01-01T00:00:00.000Z,Sachsen-Anhalt,Verwaltungsfachhochschulen,Ingenieurwissenschaften,
2019-01-01T00:00:00.000Z,Hessen,Medizinische Einrichtungen der Universitäten,"Agrar-, Forst- u.Ernährungswiss., Veterinärmedizin",
2020-01-01T00:00:00.000Z,Hessen,Theologische Hochschulen,"Agrar-, Forst- u.Ernährungswiss., Veterinärmedizin",
2019-01-01T00:00:00.000Z,Sachsen,Kunsthochschulen,"Kunst, Kunstwissenschaft",3087000.0
2020-01-01T00:00:00.000Z,Baden-Württemberg,Medizinische Einrichtungen der Universitäten,"Rechts-, Wirtschafts- und Sozialwissenschaften",
2020-01-01T00:00:00.000Z,Mecklenburg-Vorpommern,Kunsthochschulen,"Rechts-, Wirtschafts- und Sozialwissenschaften",
2020-01-01T00:00:00.000Z,Saarland,Kunsthochschulen,"Agrar-, Forst- u.Ernährungswiss., Veterinärmedizin",
2020-01-01T00:00:00.000Z,Bayern,Kunsthochschulen,Geisteswissenschaften,0.0
2022-01-01T00:00:00.000Z,Sachsen,Universitäten (ohne Medizinische Einrichtungen),"Kunst, Kunstwissenschaft",3840000.0
2019-01-01T00:00:00.000Z,Bayern,Medizinische Einrichtungen der Universitäten,"Mathematik, Naturwissenschaften",
2020-01-01T00:00:00.000Z,Schleswig-Holstein,Pädagogische Hochschulen,"Kunst, Kunstwissenschaft",
2022-01-01T00:00:00.000Z,Sachsen-Anhalt,Pädagogische Hochschulen,Sport,
2022-01-01T00:00:00.000Z,Baden-Württemberg,Fachhochschulen,Humanmedizin/Gesundheitswissenschaften,8883000.0
2021-01-01T00:00:00.000Z,Hamburg,Verwaltungsfachhochschulen,Ingenieurwissenschaften,
2019-01-01T00:00:00.000Z,Schleswig-Holstein,Fachhochschulen,"Rechts-, Wirtschafts- und Sozialwissenschaften",2.2936E7
2021-01-01T00:00:00.000Z,Bremen,Medizinische Einrichtungen der Universitäten,"Agrar-, Forst- u.Ernährungswiss., Veterinärmedizin",
2022-01-01T00:00:00.000Z,Hamburg,Theologische Hochschulen,"Kunst, Kunstwissenschaft",
2019-01-01T00:00:00.000Z,Niedersachsen,Kunsthochschulen,Geisteswissenschaften,4000.0
2020-01-01T00:00:00.000Z,Rheinland-Pfalz,Pädagogische Hochschulen,"Kunst, Kunstwissenschaft",
2021-01-01T00:00:00.000Z,Sachsen-Anhalt,Verwaltungsfachhochschulen,Humanmedizin/Gesundheitswissenschaften,
2020-01-01T00:00:00.000Z,Sachsen-Anhalt,Universitäten (ohne Medizinische Einrichtungen),Ingenieurwissenschaften,2.5773E7
2019-01-01T00:00:00.000Z,Bremen,Universitäten (ohne Medizinische Einrichtungen),Ingenieurwissenschaften,3.8202E7
2021-01-01T00:00:00.000Z,Nordrhein-Westfalen,Medizinische Einrichtungen der Universitäten,"Kunst, Kunstwissenschaft",
2019-01-01T00:00:00.000Z,Schleswig-Holstein,Universitäten (ohne Medizinische Einrichtungen),Sport,780000.0
2020-01-01T00:00:00.000Z,Bremen,Fachhochschulen,Ingenieurwissenschaften,7032000.0
2021-01-01T00:00:00.000Z,Thüringen,Verwaltungsfachhochschulen,"Rechts-, Wirtschafts- und Sozialwissenschaften",479000.0
2020-01-01T00:00:00.000Z,Berlin,Medizinische Einrichtungen der Universitäten,Geisteswissenschaften,
2019-01-01T00:00:00.000Z,Niedersachsen,Verwaltungsfachhochschulen,"Mathematik, Naturwissenschaften",
2021-01-01T00:00:00.000Z,Nordrhein-Westfalen,Fachhochschulen,"Agrar-, Forst- u.Ernährungswiss., Veterinärmedizin",6512000.0
2021-01-01T00:00:00.000Z,Brandenburg,Theologische Hochschulen,"Agrar-, Forst- u.Ernährungswiss., Veterinärmedizin",
2019-01-01T00:00:00.000Z,Hamburg,Universitäten (ohne Medizinische Einrichtungen),Geisteswissenschaften,1.5878E7
2022-01-01T00:00:00.000Z,Schleswig-Holstein,Verwaltungsfachhochschulen,Geisteswissenschaften,
2020-01-01T00:00:00.000Z,Hamburg,Verwaltungsfachhochschulen,"Rechts-, Wirtschafts- und Sozialwissenschaften",202000.0
2021-01-01T00:00:00.000Z,Sachsen-Anhalt,Fachhochschulen,"Kunst, Kunstwissenschaft",463000.0
2019-01-01T00:00:00.000Z,Hamburg,Universitäten (ohne Medizinische Einrichtungen),Humanmedizin/Gesundheitswissenschaften,
2019-01-01T00:00:00.000Z,Schleswig-Holstein,Medizinische Einrichtungen der Universitäten,"Kunst, Kunstwissenschaft",
2021-01-01T00:00:00.000Z,Schleswig-Holstein,Pädagogische Hochschulen,"Rechts-, Wirtschafts- und Sozialwissenschaften",
2019-01-01T00:00:00.000Z,Sachsen-Anhalt,Universitäten (ohne Medizinische Einrichtungen),Sport,713000.0
2019-01-01T00:00:00.000Z,Saarland,Pädagogische Hochschulen,Zentr.Einrichtungen (o. klinikspez. Einrichtungen),
2020-01-01T00:00:00.000Z,Sachsen-Anhalt,Kunsthochschulen,Zentr.Einrichtungen (o. klinikspez. Einrichtungen),2995000.0
2020-01-01T00:00:00.000Z,Saarland,Universitäten (ohne Medizinische Einrichtungen),Zentr.Einrichtungen (o. klinikspez. Einrichtungen),2.0828E7
2019-01-01T00:00:00.000Z,Nordrhein-Westfalen,Fachhochschulen,"Rechts-, Wirtschafts- und Sozialwissenschaften",2.81656E8
2019-01-01T00:00:00.000Z,Baden-Württemberg,Verwaltungsfachhochschulen,"Rechts-, Wirtschafts- und Sozialwissenschaften",2240000.0
2021-01-01T00:00:00.000Z,Brandenburg,Pädagogische Hochschulen,Sport,
2020-01-01T00:00:00.000Z,Berlin,Fachhochschulen,"Mathematik, Naturwissenschaften",505000.0
2021-01-01T00:00:00.000Z,Nordrhein-Westfalen,Theologische Hochschulen,Humanmedizin/Gesundheitswissenschaften,
2022-01-01T00:00:00.000Z,Saarland,Theologische Hochschulen,"Mathematik, Naturwissenschaften",
2022-01-01T00:00:00.000Z,Berlin,Fachhochschulen,"Agrar-, Forst- u.Ernährungswiss., Veterinärmedizin",240000.0
2021-01-01T00:00:00.000Z,Saarland,Verwaltungsfachhochschulen,"Mathematik, Naturwissenschaften",
2022-01-01T00:00:00.000Z,Berlin,Verwaltungsfachhochschulen,Humanmedizin/Gesundheitswissenschaften,
2021-01-01T00:00:00.000Z,Niedersachsen,Universitäten (ohne Medizinische Einrichtungen),Humanmedizin/Gesundheitswissenschaften,
2022-01-01T00:00:00.000Z,Mecklenburg-Vorpommern,Pädagogische Hochschulen,Sport,
2020-01-01T00:00:00.000Z,Sachsen,Universitäten (ohne Medizinische Einrichtungen),Ingenieurwissenschaften,2.65075E8
2021-01-01T00:00:00.000Z,Nordrhein-Westfalen,Verwaltungsfachhochschulen,"Kunst, Kunstwissenschaft",
2021-01-01T00:00:00.000Z,Nordrhein-Westfalen,Theologische Hochschulen,Geisteswissenschaften,2622000.0
2020-01-01T00:00:00.000Z,Bremen,Theologische Hochschulen,"Agrar-, Forst- u.Ernährungswiss., Veterinärmedizin",
2020-01-01T00:00:00.000Z,Thüringen,Fachhochschulen,Humanmedizin/Gesundheitswissenschaften,2286000.0
2021-01-01T00:00:00.000Z,Mecklenburg-Vorpommern,Fachhochschulen,"Kunst, Kunstwissenschaft",616000.0
2021-01-01T00:00:00.000Z,Rheinland-Pfalz,Theologische Hochschulen,Humanmedizin/Gesundheitswissenschaften,968000.0
2020-01-01T00:00:00.000Z,Schleswig-Holstein,Kunsthochschulen,Ingenieurwissenschaften,
2020-01-01T00:00:00.000Z,Schleswig-Holstein,Universitäten (ohne Medizinische Einrichtungen),Humanmedizin/Gesundheitswissenschaften,
2019-01-01T00:00:00.000Z,Berlin,Pädagogische Hochschulen,"Agrar-, Forst- u.Ernährungswiss., Veterinärmedizin",
2020-01-01T00:00:00.000Z,Niedersachsen,Verwaltungsfachhochschulen,"Rechts-, Wirtschafts- und Sozialwissenschaften",1018000.0
2020-01-01T00:00:00.000Z,Hamburg,Medizinische Einrichtungen der Universitäten,"Mathematik, Naturwissenschaften",
2022-01-01T00:00:00.000Z,Sachsen-Anhalt,Theologische Hochschulen,"Rechts-, Wirtschafts- und Sozialwissenschaften",578000.0
2019-01-01T00:00:00.000Z,Sachsen,Theologische Hochschulen,Zentr.Einrichtungen (o. klinikspez. Einrichtungen),
2021-01-01T00:00:00.000Z,Sachsen-Anhalt,Fachhochschulen,Ingenieurwissenschaften,1.0659E7
2020-01-01T00:00:00.000Z,Saarland,Fachhochschulen,Sport,
2019-01-01T00:00:00.000Z,Hamburg,Verwaltungsfachhochschulen,"Mathematik, Naturwissenschaften",
2020-01-01T00:00:00.000Z,Hessen,Theologische Hochschulen,Geisteswissenschaften,5145000.0
2020-01-01T00:00:00.000Z,Nordrhein-Westfalen,Fachhochschulen,"Mathematik, Naturwissenschaften",9124000.0
2020-01-01T00:00:00.000Z,Mecklenburg-Vorpommern,Medizinische Einrichtungen der Universitäten,Humanmedizin/Gesundheitswissenschaften,7.02555E8
2019-01-01T00:00:00.000Z,Niedersachsen,Fachhochschulen,Geisteswissenschaften,623000.0
2019-01-01T00:00:00.000Z,Saarland,Universitäten (ohne Medizinische Einrichtungen),"Agrar-, Forst- u.Ernährungswiss., Veterinärmedizin",
2022-01-01T00:00:00.000Z,Hessen,Verwaltungsfachhochschulen,Humanmedizin/Gesundheitswissenschaften,
2022-01-01T00:00:00.000Z,Sachsen,Universitäten (ohne Medizinische Einrichtungen),"Rechts-, Wirtschafts- und Sozialwissenschaften",5.138E7
2019-01-01T00:00:00.000Z,Hessen,Universitäten (ohne Medizinische Einrichtungen),"Kunst, Kunstwissenschaft",3259000.0
2019-01-01T00:00:00.000Z,Bayern,Universitäten (ohne Medizinische Einrichtungen),Sport,8411000.0
2022-01-01T00:00:00.000Z,Hamburg,Pädagogische Hochschulen,"Rechts-, Wirtschafts- und Sozialwissenschaften",
2022-01-01T00:00:00.000Z,Bremen,Verwaltungsfachhochschulen,Sport,
2020-01-01T00:00:00.000Z,Baden-Württemberg,Fachhochschulen,Ingenieurwissenschaften,8.6713E7
2022-01-01T00:00:00.000Z,Hessen,Fachhochschulen,Humanmedizin/Gesundheitswissenschaften,2.7633E7
2020-01-01T00:00:00.000Z,Schleswig-Holstein,Medizinische Einrichtungen der Universitäten,Sport,
2019-01-01T00:00:00.000Z,Schleswig-Holstein,Verwaltungsfachhochschulen,"Kunst, Kunstwissenschaft",
2021-01-01T00:00:00.000Z,Bremen,Verwaltungsfachhochschulen,"Agrar-, Forst- u.Ernährungswiss., Veterinärmedizin",
2019-01-01T00:00:00.000Z,Brandenburg,Fachhochschulen,Sport,697000.0
2019-01-01T00:00:00.000Z,Hessen,Pädagogische Hochschulen,Humanmedizin/Gesundheitswissenschaften,
2020-01-01T00:00:00.000Z,Mecklenburg-Vorpommern,Medizinische Einrichtungen der Universitäten,Ingenieurwissenschaften,
2020-01-01T00:00:00.000Z,Baden-Württemberg,Theologische Hochschulen,Humanmedizin/Gesundheitswissenschaften,
2019-01-01T00:00:00.000Z,Schleswig-Holstein,Medizinische Einrichtungen der Universitäten,Zentr.Einrichtungen (o. klinikspez. Einrichtungen),
2022-01-01T00:00:00.000Z,Hamburg,Kunsthochschulen,Zentr.Einrichtungen (o. klinikspez. Einrichtungen),1628000.0
2020-01-01T00:00:00.000Z,Brandenburg,Theologische Hochschulen,"Kunst, Kunstwissenschaft",
2020-01-01T00:00:00.000Z,Hamburg,Pädagogische Hochschulen,Sport,
2019-01-01T00:00:00.000Z,Berlin,Universitäten (ohne Medizinische Einrichtungen),"Kunst, Kunstwissenschaft",6818000.0
2021-01-01T00:00:00.000Z,Sachsen-Anhalt,Medizinische Einrichtungen der Universitäten,"Mathematik, Naturwissenschaften",
2019-01-01T00:00:00.000Z,Hessen,Theologische Hochschulen,"Rechts-, Wirtschafts- und Sozialwissenschaften",
2022-01-01T00:00:00.000Z,Mecklenburg-Vorpommern,Universitäten (ohne Medizinische Einrichtungen),"Rechts-, Wirtschafts- und Sozialwissenschaften",8914000.0
2022-01-01T00:00:00.000Z,Saarland,Verwaltungsfachhochschulen,"Rechts-, Wirtschafts- und Sozialwissenschaften",
2019-01-01T00:00:00.000Z,Sachsen,Verwaltungsfachhochschulen,Sport,
2021-01-01T00:00:00.000Z,Hessen,Universitäten (ohne Medizinische Einrichtungen),Humanmedizin/Gesundheitswissenschaften,
2019-01-01T00:00:00.000Z,Rheinland-Pfalz,Kunsthochschulen,"Kunst, Kunstwissenschaft",
2021-01-01T00:00:00.000Z,Mecklenburg-Vorpommern,Verwaltungsfachhochschulen,"Kunst, Kunstwissenschaft",
2021-01-01T00:00:00.000Z,Thüringen,Pädagogische Hochschulen,Sport,
2020-01-01T00:00:00.000Z,Bayern,Universitäten (ohne Medizinische Einrichtungen),"Rechts-, Wirtschafts- und Sozialwissenschaften",1.04134E8
2019-01-01T00:00:00.000Z,Sachsen,Verwaltungsfachhochschulen,Ingenieurwissenschaften,
2020-01-01T00:00:00.000Z,Brandenburg,Kunsthochschulen,Humanmedizin/Gesundheitswissenschaften,
2020-01-01T00:00:00.000Z,Rheinland-Pfalz,Kunsthochschulen,"Rechts-, Wirtschafts- und Sozialwissenschaften",
2021-01-01T00:00:00.000Z,Bayern,Theologische Hochschulen,Geisteswissenschaften,5523000.0
2022-01-01T00:00:00.000Z,Baden-Württemberg,Verwaltungsfachhochschulen,Sport,
2022-01-01T00:00:00.000Z,Schleswig-Holstein,Kunsthochschulen,Zentr.Einrichtungen (o. klinikspez. Einrichtungen),906000.0
2022-01-01T00:00:00.000Z,Niedersachsen,Verwaltungsfachhochschulen,"Mathematik, Naturwissenschaften",
2022-01-01T00:00:00.000Z,Baden-Württemberg,Pädagogische Hochschulen,Geisteswissenschaften,3184000.0
2021-01-01T00:00:00.000Z,Sachsen,Theologische Hochschulen,Sport,
2019-01-01T00:00:00.000Z,Berlin,Pädagogische Hochschulen,Zentr.Einrichtungen (o. klinikspez. Einrichtungen),
2019-01-01T00:00:00.000Z,Saarland,Kunsthochschulen,Sport,
2021-01-01T00:00:00.000Z,Bremen,Verwaltungsfachhochschulen,Zentr.Einrichtungen (o. klinikspez. Einrichtungen),
2021-01-01T00:00:00.000Z,Mecklenburg-Vorpommern,Medizinische Einrichtungen der Universitäten,"Mathematik, Naturwissenschaften",
2019-01-01T00:00:00.000Z,Hessen,Verwaltungsfachhochschulen,Humanmedizin/Gesundheitswissenschaften,
2021-01-01T00:00:00.000Z,Baden-Württemberg,Universitäten (ohne Medizinische Einrichtungen),Ingenieurwissenschaften,3.48062E8
2020-01-01T00:00:00.000Z,Niedersachsen,Medizinische Einrichtungen der Universitäten,"Kunst, Kunstwissenschaft",
2019-01-01T00:00:00.000Z,Bremen,Theologische Hochschulen,Sport,
2022-01-01T00:00:00.000Z,Hamburg,Medizinische Einrichtungen der Universitäten,Ingenieurwissenschaften,
2022-01-01T00:00:00.000Z,Bayern,Theologische Hochschulen,"Rechts-, Wirtschafts- und Sozialwissenschaften",
2022-01-01T00:00:00.000Z,Niedersachsen,Theologische Hochschulen,Ingenieurwissenschaften,
2020-01-01T00:00:00.000Z,Schleswig-Holstein,Kunsthochschulen,Geisteswissenschaften,
2020-01-01T00:00:00.000Z,Sachsen,Theologische Hochschulen,"Kunst, Kunstwissenschaft",
2019-01-01T00:00:00.000Z,Sachsen,Universitäten (ohne Medizinische Einrichtungen),"Kunst, Kunstwissenschaft",1289000.0
2022-01-01T00:00:00.000Z,Mecklenburg-Vorpommern,Fachhochschulen,"Agrar-, Forst- u.Ernährungswiss., Veterinärmedizin",2416000.0
2020-01-01T00:00:00.000Z,Hamburg,Pädagogische Hochschulen,"Agrar-, Forst- u.Ernährungswiss., Veterinärmedizin",
2022-01-01T00:00:00.000Z,Bayern,Medizinische Einrichtungen der Universitäten,"Mathematik, Naturwissenschaften",
2019-01-01T00:00:00.000Z,Sachsen,Medizinische Einrichtungen der Universitäten,Zentr.Einrichtungen (o. klinikspez. Einrichtungen),
2021-01-01T00:00:00.000Z,Berlin,Universitäten (ohne Medizinische Einrichtungen),Humanmedizin/Gesundheitswissenschaften,
2021-01-01T00:00:00.000Z,Rheinland-Pfalz,Fachhochschulen,Sport,
2022-01-01T00:00:00.000Z,Nordrhein-Westfalen,Universitäten (ohne Medizinische Einrichtungen),"Agrar-, Forst- u.Ernährungswiss., Veterinärmedizin",1.4454E7
2020-01-01T00:00:00.000Z,Nordrhein-Westfalen,Kunsthochschulen,Ingenieurwissenschaften,883000.0
2021-01-01T00:00:00.000Z,Baden-Württemberg,Kunsthochschulen,"Kunst, Kunstwissenschaft",4182000.0
2019-01-01T00:00:00.000Z,Berlin,Verwaltungsfachhochschulen,Humanmedizin/Gesundheitswissenschaften,
2019-01-01T00:00:00.000Z,Sachsen-Anhalt,Verwaltungsfachhochschulen,Ingenieurwissenschaften,
2021-01-01T00:00:00.000Z,Bayern,Fachhochschulen,Ingenieurwissenschaften,9.2453E7
2019-01-01T00:00:00.000Z,Mecklenburg-Vorpommern,Pädagogische Hochschulen,"Agrar-, Forst- u.Ernährungswiss., Veterinärmedizin",
2022-01-01T00:00:00.000Z,Niedersachsen,Theologische Hochschulen,Sport,
2022-01-01T00:00:00.000Z,Bayern,Medizinische Einrichtungen der Universitäten,Zentr.Einrichtungen (o. klinikspez. Einrichtungen),
2020-01-01T00:00:00.000Z,Sachsen-Anhalt,Fachhochschulen,"Mathematik, Naturwissenschaften",
2020-01-01T00:00:00.000Z,Mecklenburg-Vorpommern,Verwaltungsfachhochschulen,Humanmedizin/Gesundheitswissenschaften,
2022-01-01T00:00:00.000Z,Hamburg,Pädagogische Hochschulen,Humanmedizin/Gesundheitswissenschaften,
2022-01-01T00:00:00.000Z,Bremen,Verwaltungsfachhochschulen,"Mathematik, Naturwissenschaften",
2019-01-01T00:00:00.000Z,Brandenburg,Universitäten (ohne Medizinische Einrichtungen),"Mathematik, Naturwissenschaften",2.8499E7
2022-01-01T00:00:00.000Z,Nordrhein-Westfalen,Fachhochschulen,"Rechts-, Wirtschafts- und Sozialwissenschaften",2.1093E8
2020-01-01T00:00:00.000Z,Bayern,Kunsthochschulen,"Agrar-, Forst- u.Ernährungswiss., Veterinärmedizin",
2019-01-01T00:00:00.000Z,Schleswig-Holstein,Kunsthochschulen,Zentr.Einrichtungen (o. klinikspez. Einrichtungen),847000.0
2020-01-01T00:00:00.000Z,Berlin,Pädagogische Hochschulen,Ingenieurwissenschaften,
2019-01-01T00:00:00.000Z,Thüringen,Medizinische Einrichtungen der Universitäten,Zentr.Einrichtungen (o. klinikspez. Einrichtungen),
2019-01-01T00:00:00.000Z,Hessen,Verwaltungsfachhochschulen,"Agrar-, Forst- u.Ernährungswiss., Veterinärmedizin",
2019-01-01T00:00:00.000Z,Hamburg,Theologische Hochschulen,Sport,
2019-01-01T00:00:00.000Z,Mecklenburg-Vorpommern,Universitäten (ohne Medizinische Einrichtungen),"Rechts-, Wirtschafts- und Sozialwissenschaften",6070000.0
2022-01-01T00:00:00.000Z,Hessen,Kunsthochschulen,Ingenieurwissenschaften,
2020-01-01T00:00:00.000Z,Mecklenburg-Vorpommern,Verwaltungsfachhochschulen,"Mathematik, Naturwissenschaften",
2022-01-01T00:00:00.000Z,Thüringen,Medizinische Einrichtungen der Universitäten,"Rechts-, Wirtschafts- und Sozialwissenschaften",
2019-01-01T00:00:00.000Z,Hamburg,Kunsthochschulen,"Rechts-, Wirtschafts- und Sozialwissenschaften",
2019-01-01T00:00:00.000Z,Saarland,Verwaltungsfachhochschulen,Sport,
2019-01-01T00:00:00.000Z,Bayern,Pädagogische Hochschulen,Zentr.Einrichtungen (o. klinikspez. Einrichtungen),
2020-01-01T00:00:00.000Z,Brandenburg,Pädagogische Hochschulen,Humanmedizin/Gesundheitswissenschaften,
2022-01-01T00:00:00.000Z,Schleswig-Holstein,Medizinische Einrichtungen der Universitäten,Humanmedizin/Gesundheitswissenschaften,1.342097E9
2022-01-01T00:00:00.000Z,Mecklenburg-Vorpommern,Verwaltungsfachhochschulen,Ingenieurwissenschaften,
2020-01-01T00:00:00.000Z,Sachsen-Anhalt,Theologische Hochschulen,Sport,
2020-01-01T00:00:00.000Z,Nordrhein-Westfalen,Pädagogische Hochschulen,Ingenieurwissenschaften,
2019-01-01T00:00:00.000Z,Hamburg,Pädagogische Hochschulen,"Rechts-, Wirtschafts- und Sozialwissenschaften",
2019-01-01T00:00:00.000Z,Berlin,Verwaltungsfachhochschulen,Sport,
2019-01-01T00:00:00.000Z,Nordrhein-Westfalen,Verwaltungsfachhochschulen,Sport,
2019-01-01T00:00:00.000Z,Sachsen-Anhalt,Theologische Hochschulen,Sport,
2019-01-01T00:00:00.000Z,Thüringen,Theologische Hochschulen,"Rechts-, Wirtschafts- und Sozialwissenschaften",
2021-01-01T00:00:00.000Z,Hessen,Pädagogische Hochschulen,"Kunst, Kunstwissenschaft",
2020-01-01T00:00:00.000Z,Nordrhein-Westfalen,Medizinische Einrichtungen der Universitäten,Sport,
2022-01-01T00:00:00.000Z,Hessen,Medizinische Einrichtungen der Universitäten,Sport,
2021-01-01T00:00:00.000Z,Brandenburg,Kunsthochschulen,Zentr.Einrichtungen (o. klinikspez. Einrichtungen),
2020-01-01T00:00:00.000Z,Berlin,Universitäten (ohne Medizinische Einrichtungen),"Rechts-, Wirtschafts- und Sozialwissenschaften",1.34781E8
2021-01-01T00:00:00.000Z,Schleswig-Holstein,Theologische Hochschulen,Zentr.Einrichtungen (o. klinikspez. Einrichtungen),
2019-01-01T00:00:00.000Z,Hamburg,Kunsthochschulen,Humanmedizin/Gesundheitswissenschaften,
2021-01-01T00:00:00.000Z,Schleswig-Holstein,Fachhochschulen,Humanmedizin/Gesundheitswissenschaften,
2019-01-01T00:00:00.000Z,Sachsen-Anhalt,Theologische Hochschulen,"Kunst, Kunstwissenschaft",42000.0
2020-01-01T00:00:00.000Z,Saarland,Kunsthochschulen,Ingenieurwissenschaften,
2021-01-01T00:00:00.000Z,Sachsen,Universitäten (ohne Medizinische Einrichtungen),Sport,4579000.0
2019-01-01T00:00:00.000Z,Rheinland-Pfalz,Theologische Hochschulen,"Agrar-, Forst- u.Ernährungswiss., Veterinärmedizin",
2019-01-01T00:00:00.000Z,Schleswig-Holstein,Theologische Hochschulen,"Agrar-, Forst- u.Ernährungswiss., Veterinärmedizin",
2021-01-01T00:00:00.000Z,Saarland,Theologische Hochschulen,Geisteswissenschaften,
2021-01-01T00:00:00.000Z,Niedersachsen,Medizinische Einrichtungen der Universitäten,"Rechts-, Wirtschafts- und Sozialwissenschaften",
2022-01-01T00:00:00.000Z,Hessen,Theologische Hochschulen,"Rechts-, Wirtschafts- und Sozialwissenschaften",
2020-01-01T00:00:00.000Z,Bayern,Medizinische Einrichtungen der Universitäten,"Rechts-, Wirtschafts- und Sozialwissenschaften",
2019-01-01T00:00:00.000Z,Baden-Württemberg,Verwaltungsfachhochschulen,Sport,
2020-01-01T00:00:00.000Z,Brandenburg,Fachhochschulen,Geisteswissenschaften,1110000.0
2022-01-01T00:00:00.000Z,Hamburg,Fachhochschulen,Geisteswissenschaften,452000.0
2020-01-01T00:00:00.000Z,Sachsen,Kunsthochschulen,Humanmedizin/Gesundheitswissenschaften,
2019-01-01T00:00:00.000Z,Mecklenburg-Vorpommern,Verwaltungsfachhochschulen,Ingenieurwissenschaften,
2022-01-01T00:00:00.000Z,Nordrhein-Westfalen,Theologische Hochschulen,"Rechts-, Wirtschafts- und Sozialwissenschaften",
2022-01-01T00:00:00.000Z,Brandenburg,Kunsthochschulen,Ingenieurwissenschaften,
2020-01-01T00:00:00.000Z,Bremen,Theologische Hochschulen,"Rechts-, Wirtschafts- und Sozialwissenschaften",
2020-01-01T00:00:00.000Z,Mecklenburg-Vorpommern,Universitäten (ohne Medizinische Einrichtungen),Ingenieurwissenschaften,2.5678E7
2020-01-01T00:00:00.000Z,Niedersachsen,Fachhochschulen,Geisteswissenschaften,452000.0
2022-01-01T00:00:00.000Z,Hamburg,Universitäten (ohne Medizinische Einrichtungen),Humanmedizin/Gesundheitswissenschaften,
2020-01-01T00:00:00.000Z,Nordrhein-Westfalen,Universitäten (ohne Medizinische Einrichtungen),"Mathematik, Naturwissenschaften",3.51819E8
2021-01-01T00:00:00.000Z,Sachsen-Anhalt,Kunsthochschulen,Geisteswissenschaften,
2021-01-01T00:00:00.000Z,Berlin,Kunsthochschulen,"Agrar-, Forst- u.Ernährungswiss., Veterinärmedizin",
2022-01-01T00:00:00.000Z,Sachsen-Anhalt,Theologische Hochschulen,Sport,
2021-01-01T00:00:00.000Z,Baden-Württemberg,Fachhochschulen,Zentr.Einrichtungen (o. klinikspez. Einrichtungen),9.6418E7
2021-01-01T00:00:00.000Z,Sachsen-Anhalt,Kunsthochschulen,Ingenieurwissenschaften,0.0
2022-01-01T00:00:00.000Z,Sachsen,Theologische Hochschulen,Zentr.Einrichtungen (o. klinikspez. Einrichtungen),
2022-01-01T00:00:00.000Z,Mecklenburg-Vorpommern,Medizinische Einrichtungen der Universitäten,Sport,
2022-01-01T00:00:00.000Z,Bayern,Verwaltungsfachhochschulen,"Agrar-, Forst- u.Ernährungswiss., Veterinärmedizin",
2022-01-01T00:00:00.000Z,Bremen,Medizinische Einrichtungen der Universitäten,"Kunst, Kunstwissenschaft",
2019-01-01T00:00:00.000Z,Berlin,Medizinische Einrichtungen der Universitäten,Humanmedizin/Gesundheitswissenschaften,1.634308E9
2019-01-01T00:00:00.000Z,Bayern,Theologische Hochschulen,"Agrar-, Forst- u.Ernährungswiss., Veterinärmedizin",
2020-01-01T00:00:00.000Z,Bremen,Kunsthochschulen,Ingenieurwissenschaften,
2021-01-01T00:00:00.000Z,Hamburg,Medizinische Einrichtungen der Universitäten,Sport,
2022-01-01T00:00:00.000Z,Bayern,Pädagogische Hochschulen,Zentr.Einrichtungen (o. klinikspez. Einrichtungen),
2019-01-01T00:00:00.000Z,Saarland,Fachhochschulen,"Kunst, Kunstwissenschaft",
2019-01-01T00:00:00.000Z,Thüringen,Medizinische Einrichtungen der Universitäten,"Rechts-, Wirtschafts- und Sozialwissenschaften",
2020-01-01T00:00:00.000Z,Bremen,Universitäten (ohne Medizinische Einrichtungen),"Agrar-, Forst- u.Ernährungswiss., Veterinärmedizin",
2021-01-01T00:00:00.000Z,Schleswig-Holstein,Pädagogische Hochschulen,Humanmedizin/Gesundheitswissenschaften,
2020-01-01T00:00:00.000Z,Rheinland-Pfalz,Universitäten (ohne Medizinische Einrichtungen),Geisteswissenschaften,1.6715E7
2020-01-01T00:00:00.000Z,Brandenburg,Verwaltungsfachhochschulen,Ingenieurwissenschaften,
2021-01-01T00:00:00.000Z,Hessen,Fachhochschulen,"Kunst, Kunstwissenschaft",2702000.0
2021-01-01T00:00:00.000Z,Niedersachsen,Pädagogische Hochschulen,Humanmedizin/Gesundheitswissenschaften,
2021-01-01T00:00:00.000Z,Niedersachsen,Verwaltungsfachhochschulen,Sport,
2019-01-01T00:00:00.000Z,Schleswig-Holstein,Theologische Hochschulen,"Mathematik, Naturwissenschaften",
2019-01-01T00:00:00.000Z,Thüringen,Universitäten (ohne Medizinische Einrichtungen),"Agrar-, Forst- u.Ernährungswiss., Veterinärmedizin",1494000.0
2019-01-01T00:00:00.000Z,Nordrhein-Westfalen,Universitäten (ohne Medizinische Einrichtungen),Ingenieurwissenschaften,4.50819E8
2020-01-01T00:00:00.000Z,Nordrhein-Westfalen,Verwaltungsfachhochschulen,Zentr.Einrichtungen (o. klinikspez. Einrichtungen),2670000.0
2021-01-01T00:00:00.000Z,Mecklenburg-Vorpommern,Kunsthochschulen,Geisteswissenschaften,
2022-01-01T00:00:00.000Z,Saarland,Kunsthochschulen,Humanmedizin/Gesundheitswissenschaften,
2022-01-01T00:00:00.000Z,Sachsen,Verwaltungsfachhochschulen,"Agrar-, Forst- u.Ernährungswiss., Veterinärmedizin",
2020-01-01T00:00:00.000Z,Thüringen,Fachhochschulen,"Agrar-, Forst- u.Ernährungswiss., Veterinärmedizin",2113000.0
2020-01-01T00:00:00.000Z,Niedersachsen,Verwaltungsfachhochschulen,"Kunst, Kunstwissenschaft",
2020-01-01T00:00:00.000Z,Schleswig-Holstein,Pädagogische Hochschulen,Zentr.Einrichtungen (o. klinikspez. Einrichtungen),
2019-01-01T00:00:00.000Z,Thüringen,Kunsthochschulen,Ingenieurwissenschaften,
2021-01-01T00:00:00.000Z,Thüringen,Pädagogische Hochschulen,"Agrar-, Forst- u.Ernährungswiss., Veterinärmedizin",
2019-01-01T00:00:00.000Z,Hessen,Theologische Hochschulen,Geisteswissenschaften,5289000.0
2022-01-01T00:00:00.000Z,Saarland,Universitäten (ohne Medizinische Einrichtungen),Sport,176000.0
2019-01-01T00:00:00.000Z,Saarland,Pädagogische Hochschulen,Geisteswissenschaften,
2019-01-01T00:00:00.000Z,Sachsen-Anhalt,Theologische Hochschulen,"Mathematik, Naturwissenschaften",
2022-01-01T00:00:00.000Z,Berlin,Medizinische Einrichtungen der Universitäten,"Rechts-, Wirtschafts- und Sozialwissenschaften",
2020-01-01T00:00:00.000Z,Saarland,Pädagogische Hochschulen,"Kunst, Kunstwissenschaft",
2022-01-01T00:00:00.000Z,Baden-Württemberg,Kunsthochschulen,Sport,
2020-01-01T00:00:00.000Z,Hamburg,Theologische Hochschulen,Sport,
2020-01-01T00:00:00.000Z,Rheinland-Pfalz,Pädagogische Hochschulen,Zentr.Einrichtungen (o. klinikspez. Einrichtungen),
2021-01-01T00:00:00.000Z,Brandenburg,Universitäten (ohne Medizinische Einrichtungen),Ingenieurwissenschaften,3.5488E7
2019-01-01T00:00:00.000Z,Rheinland-Pfalz,Kunsthochschulen,Zentr.Einrichtungen (o. klinikspez. Einrichtungen),
2020-01-01T00:00:00.000Z,Nordrhein-Westfalen,Universitäten (ohne Medizinische Einrichtungen),"Kunst, Kunstwissenschaft",6107000.0
2019-01-01T00:00:00.000Z,Hamburg,Verwaltungsfachhochschulen,Geisteswissenschaften,
2022-01-01T00:00:00.000Z,Baden-Württemberg,Theologische Hochschulen,"Kunst, Kunstwissenschaft",
2019-01-01T00:00:00.000Z,Nordrhein-Westfalen,Kunsthochschulen,"Kunst, Kunstwissenschaft",1.6638E7
2020-01-01T00:00:00.000Z,Saarland,Theologische Hochschulen,"Rechts-, Wirtschafts- und Sozialwissenschaften",
2019-01-01T00:00:00.000Z,Hessen,Medizinische Einrichtungen der Universitäten,Humanmedizin/Gesundheitswissenschaften,1.521256E9
2022-01-01T00:00:00.000Z,Berlin,Theologische Hochschulen,"Rechts-, Wirtschafts- und Sozialwissenschaften",
2021-01-01T00:00:00.000Z,Thüringen,Medizinische Einrichtungen der Universitäten,Sport,
2019-01-01T00:00:00.000Z,Saarland,Medizinische Einrichtungen der Universitäten,"Mathematik, Naturwissenschaften",
2020-01-01T00:00:00.000Z,Thüringen,Pädagogische Hochschulen,Geisteswissenschaften,
2020-01-01T00:00:00.000Z,Berlin,Medizinische Einrichtungen der Universitäten,Ingenieurwissenschaften,
2019-01-01T00:00:00.000Z,Sachsen-Anhalt,Theologische Hochschulen,Zentr.Einrichtungen (o. klinikspez. Einrichtungen),1270000.0
2021-01-01T00:00:00.000Z,Sachsen,Pädagogische Hochschulen,Zentr.Einrichtungen (o. klinikspez. Einrichtungen),
2020-01-01T00:00:00.000Z,Bremen,Theologische Hochschulen,Geisteswissenschaften,
2019-01-01T00:00:00.000Z,Thüringen,Kunsthochschulen,Humanmedizin/Gesundheitswissenschaften,
2019-01-01T00:00:00.000Z,Brandenburg,Kunsthochschulen,Sport,
2020-01-01T00:00:00.000Z,Mecklenburg-Vorpommern,Medizinische Einrichtungen der Universitäten,"Agrar-, Forst- u.Ernährungswiss., Veterinärmedizin",
2019-01-01T00:00:00.000Z,Nordrhein-Westfalen,Fachhochschulen,Geisteswissenschaften,1282000.0
2020-01-01T00:00:00.000Z,Berlin,Pädagogische Hochschulen,Sport,
2020-01-01T00:00:00.000Z,Schleswig-Holstein,Pädagogische Hochschulen,"Rechts-, Wirtschafts- und Sozialwissenschaften",
2020-01-01T00:00:00.000Z,Sachsen,Universitäten (ohne Medizinische Einrichtungen),"Agrar-, Forst- u.Ernährungswiss., Veterinärmedizin",2.038E7
2022-01-01T00:00:00.000Z,Bayern,Fachhochschulen,Ingenieurwissenschaften,1.04656E8
2020-01-01T00:00:00.000Z,Hessen,Theologische Hochschulen,Humanmedizin/Gesundheitswissenschaften,
2021-01-01T00:00:00.000Z,Hessen,Medizinische Einrichtungen der Universitäten,Ingenieurwissenschaften,
2022-01-01T00:00:00.000Z,Rheinland-Pfalz,Medizinische Einrichtungen der Universitäten,Humanmedizin/Gesundheitswissenschaften,8.06157E8
2020-01-01T00:00:00.000Z,Nordrhein-Westfalen,Verwaltungsfachhochschulen,Ingenieurwissenschaften,282000.0
2020-01-01T00:00:00.000Z,Thüringen,Fachhochschulen,"Rechts-, Wirtschafts- und Sozialwissenschaften",1.63106E8
2019-01-01T00:00:00.000Z,Saarland,Fachhochschulen,Sport,
2022-01-01T00:00:00.000Z,Bremen,Theologische Hochschulen,"Mathematik, Naturwissenschaften",
2020-01-01T00:00:00.000Z,Baden-Württemberg,Medizinische Einrichtungen der Universitäten,"Agrar-, Forst- u.Ernährungswiss., Veterinärmedizin",
2021-01-01T00:00:00.000Z,Saarland,Universitäten (ohne Medizinische Einrichtungen),Ingenieurwissenschaften,1.2265E7
2021-01-01T00:00:00.000Z,Sachsen-Anhalt,Theologische Hochschulen,"Rechts-, Wirtschafts- und Sozialwissenschaften",583000.0
2019-01-01T00:00:00.000Z,Saarland,Verwaltungsfachhochschulen,"Rechts-, Wirtschafts- und Sozialwissenschaften",880000.0
2019-01-01T00:00:00.000Z,Bremen,Verwaltungsfachhochschulen,"Mathematik, Naturwissenschaften",
2020-01-01T00:00:00.000Z,Rheinland-Pfalz,Verwaltungsfachhochschulen,Sport,
2022-01-01T00:00:00.000Z,Berlin,Theologische Hochschulen,"Kunst, Kunstwissenschaft",
2021-01-01T00:00:00.000Z,Sachsen-Anhalt,Medizinische Einrichtungen der Universitäten,Humanmedizin/Gesundheitswissenschaften,8.76865E8
2020-01-01T00:00:00.000Z,Bayern,Medizinische Einrichtungen der Universitäten,"Kunst, Kunstwissenschaft",
2021-01-01T00:00:00.000Z,Saarland,Verwaltungsfachhochschulen,Sport,
2022-01-01T00:00:00.000Z,Schleswig-Holstein,Theologische Hochschulen,"Agrar-, Forst- u.Ernährungswiss., Veterinärmedizin",
2022-01-01T00:00:00.000Z,Baden-Württemberg,Universitäten (ohne Medizinische Einrichtungen),Humanmedizin/Gesundheitswissenschaften,
2021-01-01T00:00:00.000Z,Schleswig-Holstein,Kunsthochschulen,Ingenieurwissenschaften,
2022-01-01T00:00:00.000Z,Mecklenburg-Vorpommern,Fachhochschulen,Sport,
2019-01-01T00:00:00.000Z,Hessen,Fachhochschulen,Zentr.Einrichtungen (o. klinikspez. Einrichtungen),4.3231E7
2021-01-01T00:00:00.000Z,Sachsen,Verwaltungsfachhochschulen,"Rechts-, Wirtschafts- und Sozialwissenschaften",1768000.0
2020-01-01T00:00:00.000Z,Sachsen-Anhalt,Verwaltungsfachhochschulen,Zentr.Einrichtungen (o. klinikspez. Einrichtungen),
2021-01-01T00:00:00.000Z,Saarland,Medizinische Einrichtungen der Universitäten,Humanmedizin/Gesundheitswissenschaften,5.66844E8
2021-01-01T00:00:00.000Z,Niedersachsen,Pädagogische Hochschulen,Sport,
2022-01-01T00:00:00.000Z,Nordrhein-Westfalen,Universitäten (ohne Medizinische Einrichtungen),Sport,1.9217E7
2020-01-01T00:00:00.000Z,Saarland,Medizinische Einrichtungen der Universitäten,"Rechts-, Wirtschafts- und Sozialwissenschaften",
2021-01-01T00:00:00.000Z,Schleswig-Holstein,Verwaltungsfachhochschulen,Geisteswissenschaften,
2021-01-01T00:00:00.000Z,Bayern,Theologische Hochschulen,"Rechts-, Wirtschafts- und Sozialwissenschaften",
2020-01-01T00:00:00.000Z,Bayern,Universitäten (ohne Medizinische Einrichtungen),"Agrar-, Forst- u.Ernährungswiss., Veterinärmedizin",5.8359E7
2019-01-01T00:00:00.000Z,Thüringen,Universitäten (ohne Medizinische Einrichtungen),Humanmedizin/Gesundheitswissenschaften,
2021-01-01T00:00:00.000Z,Thüringen,Kunsthochschulen,"Mathematik, Naturwissenschaften",
2021-01-01T00:00:00.000Z,Schleswig-Holstein,Universitäten (ohne Medizinische Einrichtungen),Zentr.Einrichtungen (o. klinikspez. Einrichtungen),4.1781E7
2019-01-01T00:00:00.000Z,Niedersachsen,Medizinische Einrichtungen der Universitäten,Sport,
2020-01-01T00:00:00.000Z,Niedersachsen,Universitäten (ohne Medizinische Einrichtungen),Sport,1173000.0
2020-01-01T00:00:00.000Z,Mecklenburg-Vorpommern,Medizinische Einrichtungen der Universitäten,Zentr.Einrichtungen (o. klinikspez. Einrichtungen),
2021-01-01T00:00:00.000Z,Baden-Württemberg,Verwaltungsfachhochschulen,"Mathematik, Naturwissenschaften",
2022-01-01T00:00:00.000Z,Sachsen-Anhalt,Pädagogische Hochschulen,"Agrar-, Forst- u.Ernährungswiss., Veterinärmedizin",
2022-01-01T00:00:00.000Z,Schleswig-Holstein,Kunsthochschulen,"Kunst, Kunstwissenschaft",1433000.0
2021-01-01T00:00:00.000Z,Nordrhein-Westfalen,Medizinische Einrichtungen der Universitäten,Humanmedizin/Gesundheitswissenschaften,5.284988E9
2019-01-01T00:00:00.000Z,Hamburg,Medizinische Einrichtungen der Universitäten,Ingenieurwissenschaften,
2022-01-01T00:00:00.000Z,Bremen,Medizinische Einrichtungen der Universitäten,Geisteswissenschaften,
2022-01-01T00:00:00.000Z,Hessen,Fachhochschulen,Zentr.Einrichtungen (o. klinikspez. Einrichtungen),7.2981E7
2022-01-01T00:00:00.000Z,Thüringen,Medizinische Einrichtungen der Universitäten,Zentr.Einrichtungen (o. klinikspez. Einrichtungen),
2020-01-01T00:00:00.000Z,Hessen,Pädagogische Hochschulen,"Mathematik, Naturwissenschaften",
2019-01-01T00:00:00.000Z,Bayern,Theologische Hochschulen,"Mathematik, Naturwissenschaften",
2021-01-01T00:00:00.000Z,Sachsen-Anhalt,Fachhochschulen,Humanmedizin/Gesundheitswissenschaften,
2021-01-01T00:00:00.000Z,Thüringen,Pädagogische Hochschulen,Ingenieurwissenschaften,
2019-01-01T00:00:00.000Z,Brandenburg,Verwaltungsfachhochschulen,"Rechts-, Wirtschafts- und Sozialwissenschaften",3874000.0
2021-01-01T00:00:00.000Z,Sachsen-Anhalt,Universitäten (ohne Medizinische Einrichtungen),Zentr.Einrichtungen (o. klinikspez. Einrichtungen),2.6367E7
2022-01-01T00:00:00.000Z,Niedersachsen,Medizinische Einrichtungen der Universitäten,"Mathematik, Naturwissenschaften",
2021-01-01T00:00:00.000Z,Saarland,Medizinische Einrichtungen der Universitäten,Zentr.Einrichtungen (o. klinikspez. Einrichtungen),
2020-01-01T00:00:00.000Z,Hamburg,Pädagogische Hochschulen,Humanmedizin/Gesundheitswissenschaften,
2021-01-01T00:00:00.000Z,Hessen,Verwaltungsfachhochschulen,"Mathematik, Naturwissenschaften",10000.0
2021-01-01T00:00:00.000Z,Bremen,Fachhochschulen,"Kunst, Kunstwissenschaft",
2022-01-01T00:00:00.000Z,Bayern,Verwaltungsfachhochschulen,"Rechts-, Wirtschafts- und Sozialwissenschaften",8220000.0
2022-01-01T00:00:00.000Z,Berlin,Universitäten (ohne Medizinische Einrichtungen),Sport,705000.0
2020-01-01T00:00:00.000Z,Berlin,Kunsthochschulen,"Mathematik, Naturwissenschaften",
2022-01-01T00:00:00.000Z,Brandenburg,Medizinische Einrichtungen der Universitäten,Sport,
2021-01-01T00:00:00.000Z,Bremen,Fachhochschulen,Geisteswissenschaften,
2021-01-01T00:00:00.000Z,Schleswig-Holstein,Medizinische Einrichtungen der Universitäten,Sport,
2022-01-01T00:00:00.000Z,Rheinland-Pfalz,Medizinische Einrichtungen der Universitäten,Sport,
2021-01-01T00:00:00.000Z,Hessen,Universitäten (ohne Medizinische Einrichtungen),"Rechts-, Wirtschafts- und Sozialwissenschaften",1.75857E8
2022-01-01T00:00:00.000Z,Nordrhein-Westfalen,Theologische Hochschulen,Sport,
2019-01-01T00:00:00.000Z,Hessen,Pädagogische Hochschulen,"Mathematik, Naturwissenschaften",
2020-01-01T00:00:00.000Z,Berlin,Verwaltungsfachhochschulen,"Mathematik, Naturwissenschaften",
2020-01-01T00:00:00.000Z,Berlin,Medizinische Einrichtungen der Universitäten,Zentr.Einrichtungen (o. klinikspez. Einrichtungen),
2021-01-01T00:00:00.000Z,Thüringen,Universitäten (ohne Medizinische Einrichtungen),"Mathematik, Naturwissenschaften",6.8546E7
2021-01-01T00:00:00.000Z,Rheinland-Pfalz,Kunsthochschulen,Sport,
2021-01-01T00:00:00.000Z,Baden-Württemberg,Universitäten (ohne Medizinische Einrichtungen),Sport,7049000.0
2021-01-01T00:00:00.000Z,Schleswig-Holstein,Theologische Hochschulen,"Rechts-, Wirtschafts- und Sozialwissenschaften",
2022-01-01T00:00:00.000Z,Saarland,Medizinische Einrichtungen der Universitäten,"Mathematik, Naturwissenschaften",
2020-01-01T00:00:00.000Z,Baden-Württemberg,Verwaltungsfachhochschulen,"Agrar-, Forst- u.Ernährungswiss., Veterinärmedizin",
2022-01-01T00:00:00.000Z,Brandenburg,Kunsthochschulen,Humanmedizin/Gesundheitswissenschaften,
2022-01-01T00:00:00.000Z,Nordrhein-Westfalen,Universitäten (ohne Medizinische Einrichtungen),Ingenieurwissenschaften,5.49982E8
2021-01-01T00:00:00.000Z,Bremen,Verwaltungsfachhochschulen,Sport,
2020-01-01T00:00:00.000Z,Bremen,Theologische Hochschulen,Zentr.Einrichtungen (o. klinikspez. Einrichtungen),
2021-01-01T00:00:00.000Z,Hessen,Universitäten (ohne Medizinische Einrichtungen),"Agrar-, Forst- u.Ernährungswiss., Veterinärmedizin",3.5782E7
2019-01-01T00:00:00.000Z,Bremen,Fachhochschulen,Zentr.Einrichtungen (o. klinikspez. Einrichtungen),2.3412E7
2022-01-01T00:00:00.000Z,Sachsen-Anhalt,Verwaltungsfachhochschulen,Sport,
2020-01-01T00:00:00.000Z,Sachsen,Fachhochschulen,"Agrar-, Forst- u.Ernährungswiss., Veterinärmedizin",718000.0
2022-01-01T00:00:00.000Z,Berlin,Fachhochschulen,"Rechts-, Wirtschafts- und Sozialwissenschaften",1.29345E8
2021-01-01T00:00:00.000Z,Hamburg,Kunsthochschulen,"Kunst, Kunstwissenschaft",2125000.0
2020-01-01T00:00:00.000Z,Brandenburg,Pädagogische Hochschulen,"Mathematik, Naturwissenschaften",
2022-01-01T00:00:00.000Z,Hamburg,Universitäten (ohne Medizinische Einrichtungen),Geisteswissenschaften,2.5993E7
2020-01-01T00:00:00.000Z,Rheinland-Pfalz,Fachhochschulen,"Kunst, Kunstwissenschaft",507000.0
2022-01-01T00:00:00.000Z,Rheinland-Pfalz,Kunsthochschulen,Zentr.Einrichtungen (o. klinikspez. Einrichtungen),
2020-01-01T00:00:00.000Z,Hessen,Pädagogische Hochschulen,Geisteswissenschaften,
2020-01-01T00:00:00.000Z,Mecklenburg-Vorpommern,Verwaltungsfachhochschulen,"Agrar-, Forst- u.Ernährungswiss., Veterinärmedizin",
2021-01-01T00:00:00.000Z,Berlin,Kunsthochschulen,Sport,
2022-01-01T00:00:00.000Z,Schleswig-Holstein,Pädagogische Hochschulen,"Mathematik, Naturwissenschaften",
2021-01-01T00:00:00.000Z,Bayern,Kunsthochschulen,Ingenieurwissenschaften,0.0
2022-01-01T00:00:00.000Z,Niedersachsen,Theologische Hochschulen,"Agrar-, Forst- u.Ernährungswiss., Veterinärmedizin",
2020-01-01T00:00:00.000Z,Nordrhein-Westfalen,Theologische Hochschulen,"Kunst, Kunstwissenschaft",404000.0
2022-01-01T00:00:00.000Z,Bremen,Verwaltungsfachhochschulen,"Kunst, Kunstwissenschaft",
2019-01-01T00:00:00.000Z,Bremen,Medizinische Einrichtungen der Universitäten,Ingenieurwissenschaften,
2020-01-01T00:00:00.000Z,Niedersachsen,Universitäten (ohne Medizinische Einrichtungen),"Mathematik, Naturwissenschaften",1.36131E8
2020-01-01T00:00:00.000Z,Mecklenburg-Vorpommern,Universitäten (ohne Medizinische Einrichtungen),Geisteswissenschaften,3593000.0
2022-01-01T00:00:00.000Z,Hessen,Pädagogische Hochschulen,Geisteswissenschaften,
2022-01-01T00:00:00.000Z,Brandenburg,Theologische Hochschulen,"Rechts-, Wirtschafts- und Sozialwissenschaften",
2020-01-01T00:00:00.000Z,Bayern,Verwaltungsfachhochschulen,"Kunst, Kunstwissenschaft",
2020-01-01T00:00:00.000Z,Bayern,Medizinische Einrichtungen der Universitäten,Geisteswissenschaften,
2021-01-01T00:00:00.000Z,Baden-Württemberg,Kunsthochschulen,"Agrar-, Forst- u.Ernährungswiss., Veterinärmedizin",
2021-01-01T00:00:00.000Z,Sachsen,Universitäten (ohne Medizinische Einrichtungen),"Kunst, Kunstwissenschaft",1291000.0
2022-01-01T00:00:00.000Z,Bremen,Universitäten (ohne Medizinische Einrichtungen),"Mathematik, Naturwissenschaften",5.37E7
2020-01-01T00:00:00.000Z,Sachsen,Kunsthochschulen,Geisteswissenschaften,
2022-01-01T00:00:00.000Z,Hessen,Verwaltungsfachhochschulen,Geisteswissenschaften,
2021-01-01T00:00:00.000Z,Berlin,Pädagogische Hochschulen,Humanmedizin/Gesundheitswissenschaften,
2021-01-01T00:00:00.000Z,Brandenburg,Pädagogische Hochschulen,"Rechts-, Wirtschafts- und Sozialwissenschaften",
2019-01-01T00:00:00.000Z,Sachsen-Anhalt,Fachhochschulen,Ingenieurwissenschaften,9699000.0
2022-01-01T00:00:00.000Z,Nordrhein-Westfalen,Medizinische Einrichtungen der Universitäten,"Kunst, Kunstwissenschaft",
2020-01-01T00:00:00.000Z,Bayern,Fachhochschulen,Sport,0.0
2022-01-01T00:00:00.000Z,Hamburg,Pädagogische Hochschulen,"Mathematik, Naturwissenschaften",
2020-01-01T00:00:00.000Z,Niedersachsen,Fachhochschulen,Ingenieurwissenschaften,3.5103E7
2022-01-01T00:00:00.000Z,Baden-Württemberg,Kunsthochschulen,Zentr.Einrichtungen (o. klinikspez. Einrichtungen),2455000.0
2021-01-01T00:00:00.000Z,Hamburg,Fachhochschulen,Geisteswissenschaften,677000.0
2019-01-01T00:00:00.000Z,Bayern,Fachhochschulen,Ingenieurwissenschaften,7.3873E7
2022-01-01T00:00:00.000Z,Mecklenburg-Vorpommern,Verwaltungsfachhochschulen,"Agrar-, Forst- u.Ernährungswiss., Veterinärmedizin",
2021-01-01T00:00:00.000Z,Saarland,Pädagogische Hochschulen,Humanmedizin/Gesundheitswissenschaften,
2022-01-01T00:00:00.000Z,Hessen,Pädagogische Hochschulen,"Kunst, Kunstwissenschaft",
2022-01-01T00:00:00.000Z,Bayern,Verwaltungsfachhochschulen,"Kunst, Kunstwissenschaft",
2022-01-01T00:00:00.000Z,Mecklenburg-Vorpommern,Pädagogische Hochschulen,"Rechts-, Wirtschafts- und Sozialwissenschaften",
2020-01-01T00:00:00.000Z,Mecklenburg-Vorpommern,Kunsthochschulen,Geisteswissenschaften,
2020-01-01T00:00:00.000Z,Niedersachsen,Kunsthochschulen,Ingenieurwissenschaften,
2019-01-01T00:00:00.000Z,Hessen,Theologische Hochschulen,Ingenieurwissenschaften,
2019-01-01T00:00:00.000Z,Saarland,Fachhochschulen,"Agrar-, Forst- u.Ernährungswiss., Veterinärmedizin",
2022-01-01T00:00:00.000Z,Nordrhein-Westfalen,Fachhochschulen,"Agrar-, Forst- u.Ernährungswiss., Veterinärmedizin",5557000.0
2021-01-01T00:00:00.000Z,Schleswig-Holstein,Kunsthochschulen,Humanmedizin/Gesundheitswissenschaften,
2020-01-01T00:00:00.000Z,Sachsen,Theologische Hochschulen,"Mathematik, Naturwissenschaften",
2019-01-01T00:00:00.000Z,Sachsen-Anhalt,Pädagogische Hochschulen,"Kunst, Kunstwissenschaft",
2021-01-01T00:00:00.000Z,Saarland,Fachhochschulen,"Mathematik, Naturwissenschaften",
2019-01-01T00:00:00.000Z,Hessen,Universitäten (ohne Medizinische Einrichtungen),"Rechts-, Wirtschafts- und Sozialwissenschaften",1.77823E8
2022-01-01T00:00:00.000Z,Sachsen-Anhalt,Fachhochschulen,"Kunst, Kunstwissenschaft",598000.0
2019-01-01T00:00:00.000Z,Niedersachsen,Fachhochschulen,"Kunst, Kunstwissenschaft",3664000.0
2019-01-01T00:00:00.000Z,Thüringen,Fachhochschulen,Humanmedizin/Gesundheitswissenschaften,2223000.0
2021-01-01T00:00:00.000Z,Bayern,Medizinische Einrichtungen der Universitäten,"Rechts-, Wirtschafts- und Sozialwissenschaften",
2021-01-01T00:00:00.000Z,Sachsen-Anhalt,Verwaltungsfachhochschulen,"Mathematik, Naturwissenschaften",
2021-01-01T00:00:00.000Z,Hessen,Medizinische Einrichtungen der Universitäten,"Agrar-, Forst- u.Ernährungswiss., Veterinärmedizin",
2021-01-01T00:00:00.000Z,Berlin,Verwaltungsfachhochschulen,Geisteswissenschaften,
2022-01-01T00:00:00.000Z,Niedersachsen,Fachhochschulen,Ingenieurwissenschaften,4.4336E7
2022-01-01T00:00:00.000Z,Niedersachsen,Kunsthochschulen,"Mathematik, Naturwissenschaften",
2019-01-01T00:00:00.000Z,Brandenburg,Medizinische Einrichtungen der Universitäten,Humanmedizin/Gesundheitswissenschaften,9386000.0
2019-01-01T00:00:00.000Z,Hessen,Fachhochschulen,Sport,
2021-01-01T00:00:00.000Z,Brandenburg,Pädagogische Hochschulen,Humanmedizin/Gesundheitswissenschaften,
2019-01-01T00:00:00.000Z,Mecklenburg-Vorpommern,Medizinische Einrichtungen der Universitäten,"Mathematik, Naturwissenschaften",
2020-01-01T00:00:00.000Z,Niedersachsen,Universitäten (ohne Medizinische Einrichtungen),"Agrar-, Forst- u.Ernährungswiss., Veterinärmedizin",6.2885E7
2021-01-01T00:00:00.000Z,Thüringen,Fachhochschulen,Zentr.Einrichtungen (o. klinikspez. Einrichtungen),2.5706E7
2020-01-01T00:00:00.000Z,Hamburg,Pädagogische Hochschulen,"Mathematik, Naturwissenschaften",
2020-01-01T00:00:00.000Z,Hamburg,Theologische Hochschulen,Ingenieurwissenschaften,
2020-01-01T00:00:00.000Z,Bayern,Medizinische Einrichtungen der Universitäten,Ingenieurwissenschaften,
2022-01-01T00:00:00.000Z,Rheinland-Pfalz,Pädagogische Hochschulen,"Kunst, Kunstwissenschaft",
2021-01-01T00:00:00.000Z,Thüringen,Theologische Hochschulen,"Mathematik, Naturwissenschaften",
2021-01-01T00:00:00.000Z,Baden-Württemberg,Pädagogische Hochschulen,"Rechts-, Wirtschafts- und Sozialwissenschaften",8169000.0
2021-01-01T00:00:00.000Z,Berlin,Pädagogische Hochschulen,Geisteswissenschaften,
2022-01-01T00:00:00.000Z,Thüringen,Medizinische Einrichtungen der Universitäten,Geisteswissenschaften,
2020-01-01T00:00:00.000Z,Hamburg,Verwaltungsfachhochschulen,"Kunst, Kunstwissenschaft",
2020-01-01T00:00:00.000Z,Rheinland-Pfalz,Verwaltungsfachhochschulen,"Rechts-, Wirtschafts- und Sozialwissenschaften",6454000.0
2019-01-01T00:00:00.000Z,Hamburg,Verwaltungsfachhochschulen,"Agrar-, Forst- u.Ernährungswiss., Veterinärmedizin",
2022-01-01T00:00:00.000Z,Saarland,Kunsthochschulen,"Agrar-, Forst- u.Ernährungswiss., Veterinärmedizin",
2022-01-01T00:00:00.000Z,Rheinland-Pfalz,Kunsthochschulen,Geisteswissenschaften,
2022-01-01T00:00:00.000Z,Bayern,Kunsthochschulen,Humanmedizin/Gesundheitswissenschaften,
2022-01-01T00:00:00.000Z,Hessen,Pädagogische Hochschulen,Zentr.Einrichtungen (o. klinikspez. Einrichtungen),
2022-01-01T00:00:00.000Z,Bremen,Medizinische Einrichtungen der Universitäten,"Agrar-, Forst- u.Ernährungswiss., Veterinärmedizin",
2020-01-01T00:00:00.000Z,Schleswig-Holstein,Medizinische Einrichtungen der Universitäten,Zentr.Einrichtungen (o. klinikspez. Einrichtungen),
2019-01-01T00:00:00.000Z,Nordrhein-Westfalen,Theologische Hochschulen,Humanmedizin/Gesundheitswissenschaften,
2021-01-01T00:00:00.000Z,Mecklenburg-Vorpommern,Pädagogische Hochschulen,Humanmedizin/Gesundheitswissenschaften,
2021-01-01T00:00:00.000Z,Sachsen-Anhalt,Medizinische Einrichtungen der Universitäten,"Rechts-, Wirtschafts- und Sozialwissenschaften",
2022-01-01T00:00:00.000Z,Baden-Württemberg,Kunsthochschulen,Humanmedizin/Gesundheitswissenschaften,
2020-01-01T00:00:00.000Z,Niedersachsen,Fachhochschulen,Zentr.Einrichtungen (o. klinikspez. Einrichtungen),2.7717E7
2019-01-01T00:00:00.000Z,Brandenburg,Theologische Hochschulen,Ingenieurwissenschaften,
2022-01-01T00:00:00.000Z,Schleswig-Holstein,Theologische Hochschulen,Geisteswissenschaften,
2021-01-01T00:00:00.000Z,Brandenburg,Pädagogische Hochschulen,Zentr.Einrichtungen (o. klinikspez. Einrichtungen),
2019-01-01T00:00:00.000Z,Hamburg,Kunsthochschulen,Ingenieurwissenschaften,
2020-01-01T00:00:00.000Z,Thüringen,Kunsthochschulen,"Rechts-, Wirtschafts- und Sozialwissenschaften",
2019-01-01T00:00:00.000Z,Bayern,Kunsthochschulen,Zentr.Einrichtungen (o. klinikspez. Einrichtungen),1283000.0
2020-01-01T00:00:00.000Z,Hamburg,Medizinische Einrichtungen der Universitäten,Zentr.Einrichtungen (o. klinikspez. Einrichtungen),
2019-01-01T00:00:00.000Z,Saarland,Verwaltungsfachhochschulen,"Agrar-, Forst- u.Ernährungswiss., Veterinärmedizin",
2020-01-01T00:00:00.000Z,Sachsen-Anhalt,Pädagogische Hochschulen,"Rechts-, Wirtschafts- und Sozialwissenschaften",
2020-01-01T00:00:00.000Z,Saarland,Theologische Hochschulen,Geisteswissenschaften,
2021-01-01T00:00:00.000Z,Berlin,Kunsthochschulen,"Rechts-, Wirtschafts- und Sozialwissenschaften",
2019-01-01T00:00:00.000Z,Hessen,Universitäten (ohne Medizinische Einrichtungen),Sport,3160000.0
2022-01-01T00:00:00.000Z,Sachsen,Kunsthochschulen,"Agrar-, Forst- u.Ernährungswiss., Veterinärmedizin",
2020-01-01T00:00:00.000Z,Saarland,Theologische Hochschulen,Ingenieurwissenschaften,
2020-01-01T00:00:00.000Z,Thüringen,Medizinische Einrichtungen der Universitäten,"Kunst, Kunstwissenschaft",
2022-01-01T00:00:00.000Z,Rheinland-Pfalz,Universitäten (ohne Medizinische Einrichtungen),Ingenieurwissenschaften,5.6229E7
2021-01-01T00:00:00.000Z,Mecklenburg-Vorpommern,Verwaltungsfachhochschulen,Geisteswissenschaften,
2021-01-01T00:00:00.000Z,Hamburg,Verwaltungsfachhochschulen,Humanmedizin/Gesundheitswissenschaften,
2019-01-01T00:00:00.000Z,Brandenburg,Universitäten (ohne Medizinische Einrichtungen),"Agrar-, Forst- u.Ernährungswiss., Veterinärmedizin",1584000.0
2022-01-01T00:00:00.000Z,Saarland,Universitäten (ohne Medizinische Einrichtungen),"Rechts-, Wirtschafts- und Sozialwissenschaften",7511000.0
2020-01-01T00:00:00.000Z,Rheinland-Pfalz,Kunsthochschulen,"Kunst, Kunstwissenschaft",
2021-01-01T00:00:00.000Z,Sachsen,Theologische Hochschulen,"Mathematik, Naturwissenschaften",
2019-01-01T00:00:00.000Z,Saarland,Theologische Hochschulen,"Agrar-, Forst- u.Ernährungswiss., Veterinärmedizin",
2020-01-01T00:00:00.000Z,Hamburg,Medizinische Einrichtungen der Universitäten,"Rechts-, Wirtschafts- und Sozialwissenschaften",
2019-01-01T00:00:00.000Z,Hamburg,Fachhochschulen,Sport,
2020-01-01T00:00:00.000Z,Brandenburg,Verwaltungsfachhochschulen,Zentr.Einrichtungen (o. klinikspez. Einrichtungen),0.0
2020-01-01T00:00:00.000Z,Rheinland-Pfalz,Kunsthochschulen,"Mathematik, Naturwissenschaften",
2022-01-01T00:00:00.000Z,Saarland,Kunsthochschulen,"Rechts-, Wirtschafts- und Sozialwissenschaften",
2021-01-01T00:00:00.000Z,Thüringen,Pädagogische Hochschulen,Geisteswissenschaften,
2020-01-01T00:00:00.000Z,Sachsen-Anhalt,Pädagogische Hochschulen,Sport,
2020-01-01T00:00:00.000Z,Hessen,Medizinische Einrichtungen der Universitäten,Zentr.Einrichtungen (o. klinikspez. Einrichtungen),
2021-01-01T00:00:00.000Z,Mecklenburg-Vorpommern,Universitäten (ohne Medizinische Einrichtungen),Ingenieurwissenschaften,2.5964E7
2022-01-01T00:00:00.000Z,Thüringen,Theologische Hochschulen,"Kunst, Kunstwissenschaft",
2019-01-01T00:00:00.000Z,Hessen,Pädagogische Hochschulen,Zentr.Einrichtungen (o. klinikspez. Einrichtungen),
2020-01-01T00:00:00.000Z,Sachsen,Universitäten (ohne Medizinische Einrichtungen),"Rechts-, Wirtschafts- und Sozialwissenschaften",5.7437E7
2021-01-01T00:00:00.000Z,Nordrhein-Westfalen,Pädagogische Hochschulen,"Mathematik, Naturwissenschaften",
2020-01-01T00:00:00.000Z,Nordrhein-Westfalen,Medizinische Einrichtungen der Universitäten,Zentr.Einrichtungen (o. klinikspez. Einrichtungen),
2021-01-01T00:00:00.000Z,Schleswig-Holstein,Universitäten (ohne Medizinische Einrichtungen),Sport,406000.0
2022-01-01T00:00:00.000Z,Sachsen,Verwaltungsfachhochschulen,"Rechts-, Wirtschafts- und Sozialwissenschaften",1422000.0
2020-01-01T00:00:00.000Z,Sachsen-Anhalt,Pädagogische Hochschulen,"Agrar-, Forst- u.Ernährungswiss., Veterinärmedizin",
2022-01-01T00:00:00.000Z,Sachsen,Medizinische Einrichtungen der Universitäten,Geisteswissenschaften,
2022-01-01T00:00:00.000Z,Rheinland-Pfalz,Universitäten (ohne Medizinische Einrichtungen),"Agrar-, Forst- u.Ernährungswiss., Veterinärmedizin",
2020-01-01T00:00:00.000Z,Niedersachsen,Theologische Hochschulen,"Kunst, Kunstwissenschaft",
2020-01-01T00:00:00.000Z,Baden-Württemberg,Kunsthochschulen,"Kunst, Kunstwissenschaft",3896000.0
2019-01-01T00:00:00.000Z,Rheinland-Pfalz,Fachhochschulen,"Kunst, Kunstwissenschaft",746000.0
2020-01-01T00:00:00.000Z,Hamburg,Kunsthochschulen,Zentr.Einrichtungen (o. klinikspez. Einrichtungen),1952000.0
2020-01-01T00:00:00.000Z,Hamburg,Verwaltungsfachhochschulen,Geisteswissenschaften,
2022-01-01T00:00:00.000Z,Thüringen,Kunsthochschulen,"Rechts-, Wirtschafts- und Sozialwissenschaften",
2022-01-01T00:00:00.000Z,Bayern,Verwaltungsfachhochschulen,Sport,
2021-01-01T00:00:00.000Z,Hessen,Verwaltungsfachhochschulen,"Agrar-, Forst- u.Ernährungswiss., Veterinärmedizin",
2020-01-01T00:00:00.000Z,Niedersachsen,Verwaltungsfachhochschulen,Ingenieurwissenschaften,
2021-01-01T00:00:00.000Z,Niedersachsen,Kunsthochschulen,"Agrar-, Forst- u.Ernährungswiss., Veterinärmedizin",
2020-01-01T00:00:00.000Z,Sachsen-Anhalt,Verwaltungsfachhochschulen,Sport,
2021-01-01T00:00:00.000Z,Thüringen,Pädagogische Hochschulen,Humanmedizin/Gesundheitswissenschaften,
2019-01-01T00:00:00.000Z,Saarland,Universitäten (ohne Medizinische Einrichtungen),"Rechts-, Wirtschafts- und Sozialwissenschaften",5094000.0
2022-01-01T00:00:00.000Z,Hessen,Medizinische Einrichtungen der Universitäten,Ingenieurwissenschaften,
2022-01-01T00:00:00.000Z,Nordrhein-Westfalen,Theologische Hochschulen,Geisteswissenschaften,3000000.0
2021-01-01T00:00:00.000Z,Rheinland-Pfalz,Pädagogische Hochschulen,"Mathematik, Naturwissenschaften",
2022-01-01T00:00:00.000Z,Niedersachsen,Universitäten (ohne Medizinische Einrichtungen),"Mathematik, Naturwissenschaften",1.51362E8
2021-01-01T00:00:00.000Z,Rheinland-Pfalz,Theologische Hochschulen,Ingenieurwissenschaften,
2019-01-01T00:00:00.000Z,Thüringen,Verwaltungsfachhochschulen,Geisteswissenschaften,
2022-01-01T00:00:00.000Z,Hessen,Verwaltungsfachhochschulen,"Kunst, Kunstwissenschaft",
2021-01-01T00:00:00.000Z,Sachsen,Pädagogische Hochschulen,"Rechts-, Wirtschafts- und Sozialwissenschaften",
2019-01-01T00:00:00.000Z,Hamburg,Verwaltungsfachhochschulen,Ingenieurwissenschaften,
2020-01-01T00:00:00.000Z,Hessen,Fachhochschulen,Sport,
2019-01-01T00:00:00.000Z,Rheinland-Pfalz,Theologische Hochschulen,Zentr.Einrichtungen (o. klinikspez. Einrichtungen),286000.0
2021-01-01T00:00:00.000Z,Bremen,Theologische Hochschulen,Sport,
2022-01-01T00:00:00.000Z,Schleswig-Holstein,Kunsthochschulen,"Mathematik, Naturwissenschaften",
2019-01-01T00:00:00.000Z,Hamburg,Pädagogische Hochschulen,"Agrar-, Forst- u.Ernährungswiss., Veterinärmedizin",
2021-01-01T00:00:00.000Z,Brandenburg,Medizinische Einrichtungen der Universitäten,Zentr.Einrichtungen (o. klinikspez. Einrichtungen),
2020-01-01T00:00:00.000Z,Thüringen,Fachhochschulen,"Mathematik, Naturwissenschaften",42000.0
2022-01-01T00:00:00.000Z,Schleswig-Holstein,Kunsthochschulen,Humanmedizin/Gesundheitswissenschaften,
2019-01-01T00:00:00.000Z,Berlin,Theologische Hochschulen,"Agrar-, Forst- u.Ernährungswiss., Veterinärmedizin",
2020-01-01T00:00:00.000Z,Sachsen,Theologische Hochschulen,Geisteswissenschaften,
2021-01-01T00:00:00.000Z,Rheinland-Pfalz,Fachhochschulen,Zentr.Einrichtungen (o. klinikspez. Einrichtungen),1.1884E7
2019-01-01T00:00:00.000Z,Bayern,Theologische Hochschulen,Humanmedizin/Gesundheitswissenschaften,
2019-01-01T00:00:00.000Z,Sachsen-Anhalt,Universitäten (ohne Medizinische Einrichtungen),Humanmedizin/Gesundheitswissenschaften,
2021-01-01T00:00:00.000Z,Bremen,Universitäten (ohne Medizinische Einrichtungen),Ingenieurwissenschaften,3.9436E7
2020-01-01T00:00:00.000Z,Saarland,Kunsthochschulen,Zentr.Einrichtungen (o. klinikspez. Einrichtungen),533000.0
2021-01-01T00:00:00.000Z,Bayern,Universitäten (ohne Medizinische Einrichtungen),"Kunst, Kunstwissenschaft",4978000.0
2020-01-01T00:00:00.000Z,Mecklenburg-Vorpommern,Verwaltungsfachhochschulen,Sport,
2021-01-01T00:00:00.000Z,Bremen,Kunsthochschulen,"Agrar-, Forst- u.Ernährungswiss., Veterinärmedizin",
2019-01-01T00:00:00.000Z,Bayern,Verwaltungsfachhochschulen,"Kunst, Kunstwissenschaft",
2021-01-01T00:00:00.000Z,Sachsen-Anhalt,Kunsthochschulen,Zentr.Einrichtungen (o. klinikspez. Einrichtungen),1185000.0
2020-01-01T00:00:00.000Z,Mecklenburg-Vorpommern,Verwaltungsfachhochschulen,Zentr.Einrichtungen (o. klinikspez. Einrichtungen),511000.0
2022-01-01T00:00:00.000Z,Sachsen-Anhalt,Fachhochschulen,Sport,
2021-01-01T00:00:00.000Z,Nordrhein-Westfalen,Kunsthochschulen,"Rechts-, Wirtschafts- und Sozialwissenschaften",7337000.0
2021-01-01T00:00:00.000Z,Baden-Württemberg,Medizinische Einrichtungen der Universitäten,"Mathematik, Naturwissenschaften",
2020-01-01T00:00:00.000Z,Bayern,Pädagogische Hochschulen,"Rechts-, Wirtschafts- und Sozialwissenschaften",
2020-01-01T00:00:00.000Z,Hamburg,Theologische Hochschulen,"Kunst, Kunstwissenschaft",
2022-01-01T00:00:00.000Z,Nordrhein-Westfalen,Fachhochschulen,Ingenieurwissenschaften,1.17363E8
2021-01-01T00:00:00.000Z,Thüringen,Medizinische Einrichtungen der Universitäten,Zentr.Einrichtungen (o. klinikspez. Einrichtungen),
2020-01-01T00:00:00.000Z,Thüringen,Universitäten (ohne Medizinische Einrichtungen),Geisteswissenschaften,1.1266E7
2021-01-01T00:00:00.000Z,Hessen,Verwaltungsfachhochschulen,Ingenieurwissenschaften,1000.0
2019-01-01T00:00:00.000Z,Saarland,Medizinische Einrichtungen der Universitäten,Sport,
2021-01-01T00:00:00.000Z,Hamburg,Theologische Hochschulen,"Agrar-, Forst- u.Ernährungswiss., Veterinärmedizin",
2019-01-01T00:00:00.000Z,Niedersachsen,Fachhochschulen,Ingenieurwissenschaften,3.2159E7
2019-01-01T00:00:00.000Z,Bayern,Pädagogische Hochschulen,"Kunst, Kunstwissenschaft",
2021-01-01T00:00:00.000Z,Nordrhein-Westfalen,Medizinische Einrichtungen der Universitäten,Geisteswissenschaften,
2021-01-01T00:00:00.000Z,Hamburg,Universitäten (ohne Medizinische Einrichtungen),"Agrar-, Forst- u.Ernährungswiss., Veterinärmedizin",
2022-01-01T00:00:00.000Z,Sachsen,Fachhochschulen,Sport,
2022-01-01T00:00:00.000Z,Bayern,Fachhochschulen,"Kunst, Kunstwissenschaft",262000.0
2019-01-01T00:00:00.000Z,Berlin,Pädagogische Hochschulen,"Kunst, Kunstwissenschaft",
2019-01-01T00:00:00.000Z,Niedersachsen,Verwaltungsfachhochschulen,Zentr.Einrichtungen (o. klinikspez. Einrichtungen),
2021-01-01T00:00:00.000Z,Berlin,Universitäten (ohne Medizinische Einrichtungen),Zentr.Einrichtungen (o. klinikspez. Einrichtungen),1.34628E8
2019-01-01T00:00:00.000Z,Brandenburg,Verwaltungsfachhochschulen,Ingenieurwissenschaften,
2022-01-01T00:00:00.000Z,Niedersachsen,Medizinische Einrichtungen der Universitäten,Humanmedizin/Gesundheitswissenschaften,1.635599E9
2020-01-01T00:00:00.000Z,Berlin,Fachhochschulen,Zentr.Einrichtungen (o. klinikspez. Einrichtungen),1.2519E7
2020-01-01T00:00:00.000Z,Mecklenburg-Vorpommern,Fachhochschulen,"Kunst, Kunstwissenschaft",206000.0
2019-01-01T00:00:00.000Z,Nordrhein-Westfalen,Pädagogische Hochschulen,Geisteswissenschaften,
2020-01-01T00:00:00.000Z,Bayern,Medizinische Einrichtungen der Universitäten,Humanmedizin/Gesundheitswissenschaften,4.163838E9
2020-01-01T00:00:00.000Z,Berlin,Theologische Hochschulen,"Mathematik, Naturwissenschaften",
2020-01-01T00:00:00.000Z,Thüringen,Fachhochschulen,"Kunst, Kunstwissenschaft",38000.0
2020-01-01T00:00:00.000Z,Saarland,Fachhochschulen,"Agrar-, Forst- u.Ernährungswiss., Veterinärmedizin",
2020-01-01T00:00:00.000Z,Nordrhein-Westfalen,Universitäten (ohne Medizinische Einrichtungen),"Rechts-, Wirtschafts- und Sozialwissenschaften",1.61623E8
2022-01-01T00:00:00.000Z,Thüringen,Verwaltungsfachhochschulen,Humanmedizin/Gesundheitswissenschaften,
2019-01-01T00:00:00.000Z,Nordrhein-Westfalen,Pädagogische Hochschulen,"Kunst, Kunstwissenschaft",
2019-01-01T00:00:00.000Z,Thüringen,Kunsthochschulen,"Agrar-, Forst- u.Ernährungswiss., Veterinärmedizin",
2021-01-01T00:00:00.000Z,Sachsen,Verwaltungsfachhochschulen,"Agrar-, Forst- u.Ernährungswiss., Veterinärmedizin",
2019-01-01T00:00:00.000Z,Berlin,Theologische Hochschulen,Geisteswissenschaften,
2022-01-01T00:00:00.000Z,Schleswig-Holstein,Pädagogische Hochschulen,Sport,
2020-01-01T00:00:00.000Z,Bayern,Universitäten (ohne Medizinische Einrichtungen),"Mathematik, Naturwissenschaften",2.98944E8
2021-01-01T00:00:00.000Z,Bayern,Theologische Hochschulen,"Kunst, Kunstwissenschaft",
2021-01-01T00:00:00.000Z,Hessen,Kunsthochschulen,Sport,
2020-01-01T00:00:00.000Z,Rheinland-Pfalz,Verwaltungsfachhochschulen,"Agrar-, Forst- u.Ernährungswiss., Veterinärmedizin",
2019-01-01T00:00:00.000Z,Baden-Württemberg,Universitäten (ohne Medizinische Einrichtungen),Sport,7775000.0
2019-01-01T00:00:00.000Z,Hessen,Medizinische Einrichtungen der Universitäten,Sport,
2021-01-01T00:00:00.000Z,Sachsen-Anhalt,Theologische Hochschulen,Ingenieurwissenschaften,
2019-01-01T00:00:00.000Z,Saarland,Medizinische Einrichtungen der Universitäten,"Agrar-, Forst- u.Ernährungswiss., Veterinärmedizin",
2020-01-01T00:00:00.000Z,Sachsen,Universitäten (ohne Medizinische Einrichtungen),Humanmedizin/Gesundheitswissenschaften,
2021-01-01T00:00:00.000Z,Mecklenburg-Vorpommern,Theologische Hochschulen,Zentr.Einrichtungen (o. klinikspez. Einrichtungen),
2019-01-01T00:00:00.000Z,Bayern,Pädagogische Hochschulen,"Agrar-, Forst- u.Ernährungswiss., Veterinärmedizin",
2021-01-01T00:00:00.000Z,Nordrhein-Westfalen,Medizinische Einrichtungen der Universitäten,"Agrar-, Forst- u.Ernährungswiss., Veterinärmedizin",
2019-01-01T00:00:00.000Z,Nordrhein-Westfalen,Theologische Hochschulen,"Rechts-, Wirtschafts- und Sozialwissenschaften",
2022-01-01T00:00:00.000Z,Niedersachsen,Pädagogische Hochschulen,"Rechts-, Wirtschafts- und Sozialwissenschaften",
2019-01-01T00:00:00.000Z,Rheinland-Pfalz,Universitäten (ohne Medizinische Einrichtungen),Humanmedizin/Gesundheitswissenschaften,
2019-01-01T00:00:00.000Z,Niedersachsen,Universitäten (ohne Medizinische Einrichtungen),"Mathematik, Naturwissenschaften",1.39733E8
2022-01-01T00:00:00.000Z,Brandenburg,Medizinische Einrichtungen der Universitäten,"Agrar-, Forst- u.Ernährungswiss., Veterinärmedizin",
2021-01-01T00:00:00.000Z,Saarland,Universitäten (ohne Medizinische Einrichtungen),Zentr.Einrichtungen (o. klinikspez. Einrichtungen),2.5713E7
2022-01-01T00:00:00.000Z,Nordrhein-Westfalen,Fachhochschulen,"Kunst, Kunstwissenschaft",4403000.0
2021-01-01T00:00:00.000Z,Thüringen,Verwaltungsfachhochschulen,Ingenieurwissenschaften,
2019-01-01T00:00:00.000Z,Saarland,Verwaltungsfachhochschulen,Geisteswissenschaften,
2022-01-01T00:00:00.000Z,Saarland,Fachhochschulen,"Mathematik, Naturwissenschaften",
2020-01-01T00:00:00.000Z,Niedersachsen,Pädagogische Hochschulen,"Rechts-, Wirtschafts- und Sozialwissenschaften",
2020-01-01T00:00:00.000Z,Schleswig-Holstein,Theologische Hochschulen,"Rechts-, Wirtschafts- und Sozialwissenschaften",
2021-01-01T00:00:00.000Z,Nordrhein-Westfalen,Pädagogische Hochschulen,Sport,
2019-01-01T00:00:00.000Z,Hamburg,Theologische Hochschulen,"Mathematik, Naturwissenschaften",
2019-01-01T00:00:00.000Z,Hessen,Kunsthochschulen,Humanmedizin/Gesundheitswissenschaften,
2021-01-01T00:00:00.000Z,Sachsen,Pädagogische Hochschulen,"Agrar-, Forst- u.Ernährungswiss., Veterinärmedizin",
2022-01-01T00:00:00.000Z,Brandenburg,Theologische Hochschulen,"Agrar-, Forst- u.Ernährungswiss., Veterinärmedizin",
2022-01-01T00:00:00.000Z,Nordrhein-Westfalen,Kunsthochschulen,Humanmedizin/Gesundheitswissenschaften,
2022-01-01T00:00:00.000Z,Mecklenburg-Vorpommern,Kunsthochschulen,Sport,
2020-01-01T00:00:00.000Z,Rheinland-Pfalz,Medizinische Einrichtungen der Universitäten,"Agrar-, Forst- u.Ernährungswiss., Veterinärmedizin",
2022-01-01T00:00:00.000Z,Bremen,Kunsthochschulen,Humanmedizin/Gesundheitswissenschaften,
2021-01-01T00:00:00.000Z,Baden-Württemberg,Theologische Hochschulen,"Mathematik, Naturwissenschaften",
2021-01-01T00:00:00.000Z,Saarland,Universitäten (ohne Medizinische Einrichtungen),"Agrar-, Forst- u.Ernährungswiss., Veterinärmedizin",
2019-01-01T00:00:00.000Z,Sachsen,Theologische Hochschulen,"Agrar-, Forst- u.Ernährungswiss., Veterinärmedizin",
2022-01-01T00:00:00.000Z,Berlin,Fachhochschulen,Ingenieurwissenschaften,2.6919E7
2022-01-01T00:00:00.000Z,Mecklenburg-Vorpommern,Theologische Hochschulen,"Agrar-, Forst- u.Ernährungswiss., Veterinärmedizin",
2022-01-01T00:00:00.000Z,Sachsen-Anhalt,Pädagogische Hochschulen,Zentr.Einrichtungen (o. klinikspez. Einrichtungen),
2021-01-01T00:00:00.000Z,Berlin,Universitäten (ohne Medizinische Einrichtungen),"Mathematik, Naturwissenschaften",1.2612E8
2020-01-01T00:00:00.000Z,Bayern,Verwaltungsfachhochschulen,Sport,
2022-01-01T00:00:00.000Z,Sachsen,Theologische Hochschulen,Sport,
2019-01-01T00:00:00.000Z,Sachsen-Anhalt,Theologische Hochschulen,"Agrar-, Forst- u.Ernährungswiss., Veterinärmedizin",
2022-01-01T00:00:00.000Z,Niedersachsen,Pädagogische Hochschulen,"Kunst, Kunstwissenschaft",
2022-01-01T00:00:00.000Z,Berlin,Medizinische Einrichtungen der Universitäten,Zentr.Einrichtungen (o. klinikspez. Einrichtungen),
2021-01-01T00:00:00.000Z,Berlin,Pädagogische Hochschulen,"Mathematik, Naturwissenschaften",
2022-01-01T00:00:00.000Z,Niedersachsen,Verwaltungsfachhochschulen,Sport,
2020-01-01T00:00:00.000Z,Sachsen-Anhalt,Universitäten (ohne Medizinische Einrichtungen),"Agrar-, Forst- u.Ernährungswiss., Veterinärmedizin",3001000.0
2022-01-01T00:00:00.000Z,Thüringen,Universitäten (ohne Medizinische Einrichtungen),"Mathematik, Naturwissenschaften",6.5865E7
2021-01-01T00:00:00.000Z,Thüringen,Fachhochschulen,"Agrar-, Forst- u.Ernährungswiss., Veterinärmedizin",1650000.0
2021-01-01T00:00:00.000Z,Saarland,Fachhochschulen,Humanmedizin/Gesundheitswissenschaften,3.0413E7
2022-01-01T00:00:00.000Z,Hamburg,Universitäten (ohne Medizinische Einrichtungen),"Rechts-, Wirtschafts- und Sozialwissenschaften",4.8309E7
2019-01-01T00:00:00.000Z,Berlin,Theologische Hochschulen,"Rechts-, Wirtschafts- und Sozialwissenschaften",
2022-01-01T00:00:00.000Z,Bayern,Universitäten (ohne Medizinische Einrichtungen),Humanmedizin/Gesundheitswissenschaften,
2019-01-01T00:00:00.000Z,Bayern,Pädagogische Hochschulen,Geisteswissenschaften,
2021-01-01T00:00:00.000Z,Thüringen,Medizinische Einrichtungen der Universitäten,Humanmedizin/Gesundheitswissenschaften,5.5668E8
2021-01-01T00:00:00.000Z,Niedersachsen,Theologische Hochschulen,Zentr.Einrichtungen (o. klinikspez. Einrichtungen),
2020-01-01T00:00:00.000Z,Brandenburg,Universitäten (ohne Medizinische Einrichtungen),Ingenieurwissenschaften,3.6006E7
2021-01-01T00:00:00.000Z,Hessen,Kunsthochschulen,Humanmedizin/Gesundheitswissenschaften,
2019-01-01T00:00:00.000Z,Rheinland-Pfalz,Universitäten (ohne Medizinische Einrichtungen),Ingenieurwissenschaften,4.368E7
2019-01-01T00:00:00.000Z,Schleswig-Holstein,Fachhochschulen,Sport,
2022-01-01T00:00:00.000Z,Baden-Württemberg,Universitäten (ohne Medizinische Einrichtungen),Sport,8888000.0
2019-01-01T00:00:00.000Z,Rheinland-Pfalz,Kunsthochschulen,Humanmedizin/Gesundheitswissenschaften,
2019-01-01T00:00:00.000Z,Bayern,Medizinische Einrichtungen der Universitäten,"Kunst, Kunstwissenschaft",
2020-01-01T00:00:00.000Z,Bremen,Theologische Hochschulen,Ingenieurwissenschaften,
2019-01-01T00:00:00.000Z,Bremen,Medizinische Einrichtungen der Universitäten,"Mathematik, Naturwissenschaften",
2020-01-01T00:00:00.000Z,Schleswig-Holstein,Pädagogische Hochschulen,Geisteswissenschaften,
2022-01-01T00:00:00.000Z,Nordrhein-Westfalen,Pädagogische Hochschulen,Sport,
2022-01-01T00:00:00.000Z,Rheinland-Pfalz,Theologische Hochschulen,Zentr.Einrichtungen (o. klinikspez. Einrichtungen),90000.0
2022-01-01T00:00:00.000Z,Rheinland-Pfalz,Medizinische Einrichtungen der Universitäten,"Rechts-, Wirtschafts- und Sozialwissenschaften",
2019-01-01T00:00:00.000Z,Mecklenburg-Vorpommern,Kunsthochschulen,Geisteswissenschaften,
2020-01-01T00:00:00.000Z,Mecklenburg-Vorpommern,Kunsthochschulen,"Mathematik, Naturwissenschaften",
2021-01-01T00:00:00.000Z,Berlin,Fachhochschulen,Humanmedizin/Gesundheitswissenschaften,1.0073E7
2022-01-01T00:00:00.000Z,Bremen,Fachhochschulen,"Mathematik, Naturwissenschaften",716000.0
2021-01-01T00:00:00.000Z,Hamburg,Pädagogische Hochschulen,Zentr.Einrichtungen (o. klinikspez. Einrichtungen),
2020-01-01T00:00:00.000Z,Berlin,Medizinische Einrichtungen der Universitäten,Sport,
2020-01-01T00:00:00.000Z,Bremen,Kunsthochschulen,"Agrar-, Forst- u.Ernährungswiss., Veterinärmedizin",
2019-01-01T00:00:00.000Z,Sachsen-Anhalt,Universitäten (ohne Medizinische Einrichtungen),Geisteswissenschaften,3240000.0
2021-01-01T00:00:00.000Z,Hessen,Fachhochschulen,Geisteswissenschaften,5055000.0
2021-01-01T00:00:00.000Z,Sachsen-Anhalt,Pädagogische Hochschulen,Geisteswissenschaften,
2019-01-01T00:00:00.000Z,Berlin,Medizinische Einrichtungen der Universitäten,"Rechts-, Wirtschafts- und Sozialwissenschaften",
2022-01-01T00:00:00.000Z,Hessen,Fachhochschulen,Geisteswissenschaften,6565000.0
2021-01-01T00:00:00.000Z,Rheinland-Pfalz,Verwaltungsfachhochschulen,Geisteswissenschaften,
2022-01-01T00:00:00.000Z,Berlin,Medizinische Einrichtungen der Universitäten,Humanmedizin/Gesundheitswissenschaften,1.925227E9
2019-01-01T00:00:00.000Z,Sachsen,Universitäten (ohne Medizinische Einrichtungen),Sport,4272000.0
2022-01-01T00:00:00.000Z,Thüringen,Theologische Hochschulen,Zentr.Einrichtungen (o. klinikspez. Einrichtungen),
2022-01-01T00:00:00.000Z,Schleswig-Holstein,Verwaltungsfachhochschulen,"Rechts-, Wirtschafts- und Sozialwissenschaften",1.2217E7
2022-01-01T00:00:00.000Z,Thüringen,Universitäten (ohne Medizinische Einrichtungen),"Kunst, Kunstwissenschaft",1140000.0
2022-01-01T00:00:00.000Z,Niedersachsen,Theologische Hochschulen,Humanmedizin/Gesundheitswissenschaften,
2020-01-01T00:00:00.000Z,Thüringen,Pädagogische Hochschulen,Ingenieurwissenschaften,
2019-01-01T00:00:00.000Z,Niedersachsen,Kunsthochschulen,"Mathematik, Naturwissenschaften",
2022-01-01T00:00:00.000Z,Mecklenburg-Vorpommern,Fachhochschulen,"Rechts-, Wirtschafts- und Sozialwissenschaften",2599000.0
2022-01-01T00:00:00.000Z,Berlin,Pädagogische Hochschulen,Humanmedizin/Gesundheitswissenschaften,
2021-01-01T00:00:00.000Z,Bremen,Kunsthochschulen,Geisteswissenschaften,
2020-01-01T00:00:00.000Z,Thüringen,Theologische Hochschulen,Sport,
2019-01-01T00:00:00.000Z,Saarland,Theologische Hochschulen,"Mathematik, Naturwissenschaften",
2020-01-01T00:00:00.000Z,Brandenburg,Kunsthochschulen,Ingenieurwissenschaften,
2019-01-01T00:00:00.000Z,Sachsen-Anhalt,Fachhochschulen,Humanmedizin/Gesundheitswissenschaften,
2022-01-01T00:00:00.000Z,Hamburg,Universitäten (ohne Medizinische Einrichtungen),"Kunst, Kunstwissenschaft",
2020-01-01T00:00:00.000Z,Berlin,Fachhochschulen,Geisteswissenschaften,1334000.0
2020-01-01T00:00:00.000Z,Baden-Württemberg,Universitäten (ohne Medizinische Einrichtungen),"Kunst, Kunstwissenschaft",2584000.0
2022-01-01T00:00:00.000Z,Saarland,Pädagogische Hochschulen,Ingenieurwissenschaften,
2021-01-01T00:00:00.000Z,Baden-Württemberg,Pädagogische Hochschulen,"Kunst, Kunstwissenschaft",61000.0
2021-01-01T00:00:00.000Z,Brandenburg,Kunsthochschulen,Ingenieurwissenschaften,
2019-01-01T00:00:00.000Z,Baden-Württemberg,Fachhochschulen,"Agrar-, Forst- u.Ernährungswiss., Veterinärmedizin",2661000.0
2022-01-01T00:00:00.000Z,Schleswig-Holstein,Medizinische Einrichtungen der Universitäten,"Kunst, Kunstwissenschaft",
2020-01-01T00:00:00.000Z,Baden-Württemberg,Kunsthochschulen,"Agrar-, Forst- u.Ernährungswiss., Veterinärmedizin",
2019-01-01T00:00:00.000Z,Berlin,Kunsthochschulen,Zentr.Einrichtungen (o. klinikspez. Einrichtungen),4481000.0
2021-01-01T00:00:00.000Z,Hamburg,Kunsthochschulen,Zentr.Einrichtungen (o. klinikspez. Einrichtungen),1847000.0
2022-01-01T00:00:00.000Z,Bremen,Pädagogische Hochschulen,"Agrar-, Forst- u.Ernährungswiss., Veterinärmedizin",
2022-01-01T00:00:00.000Z,Rheinland-Pfalz,Theologische Hochschulen,Sport,
2020-01-01T00:00:00.000Z,Bremen,Theologische Hochschulen,Sport,
2021-01-01T00:00:00.000Z,Hessen,Kunsthochschulen,Ingenieurwissenschaften,187000.0
2021-01-01T00:00:00.000Z,Saarland,Universitäten (ohne Medizinische Einrichtungen),"Kunst, Kunstwissenschaft",165000.0
2022-01-01T00:00:00.000Z,Nordrhein-Westfalen,Verwaltungsfachhochschulen,"Mathematik, Naturwissenschaften",
2021-01-01T00:00:00.000Z,Saarland,Pädagogische Hochschulen,"Agrar-, Forst- u.Ernährungswiss., Veterinärmedizin",
2022-01-01T00:00:00.000Z,Mecklenburg-Vorpommern,Fachhochschulen,Geisteswissenschaften,
2020-01-01T00:00:00.000Z,Nordrhein-Westfalen,Verwaltungsfachhochschulen,"Agrar-, Forst- u.Ernährungswiss., Veterinärmedizin",
2020-01-01T00:00:00.000Z,Sachsen-Anhalt,Fachhochschulen,Zentr.Einrichtungen (o. klinikspez. Einrichtungen),1.8633E7
2020-01-01T00:00:00.000Z,Schleswig-Holstein,Universitäten (ohne Medizinische Einrichtungen),"Rechts-, Wirtschafts- und Sozialwissenschaften",5272000.0
2020-01-01T00:00:00.000Z,Rheinland-Pfalz,Medizinische Einrichtungen der Universitäten,"Kunst, Kunstwissenschaft",
2019-01-01T00:00:00.000Z,Schleswig-Holstein,Theologische Hochschulen,Sport,
2021-01-01T00:00:00.000Z,Hessen,Pädagogische Hochschulen,Ingenieurwissenschaften,
2020-01-01T00:00:00.000Z,Saarland,Pädagogische Hochschulen,Humanmedizin/Gesundheitswissenschaften,
2020-01-01T00:00:00.000Z,Mecklenburg-Vorpommern,Pädagogische Hochschulen,Humanmedizin/Gesundheitswissenschaften,
2020-01-01T00:00:00.000Z,Hessen,Kunsthochschulen,Ingenieurwissenschaften,482000.0
2021-01-01T00:00:00.000Z,Bayern,Kunsthochschulen,Humanmedizin/Gesundheitswissenschaften,
2022-01-01T00:00:00.000Z,Hessen,Kunsthochschulen,"Agrar-, Forst- u.Ernährungswiss., Veterinärmedizin",
2021-01-01T00:00:00.000Z,Bremen,Pädagogische Hochschulen,Ingenieurwissenschaften,
2020-01-01T00:00:00.000Z,Hessen,Theologische Hochschulen,"Rechts-, Wirtschafts- und Sozialwissenschaften",
2019-01-01T00:00:00.000Z,Rheinland-Pfalz,Kunsthochschulen,Sport,
2019-01-01T00:00:00.000Z,Bremen,Kunsthochschulen,"Rechts-, Wirtschafts- und Sozialwissenschaften",
2022-01-01T00:00:00.000Z,Brandenburg,Fachhochschulen,Zentr.Einrichtungen (o. klinikspez. Einrichtungen),9596000.0
2022-01-01T00:00:00.000Z,Thüringen,Theologische Hochschulen,"Agrar-, Forst- u.Ernährungswiss., Veterinärmedizin",
2019-01-01T00:00:00.000Z,Niedersachsen,Universitäten (ohne Medizinische Einrichtungen),"Agrar-, Forst- u.Ernährungswiss., Veterinärmedizin",6.4248E7
2019-01-01T00:00:00.000Z,Sachsen,Theologische Hochschulen,"Kunst, Kunstwissenschaft",
2020-01-01T00:00:00.000Z,Schleswig-Holstein,Medizinische Einrichtungen der Universitäten,Ingenieurwissenschaften,
2022-01-01T00:00:00.000Z,Schleswig-Holstein,Fachhochschulen,Geisteswissenschaften,8000.0
2022-01-01T00:00:00.000Z,Berlin,Pädagogische Hochschulen,Geisteswissenschaften,
2021-01-01T00:00:00.000Z,Brandenburg,Verwaltungsfachhochschulen,"Agrar-, Forst- u.Ernährungswiss., Veterinärmedizin",
2022-01-01T00:00:00.000Z,Sachsen-Anhalt,Kunsthochschulen,Zentr.Einrichtungen (o. klinikspez. Einrichtungen),1575000.0
2019-01-01T00:00:00.000Z,Berlin,Fachhochschulen,Humanmedizin/Gesundheitswissenschaften,6994000.0
2019-01-01T00:00:00.000Z,Bremen,Kunsthochschulen,"Kunst, Kunstwissenschaft",1142000.0
2019-01-01T00:00:00.000Z,Sachsen,Medizinische Einrichtungen der Universitäten,Ingenieurwissenschaften,
2021-01-01T00:00:00.000Z,Schleswig-Holstein,Fachhochschulen,"Mathematik, Naturwissenschaften",1185000.0
2019-01-01T00:00:00.000Z,Sachsen-Anhalt,Verwaltungsfachhochschulen,"Kunst, Kunstwissenschaft",
2022-01-01T00:00:00.000Z,Saarland,Universitäten (ohne Medizinische Einrichtungen),Geisteswissenschaften,1.0987E7
2019-01-01T00:00:00.000Z,Sachsen-Anhalt,Medizinische Einrichtungen der Universitäten,"Agrar-, Forst- u.Ernährungswiss., Veterinärmedizin",
2021-01-01T00:00:00.000Z,Nordrhein-Westfalen,Medizinische Einrichtungen der Universitäten,Ingenieurwissenschaften,
2021-01-01T00:00:00.000Z,Rheinland-Pfalz,Medizinische Einrichtungen der Universitäten,Sport,
2019-01-01T00:00:00.000Z,Saarland,Fachhochschulen,"Mathematik, Naturwissenschaften",
2021-01-01T00:00:00.000Z,Thüringen,Verwaltungsfachhochschulen,Humanmedizin/Gesundheitswissenschaften,
2021-01-01T00:00:00.000Z,Nordrhein-Westfalen,Kunsthochschulen,Geisteswissenschaften,
2020-01-01T00:00:00.000Z,Baden-Württemberg,Kunsthochschulen,Ingenieurwissenschaften,39000.0
2019-01-01T00:00:00.000Z,Brandenburg,Verwaltungsfachhochschulen,Humanmedizin/Gesundheitswissenschaften,
2020-01-01T00:00:00.000Z,Nordrhein-Westfalen,Universitäten (ohne Medizinische Einrichtungen),Geisteswissenschaften,8.5597E7
2021-01-01T00:00:00.000Z,Rheinland-Pfalz,Kunsthochschulen,"Kunst, Kunstwissenschaft",
2019-01-01T00:00:00.000Z,Mecklenburg-Vorpommern,Theologische Hochschulen,Humanmedizin/Gesundheitswissenschaften,
2019-01-01T00:00:00.000Z,Nordrhein-Westfalen,Verwaltungsfachhochschulen,"Mathematik, Naturwissenschaften",
2022-01-01T00:00:00.000Z,Sachsen-Anhalt,Pädagogische Hochschulen,Humanmedizin/Gesundheitswissenschaften,
2020-01-01T00:00:00.000Z,Hamburg,Medizinische Einrichtungen der Universitäten,"Kunst, Kunstwissenschaft",
2022-01-01T00:00:00.000Z,Hessen,Theologische Hochschulen,Sport,
2020-01-01T00:00:00.000Z,Sachsen,Pädagogische Hochschulen,"Kunst, Kunstwissenschaft",
2020-01-01T00:00:00.000Z,Berlin,Pädagogische Hochschulen,"Kunst, Kunstwissenschaft",
2020-01-01T00:00:00.000Z,Baden-Württemberg,Theologische Hochschulen,Geisteswissenschaften,
2019-01-01T00:00:00.000Z,Thüringen,Theologische Hochschulen,Zentr.Einrichtungen (o. klinikspez. Einrichtungen),
2021-01-01T00:00:00.000Z,Sachsen-Anhalt,Universitäten (ohne Medizinische Einrichtungen),"Kunst, Kunstwissenschaft",791000.0
2021-01-01T00:00:00.000Z,Brandenburg,Theologische Hochschulen,"Rechts-, Wirtschafts- und Sozialwissenschaften",
2021-01-01T00:00:00.000Z,Berlin,Verwaltungsfachhochschulen,Zentr.Einrichtungen (o. klinikspez. Einrichtungen),
2022-01-01T00:00:00.000Z,Schleswig-Holstein,Medizinische Einrichtungen der Universitäten,Sport,
2022-01-01T00:00:00.000Z,Hamburg,Fachhochschulen,"Rechts-, Wirtschafts- und Sozialwissenschaften",9.4914E7
2020-01-01T00:00:00.000Z,Brandenburg,Theologische Hochschulen,"Rechts-, Wirtschafts- und Sozialwissenschaften",
2022-01-01T00:00:00.000Z,Hamburg,Kunsthochschulen,"Agrar-, Forst- u.Ernährungswiss., Veterinärmedizin",
2020-01-01T00:00:00.000Z,Thüringen,Verwaltungsfachhochschulen,"Kunst, Kunstwissenschaft",
2019-01-01T00:00:00.000Z,Rheinland-Pfalz,Verwaltungsfachhochschulen,Zentr.Einrichtungen (o. klinikspez. Einrichtungen),
2019-01-01T00:00:00.000Z,Niedersachsen,Verwaltungsfachhochschulen,Sport,
2020-01-01T00:00:00.000Z,Sachsen-Anhalt,Medizinische Einrichtungen der Universitäten,"Rechts-, Wirtschafts- und Sozialwissenschaften",
2019-01-01T00:00:00.000Z,Bayern,Pädagogische Hochschulen,Ingenieurwissenschaften,
2019-01-01T00:00:00.000Z,Mecklenburg-Vorpommern,Fachhochschulen,"Rechts-, Wirtschafts- und Sozialwissenschaften",2826000.0
2020-01-01T00:00:00.000Z,Hamburg,Pädagogische Hochschulen,Geisteswissenschaften,
2021-01-01T00:00:00.000Z,Saarland,Medizinische Einrichtungen der Universitäten,Ingenieurwissenschaften,
2021-01-01T00:00:00.000Z,Bremen,Medizinische Einrichtungen der Universitäten,Zentr.Einrichtungen (o. klinikspez. Einrichtungen),
2022-01-01T00:00:00.000Z,Nordrhein-Westfalen,Verwaltungsfachhochschulen,Zentr.Einrichtungen (o. klinikspez. Einrichtungen),3215000.0
2020-01-01T00:00:00.000Z,Niedersachsen,Theologische Hochschulen,"Mathematik, Naturwissenschaften",
2020-01-01T00:00:00.000Z,Baden-Württemberg,Fachhochschulen,"Rechts-, Wirtschafts- und Sozialwissenschaften",9.5487E7
2021-01-01T00:00:00.000Z,Rheinland-Pfalz,Theologische Hochschulen,Zentr.Einrichtungen (o. klinikspez. Einrichtungen),144000.0
2022-01-01T00:00:00.000Z,Brandenburg,Universitäten (ohne Medizinische Einrichtungen),"Mathematik, Naturwissenschaften",3.263E7
2022-01-01T00:00:00.000Z,Bayern,Verwaltungsfachhochschulen,Zentr.Einrichtungen (o. klinikspez. Einrichtungen),572000.0
2021-01-01T00:00:00.000Z,Berlin,Verwaltungsfachhochschulen,Humanmedizin/Gesundheitswissenschaften,
2021-01-01T00:00:00.000Z,Sachsen,Medizinische Einrichtungen der Universitäten,"Kunst, Kunstwissenschaft",
2020-01-01T00:00:00.000Z,Sachsen,Kunsthochschulen,Ingenieurwissenschaften,
2020-01-01T00:00:00.000Z,Bayern,Theologische Hochschulen,Sport,
2019-01-01T00:00:00.000Z,Sachsen-Anhalt,Pädagogische Hochschulen,Ingenieurwissenschaften,
2022-01-01T00:00:00.000Z,Mecklenburg-Vorpommern,Theologische Hochschulen,Sport,
2019-01-01T00:00:00.000Z,Bremen,Fachhochschulen,"Agrar-, Forst- u.Ernährungswiss., Veterinärmedizin",216000.0
2021-01-01T00:00:00.000Z,Hessen,Pädagogische Hochschulen,Zentr.Einrichtungen (o. klinikspez. Einrichtungen),
2020-01-01T00:00:00.000Z,Bremen,Medizinische Einrichtungen der Universitäten,Humanmedizin/Gesundheitswissenschaften,
2020-01-01T00:00:00.000Z,Rheinland-Pfalz,Medizinische Einrichtungen der Universitäten,Sport,
2022-01-01T00:00:00.000Z,Bremen,Pädagogische Hochschulen,Ingenieurwissenschaften,
2021-01-01T00:00:00.000Z,Hessen,Theologische Hochschulen,"Rechts-, Wirtschafts- und Sozialwissenschaften",
2021-01-01T00:00:00.000Z,Mecklenburg-Vorpommern,Theologische Hochschulen,"Kunst, Kunstwissenschaft",
2020-01-01T00:00:00.000Z,Sachsen-Anhalt,Universitäten (ohne Medizinische Einrichtungen),"Mathematik, Naturwissenschaften",1.7408E7
2021-01-01T00:00:00.000Z,Brandenburg,Pädagogische Hochschulen,Ingenieurwissenschaften,
2019-01-01T00:00:00.000Z,Niedersachsen,Kunsthochschulen,Humanmedizin/Gesundheitswissenschaften,
2020-01-01T00:00:00.000Z,Sachsen,Verwaltungsfachhochschulen,"Mathematik, Naturwissenschaften",
2022-01-01T00:00:00.000Z,Sachsen,Universitäten (ohne Medizinische Einrichtungen),Sport,5601000.0
2019-01-01T00:00:00.000Z,Saarland,Verwaltungsfachhochschulen,"Kunst, Kunstwissenschaft",
2020-01-01T00:00:00.000Z,Schleswig-Holstein,Pädagogische Hochschulen,Ingenieurwissenschaften,
2019-01-01T00:00:00.000Z,Schleswig-Holstein,Pädagogische Hochschulen,"Mathematik, Naturwissenschaften",
2021-01-01T00:00:00.000Z,Saarland,Universitäten (ohne Medizinische Einrichtungen),"Rechts-, Wirtschafts- und Sozialwissenschaften",5729000.0
2020-01-01T00:00:00.000Z,Schleswig-Holstein,Kunsthochschulen,"Agrar-, Forst- u.Ernährungswiss., Veterinärmedizin",
2021-01-01T00:00:00.000Z,Niedersachsen,Medizinische Einrichtungen der Universitäten,Geisteswissenschaften,
2020-01-01T00:00:00.000Z,Mecklenburg-Vorpommern,Universitäten (ohne Medizinische Einrichtungen),Sport,150000.0
2019-01-01T00:00:00.000Z,Berlin,Universitäten (ohne Medizinische Einrichtungen),Zentr.Einrichtungen (o. klinikspez. Einrichtungen),1.46462E8
2022-01-01T00:00:00.000Z,Hamburg,Fachhochschulen,"Agrar-, Forst- u.Ernährungswiss., Veterinärmedizin",166000.0
2022-01-01T00:00:00.000Z,Sachsen,Medizinische Einrichtungen der Universitäten,Ingenieurwissenschaften,
2020-01-01T00:00:00.000Z,Thüringen,Fachhochschulen,Geisteswissenschaften,
2020-01-01T00:00:00.000Z,Brandenburg,Medizinische Einrichtungen der Universitäten,"Mathematik, Naturwissenschaften",
2019-01-01T00:00:00.000Z,Sachsen-Anhalt,Kunsthochschulen,Zentr.Einrichtungen (o. klinikspez. Einrichtungen),3118000.0
2021-01-01T00:00:00.000Z,Nordrhein-Westfalen,Theologische Hochschulen,"Kunst, Kunstwissenschaft",95000.0
2021-01-01T00:00:00.000Z,Hessen,Kunsthochschulen,Zentr.Einrichtungen (o. klinikspez. Einrichtungen),6773000.0
2021-01-01T00:00:00.000Z,Bayern,Theologische Hochschulen,Ingenieurwissenschaften,
2019-01-01T00:00:00.000Z,Schleswig-Holstein,Verwaltungsfachhochschulen,Sport,
2021-01-01T00:00:00.000Z,Saarland,Pädagogische Hochschulen,Ingenieurwissenschaften,
2019-01-01T00:00:00.000Z,Bremen,Fachhochschulen,"Mathematik, Naturwissenschaften",470000.0
2019-01-01T00:00:00.000Z,Brandenburg,Medizinische Einrichtungen der Universitäten,Sport,
2020-01-01T00:00:00.000Z,Sachsen-Anhalt,Fachhochschulen,Ingenieurwissenschaften,9342000.0
2022-01-01T00:00:00.000Z,Hessen,Fachhochschulen,"Mathematik, Naturwissenschaften",7430000.0
2020-01-01T00:00:00.000Z,Sachsen-Anhalt,Kunsthochschulen,"Mathematik, Naturwissenschaften",
2019-01-01T00:00:00.000Z,Saarland,Medizinische Einrichtungen der Universitäten,"Kunst, Kunstwissenschaft",
2019-01-01T00:00:00.000Z,Baden-Württemberg,Kunsthochschulen,"Agrar-, Forst- u.Ernährungswiss., Veterinärmedizin",
2022-01-01T00:00:00.000Z,Mecklenburg-Vorpommern,Fachhochschulen,Humanmedizin/Gesundheitswissenschaften,624000.0
2021-01-01T00:00:00.000Z,Bayern,Pädagogische Hochschulen,Geisteswissenschaften,
2019-01-01T00:00:00.000Z,Bremen,Universitäten (ohne Medizinische Einrichtungen),Geisteswissenschaften,984000.0
2021-01-01T00:00:00.000Z,Sachsen,Fachhochschulen,Humanmedizin/Gesundheitswissenschaften,94000.0
2021-01-01T00:00:00.000Z,Schleswig-Holstein,Fachhochschulen,Sport,
2022-01-01T00:00:00.000Z,Hessen,Fachhochschulen,"Agrar-, Forst- u.Ernährungswiss., Veterinärmedizin",1.0746E7
2019-01-01T00:00:00.000Z,Baden-Württemberg,Pädagogische Hochschulen,Humanmedizin/Gesundheitswissenschaften,794000.0
2021-01-01T00:00:00.000Z,Brandenburg,Fachhochschulen,Zentr.Einrichtungen (o. klinikspez. Einrichtungen),8645000.0
2020-01-01T00:00:00.000Z,Nordrhein-Westfalen,Theologische Hochschulen,"Mathematik, Naturwissenschaften",
2022-01-01T00:00:00.000Z,Sachsen-Anhalt,Medizinische Einrichtungen der Universitäten,Zentr.Einrichtungen (o. klinikspez. Einrichtungen),
2021-01-01T00:00:00.000Z,Sachsen,Medizinische Einrichtungen der Universitäten,"Agrar-, Forst- u.Ernährungswiss., Veterinärmedizin",
2019-01-01T00:00:00.000Z,Berlin,Fachhochschulen,"Rechts-, Wirtschafts- und Sozialwissenschaften",9.417E7
2020-01-01T00:00:00.000Z,Nordrhein-Westfalen,Medizinische Einrichtungen der Universitäten,Geisteswissenschaften,
2019-01-01T00:00:00.000Z,Sachsen-Anhalt,Pädagogische Hochschulen,Zentr.Einrichtungen (o. klinikspez. Einrichtungen),
2020-01-01T00:00:00.000Z,Hessen,Theologische Hochschulen,"Kunst, Kunstwissenschaft",
2021-01-01T00:00:00.000Z,Niedersachsen,Universitäten (ohne Medizinische Einrichtungen),Sport,753000.0
2020-01-01T00:00:00.000Z,Saarland,Pädagogische Hochschulen,Sport,
2020-01-01T00:00:00.000Z,Bayern,Kunsthochschulen,"Mathematik, Naturwissenschaften",
2021-01-01T00:00:00.000Z,Mecklenburg-Vorpommern,Theologische Hochschulen,Ingenieurwissenschaften,
2022-01-01T00:00:00.000Z,Brandenburg,Fachhochschulen,"Mathematik, Naturwissenschaften",1281000.0
2020-01-01T00:00:00.000Z,Bremen,Kunsthochschulen,Sport,
2020-01-01T00:00:00.000Z,Berlin,Universitäten (ohne Medizinische Einrichtungen),"Mathematik, Naturwissenschaften",1.42725E8
2019-01-01T00:00:00.000Z,Saarland,Medizinische Einrichtungen der Universitäten,Ingenieurwissenschaften,
2021-01-01T00:00:00.000Z,Schleswig-Holstein,Medizinische Einrichtungen der Universitäten,Ingenieurwissenschaften,
2020-01-01T00:00:00.000Z,Rheinland-Pfalz,Theologische Hochschulen,Zentr.Einrichtungen (o. klinikspez. Einrichtungen),175000.0
2021-01-01T00:00:00.000Z,Sachsen-Anhalt,Verwaltungsfachhochschulen,Zentr.Einrichtungen (o. klinikspez. Einrichtungen),
2020-01-01T00:00:00.000Z,Sachsen-Anhalt,Theologische Hochschulen,Geisteswissenschaften,235000.0
2020-01-01T00:00:00.000Z,Mecklenburg-Vorpommern,Fachhochschulen,"Agrar-, Forst- u.Ernährungswiss., Veterinärmedizin",845000.0
2020-01-01T00:00:00.000Z,Bremen,Verwaltungsfachhochschulen,Humanmedizin/Gesundheitswissenschaften,
2020-01-01T00:00:00.000Z,Schleswig-Holstein,Universitäten (ohne Medizinische Einrichtungen),"Agrar-, Forst- u.Ernährungswiss., Veterinärmedizin",7066000.0
2022-01-01T00:00:00.000Z,Berlin,Theologische Hochschulen,Humanmedizin/Gesundheitswissenschaften,
2022-01-01T00:00:00.000Z,Mecklenburg-Vorpommern,Universitäten (ohne Medizinische Einrichtungen),Ingenieurwissenschaften,2.3782E7
2021-01-01T00:00:00.000Z,Saarland,Theologische Hochschulen,"Agrar-, Forst- u.Ernährungswiss., Veterinärmedizin",
2021-01-01T00:00:00.000Z,Hamburg,Kunsthochschulen,Humanmedizin/Gesundheitswissenschaften,
2022-01-01T00:00:00.000Z,Bayern,Verwaltungsfachhochschulen,"Mathematik, Naturwissenschaften",
2020-01-01T00:00:00.000Z,Niedersachsen,Kunsthochschulen,Humanmedizin/Gesundheitswissenschaften,
2020-01-01T00:00:00.000Z,Hessen,Medizinische Einrichtungen der Universitäten,"Rechts-, Wirtschafts- und Sozialwissenschaften",
2020-01-01T00:00:00.000Z,Nordrhein-Westfalen,Universitäten (ohne Medizinische Einrichtungen),Humanmedizin/Gesundheitswissenschaften,
2019-01-01T00:00:00.000Z,Bayern,Verwaltungsfachhochschulen,"Mathematik, Naturwissenschaften",
2021-01-01T00:00:00.000Z,Baden-Württemberg,Medizinische Einrichtungen der Universitäten,Zentr.Einrichtungen (o. klinikspez. Einrichtungen),
2019-01-01T00:00:00.000Z,Schleswig-Holstein,Theologische Hochschulen,Ingenieurwissenschaften,
2021-01-01T00:00:00.000Z,Mecklenburg-Vorpommern,Kunsthochschulen,"Mathematik, Naturwissenschaften",
2022-01-01T00:00:00.000Z,Brandenburg,Theologische Hochschulen,"Kunst, Kunstwissenschaft",
2020-01-01T00:00:00.000Z,Nordrhein-Westfalen,Kunsthochschulen,"Rechts-, Wirtschafts- und Sozialwissenschaften",6127000.0
2019-01-01T00:00:00.000Z,Hessen,Pädagogische Hochschulen,"Agrar-, Forst- u.Ernährungswiss., Veterinärmedizin",
2022-01-01T00:00:00.000Z,Mecklenburg-Vorpommern,Universitäten (ohne Medizinische Einrichtungen),Zentr.Einrichtungen (o. klinikspez. Einrichtungen),2.034E7
2020-01-01T00:00:00.000Z,Hessen,Pädagogische Hochschulen,Zentr.Einrichtungen (o. klinikspez. Einrichtungen),
2021-01-01T00:00:00.000Z,Brandenburg,Universitäten (ohne Medizinische Einrichtungen),Humanmedizin/Gesundheitswissenschaften,
2021-01-01T00:00:00.000Z,Mecklenburg-Vorpommern,Pädagogische Hochschulen,"Mathematik, Naturwissenschaften",
2020-01-01T00:00:00.000Z,Bayern,Fachhochschulen,Ingenieurwissenschaften,7.5522E7
2022-01-01T00:00:00.000Z,Mecklenburg-Vorpommern,Medizinische Einrichtungen der Universitäten,"Mathematik, Naturwissenschaften",
2020-01-01T00:00:00.000Z,Nordrhein-Westfalen,Theologische Hochschulen,Humanmedizin/Gesundheitswissenschaften,
2020-01-01T00:00:00.000Z,Bayern,Verwaltungsfachhochschulen,Humanmedizin/Gesundheitswissenschaften,
2020-01-01T00:00:00.000Z,Brandenburg,Fachhochschulen,Sport,796000.0
2021-01-01T00:00:00.000Z,Brandenburg,Fachhochschulen,"Agrar-, Forst- u.Ernährungswiss., Veterinärmedizin",7267000.0
2022-01-01T00:00:00.000Z,Hamburg,Fachhochschulen,Sport,
2022-01-01T00:00:00.000Z,Bremen,Medizinische Einrichtungen der Universitäten,"Mathematik, Naturwissenschaften",
2019-01-01T00:00:00.000Z,Rheinland-Pfalz,Fachhochschulen,"Rechts-, Wirtschafts- und Sozialwissenschaften",2.0875E7
2020-01-01T00:00:00.000Z,Bremen,Kunsthochschulen,"Kunst, Kunstwissenschaft",776000.0
2019-01-01T00:00:00.000Z,Brandenburg,Universitäten (ohne Medizinische Einrichtungen),Sport,2984000.0
2021-01-01T00:00:00.000Z,Schleswig-Holstein,Theologische Hochschulen,"Kunst, Kunstwissenschaft",
2019-01-01T00:00:00.000Z,Sachsen-Anhalt,Universitäten (ohne Medizinische Einrichtungen),Zentr.Einrichtungen (o. klinikspez. Einrichtungen),3.584E7
2020-01-01T00:00:00.000Z,Berlin,Medizinische Einrichtungen der Universitäten,"Rechts-, Wirtschafts- und Sozialwissenschaften",
2021-01-01T00:00:00.000Z,Sachsen,Medizinische Einrichtungen der Universitäten,Ingenieurwissenschaften,
2022-01-01T00:00:00.000Z,Baden-Württemberg,Medizinische Einrichtungen der Universitäten,Geisteswissenschaften,
2020-01-01T00:00:00.000Z,Niedersachsen,Pädagogische Hochschulen,Sport,
2020-01-01T00:00:00.000Z,Bremen,Fachhochschulen,Geisteswissenschaften,
2019-01-01T00:00:00.000Z,Saarland,Kunsthochschulen,"Rechts-, Wirtschafts- und Sozialwissenschaften",
2019-01-01T00:00:00.000Z,Schleswig-Holstein,Theologische Hochschulen,Humanmedizin/Gesundheitswissenschaften,
2022-01-01T00:00:00.000Z,Nordrhein-Westfalen,Pädagogische Hochschulen,"Mathematik, Naturwissenschaften",
2022-01-01T00:00:00.000Z,Saarland,Verwaltungsfachhochschulen,Zentr.Einrichtungen (o. klinikspez. Einrichtungen),2664000.0
2022-01-01T00:00:00.000Z,Thüringen,Fachhochschulen,Zentr.Einrichtungen (o. klinikspez. Einrichtungen),2.1883E7
2019-01-01T00:00:00.000Z,Schleswig-Holstein,Kunsthochschulen,"Mathematik, Naturwissenschaften",
2021-01-01T00:00:00.000Z,Sachsen,Universitäten (ohne Medizinische Einrichtungen),Zentr.Einrichtungen (o. klinikspez. Einrichtungen),5.8886E7
2020-01-01T00:00:00.000Z,Nordrhein-Westfalen,Fachhochschulen,Sport,
2020-01-01T00:00:00.000Z,Mecklenburg-Vorpommern,Medizinische Einrichtungen der Universitäten,Sport,
2022-01-01T00:00:00.000Z,Rheinland-Pfalz,Universitäten (ohne Medizinische Einrichtungen),"Kunst, Kunstwissenschaft",1867000.0
2022-01-01T00:00:00.000Z,Hamburg,Kunsthochschulen,Ingenieurwissenschaften,
2020-01-01T00:00:00.000Z,Saarland,Universitäten (ohne Medizinische Einrichtungen),"Rechts-, Wirtschafts- und Sozialwissenschaften",4440000.0
2020-01-01T00:00:00.000Z,Rheinland-Pfalz,Universitäten (ohne Medizinische Einrichtungen),Sport,743000.0
2020-01-01T00:00:00.000Z,Saarland,Kunsthochschulen,Geisteswissenschaften,
2021-01-01T00:00:00.000Z,Mecklenburg-Vorpommern,Verwaltungsfachhochschulen,"Rechts-, Wirtschafts- und Sozialwissenschaften",1447000.0
2022-01-01T00:00:00.000Z,Sachsen,Pädagogische Hochschulen,"Rechts-, Wirtschafts- und Sozialwissenschaften",
2022-01-01T00:00:00.000Z,Berlin,Pädagogische Hochschulen,"Mathematik, Naturwissenschaften",
2021-01-01T00:00:00.000Z,Niedersachsen,Kunsthochschulen,"Kunst, Kunstwissenschaft",1894000.0
2021-01-01T00:00:00.000Z,Berlin,Kunsthochschulen,Zentr.Einrichtungen (o. klinikspez. Einrichtungen),2000.0
2019-01-01T00:00:00.000Z,Hamburg,Kunsthochschulen,Zentr.Einrichtungen (o. klinikspez. Einrichtungen),1544000.0
2019-01-01T00:00:00.000Z,Sachsen,Universitäten (ohne Medizinische Einrichtungen),"Rechts-, Wirtschafts- und Sozialwissenschaften",5.3639E7
2020-01-01T00:00:00.000Z,Bayern,Medizinische Einrichtungen der Universitäten,Zentr.Einrichtungen (o. klinikspez. Einrichtungen),
2021-01-01T00:00:00.000Z,Hamburg,Medizinische Einrichtungen der Universitäten,Humanmedizin/Gesundheitswissenschaften,1.032519E9
2020-01-01T00:00:00.000Z,Brandenburg,Universitäten (ohne Medizinische Einrichtungen),"Kunst, Kunstwissenschaft",2047000.0
2022-01-01T00:00:00.000Z,Thüringen,Verwaltungsfachhochschulen,Geisteswissenschaften,
2019-01-01T00:00:00.000Z,Bremen,Theologische Hochschulen,"Mathematik, Naturwissenschaften",
2019-01-01T00:00:00.000Z,Nordrhein-Westfalen,Universitäten (ohne Medizinische Einrichtungen),"Kunst, Kunstwissenschaft",7150000.0
2020-01-01T00:00:00.000Z,Thüringen,Medizinische Einrichtungen der Universitäten,"Mathematik, Naturwissenschaften",
2021-01-01T00:00:00.000Z,Nordrhein-Westfalen,Verwaltungsfachhochschulen,Geisteswissenschaften,
2019-01-01T00:00:00.000Z,Sachsen-Anhalt,Medizinische Einrichtungen der Universitäten,"Kunst, Kunstwissenschaft",
2022-01-01T00:00:00.000Z,Hessen,Medizinische Einrichtungen der Universitäten,"Agrar-, Forst- u.Ernährungswiss., Veterinärmedizin",
2021-01-01T00:00:00.000Z,Thüringen,Kunsthochschulen,"Rechts-, Wirtschafts- und Sozialwissenschaften",
2022-01-01T00:00:00.000Z,Schleswig-Holstein,Universitäten (ohne Medizinische Einrichtungen),Sport,636000.0
2019-01-01T00:00:00.000Z,Thüringen,Pädagogische Hochschulen,"Mathematik, Naturwissenschaften",
2021-01-01T00:00:00.000Z,Thüringen,Medizinische Einrichtungen der Universitäten,Geisteswissenschaften,
2021-01-01T00:00:00.000Z,Niedersachsen,Fachhochschulen,Zentr.Einrichtungen (o. klinikspez. Einrichtungen),2.9167E7
2020-01-01T00:00:00.000Z,Saarland,Verwaltungsfachhochschulen,"Mathematik, Naturwissenschaften",
2019-01-01T00:00:00.000Z,Mecklenburg-Vorpommern,Pädagogische Hochschulen,Humanmedizin/Gesundheitswissenschaften,
2019-01-01T00:00:00.000Z,Mecklenburg-Vorpommern,Universitäten (ohne Medizinische Einrichtungen),Humanmedizin/Gesundheitswissenschaften,
